supplier,sku,product_name,forecast,free_stock,incoming,available,safety_stock,moq,net_requirement,recommended_order,shortage_without_order,projected_stock_after_order,coverage_ratio,risk,urgency,trend,seasonality_index,stockout_signal,outlier_signal,order_required,reason
IEK,130300792_, Трубы гибкая двустенная красная (с протяжкой)   Ø50 IEK (50) ,2801.1979762295773,0.0,0.0,0.0,458.5290143491464,50.0,3259.726990578724,3300,2801.1979762295773,498.8020237704227,0.0,HIGH,CRITICAL,DECLINING,0.9674554608257436,False,True,True,Прогноз спроса: 2801 шт. Свободный остаток: 0 шт. В пути: 0 шт. Страховой запас: 459 шт. MOQ: 50 шт. В истории обнаружена аномальная продажа. Наблюдается снижение спроса.
IEK,280100340_,Кабель-канал 15х10 дуб ЭЛЕКОР IEK (144),0.9273919785265856,0.0,0.0,0.0,0.4636959892632928,144.0,1.3910879677898784,144,0.9273919785265856,143.07260802147343,0.0,HIGH,CRITICAL,STABLE,1.0508474576271185,True,False,True,Прогноз спроса: 1 шт. Свободный остаток: 0 шт. В пути: 0 шт. Страховой запас: 0 шт. MOQ: 144 шт. Есть сигнал предыдущего stockout.
IEK,280100376_,Кабель-канал 20х10 сосна ЭЛЕКОР IEK (96),0.24191370352685512,0.0,0.0,0.0,0.0,96.0,0.24191370352685512,96,0.24191370352685512,95.75808629647314,0.0,HIGH,CRITICAL,STABLE,0.25,False,True,True,Прогноз спроса: 0 шт. Свободный остаток: 0 шт. В пути: 0 шт. Страховой запас: 0 шт. MOQ: 96 шт. В истории обнаружена аномальная продажа.
IEK,270300105_,Кабель-канал перфорированный  40х60 ИМПАКТ IEK (24),59.09934957156166,0.0,0.0,0.0,6.178268365812538,24.0,65.2776179373742,72,59.09934957156166,12.90065042843834,0.0,HIGH,CRITICAL,STABLE,0.8608719800055541,True,False,True,Прогноз спроса: 59 шт. Свободный остаток: 0 шт. В пути: 0 шт. Страховой запас: 6 шт. MOQ: 24 шт. Есть сигнал предыдущего stockout.
IEK,280300085_, Лоток проволочный (60х200х3000) IEK (6),43.03944491091871,0.0,0.0,0.0,21.519722455459355,6.0,64.55916736637806,66,43.03944491091871,22.96055508908129,0.0,HIGH,CRITICAL,DECLINING,1.1504937010554988,False,False,True,Прогноз спроса: 43 шт. Свободный остаток: 0 шт. В пути: 0 шт. Страховой запас: 22 шт. MOQ: 6 шт. Наблюдается снижение спроса.
IEK,130200032_,Розетка на дин-рейку РАр10-3-ОП с заземлением IEK,42.48829794637434,0.0,0.0,0.0,21.24414897318717,5.0,63.73244691956151,65,42.48829794637434,22.511702053625662,0.0,HIGH,CRITICAL,STABLE,0.673750602603246,True,False,True,Прогноз спроса: 42 шт. Свободный остаток: 0 шт. В пути: 0 шт. Страховой запас: 21 шт. MOQ: 5 шт. Есть сигнал предыдущего stockout.
Systeme,300100006_,"S198 Рамка 2-ная   ""Wessen 59"" (60) !!!",0.06895522888548498,0.0,0.0,0.0,0.0,60.0,0.06895522888548498,60,0.06895522888548498,59.931044771114514,0.0,HIGH,CRITICAL,STABLE,0.25,True,False,True,Прогноз спроса: 0 шт. Свободный остаток: 0 шт. В пути: 0 шт. Страховой запас: 0 шт. MOQ: 60 шт. Есть сигнал предыдущего stockout.
IEK,280200054_,Поворот 90° КМП 25х16 Белый ЭЛЕКОР IEK (4),58.228331441075724,0.0,20.0,20.0,10.981302290712154,1.0,49.209633731787875,50,38.228331441075724,11.771668558924276,0.3434754097365651,HIGH,CRITICAL,STABLE,0.3165902459358066,False,False,True,Прогноз спроса: 58 шт. Свободный остаток: 0 шт. В пути: 20 шт. Страховой запас: 11 шт. MOQ: 1 шт.
IEK,130301736_,"Перемычка гребенчатая для CP 2,5мм2 3PIN IEK",0.11483905850293692,0.0,0.0,0.0,0.05741952925146846,50.0,0.1722585877544054,50,0.11483905850293692,49.88516094149706,0.0,HIGH,CRITICAL,STABLE,0.25,True,False,True,Прогноз спроса: 0 шт. Свободный остаток: 0 шт. В пути: 0 шт. Страховой запас: 0 шт. MOQ: 50 шт. Есть сигнал предыдущего stockout.
IEK,130301619_,Колодка клеммная CTS 25мм2 синяя IEK,0.7067046049602477,0.0,0.0,0.0,0.14288690166235227,50.0,0.8495915066226,50,0.7067046049602477,49.29329539503975,0.0,HIGH,CRITICAL,STABLE,4.0,False,True,True,Прогноз спроса: 1 шт. Свободный остаток: 0 шт. В пути: 0 шт. Страховой запас: 0 шт. MOQ: 50 шт. В истории обнаружена аномальная продажа.
IEK,010300018_, УЗО ВД1 63 (2ф) 50А 30мА IEK  (1/48),25.659431703566252,0.0,0.0,0.0,5.3452880340227376,1.0,31.00471973758899,32,25.659431703566252,6.340568296433748,0.0,HIGH,CRITICAL,STABLE,0.9237510955302368,False,False,True,Прогноз спроса: 26 шт. Свободный остаток: 0 шт. В пути: 0 шт. Страховой запас: 5 шт. MOQ: 1 шт.
Systeme,030200029_,"S255 2кл.о/у. 6А IP20 ""ХИТ"" ВА 56-232-б (168) !!!",0.043711325409917824,0.0,0.0,0.0,0.0,25.0,0.043711325409917824,25,0.043711325409917824,24.95628867459008,0.0,HIGH,CRITICAL,STABLE,1.429889298892989,True,False,True,Прогноз спроса: 0 шт. Свободный остаток: 0 шт. В пути: 0 шт. Страховой запас: 0 шт. MOQ: 25 шт. Есть сигнал предыдущего stockout.
Systeme,030200032_,"S256 о/у.10А IP20  ""ХИТ"" РА 10-131-б (168) !!!",0.38746986251871446,0.0,0.0,0.0,0.0,25.0,0.38746986251871446,25,0.38746986251871446,24.612530137481286,0.0,HIGH,CRITICAL,STABLE,0.7833935018050542,False,False,True,Прогноз спроса: 0 шт. Свободный остаток: 0 шт. В пути: 0 шт. Страховой запас: 0 шт. MOQ: 25 шт.
IEK,200400001_, I1  выкл. 1кл. 10А КВАРТА ВС 10-1-0-КБ (200),11.07698708248467,0.0,0.0,0.0,5.538493541242335,10.0,16.615480623727006,20,11.07698708248467,8.92301291751533,0.0,HIGH,CRITICAL,STABLE,2.0010411244143675,False,False,True,Прогноз спроса: 11 шт. Свободный остаток: 0 шт. В пути: 0 шт. Страховой запас: 6 шт. MOQ: 10 шт.
IEK,130600210_,Реле интерфейсное ORM-1 2C 24В DC с LED и тест. кнопкой ONI ORM-1-2C-DC24V-L-B NEW,0.0002646509946317689,0.0,0.0,0.0,0.00013232549731588444,20.0,0.00039697649194765335,20,0.0002646509946317689,19.99973534900537,0.0,HIGH,CRITICAL,DECLINING,0.25,True,False,True,Прогноз спроса: 0 шт. Свободный остаток: 0 шт. В пути: 0 шт. Страховой запас: 0 шт. MOQ: 20 шт. Есть сигнал предыдущего stockout. Наблюдается снижение спроса.
IEK,ярп40255,Розетка 1-ая з/к о/у 16А IP54 AQUATIC РСш12-2-А IEK,8.262647830478958,0.0,0.0,0.0,4.131323915239479,10.0,12.393971745718437,20,8.262647830478958,11.737352169521042,0.0,HIGH,CRITICAL,DECLINING,0.5773358585858586,True,False,True,Прогноз спроса: 8 шт. Свободный остаток: 0 шт. В пути: 0 шт. Страховой запас: 4 шт. MOQ: 10 шт. Есть сигнал предыдущего stockout. Наблюдается снижение спроса.
IEK,081100713_,Лампа филаментная LED C35 свеча прозр. 7Вт 230В 3000К E27 серия 360° IEK,9.31702925589555,0.0,0.0,0.0,4.535168133597696,10.0,13.852197389493245,20,9.31702925589555,10.68297074410445,0.0,HIGH,CRITICAL,GROWING,0.25,False,False,True,Прогноз спроса: 9 шт. Свободный остаток: 0 шт. В пути: 0 шт. Страховой запас: 5 шт. MOQ: 10 шт. Наблюдается рост спроса.
Systeme,030200248_,"S365 Переключ. 1 кл 10А с/у б/рамки ""GLOSSA"" белый GSL161 (20)",0.2695573403629389,0.0,0.0,0.0,0.13477867018146944,20.0,0.4043360105444083,20,0.2695573403629389,19.73044265963706,0.0,HIGH,CRITICAL,DECLINING,0.25,True,False,True,Прогноз спроса: 0 шт. Свободный остаток: 0 шт. В пути: 0 шт. Страховой запас: 0 шт. MOQ: 20 шт. Есть сигнал предыдущего stockout. Наблюдается снижение спроса.
Systeme,030200244_,"S363 Выкл 2 кл с инд 10А с/у б/рамки ""GLOSSA"" белый GSL153 (20)",0.17889947030335354,0.0,0.0,0.0,0.08944973515167677,20.0,0.2683492054550303,20,0.17889947030335354,19.821100529696647,0.0,HIGH,CRITICAL,STABLE,1.722222222222222,True,False,True,Прогноз спроса: 0 шт. Свободный остаток: 0 шт. В пути: 0 шт. Страховой запас: 0 шт. MOQ: 20 шт. Есть сигнал предыдущего stockout.
Systeme,030200246_,"S361 Выкл 1 кл с инд 10А с/у б/рамки "" белый GSL113 (20)",0.07511250138435861,0.0,0.0,0.0,0.0,20.0,0.07511250138435861,20,0.07511250138435861,19.924887498615643,0.0,HIGH,CRITICAL,STABLE,3.647058823529412,True,False,True,Прогноз спроса: 0 шт. Свободный остаток: 0 шт. В пути: 0 шт. Страховой запас: 0 шт. MOQ: 20 шт. Есть сигнал предыдущего stockout.
Systeme,030200038_,"S251 с/у.з/к 16А  IP20  ""ХИТ"" РС 16-134-б (81) !!!",0.12399640719278533,0.0,0.0,0.0,0.061998203596392666,20.0,0.185994610789178,20,0.12399640719278533,19.876003592807216,0.0,HIGH,CRITICAL,STABLE,0.4512372634643377,True,False,True,Прогноз спроса: 0 шт. Свободный остаток: 0 шт. В пути: 0 шт. Страховой запас: 0 шт. MOQ: 20 шт. Есть сигнал предыдущего stockout.
Systeme,030200031_,"S249 2кл. с/у. 6А IP20 ""ХИТ"" ВС 56-234-б (96)  !!!",0.36555059129194983,0.0,0.0,0.0,0.0,20.0,0.36555059129194983,20,0.36555059129194983,19.63444940870805,0.0,HIGH,CRITICAL,STABLE,0.9567901234567902,False,False,True,Прогноз спроса: 0 шт. Свободный остаток: 0 шт. В пути: 0 шт. Страховой запас: 0 шт. MOQ: 20 шт.
Systeme,030200030_,"S248 с/у. 6А IP20 ""ХИТ"" ВС 16-133-б (96) !!!",0.36622779907763875,0.0,0.0,0.0,0.0,20.0,0.36622779907763875,20,0.36622779907763875,19.633772200922362,0.0,HIGH,CRITICAL,STABLE,0.9779179810725552,False,False,True,Прогноз спроса: 0 шт. Свободный остаток: 0 шт. В пути: 0 шт. Страховой запас: 0 шт. MOQ: 20 шт.
Systeme,030200036_,"S250 с/у 10А IP20  ""ХИТ"" РС 10-132-б / 10-135-б (114)  !!!",0.3890705218354769,0.0,0.0,0.0,0.0,20.0,0.3890705218354769,20,0.3890705218354769,19.610929478164522,0.0,HIGH,CRITICAL,STABLE,1.1091234347048302,False,False,True,Прогноз спроса: 0 шт. Свободный остаток: 0 шт. В пути: 0 шт. Страховой запас: 0 шт. MOQ: 20 шт.
Systeme,030200097_,"ВЫКЛЮЧАТЕЛЬ ""ХИТ""СУ 1КЛ. ИБЕЛ. VS16-135-B Shn.Elec. !!!",0.4965160499146255,0.0,0.0,0.0,0.24825802495731275,20.0,0.7447740748719383,20,0.4965160499146255,19.503483950085375,0.0,HIGH,CRITICAL,STABLE,0.25,True,False,True,Прогноз спроса: 0 шт. Свободный остаток: 0 шт. В пути: 0 шт. Страховой запас: 0 шт. MOQ: 20 шт. Есть сигнал предыдущего stockout.
IEK,280300017_,Пластина соединительная  h 50 IEK (2),10.685580836035019,0.0,0.0,0.0,5.342790418017509,,16.02837125405253,17,10.685580836035019,6.314419163964981,0.0,HIGH,CRITICAL,DECLINING,1.2510891997248337,True,False,True,Прогноз спроса: 11 шт. Свободный остаток: 0 шт. В пути: 0 шт. Страховой запас: 5 шт. Есть сигнал предыдущего stockout. Наблюдается снижение спроса.
Systeme,030200034_,"S257 о/у. з/к 16А IP20  ""ХИТ""  РА 16-133-б (132) !!!",0.07455197356177054,0.0,0.0,0.0,0.0,17.0,0.07455197356177054,17,0.07455197356177054,16.92544802643823,0.0,HIGH,CRITICAL,STABLE,1.0546459706570277,True,False,True,Прогноз спроса: 0 шт. Свободный остаток: 0 шт. В пути: 0 шт. Страховой запас: 0 шт. MOQ: 17 шт. Есть сигнал предыдущего stockout.
IEK,280200051_,Поворот 90° КМП 100х60 Белый ЭЛЕКОР IEK (2),11.456741772657693,0.0,0.0,0.0,1.26678727495977,4.0,12.723529047617463,16,11.456741772657693,4.5432582273423066,0.0,HIGH,CRITICAL,STABLE,1.2151321786690974,False,True,True,Прогноз спроса: 11 шт. Свободный остаток: 0 шт. В пути: 0 шт. Страховой запас: 1 шт. MOQ: 4 шт. В истории обнаружена аномальная продажа.
IEK,270300151_,Кабель-канал перфорированный  80х60 ИМПАКТ IEK (16),3.2498555395135442,0.0,0.0,0.0,1.6249277697567721,16.0,4.874783309270317,16,3.2498555395135442,12.750144460486457,0.0,HIGH,CRITICAL,DECLINING,1.140159045725646,True,False,True,Прогноз спроса: 3 шт. Свободный остаток: 0 шт. В пути: 0 шт. Страховой запас: 2 шт. MOQ: 16 шт. Есть сигнал предыдущего stockout. Наблюдается снижение спроса.
Systeme,030200257_,"S370 Роз. с з/к 16А с/у з/ш ""GLOSSA"" белый GSL144 (15)",0.10236548330154975,0.0,0.0,0.0,0.051182741650774875,15.0,0.15354822495232462,15,0.10236548330154975,14.89763451669845,0.0,HIGH,CRITICAL,STABLE,3.429597701149425,True,False,True,Прогноз спроса: 0 шт. Свободный остаток: 0 шт. В пути: 0 шт. Страховой запас: 0 шт. MOQ: 15 шт. Есть сигнал предыдущего stockout.
Systeme,030200259_,"S367 Роз. 2-ная с/у 16А ""GLOSSA"" белый GSL120 (15)",0.1441187826565568,0.0,0.0,0.0,0.0720593913282784,15.0,0.21617817398483521,15,0.1441187826565568,14.855881217343443,0.0,HIGH,CRITICAL,STABLE,1.480891719745223,True,False,True,Прогноз спроса: 0 шт. Свободный остаток: 0 шт. В пути: 0 шт. Страховой запас: 0 шт. MOQ: 15 шт. Есть сигнал предыдущего stockout.
IEK,030200440_,"Выкл 1-кл. прох. 10А б/рамки ""BRITE"" шампань (1/100)",6.7841775560071245,0.0,0.0,0.0,3.3920887780035622,1.0,10.176266334010688,11,6.7841775560071245,4.2158224439928755,0.0,HIGH,CRITICAL,DECLINING,1.4803370786516854,False,False,True,Прогноз спроса: 7 шт. Свободный остаток: 0 шт. В пути: 0 шт. Страховой запас: 3 шт. MOQ: 1 шт. Наблюдается снижение спроса.
IEK,200400015_,I10 розетка TV КВАРТА РТВ 10-КБ (200),0.026787818297939293,0.0,0.0,0.0,0.013393909148969646,10.0,0.04018172744690894,10,0.026787818297939293,9.973212181702062,0.0,HIGH,CRITICAL,STABLE,0.6458333333333334,False,False,True,Прогноз спроса: 0 шт. Свободный остаток: 0 шт. В пути: 0 шт. Страховой запас: 0 шт. MOQ: 10 шт.
IEK,ярп40256,Розетка 2-ая з/к о/у 16А IP54 AQUATIC РСш22-2-А IEK ,6.697905948969708,0.0,0.0,0.0,1.7098732896523665,5.0,8.407779238622075,10,6.697905948969708,3.3020940510302923,0.0,HIGH,CRITICAL,STABLE,1.106666666666667,True,False,True,Прогноз спроса: 7 шт. Свободный остаток: 0 шт. В пути: 0 шт. Страховой запас: 2 шт. MOQ: 5 шт. Есть сигнал предыдущего stockout.
IEK,150101155_,"Патрон подвесной E27 со шнуром 1,5м RETRO черный IEK",0.00011633454503499685,0.0,0.0,0.0,0.0,10.0,0.00011633454503499685,10,0.00011633454503499685,9.999883665454965,0.0,HIGH,CRITICAL,STABLE,0.3875,True,False,True,Прогноз спроса: 0 шт. Свободный остаток: 0 шт. В пути: 0 шт. Страховой запас: 0 шт. MOQ: 10 шт. Есть сигнал предыдущего stockout.
Systeme,030200262_,"S375 Роз. RG11+RJ45 5Е кат 5Е механизм б/рамки ""GLOSSA"" белый GSL185 (10)",5.8127311636765283e-05,0.0,0.0,0.0,0.0,10.0,5.8127311636765283e-05,10,5.8127311636765283e-05,9.999941872688364,0.0,HIGH,CRITICAL,STABLE,0.25,True,False,True,Прогноз спроса: 0 шт. Свободный остаток: 0 шт. В пути: 0 шт. Страховой запас: 0 шт. MOQ: 10 шт. Есть сигнал предыдущего stockout.
Systeme,030200265_,"S376 ТV роз. проход.с/у б/рамки ""GLOSSA"" белый GSL192 (10)",0.4221394327306202,0.0,0.0,0.0,0.0,10.0,0.4221394327306202,10,0.4221394327306202,9.57786056726938,0.0,HIGH,CRITICAL,STABLE,0.25,True,False,True,Прогноз спроса: 0 шт. Свободный остаток: 0 шт. В пути: 0 шт. Страховой запас: 0 шт. MOQ: 10 шт. Есть сигнал предыдущего stockout.
Systeme,030200260_,"S368 Роз. 2-ная с/у 16А с з/к з/ш ""GLOSSA"" белый GSL126 (10)",0.019200567338950897,0.0,0.0,0.0,0.0,10.0,0.019200567338950897,10,0.019200567338950897,9.98079943266105,0.0,HIGH,CRITICAL,STABLE,0.577639751552795,True,False,True,Прогноз спроса: 0 шт. Свободный остаток: 0 шт. В пути: 0 шт. Страховой запас: 0 шт. MOQ: 10 шт. Есть сигнал предыдущего stockout.
Systeme,300200544_,"K025 Выкл 1 кл с инд 10А с/у б/рамки ""ATLAS"" ШАМПАНЬ ATN513 (10)",1.126033470359064,0.0,0.0,0.0,0.14641550464346587,10.0,1.2724489750025298,10,1.126033470359064,8.873966529640937,0.0,HIGH,CRITICAL,STABLE,2.254545454545455,False,True,True,Прогноз спроса: 1 шт. Свободный остаток: 0 шт. В пути: 0 шт. Страховой запас: 0 шт. MOQ: 10 шт. В истории обнаружена аномальная продажа.
Systeme,300200546_,"K027 Выкл 2 кл с инд 10А с/у б/рамки ""ATLAS"" ШАМПАНЬ ATN553 (10)",0.7871872911641579,0.0,0.0,0.0,0.39359364558207893,10.0,1.1807809367462367,10,0.7871872911641579,9.212812708835843,0.0,HIGH,CRITICAL,STABLE,0.25,False,False,True,Прогноз спроса: 1 шт. Свободный остаток: 0 шт. В пути: 0 шт. Страховой запас: 0 шт. MOQ: 10 шт.
Systeme,030200039_,"S253 2-я с/у.з/к 16А IP20 ""ХИТ"" РС 16-236-б  (68) !!!",0.09751462984454555,0.0,0.0,0.0,0.0,10.0,0.09751462984454555,10,0.09751462984454555,9.902485370155455,0.0,HIGH,CRITICAL,STABLE,0.25,True,False,True,Прогноз спроса: 0 шт. Свободный остаток: 0 шт. В пути: 0 шт. Страховой запас: 0 шт. MOQ: 10 шт. Есть сигнал предыдущего stockout.
IEK,130301669_,Клемма вводная силовая КВС 6-50 кв.мм. 3-рядная серая IEK,0.005464904663236966,0.0,0.0,0.0,0.002732452331618483,8.0,0.00819735699485545,8,0.005464904663236966,7.994535095336763,0.0,HIGH,CRITICAL,STABLE,0.25,True,False,True,Прогноз спроса: 0 шт. Свободный остаток: 0 шт. В пути: 0 шт. Страховой запас: 0 шт. MOQ: 8 шт. Есть сигнал предыдущего stockout.
IEK,270400035_,Рубильник  трехпозиционный ВРТ-63 2P 63А IEK,0.35322869136172386,0.0,0.0,0.0,0.17661434568086193,6.0,0.5298430370425857,6,0.35322869136172386,5.646771308638276,0.0,HIGH,CRITICAL,DECLINING,0.25,False,False,True,Прогноз спроса: 0 шт. Свободный остаток: 0 шт. В пути: 0 шт. Страховой запас: 0 шт. MOQ: 6 шт. Наблюдается снижение спроса.
Systeme,300200316_,"S417 Роз  2-ная  с/у без з/к 16А 250В ""BLANCA""  белый BLNRS000021 (36)",3.3504703943775933,0.0,0.0,0.0,0.7479416198250091,6.0,4.098412014202602,6,3.3504703943775933,2.6495296056224067,0.0,HIGH,CRITICAL,GROWING,1.0215462610899873,False,False,True,Прогноз спроса: 3 шт. Свободный остаток: 0 шт. В пути: 0 шт. Страховой запас: 1 шт. MOQ: 6 шт. Наблюдается рост спроса.
Systeme,300200747_,"К116 Роз,Выкл.2-кл з/к з/ш о/у IP54 16А Atlas Profi 54 БЕЛЫЙ ATN540174 (6)",0.15490787399613307,0.0,0.0,0.0,0.07745393699806653,6.0,0.2323618109941996,6,0.15490787399613307,5.845092126003867,0.0,HIGH,CRITICAL,STABLE,0.484375,False,False,True,Прогноз спроса: 0 шт. Свободный остаток: 0 шт. В пути: 0 шт. Страховой запас: 0 шт. MOQ: 6 шт.
IEK,251400044_,ЩРН-П 54 черн. прозр. дверь IP41 TEKFOR IEK,3.708504499900162,0.0,0.0,0.0,1.1851863425920275,1.0,4.893690842492189,5,3.708504499900162,1.2914955000998378,0.0,HIGH,CRITICAL,DECLINING,0.25,False,False,True,Прогноз спроса: 4 шт. Свободный остаток: 0 шт. В пути: 0 шт. Страховой запас: 1 шт. MOQ: 1 шт. Наблюдается снижение спроса.
Systeme,ATN000108,"S415 Адаптер 45 ""ATLAS"" белый ATN108  (15)",0.14794742694350332,0.0,0.0,0.0,0.0,5.0,0.14794742694350332,5,0.14794742694350332,4.852052573056497,0.0,HIGH,CRITICAL,STABLE,0.25,False,True,True,Прогноз спроса: 0 шт. Свободный остаток: 0 шт. В пути: 0 шт. Страховой запас: 0 шт. MOQ: 5 шт. В истории обнаружена аномальная продажа.
Systeme,300200732_,К104 Роз. с з/к 16А с/у з/ш ATLAS ПЕСОЧНЫЙ ATN1244 (5),2.613314290744496,0.0,0.0,0.0,1.306657145372248,5.0,3.919971436116744,5,2.613314290744496,2.386685709255504,0.0,HIGH,CRITICAL,STABLE,4.0,False,False,True,Прогноз спроса: 3 шт. Свободный остаток: 0 шт. В пути: 0 шт. Страховой запас: 1 шт. MOQ: 5 шт.
IEK,270400047_,Рубильник  трехпозиционный ВРТ-63 3P 63А IEK,0.15172381003888707,0.0,0.0,0.0,0.07586190501944354,4.0,0.2275857150583306,4,0.15172381003888707,3.848276189961113,0.0,HIGH,CRITICAL,DECLINING,1.603448275862069,True,False,True,Прогноз спроса: 0 шт. Свободный остаток: 0 шт. В пути: 0 шт. Страховой запас: 0 шт. MOQ: 4 шт. Есть сигнал предыдущего stockout. Наблюдается снижение спроса.
IEK,251400061_,ЩРН-П 18  бел. дв. IP41 UNION Compact IEK,1.9118929043990738e-05,0.0,0.0,0.0,9.559464521995369e-06,4.0,2.8678393565986108e-05,4,1.9118929043990738e-05,3.999980881070956,0.0,HIGH,CRITICAL,STABLE,2.583333333333333,True,False,True,Прогноз спроса: 0 шт. Свободный остаток: 0 шт. В пути: 0 шт. Страховой запас: 0 шт. MOQ: 4 шт. Есть сигнал предыдущего stockout.
IEK,280300048_,Пластина соединительная h 100 IEK (2),1.6452571478876645,0.0,0.0,0.0,0.8226285739438323,,2.4678857218314967,3,1.6452571478876645,1.3547428521123355,0.0,HIGH,CRITICAL,DECLINING,1.3857245854361933,True,False,True,Прогноз спроса: 2 шт. Свободный остаток: 0 шт. В пути: 0 шт. Страховой запас: 1 шт. Есть сигнал предыдущего stockout. Наблюдается снижение спроса.
IEK,270300099_,"  Трансформатор тока ТТИ-А  100/5А  5ВА  класс 0,5  IEK",1.4814335547614108,0.0,0.0,0.0,0.5269408568963563,1.0,2.0083744116577673,3,1.4814335547614108,1.5185664452385892,0.0,HIGH,CRITICAL,DECLINING,0.3345323741007194,False,False,True,Прогноз спроса: 1 шт. Свободный остаток: 0 шт. В пути: 0 шт. Страховой запас: 1 шт. MOQ: 1 шт. Наблюдается снижение спроса.
IEK,130300764_,"Датчик движения МВ 301 белый,1200 Вт, 360гр. дальность 8 м IP20 IEK (50) ",1.0310660624478114,0.0,0.0,0.0,0.0,1.0,1.0310660624478114,2,1.0310660624478114,0.9689339375521886,0.0,HIGH,CRITICAL,STABLE,1.465091299677766,True,False,True,Прогноз спроса: 1 шт. Свободный остаток: 0 шт. В пути: 0 шт. Страховой запас: 0 шт. MOQ: 1 шт. Есть сигнал предыдущего stockout.
IEK,030200565_,"Роз. 1-мест. с/з 16А б/рамки ""BRITE"" маренго (1/100)",1.4635418519242283,0.0,0.0,0.0,0.4949747468305492,,1.9585165987547775,2,1.4635418519242283,0.5364581480757717,0.0,HIGH,CRITICAL,STABLE,0.25,False,True,True,Прогноз спроса: 1 шт. Свободный остаток: 0 шт. В пути: 0 шт. Страховой запас: 0 шт. В истории обнаружена аномальная продажа.
IEK,290100142_,У05К (5мест/3метра) чер. IEK,0.7271134118058158,0.0,0.0,0.0,0.3635567059029079,1.0,1.0906701177087237,2,0.7271134118058158,1.2728865881941842,0.0,HIGH,CRITICAL,STABLE,0.7209302325581395,False,True,True,Прогноз спроса: 1 шт. Свободный остаток: 0 шт. В пути: 0 шт. Страховой запас: 0 шт. MOQ: 1 шт. В истории обнаружена аномальная продажа.
IEK,280300040_,Поворот 90º вертикальный внешний  50х200 IEK,1.1291772148414827,0.0,0.0,0.0,0.5645886074207414,1.0,1.693765822262224,2,1.1291772148414827,0.8708227851585173,0.0,HIGH,CRITICAL,STABLE,2.2142857142857144,False,False,True,Прогноз спроса: 1 шт. Свободный остаток: 0 шт. В пути: 0 шт. Страховой запас: 1 шт. MOQ: 1 шт.
IEK,251400136_,ЩМП 1400х800х300 IP66  TITAN 5 IEK,0.6815538612069589,0.0,0.0,0.0,0.34077693060347947,1.0,1.0223307918104383,2,0.6815538612069589,1.318446138793041,0.0,HIGH,CRITICAL,GROWING,0.25,False,False,True,Прогноз спроса: 1 шт. Свободный остаток: 0 шт. В пути: 0 шт. Страховой запас: 0 шт. MOQ: 1 шт. Наблюдается рост спроса.
IEK,130400154_,Изолятор ступенчатый ИС4-40 (М8) силовой с болтом IEK,0.13782108056399964,0.0,0.0,0.0,0.06891054028199982,2.0,0.20673162084599944,2,0.13782108056399964,1.8621789194360003,0.0,HIGH,CRITICAL,GROWING,0.25,False,False,True,Прогноз спроса: 0 шт. Свободный остаток: 0 шт. В пути: 0 шт. Страховой запас: 0 шт. MOQ: 2 шт. Наблюдается рост спроса.
IEK,280200046_,Заглушка КМЗ 16х16 Белый ЭЛЕКОР IEK (4) ,0.74352439822887,0.0,0.0,0.0,0.28577380332472374,1.0,1.0292982015535936,2,0.74352439822887,1.25647560177113,0.0,HIGH,CRITICAL,DECLINING,1.0125628140703518,True,False,True,Прогноз спроса: 1 шт. Свободный остаток: 0 шт. В пути: 0 шт. Страховой запас: 0 шт. MOQ: 1 шт. Есть сигнал предыдущего stockout. Наблюдается снижение спроса.
IEK,030200424_,"Роз. комп. RJ45 кат.5E б/рамки ""BRITE"" жемчуг (1/100)",0.7116860656488259,0.0,0.0,0.0,0.35584303282441293,1.0,1.0675290984732388,2,0.7116860656488259,1.2883139343511743,0.0,HIGH,CRITICAL,STABLE,1.9187620889748551,True,False,True,Прогноз спроса: 1 шт. Свободный остаток: 0 шт. В пути: 0 шт. Страховой запас: 0 шт. MOQ: 1 шт. Есть сигнал предыдущего stockout.
IEK,280300237_,I33 Роз 2-я з/к о/у серый IP54 ФОРС IEK РСб22-3-ФСр (5/60),0.8841096736823995,0.0,0.0,0.0,0.14288690166875015,,1.0269965753511496,2,0.8841096736823995,1.1158903263176005,0.0,HIGH,CRITICAL,STABLE,1.3855903935957306,True,False,True,Прогноз спроса: 1 шт. Свободный остаток: 0 шт. В пути: 0 шт. Страховой запас: 0 шт. Есть сигнал предыдущего stockout.
IEK,280300232_,I30 Выкл 1кл о/у серый IP54 ФОРС IEK ВС20-1-0-ФСр (10/100),1.2978569222543594,0.0,0.0,0.0,0.6489284611271797,,1.9467853833815392,2,1.2978569222543594,0.7021430777456406,0.0,HIGH,CRITICAL,DECLINING,0.25,False,False,True,Прогноз спроса: 1 шт. Свободный остаток: 0 шт. В пути: 0 шт. Страховой запас: 1 шт. Наблюдается снижение спроса.
IEK,280300180_,Распределительная  коробка о/у  с сальниками  75х40 IP44 КМ41237 IEK (60),0.868548375548161,0.0,0.0,0.0,0.4342741877740805,,1.3028225633222414,2,0.868548375548161,1.1314516244518389,0.0,HIGH,CRITICAL,DECLINING,0.5592783505154639,True,False,True,Прогноз спроса: 1 шт. Свободный остаток: 0 шт. В пути: 0 шт. Страховой запас: 0 шт. Есть сигнал предыдущего stockout. Наблюдается снижение спроса.
Systeme,300200497_,"КОРОБКА МОНТАЖН.С / У Д / СИЛ.РОЗЕТОК, ЗЕЛЕН",4.1317140902743377e-07,0.0,0.0,0.0,0.0,2.0,4.1317140902743377e-07,2,4.1317140902743377e-07,1.999999586828591,0.0,HIGH,CRITICAL,STABLE,1.0,True,False,True,Прогноз спроса: 0 шт. Свободный остаток: 0 шт. В пути: 0 шт. Страховой запас: 0 шт. MOQ: 2 шт. Есть сигнал предыдущего stockout.
IEK,150101213_,Патрон подвесной GU5.3 со шнуром керамика IEK  E-PRO,0.22436387531207164,0.0,0.0,0.0,0.0,,0.22436387531207164,1,0.22436387531207164,0.7756361246879284,0.0,HIGH,CRITICAL,STABLE,0.25,True,False,True,Прогноз спроса: 0 шт. Свободный остаток: 0 шт. В пути: 0 шт. Страховой запас: 0 шт. Есть сигнал предыдущего stockout.
IEK,280301024_,Комплект заземления 9/20 б/м оц. сталь HDZ IEK,0.00010076996556292653,0.0,0.0,0.0,0.0,1.0,0.00010076996556292653,1,0.00010076996556292653,0.999899230034437,0.0,HIGH,CRITICAL,STABLE,0.25,True,False,True,Прогноз спроса: 0 шт. Свободный остаток: 0 шт. В пути: 0 шт. Страховой запас: 0 шт. MOQ: 1 шт. Есть сигнал предыдущего stockout.
IEK,280100356_,Заглушка КМЗ 40х25 дуб ЭЛЕКОР IEK (4шт/компл)  ,0.010598656500483708,0.0,0.0,0.0,0.005299328250241854,,0.015897984750725562,1,0.010598656500483708,0.9894013434995163,0.0,HIGH,CRITICAL,DECLINING,0.25,True,False,True,Прогноз спроса: 0 шт. Свободный остаток: 0 шт. В пути: 0 шт. Страховой запас: 0 шт. Есть сигнал предыдущего stockout. Наблюдается снижение спроса.
IEK,150101207_,Светильник уличный 5112 настенный GU10 IP65 серый IEK,4.663589274639041e-06,0.0,0.0,0.0,0.0,1.0,4.663589274639041e-06,1,4.663589274639041e-06,0.9999953364107254,0.0,HIGH,CRITICAL,STABLE,0.25,True,False,True,Прогноз спроса: 0 шт. Свободный остаток: 0 шт. В пути: 0 шт. Страховой запас: 0 шт. MOQ: 1 шт. Есть сигнал предыдущего stockout.
IEK,010400928_,Реле напряжения и тока РНТ-д однофазное 54мм 50А IEK,0.3026725487036588,0.0,0.0,0.0,0.1513362743518294,1.0,0.4540088230554882,1,0.3026725487036588,0.6973274512963412,0.0,HIGH,CRITICAL,STABLE,0.25,False,True,True,Прогноз спроса: 0 шт. Свободный остаток: 0 шт. В пути: 0 шт. Страховой запас: 0 шт. MOQ: 1 шт. В истории обнаружена аномальная продажа.
IEK,150101210_,Светильник уличный 5222 потолочный GU10 IP65 белый IEK,4.585848373799903e-06,0.0,0.0,0.0,0.0,1.0,4.585848373799903e-06,1,4.585848373799903e-06,0.9999954141516262,0.0,HIGH,CRITICAL,STABLE,0.25,True,False,True,Прогноз спроса: 0 шт. Свободный остаток: 0 шт. В пути: 0 шт. Страховой запас: 0 шт. MOQ: 1 шт. Есть сигнал предыдущего stockout.
IEK,250200005_,ЩЭ 4 (1000х960х155) IP31 IEK,5.1795788225399445e-06,0.0,0.0,0.0,0.0,1.0,5.1795788225399445e-06,1,5.1795788225399445e-06,0.9999948204211775,0.0,HIGH,CRITICAL,STABLE,0.25,True,False,True,Прогноз спроса: 0 шт. Свободный остаток: 0 шт. В пути: 0 шт. Страховой запас: 0 шт. MOQ: 1 шт. Есть сигнал предыдущего stockout.
IEK,311101225_,Батарейка щелочная Alkaline LR06/AA (10шт/бокс) IEK,0.021564245683736945,0.0,0.0,0.0,0.0,,0.021564245683736945,1,0.021564245683736945,0.9784357543162631,0.0,HIGH,CRITICAL,STABLE,1.7222222222222223,True,False,True,Прогноз спроса: 0 шт. Свободный остаток: 0 шт. В пути: 0 шт. Страховой запас: 0 шт. Есть сигнал предыдущего stockout.
IEK,030200524_,"Роз. без з/к 10А б/рамки ""BRITE"" шампань (1/100)",0.021234469433664447,0.0,0.0,0.0,0.0,1.0,0.021234469433664447,1,0.021234469433664447,0.9787655305663355,0.0,HIGH,CRITICAL,STABLE,1.1923076923076923,True,False,True,Прогноз спроса: 0 шт. Свободный остаток: 0 шт. В пути: 0 шт. Страховой запас: 0 шт. MOQ: 1 шт. Есть сигнал предыдущего stockout.
IEK,290100137_,У04 (4места/5метров) чер. IEK,0.1275719915147644,0.0,0.0,0.0,0.0637859957573822,1.0,0.1913579872721466,1,0.1275719915147644,0.8724280084852356,0.0,HIGH,CRITICAL,STABLE,1.823529411764706,False,False,True,Прогноз спроса: 0 шт. Свободный остаток: 0 шт. В пути: 0 шт. Страховой запас: 0 шт. MOQ: 1 шт.
IEK,030200560_,"Рамка 2-мест. ""BRITE"" маренго (1/100)",0.5200415498847194,0.0,0.0,0.0,0.2600207749423597,,0.780062324827079,1,0.5200415498847194,0.4799584501152806,0.0,HIGH,CRITICAL,STABLE,0.7103407755581669,False,True,True,Прогноз спроса: 1 шт. Свободный остаток: 0 шт. В пути: 0 шт. Страховой запас: 0 шт. В истории обнаружена аномальная продажа.
IEK,311101221_,Батарейка щелочная Alkaline 6LR61 9V (1шт/блистер) IEK,0.021976165231915677,0.0,0.0,0.0,0.0,,0.021976165231915677,1,0.021976165231915677,0.9780238347680843,0.0,HIGH,CRITICAL,STABLE,1.55,True,False,True,Прогноз спроса: 0 шт. Свободный остаток: 0 шт. В пути: 0 шт. Страховой запас: 0 шт. Есть сигнал предыдущего stockout.
IEK,311101237_,Батарейка щелочная Alkaline LR03/AAA (10+2шт/кор) ПРОМО GENERICA,0.022157593197890197,0.0,0.0,0.0,0.0,,0.022157593197890197,1,0.022157593197890197,0.9778424068021098,0.0,HIGH,CRITICAL,STABLE,0.5636363636363636,True,False,True,Прогноз спроса: 0 шт. Свободный остаток: 0 шт. В пути: 0 шт. Страховой запас: 0 шт. Есть сигнал предыдущего stockout.
IEK,311101238_,Батарейка щелочная Alkaline LR06/AA (10+2шт/кор) ПРОМО GENERICA,0.021973340901611238,0.0,0.0,0.0,0.0,,0.021973340901611238,1,0.021973340901611238,0.9780266590983888,0.0,HIGH,CRITICAL,STABLE,0.96875,True,False,True,Прогноз спроса: 0 шт. Свободный остаток: 0 шт. В пути: 0 шт. Страховой запас: 0 шт. Есть сигнал предыдущего stockout.
IEK,290100141_,У05 (5мест/5метров) чер. IEK,0.018528688643635112,0.0,0.0,0.0,0.0,1.0,0.018528688643635112,1,0.018528688643635112,0.9814713113563649,0.0,HIGH,CRITICAL,STABLE,0.8157894736842105,True,False,True,Прогноз спроса: 0 шт. Свободный остаток: 0 шт. В пути: 0 шт. Страховой запас: 0 шт. MOQ: 1 шт. Есть сигнал предыдущего stockout.
IEK,130300271_,"Сизы-1 (1,5-3,5) синий IEK (100)",4.5929270171371115e-06,0.0,0.0,0.0,0.0,,4.5929270171371115e-06,1,4.5929270171371115e-06,0.9999954070729828,0.0,HIGH,CRITICAL,STABLE,0.25,True,False,True,Прогноз спроса: 0 шт. Свободный остаток: 0 шт. В пути: 0 шт. Страховой запас: 0 шт. Есть сигнал предыдущего stockout.
IEK,311101232_,Батарейка щелочная Alkaline LR06/AA (2шт/блистер) IEK,0.018232276815933854,0.0,0.0,0.0,0.0,,0.018232276815933854,1,0.018232276815933854,0.9817677231840661,0.0,HIGH,CRITICAL,STABLE,1.0333333333333332,True,False,True,Прогноз спроса: 0 шт. Свободный остаток: 0 шт. В пути: 0 шт. Страховой запас: 0 шт. Есть сигнал предыдущего stockout.
IEK,311101235_,Батарейка щелочная Alkaline LR03/AAA (4шт/блистер) IEK,0.02198782820206905,0.0,0.0,0.0,0.0,,0.02198782820206905,1,0.02198782820206905,0.978012171797931,0.0,HIGH,CRITICAL,STABLE,1.148148148148148,True,False,True,Прогноз спроса: 0 шт. Свободный остаток: 0 шт. В пути: 0 шт. Страховой запас: 0 шт. Есть сигнал предыдущего stockout.
IEK,311101236_,Батарейка щелочная Alkaline LR06/AA (4шт/блистер) IEK,0.021720095858902534,0.0,0.0,0.0,0.0,,0.021720095858902534,1,0.021720095858902534,0.9782799041410974,0.0,HIGH,CRITICAL,STABLE,3.875,True,False,True,Прогноз спроса: 0 шт. Свободный остаток: 0 шт. В пути: 0 шт. Страховой запас: 0 шт. Есть сигнал предыдущего stockout.
IEK,130300105_, ЗВИ 150 ПВХ (16-35мм ² 150А) 12 пар IEK (10),2.151235614752904e-07,0.0,0.0,0.0,0.0,,2.151235614752904e-07,1,2.151235614752904e-07,0.9999997848764385,0.0,HIGH,CRITICAL,STABLE,1.0333333333333332,True,False,True,Прогноз спроса: 0 шт. Свободный остаток: 0 шт. В пути: 0 шт. Страховой запас: 0 шт. Есть сигнал предыдущего stockout.
IEK,030200550_,"Роз. с с/з з/ш 16А б/рамки ""BRITE"" маренго (1/100)",0.9331956989199712,0.0,0.0,0.0,0.0,,0.9331956989199712,1,0.9331956989199712,0.06680430108002877,0.0,HIGH,CRITICAL,STABLE,0.7265625,True,False,True,Прогноз спроса: 1 шт. Свободный остаток: 0 шт. В пути: 0 шт. Страховой запас: 0 шт. Есть сигнал предыдущего stockout.
IEK,130300090_,"Сизы-1 (2,5-4,5) желтый P7-4 IEK (100)",5.748505885802123e-06,0.0,0.0,0.0,0.0,,5.748505885802123e-06,1,5.748505885802123e-06,0.9999942514941143,0.0,HIGH,CRITICAL,STABLE,1.1071428571428572,True,False,True,Прогноз спроса: 0 шт. Свободный остаток: 0 шт. В пути: 0 шт. Страховой запас: 0 шт. Есть сигнал предыдущего stockout.
IEK,BR-M22-G-31-K96,BRITE Рамка 2-местная РУ-2-2-БрП стекло персиковый матовый IEK,5.070848055412835e-05,0.0,0.0,0.0,2.5354240277064173e-05,,7.606272083119252e-05,1,5.070848055412835e-05,0.9999492915194459,0.0,HIGH,CRITICAL,STABLE,0.25,True,False,True,Прогноз спроса: 0 шт. Свободный остаток: 0 шт. В пути: 0 шт. Страховой запас: 0 шт. Есть сигнал предыдущего stockout.
IEK,290100011_,У04 (4места 2р+ре.5метров) IEK,0.034176328619626745,0.0,0.0,0.0,0.017088164309813372,,0.05126449292944012,1,0.034176328619626745,0.9658236713803733,0.0,HIGH,CRITICAL,STABLE,0.7948717948717948,True,False,True,Прогноз спроса: 0 шт. Свободный остаток: 0 шт. В пути: 0 шт. Страховой запас: 0 шт. Есть сигнал предыдущего stockout.
IEK,290100013_,У04К-выкл (4места  .3метра ) IEK,0.015943822563187927,0.0,0.0,0.0,0.0,,0.015943822563187927,1,0.015943822563187927,0.9840561774368121,0.0,HIGH,CRITICAL,STABLE,0.2818181818181818,True,False,True,Прогноз спроса: 0 шт. Свободный остаток: 0 шт. В пути: 0 шт. Страховой запас: 0 шт. Есть сигнал предыдущего stockout.
IEK,240300019_,"Маркер МК1-2,5мм символ ""6"" 1000шт\ролл IEK",0.022608556447215593,0.0,0.0,0.0,0.011304278223607796,1.0,0.033912834670823386,1,0.022608556447215593,0.9773914435527844,0.0,HIGH,CRITICAL,STABLE,1.2916666666666667,True,False,True,Прогноз спроса: 0 шт. Свободный остаток: 0 шт. В пути: 0 шт. Страховой запас: 0 шт. MOQ: 1 шт. Есть сигнал предыдущего stockout.
IEK,151000732_,Отвертка крест.Master Ph0х75мм IEK (6) ,4.906814108233577e-06,0.0,0.0,0.0,0.0,,4.906814108233577e-06,1,4.906814108233577e-06,0.9999950931858917,0.0,HIGH,CRITICAL,STABLE,0.25,True,False,True,Прогноз спроса: 0 шт. Свободный остаток: 0 шт. В пути: 0 шт. Страховой запас: 0 шт. Есть сигнал предыдущего stockout.
IEK,BR-M12-G-41-K06,BRITE Рамка 1-местная РУ-1-2-Бр стекло эко грин RE IEK,0.00014307315536188773,0.0,0.0,0.0,7.153657768094387e-05,,0.0002146097330428316,1,0.00014307315536188773,0.9998569268446381,0.0,HIGH,CRITICAL,STABLE,0.25,True,False,True,Прогноз спроса: 0 шт. Свободный остаток: 0 шт. В пути: 0 шт. Страховой запас: 0 шт. Есть сигнал предыдущего stockout.
IEK,010300167_, УЗО АВДТ 32  16А GENERICA (6/60) !!!,4.8800159487656785e-06,0.0,0.0,0.0,0.0,,4.8800159487656785e-06,1,4.8800159487656785e-06,0.9999951199840512,0.0,HIGH,CRITICAL,STABLE,0.25,True,False,True,Прогноз спроса: 0 шт. Свободный остаток: 0 шт. В пути: 0 шт. Страховой запас: 0 шт. Есть сигнал предыдущего stockout.
IEK,010300166_, УЗО АВДТ 32  10А GENERICA (6/60) !!!,4.885293356596683e-06,0.0,0.0,0.0,0.0,,4.885293356596683e-06,1,4.885293356596683e-06,0.9999951147066434,0.0,HIGH,CRITICAL,STABLE,0.25,True,False,True,Прогноз спроса: 0 шт. Свободный остаток: 0 шт. В пути: 0 шт. Страховой запас: 0 шт. Есть сигнал предыдущего stockout.
IEK,BR-U21-D31-K37,"BRITE Розетка USB A+A 5В 3,1А РЮ10-1-БрШ шампань IEK",0.0009502960362235255,0.0,0.0,0.0,0.00047514801811176274,1.0,0.001425444054335288,1,0.0009502960362235255,0.9990497039637765,0.0,HIGH,CRITICAL,STABLE,0.25,True,False,True,Прогноз спроса: 0 шт. Свободный остаток: 0 шт. В пути: 0 шт. Страховой запас: 0 шт. MOQ: 1 шт. Есть сигнал предыдущего stockout.
IEK,010400842_,Реле напряжения и тока РНТ-д однофазное 36мм 63А IEK,4.6045646609436435e-05,0.0,0.0,0.0,0.0,,4.6045646609436435e-05,1,4.6045646609436435e-05,0.9999539543533905,0.0,HIGH,CRITICAL,STABLE,0.25,True,False,True,Прогноз спроса: 0 шт. Свободный остаток: 0 шт. В пути: 0 шт. Страховой запас: 0 шт. Есть сигнал предыдущего stockout.
IEK,CKK10-025-016-1-K28_,Кабель-канал 25х16 ольха ЭЛЕКОР IEK (за штуку) (50),0.11181916414591601,0.0,0.0,0.0,0.05590958207295801,,0.16772874621887401,1,0.11181916414591601,0.888180835854084,0.0,HIGH,CRITICAL,STABLE,0.25,True,False,True,Прогноз спроса: 0 шт. Свободный остаток: 0 шт. В пути: 0 шт. Страховой запас: 0 шт. Есть сигнал предыдущего stockout.
IEK,151000083_,НПП 1402-60  бел/овал с реш. IP54 IEK(12) !!!,5.9108445614812164e-05,0.0,0.0,0.0,0.0,,5.9108445614812164e-05,1,5.9108445614812164e-05,0.9999408915543851,0.0,HIGH,CRITICAL,STABLE,0.25,True,False,True,Прогноз спроса: 0 шт. Свободный остаток: 0 шт. В пути: 0 шт. Страховой запас: 0 шт. Есть сигнал предыдущего stockout.
IEK,290100002_,У03 (3места 2р+ре.5метров) IEK,6.511180580725892e-06,0.0,0.0,0.0,3.255590290362946e-06,,9.766770871088838e-06,1,6.511180580725892e-06,0.9999934888194193,0.0,HIGH,CRITICAL,STABLE,0.25,True,False,True,Прогноз спроса: 0 шт. Свободный остаток: 0 шт. В пути: 0 шт. Страховой запас: 0 шт. Есть сигнал предыдущего stockout.
IEK,010300189_, УЗО АД 12  (2ф) 32А 100мА IEK !!!,4.556713127566825e-06,0.0,0.0,0.0,0.0,,4.556713127566825e-06,1,4.556713127566825e-06,0.9999954432868724,0.0,HIGH,CRITICAL,STABLE,0.25,True,False,True,Прогноз спроса: 0 шт. Свободный остаток: 0 шт. В пути: 0 шт. Страховой запас: 0 шт. Есть сигнал предыдущего stockout.
IEK,BR-RT11-K10,BRITE Термостат электронный с инд. ТС10-1-БрКр беж. IEK,0.0020355522729874607,0.0,0.0,0.0,0.0010177761364937303,1.0,0.0030533284094811913,1,0.0020355522729874607,0.9979644477270125,0.0,HIGH,CRITICAL,DECLINING,0.25,True,False,True,Прогноз спроса: 0 шт. Свободный остаток: 0 шт. В пути: 0 шт. Страховой запас: 0 шт. MOQ: 1 шт. Есть сигнал предыдущего stockout. Наблюдается снижение спроса.
IEK,290100005_,У04 (4места 2р+ре.3метра) IEK,0.07567382639138151,0.0,0.0,0.0,0.0,,0.07567382639138151,1,0.07567382639138151,0.9243261736086185,0.0,HIGH,CRITICAL,STABLE,1.8415841584158412,True,False,True,Прогноз спроса: 0 шт. Свободный остаток: 0 шт. В пути: 0 шт. Страховой запас: 0 шт. Есть сигнал предыдущего stockout.
IEK,270300304_,Термостат УККт от -20 до +60°C NO/NC IEK (100) NEW,2.2083105897018275e-05,0.0,0.0,0.0,0.0,1.0,2.2083105897018275e-05,1,2.2083105897018275e-05,0.999977916894103,0.0,HIGH,CRITICAL,STABLE,0.7380952380952381,True,False,True,Прогноз спроса: 0 шт. Свободный остаток: 0 шт. В пути: 0 шт. Страховой запас: 0 шт. MOQ: 1 шт. Есть сигнал предыдущего stockout.
IEK,130300293_,"Автоматический стриппер АС 0,018-2,5 IEK",0.019594923228571592,0.0,0.0,0.0,0.009797461614285796,,0.02939238484285739,1,0.019594923228571592,0.9804050767714284,0.0,HIGH,CRITICAL,STABLE,0.25,True,False,True,Прогноз спроса: 0 шт. Свободный остаток: 0 шт. В пути: 0 шт. Страховой запас: 0 шт. Есть сигнал предыдущего stockout.
IEK,AR-KMR10-040-20-230,ARMAT Контактор модульный KMR 40А 230В AC 2НО IEK,0.00011011291602768372,0.0,0.0,0.0,0.0,,0.00011011291602768372,1,0.00011011291602768372,0.9998898870839723,0.0,HIGH,CRITICAL,STABLE,0.25,True,False,True,Прогноз спроса: 0 шт. Свободный остаток: 0 шт. В пути: 0 шт. Страховой запас: 0 шт. Есть сигнал предыдущего stockout.
IEK,AR-KMR10-063-22-230,ARMAT Контактор модульный KMR 63А 230В AC 2НО 2НЗ IEK,5.013969538108319e-06,0.0,0.0,0.0,0.0,,5.013969538108319e-06,1,5.013969538108319e-06,0.9999949860304619,0.0,HIGH,CRITICAL,STABLE,0.25,True,False,True,Прогноз спроса: 0 шт. Свободный остаток: 0 шт. В пути: 0 шт. Страховой запас: 0 шт. Есть сигнал предыдущего stockout.
IEK,AR-KMR10-040-40-230,ARMAT Контактор модульный KMR 40А 230В AC 4НО IEK,9.696512364966374e-05,0.0,0.0,0.0,4.848256182483187e-05,,0.00014544768547449562,1,9.696512364966374e-05,0.9999030348763503,0.0,HIGH,CRITICAL,STABLE,0.25,True,False,True,Прогноз спроса: 0 шт. Свободный остаток: 0 шт. В пути: 0 шт. Страховой запас: 0 шт. Есть сигнал предыдущего stockout.
IEK,010300144_, УЗО АД 14  (4ф) 63А 100мА IEK !,5.0671616678534724e-05,0.0,0.0,0.0,2.5335808339267362e-05,,7.600742501780209e-05,1,5.0671616678534724e-05,0.9999493283833215,0.0,HIGH,CRITICAL,STABLE,0.25,True,False,True,Прогноз спроса: 0 шт. Свободный остаток: 0 шт. В пути: 0 шт. Страховой запас: 0 шт. Есть сигнал предыдущего stockout.
IEK,151300042_,"LED A60 ""Шар"" 11w 230v 6500К E27 IEK",4.589965472108042e-05,0.0,0.0,0.0,0.0,,4.589965472108042e-05,1,4.589965472108042e-05,0.9999541003452789,0.0,HIGH,CRITICAL,STABLE,0.25,True,False,True,Прогноз спроса: 0 шт. Свободный остаток: 0 шт. В пути: 0 шт. Страховой запас: 0 шт. Есть сигнал предыдущего stockout.
IEK,151000734_,Отвертка Master 3х75мм IEK (12) ,0.00014524787469182807,0.0,0.0,0.0,7.262393734591403e-05,,0.0002178718120377421,1,0.00014524787469182807,0.9998547521253082,0.0,HIGH,CRITICAL,STABLE,0.25,True,False,True,Прогноз спроса: 0 шт. Свободный остаток: 0 шт. В пути: 0 шт. Страховой запас: 0 шт. Есть сигнал предыдущего stockout.
IEK,010300150_, УЗО АД 12  (2ф) 40А 300мА IEK (4/32) !!!,0.40531090261078584,0.0,0.0,0.0,0.20265545130539292,,0.6079663539161788,1,0.40531090261078584,0.5946890973892142,0.0,HIGH,CRITICAL,STABLE,0.5166666666666666,False,False,True,Прогноз спроса: 0 шт. Свободный остаток: 0 шт. В пути: 0 шт. Страховой запас: 0 шт.
IEK,240200017_,Круглая скоба 16мм IEK (100),0.11799692180009357,0.0,0.0,0.0,0.0,,0.11799692180009357,1,0.11799692180009357,0.8820030781999064,0.0,HIGH,CRITICAL,STABLE,0.25,True,False,True,Прогноз спроса: 0 шт. Свободный остаток: 0 шт. В пути: 0 шт. Страховой запас: 0 шт. Есть сигнал предыдущего stockout.
IEK,BR-D20-0600-K37,BRITE Светорегулятор поворотно-нажимной 600Вт СС10-1-0-БрШ шампань IEK,4.86700783252609e-06,0.0,0.0,0.0,0.0,,4.86700783252609e-06,1,4.86700783252609e-06,0.9999951329921675,0.0,HIGH,CRITICAL,STABLE,0.25,True,False,True,Прогноз спроса: 0 шт. Свободный остаток: 0 шт. В пути: 0 шт. Страховой запас: 0 шт. Есть сигнал предыдущего stockout.
IEK,251400125_,ЩМП  800х800х400 IP66  TITAN 5 IEK,4.799740186990147e-06,0.0,0.0,0.0,0.0,,4.799740186990147e-06,1,4.799740186990147e-06,0.999995200259813,0.0,HIGH,CRITICAL,STABLE,0.25,True,False,True,Прогноз спроса: 0 шт. Свободный остаток: 0 шт. В пути: 0 шт. Страховой запас: 0 шт. Есть сигнал предыдущего stockout.
IEK,130600150_,Реле промежут. OIR 3 конт. 16А 230В AC IEK OIR-316-AC230V NEW,4.863740661231993e-06,0.0,0.0,0.0,0.0,1.0,4.863740661231993e-06,1,4.863740661231993e-06,0.9999951362593388,0.0,HIGH,CRITICAL,STABLE,4.0,True,False,True,Прогноз спроса: 0 шт. Свободный остаток: 0 шт. В пути: 0 шт. Страховой запас: 0 шт. MOQ: 1 шт. Есть сигнал предыдущего stockout.
IEK,130200034_,DIN-рейка  (60см) IEK (20),4.945477731172683e-06,0.0,0.0,0.0,0.0,,4.945477731172683e-06,1,4.945477731172683e-06,0.9999950545222688,0.0,HIGH,CRITICAL,STABLE,0.25,True,False,True,Прогноз спроса: 0 шт. Свободный остаток: 0 шт. В пути: 0 шт. Страховой запас: 0 шт. Есть сигнал предыдущего stockout.
IEK,280100451_,Соединитель на стык КМС 25х16 черный ЭЛЕКОР IEK (4шт/компл),4.401943406810252e-06,0.0,0.0,0.0,0.0,,4.401943406810252e-06,1,4.401943406810252e-06,0.9999955980565932,0.0,HIGH,CRITICAL,STABLE,0.25,True,False,True,Прогноз спроса: 0 шт. Свободный остаток: 0 шт. В пути: 0 шт. Страховой запас: 0 шт. Есть сигнал предыдущего stockout.
IEK,ст-9952041,Разъем PPM77/3 для РЭК77/3 модульный IEK !!!,4.729989712425687e-06,0.0,0.0,0.0,0.0,,4.729989712425687e-06,1,4.729989712425687e-06,0.9999952700102875,0.0,HIGH,CRITICAL,STABLE,0.25,True,False,True,Прогноз спроса: 0 шт. Свободный остаток: 0 шт. В пути: 0 шт. Страховой запас: 0 шт. Есть сигнал предыдущего stockout.
IEK,130301682_,"Блок зажимов БЗН TK-020 2,5 мм2 20А на DIN-рейку 10 пар IEK",0.0018026231337641193,0.0,0.0,0.0,0.0009013115668820596,1.0,0.002703934700646179,1,0.0018026231337641193,0.9981973768662359,0.0,HIGH,CRITICAL,STABLE,0.25,False,False,True,Прогноз спроса: 0 шт. Свободный остаток: 0 шт. В пути: 0 шт. Страховой запас: 0 шт. MOQ: 1 шт.
IEK,251400128_,ЩМП 1000х600х400 IP66  TITAN 5 IEK,0.04288479584133413,0.0,0.0,0.0,0.021442397920667065,1.0,0.06432719376200119,1,0.04288479584133413,0.9571152041586659,0.0,HIGH,CRITICAL,STABLE,3.875,False,False,True,Прогноз спроса: 0 шт. Свободный остаток: 0 шт. В пути: 0 шт. Страховой запас: 0 шт. MOQ: 1 шт.
IEK,130600203_,Реле уровня ORL 24-240В AC/DC IEK ORL-01-ACDC24-240V NEW,0.002172836537072589,0.0,0.0,0.0,0.0010864182685362946,1.0,0.003259254805608884,1,0.002172836537072589,0.9978271634629274,0.0,HIGH,CRITICAL,DECLINING,4.0,True,False,True,Прогноз спроса: 0 шт. Свободный остаток: 0 шт. В пути: 0 шт. Страховой запас: 0 шт. MOQ: 1 шт. Есть сигнал предыдущего stockout. Наблюдается снижение спроса.
IEK,ст-9953236,Индикатор AD-22DS (LED) Ø22мм (зеленый) 12В IEK !!!,5.935451107060064e-05,0.0,0.0,0.0,0.0,,5.935451107060064e-05,1,5.935451107060064e-05,0.9999406454889294,0.0,HIGH,CRITICAL,STABLE,0.25,True,False,True,Прогноз спроса: 0 шт. Свободный остаток: 0 шт. В пути: 0 шт. Страховой запас: 0 шт. Есть сигнал предыдущего stockout.
IEK,ярп5852," Переключатель LAY5-BW8465 ""I-O"" сдвоенная с подсветкой IEK !!!",5.871954098284342e-05,0.0,0.0,0.0,0.0,,5.871954098284342e-05,1,5.871954098284342e-05,0.9999412804590172,0.0,HIGH,CRITICAL,STABLE,0.25,True,False,True,Прогноз спроса: 0 шт. Свободный остаток: 0 шт. В пути: 0 шт. Страховой запас: 0 шт. Есть сигнал предыдущего stockout.
IEK,130600140_,Реле промежут. OIR 3 конт. 16А 12В AC/DC IEK OIR-316-ACDC12V NEW,1.2335191338122127e-07,0.0,0.0,0.0,0.0,,1.2335191338122127e-07,1,1.2335191338122127e-07,0.9999998766480866,0.0,HIGH,CRITICAL,STABLE,4.0,True,False,True,Прогноз спроса: 0 шт. Свободный остаток: 0 шт. В пути: 0 шт. Страховой запас: 0 шт. Есть сигнал предыдущего stockout.
IEK,030200862_," Рамка 4-мест. ""BRITE"" стекло черный (1/50)",0.016816934239080452,0.0,0.0,0.0,0.008408467119540226,1.0,0.025225401358620676,1,0.016816934239080452,0.9831830657609195,0.0,HIGH,CRITICAL,STABLE,0.25,True,False,True,Прогноз спроса: 0 шт. Свободный остаток: 0 шт. В пути: 0 шт. Страховой запас: 0 шт. MOQ: 1 шт. Есть сигнал предыдущего stockout.
IEK,081100774_,"Датчик движения ДД 201 белый, 1200Вт, 360 гр.,6М,IP20,IEK",0.5174484421040945,0.0,0.0,0.0,0.25872422105204723,1.0,0.7761726631561416,1,0.5174484421040945,0.48255155789590554,0.0,HIGH,CRITICAL,STABLE,1.0101123595505617,True,False,True,Прогноз спроса: 1 шт. Свободный остаток: 0 шт. В пути: 0 шт. Страховой запас: 0 шт. MOQ: 1 шт. Есть сигнал предыдущего stockout.
IEK,010700043_,ВА47-29 (3ф) 25А D IEK !!!,4.793661730896886e-06,0.0,0.0,0.0,0.0,,4.793661730896886e-06,1,4.793661730896886e-06,0.9999952063382691,0.0,HIGH,CRITICAL,STABLE,0.25,True,False,True,Прогноз спроса: 0 шт. Свободный остаток: 0 шт. В пути: 0 шт. Страховой запас: 0 шт. Есть сигнал предыдущего stockout.
IEK,020300082_,Распред. блок на DIN-рейку РБД- 80А IEK,4.600119848955699e-06,0.0,0.0,0.0,0.0,,4.600119848955699e-06,1,4.600119848955699e-06,0.9999953998801511,0.0,HIGH,CRITICAL,STABLE,0.25,True,False,True,Прогноз спроса: 0 шт. Свободный остаток: 0 шт. В пути: 0 шт. Страховой запас: 0 шт. Есть сигнал предыдущего stockout.
IEK,251400142_,ЩРВ-П 24 белая дверь IP40 KREPTA 5 IEK,4.930011073960693e-06,0.0,0.0,0.0,0.0,1.0,4.930011073960693e-06,1,4.930011073960693e-06,0.9999950699889261,0.0,HIGH,CRITICAL,STABLE,4.0,True,False,True,Прогноз спроса: 0 шт. Свободный остаток: 0 шт. В пути: 0 шт. Страховой запас: 0 шт. MOQ: 1 шт. Есть сигнал предыдущего stockout.
IEK,081100772_,Датчик движения ДД 022 белый 2000Вт 360гр 4мх20м IP20 IEK,0.14715145019921402,0.0,0.0,0.0,0.07357572509960701,1.0,0.22072717529882102,1,0.14715145019921402,0.852848549800786,0.0,HIGH,CRITICAL,STABLE,0.6241610738255033,True,False,True,Прогноз спроса: 0 шт. Свободный остаток: 0 шт. В пути: 0 шт. Страховой запас: 0 шт. MOQ: 1 шт. Есть сигнал предыдущего stockout.
IEK,020300088_,Распред. блок на DIN-рейку РБД-160А IEK,0.03124808570919158,0.0,0.0,0.0,0.01562404285459579,,0.04687212856378737,1,0.03124808570919158,0.9687519142908084,0.0,HIGH,CRITICAL,STABLE,0.7066869300911854,False,False,True,Прогноз спроса: 0 шт. Свободный остаток: 0 шт. В пути: 0 шт. Страховой запас: 0 шт.
IEK,130600224_,Реле фаз ORF-08D 3ф. 2 конт. 127-265В AC с контр. нейтр. ONI ORF-08D-127-265VAC NEW,5.0380032134755586e-05,0.0,0.0,0.0,0.0,1.0,5.0380032134755586e-05,1,5.0380032134755586e-05,0.9999496199678652,0.0,HIGH,CRITICAL,STABLE,0.25,True,False,True,Прогноз спроса: 0 шт. Свободный остаток: 0 шт. В пути: 0 шт. Страховой запас: 0 шт. MOQ: 1 шт. Есть сигнал предыдущего stockout.
IEK,030200972_,"Выкл. 1-кл. самовозвратн. 10А ""BRITE"" графит (1/100)",0.015127405940910844,0.0,0.0,0.0,0.007563702970455422,1.0,0.022691108911366265,1,0.015127405940910844,0.9848725940590891,0.0,HIGH,CRITICAL,STABLE,0.25,True,False,True,Прогноз спроса: 0 шт. Свободный остаток: 0 шт. В пути: 0 шт. Страховой запас: 0 шт. MOQ: 1 шт. Есть сигнал предыдущего stockout.
IEK,130600219_,Реле твердотельное OSS-2 40А 380В AC 3-32В DC ONI OSS-2-3-40-B NEW,2.7072458210427e-07,0.0,0.0,0.0,0.0,,2.7072458210427e-07,1,2.7072458210427e-07,0.9999997292754179,0.0,HIGH,CRITICAL,STABLE,4.0,True,False,True,Прогноз спроса: 0 шт. Свободный остаток: 0 шт. В пути: 0 шт. Страховой запас: 0 шт. Есть сигнал предыдущего stockout.
IEK,251400140_,ЩРН-П 12 белая дверь IP40 KREPTA 5 IEK,4.740900707814921e-06,0.0,0.0,0.0,0.0,1.0,4.740900707814921e-06,1,4.740900707814921e-06,0.9999952590992922,0.0,HIGH,CRITICAL,STABLE,0.25,True,False,True,Прогноз спроса: 0 шт. Свободный остаток: 0 шт. В пути: 0 шт. Страховой запас: 0 шт. MOQ: 1 шт. Есть сигнал предыдущего stockout.
IEK,010700041_,ВА47-29 (3ф) 16А х-ка D IEK (4/48) E-PRO,4.8237549825779075e-06,0.0,0.0,0.0,0.0,,4.8237549825779075e-06,1,4.8237549825779075e-06,0.9999951762450174,0.0,HIGH,CRITICAL,STABLE,0.25,True,False,True,Прогноз спроса: 0 шт. Свободный остаток: 0 шт. В пути: 0 шт. Страховой запас: 0 шт. Есть сигнал предыдущего stockout.
IEK,130600228_,Реле задержки выключения ORT 2 конт. 230В AC IEK ORT-B2-AC230V NEW,4.39191409320616e-08,0.0,0.0,0.0,0.0,,4.39191409320616e-08,1,4.39191409320616e-08,0.9999999560808591,0.0,HIGH,CRITICAL,STABLE,4.0,True,False,True,Прогноз спроса: 0 шт. Свободный остаток: 0 шт. В пути: 0 шт. Страховой запас: 0 шт. Есть сигнал предыдущего stockout.
IEK,280100437_,Заглушка КМЗ 25х16 черный ЭЛЕКОР IEK (4шт/компл)  ,1.1988292843216244e-05,0.0,0.0,0.0,0.0,,1.1988292843216244e-05,1,1.1988292843216244e-05,0.9999880117071568,0.0,HIGH,CRITICAL,STABLE,4.0,True,False,True,Прогноз спроса: 0 шт. Свободный остаток: 0 шт. В пути: 0 шт. Страховой запас: 0 шт. Есть сигнал предыдущего stockout.
IEK,250600186_,ЩРВ-П 36 модулей встр. пластик IP41 GENERICA (5),0.00733659975152397,0.0,0.0,0.0,0.0,,0.00733659975152397,1,0.00733659975152397,0.992663400248476,0.0,HIGH,CRITICAL,STABLE,1.653333333333333,True,False,True,Прогноз спроса: 0 шт. Свободный остаток: 0 шт. В пути: 0 шт. Страховой запас: 0 шт. Есть сигнал предыдущего stockout.
IEK,280300078_,Поворот 90º 100х200 IEK!!!,5.877533945264264e-06,0.0,0.0,0.0,2.938766972632132e-06,,8.816300917896397e-06,1,5.877533945264264e-06,0.9999941224660548,0.0,HIGH,CRITICAL,STABLE,0.25,True,False,True,Прогноз спроса: 0 шт. Свободный остаток: 0 шт. В пути: 0 шт. Страховой запас: 0 шт. Есть сигнал предыдущего stockout.
IEK,250600185_,ЩРВ-П 24 модуля встр. пластик IP41 GENERICA (10),0.35780579978383426,0.0,0.0,0.0,1.7085531327904055e-07,,0.35780597063914754,1,0.35780579978383426,0.6421942002161658,0.0,HIGH,CRITICAL,STABLE,1.4686971235194584,True,False,True,Прогноз спроса: 0 шт. Свободный остаток: 0 шт. В пути: 0 шт. Страховой запас: 0 шт. Есть сигнал предыдущего stockout.
IEK,250600252_,Корпус пластиковый ЩРВ-П-8 IP41 черный KREPTA 3 ИЭК,1.2492641526791087e-07,0.0,0.0,0.0,0.0,,1.2492641526791087e-07,1,1.2492641526791087e-07,0.9999998750735848,0.0,HIGH,CRITICAL,STABLE,4.0,True,False,True,Прогноз спроса: 0 шт. Свободный остаток: 0 шт. В пути: 0 шт. Страховой запас: 0 шт. Есть сигнал предыдущего stockout.
IEK,280100439_,Заглушка КМЗ 60х40 черный ЭЛЕКОР IEK (4шт/компл)  ,4.85824988935365e-06,0.0,0.0,0.0,0.0,,4.85824988935365e-06,1,4.85824988935365e-06,0.9999951417501106,0.0,HIGH,CRITICAL,STABLE,0.25,True,False,True,Прогноз спроса: 0 шт. Свободный остаток: 0 шт. В пути: 0 шт. Страховой запас: 0 шт. Есть сигнал предыдущего stockout.
IEK,130600227_,Реле задержки выключения ORT 2 конт. 12-240В AC/DC IEK ORT-B2-ACDC12-240V NEW,4.39191409320616e-08,0.0,0.0,0.0,0.0,,4.39191409320616e-08,1,4.39191409320616e-08,0.9999999560808591,0.0,HIGH,CRITICAL,STABLE,4.0,True,False,True,Прогноз спроса: 0 шт. Свободный остаток: 0 шт. В пути: 0 шт. Страховой запас: 0 шт. Есть сигнал предыдущего stockout.
IEK,ст-9953405,Тепловое реле РТИ-5375 (120-150А) IEK (100),3.156892299944716e-05,0.0,0.0,0.0,1.578446149972358e-05,,4.7353384499170735e-05,1,3.156892299944716e-05,0.9999684310770005,0.0,HIGH,CRITICAL,DECLINING,0.25,True,False,True,Прогноз спроса: 0 шт. Свободный остаток: 0 шт. В пути: 0 шт. Страховой запас: 0 шт. Есть сигнал предыдущего stockout. Наблюдается снижение спроса.
IEK,010700071_,ВА47-29 (3ф) 40А IEK (4/48) В !!!,0.5208438654108365,0.0,0.0,0.0,0.26042193270541825,,0.7812657981162547,1,0.5208438654108365,0.4791561345891635,0.0,HIGH,CRITICAL,STABLE,1.55,False,False,True,Прогноз спроса: 1 шт. Свободный остаток: 0 шт. В пути: 0 шт. Страховой запас: 0 шт.
IEK,ст-9951480, Контактор КМИп-10910 09А 24В/АС3 1НО IEK !!!,7.427494269756561e-05,0.0,0.0,0.0,3.7137471348782806e-05,,0.00011141241404634842,1,7.427494269756561e-05,0.9999257250573025,0.0,HIGH,CRITICAL,STABLE,0.25,True,False,True,Прогноз спроса: 0 шт. Свободный остаток: 0 шт. В пути: 0 шт. Страховой запас: 0 шт. Есть сигнал предыдущего stockout.
IEK,251400137_,ЩРН-П 12 прозр. дверь IP40 KREPTA 5 IEK,4.7349162963164126e-06,0.0,0.0,0.0,0.0,,4.7349162963164126e-06,1,4.7349162963164126e-06,0.9999952650837037,0.0,HIGH,CRITICAL,STABLE,4.0,True,False,True,Прогноз спроса: 0 шт. Свободный остаток: 0 шт. В пути: 0 шт. Страховой запас: 0 шт. Есть сигнал предыдущего stockout.
IEK,130600217_,Реле промежут. OIR 2 конт. 8А 230В AC IEK OIR-208-AC230V NEW,5.108039479323547e-06,0.0,0.0,0.0,0.0,1.0,5.108039479323547e-06,1,5.108039479323547e-06,0.9999948919605207,0.0,HIGH,CRITICAL,STABLE,0.25,True,False,True,Прогноз спроса: 0 шт. Свободный остаток: 0 шт. В пути: 0 шт. Страховой запас: 0 шт. MOQ: 1 шт. Есть сигнал предыдущего stockout.
IEK,251400138_,ЩРН-П 24 прозр. дверь IP40 KREPTA 5 IEK,6.55034660380804e-05,0.0,0.0,0.0,0.0,,6.55034660380804e-05,1,6.55034660380804e-05,0.9999344965339619,0.0,HIGH,CRITICAL,STABLE,3.1,True,False,True,Прогноз спроса: 0 шт. Свободный остаток: 0 шт. В пути: 0 шт. Страховой запас: 0 шт. Есть сигнал предыдущего stockout.
IEK,130600213_,Реле общ. назнач. OGR-2 4C 220В AC ONI OGR-2-4C-AC220V NEW,0.0006804539461839298,0.0,0.0,0.0,0.0003402269730919649,,0.0010206809192758947,1,0.0006804539461839298,0.9993195460538161,0.0,HIGH,CRITICAL,STABLE,0.3974358974358974,True,False,True,Прогноз спроса: 0 шт. Свободный остаток: 0 шт. В пути: 0 шт. Страховой запас: 0 шт. Есть сигнал предыдущего stockout.
IEK,130600214_,Реле общ. назнач. OGR-2 2C 24В DC ONI OGR-2-2C-DC24V NEW,0.0009568607295514825,0.0,0.0,0.0,0.00047843036477574125,,0.0014352910943272238,1,0.0009568607295514825,0.9990431392704485,0.0,HIGH,CRITICAL,STABLE,0.25,True,False,True,Прогноз спроса: 0 шт. Свободный остаток: 0 шт. В пути: 0 шт. Страховой запас: 0 шт. Есть сигнал предыдущего stockout.
IEK,130500002_,Изолятор SM30 IEK (10),0.02102310476528537,0.0,0.0,0.0,0.0,,0.02102310476528537,1,0.02102310476528537,0.9789768952347147,0.0,HIGH,CRITICAL,STABLE,0.5434056761268781,True,False,True,Прогноз спроса: 0 шт. Свободный остаток: 0 шт. В пути: 0 шт. Страховой запас: 0 шт. Есть сигнал предыдущего stockout.
IEK,010800051_,Расцепитель независимый РМ-125/160 (PH-32/33) IEK (20/480) !!!,0.018096632737275513,0.0,0.0,0.0,0.009048316368637756,,0.02714494910591327,1,0.018096632737275513,0.9819033672627245,0.0,HIGH,CRITICAL,STABLE,0.25,True,False,True,Прогноз спроса: 0 шт. Свободный остаток: 0 шт. В пути: 0 шт. Страховой запас: 0 шт. Есть сигнал предыдущего stockout.
IEK,130500005_,Изолятор SM76 IEK (10),0.001281984710243561,0.0,0.0,0.0,0.0006409923551217805,,0.0019229770653653414,1,0.001281984710243561,0.9987180152897565,0.0,HIGH,CRITICAL,STABLE,0.25,True,False,True,Прогноз спроса: 0 шт. Свободный остаток: 0 шт. В пути: 0 шт. Страховой запас: 0 шт. Есть сигнал предыдущего stockout.
IEK,010800052_,Расцепитель независимый РН-250/400  ( РН-35/37 ) IEK !!!,0.03794893580119175,0.0,0.0,0.0,0.0,,0.03794893580119175,1,0.03794893580119175,0.9620510641988083,0.0,HIGH,CRITICAL,STABLE,0.25,True,False,True,Прогноз спроса: 0 шт. Свободный остаток: 0 шт. В пути: 0 шт. Страховой запас: 0 шт. Есть сигнал предыдущего stockout.
IEK,ярп40269,LED ДБА ВЫХОД 24В 301х101х20 IP52 IEK !!!,4.893559011032804e-06,0.0,0.0,0.0,0.0,,4.893559011032804e-06,1,4.893559011032804e-06,0.999995106440989,0.0,HIGH,CRITICAL,STABLE,0.25,True,False,True,Прогноз спроса: 0 шт. Свободный остаток: 0 шт. В пути: 0 шт. Страховой запас: 0 шт. Есть сигнал предыдущего stockout.
IEK,щщщ0116157, Ящик  ЯТП(укп) 220/36-3 IEK  (1),4.425475168907208e-06,0.0,0.0,0.0,0.0,,4.425475168907208e-06,1,4.425475168907208e-06,0.9999955745248311,0.0,HIGH,CRITICAL,STABLE,0.25,True,False,True,Прогноз спроса: 0 шт. Свободный остаток: 0 шт. В пути: 0 шт. Страховой запас: 0 шт. Есть сигнал предыдущего stockout.
IEK,130500010_, Сальник PG 16 (9-13мм) IEK (20),0.09068812415434853,0.0,0.0,0.0,0.045344062077174264,,0.1360321862315228,1,0.09068812415434853,0.9093118758456514,0.0,HIGH,CRITICAL,STABLE,1.2567567567567568,False,False,True,Прогноз спроса: 0 шт. Свободный остаток: 0 шт. В пути: 0 шт. Страховой запас: 0 шт.
IEK,130500015_, Сальник PG 48 (36-44мм) IEK (20),5.251634076059683e-06,0.0,0.0,0.0,0.0,,5.251634076059683e-06,1,5.251634076059683e-06,0.999994748365924,0.0,HIGH,CRITICAL,STABLE,0.25,True,False,True,Прогноз спроса: 0 шт. Свободный остаток: 0 шт. В пути: 0 шт. Страховой запас: 0 шт. Есть сигнал предыдущего stockout.
IEK,ярп40222,ВА 88-32 (3ф)  63А  690В MASTER IEK!!!,5.699478170514532e-06,0.0,0.0,0.0,0.0,,5.699478170514532e-06,1,5.699478170514532e-06,0.9999943005218295,0.0,HIGH,CRITICAL,STABLE,3.444444444444444,True,False,True,Прогноз спроса: 0 шт. Свободный остаток: 0 шт. В пути: 0 шт. Страховой запас: 0 шт. Есть сигнал предыдущего stockout.
IEK,130500013_, Сальник PG 36 (24-32мм) IEK (20),5.03888532547888e-06,0.0,0.0,0.0,0.0,,5.03888532547888e-06,1,5.03888532547888e-06,0.9999949611146746,0.0,HIGH,CRITICAL,STABLE,0.25,True,False,True,Прогноз спроса: 0 шт. Свободный остаток: 0 шт. В пути: 0 шт. Страховой запас: 0 шт. Есть сигнал предыдущего stockout.
IEK,120100079_,  Пускатель ПРК32 2.5 In=2.5А Ir=1.6-2.5A Ue 660В IEK  (50) !!!,4.39191409320616e-08,0.0,0.0,0.0,0.0,,4.39191409320616e-08,1,4.39191409320616e-08,0.9999999560808591,0.0,HIGH,CRITICAL,STABLE,4.0,True,False,True,Прогноз спроса: 0 шт. Свободный остаток: 0 шт. В пути: 0 шт. Страховой запас: 0 шт. Есть сигнал предыдущего stockout.
IEK,251400075_,ЩРВ  24 (1х24мод) 505х365х130 IP31 TITAN 5 IEK,0.035747589097499415,0.0,0.0,0.0,0.017873794548749707,1.0,0.05362138364624912,1,0.035747589097499415,0.9642524109025006,0.0,HIGH,CRITICAL,STABLE,0.25,False,False,True,Прогноз спроса: 0 шт. Свободный остаток: 0 шт. В пути: 0 шт. Страховой запас: 0 шт. MOQ: 1 шт.
IEK,ярп40227,ВА 88-35 (3ф) 200А 690В MASTER IEK,4.805690567754731e-06,0.0,0.0,0.0,0.0,,4.805690567754731e-06,1,4.805690567754731e-06,0.9999951943094323,0.0,HIGH,CRITICAL,STABLE,0.25,True,False,True,Прогноз спроса: 0 шт. Свободный остаток: 0 шт. В пути: 0 шт. Страховой запас: 0 шт. Есть сигнал предыдущего stockout.
IEK,130500007_, Сальник PG  9 (6-7мм) IEK (20),0.0001111407354914689,0.0,0.0,0.0,0.0,,0.0001111407354914689,1,0.0001111407354914689,0.9998888592645085,0.0,HIGH,CRITICAL,STABLE,0.25,True,False,True,Прогноз спроса: 0 шт. Свободный остаток: 0 шт. В пути: 0 шт. Страховой запас: 0 шт. Есть сигнал предыдущего stockout.
IEK,251400085_,ЩРВ 144 (2х72мод) 1005х625х130 IP31 TITAN 5 IEK,0.1832279683828372,0.0,0.0,0.0,0.0916139841914186,1.0,0.2748419525742558,1,0.1832279683828372,0.8167720316171628,0.0,HIGH,CRITICAL,STABLE,0.25,True,False,True,Прогноз спроса: 0 шт. Свободный остаток: 0 шт. В пути: 0 шт. Страховой запас: 0 шт. MOQ: 1 шт. Есть сигнал предыдущего stockout.
IEK,130500006_, Сальник PG  7 (5-6мм) IEK (20),4.886739082843785e-06,0.0,0.0,0.0,0.0,,4.886739082843785e-06,1,4.886739082843785e-06,0.9999951132609172,0.0,HIGH,CRITICAL,STABLE,0.25,True,False,True,Прогноз спроса: 0 шт. Свободный остаток: 0 шт. В пути: 0 шт. Страховой запас: 0 шт. Есть сигнал предыдущего stockout.
IEK,130500009_," Сальник PG 13,5 (7-11мм) IEK (20)",4.964386378772039e-06,0.0,0.0,0.0,0.0,,4.964386378772039e-06,1,4.964386378772039e-06,0.9999950356136212,0.0,HIGH,CRITICAL,STABLE,0.25,True,False,True,Прогноз спроса: 0 шт. Свободный остаток: 0 шт. В пути: 0 шт. Страховой запас: 0 шт. Есть сигнал предыдущего stockout.
IEK,011100069_,Стабилизатор СНИ 20 кВА (3ф) IEK (1),2.7918500936473797e-06,0.0,0.0,0.0,1.3959250468236898e-06,,4.18777514047107e-06,1,2.7918500936473797e-06,0.9999972081499063,0.0,HIGH,CRITICAL,DECLINING,0.25,True,False,True,Прогноз спроса: 0 шт. Свободный остаток: 0 шт. В пути: 0 шт. Страховой запас: 0 шт. Есть сигнал предыдущего stockout. Наблюдается снижение спроса.
IEK,011100068_,Стабилизатор СНИ 15 кВА (3ф) IEK (1),0.061625076235334066,0.0,0.0,0.0,0.030812538117667033,,0.0924376143530011,1,0.061625076235334066,0.9383749237646659,0.0,HIGH,CRITICAL,STABLE,0.8857142857142857,True,False,True,Прогноз спроса: 0 шт. Свободный остаток: 0 шт. В пути: 0 шт. Страховой запас: 0 шт. Есть сигнал предыдущего stockout.
IEK,030200872_,"Роз 2-ая комп. RJ45 кат.5E б/рамки ""BRITE"" жемчуг (1/100)",0.22649445748586927,0.0,0.0,0.0,0.11324722874293464,1.0,0.3397416862288039,1,0.22649445748586927,0.7735055425141307,0.0,HIGH,CRITICAL,STABLE,0.25,True,False,True,Прогноз спроса: 0 шт. Свободный остаток: 0 шт. В пути: 0 шт. Страховой запас: 0 шт. MOQ: 1 шт. Есть сигнал предыдущего stockout.
IEK,130600123_,Реле времени ORT 2 конт. 2 уст. 230В AC IEK ORT-2T-AC230V NEW,5.084138812811818e-08,0.0,0.0,0.0,0.0,,5.084138812811818e-08,1,5.084138812811818e-08,0.9999999491586119,0.0,HIGH,CRITICAL,STABLE,4.0,True,False,True,Прогноз спроса: 0 шт. Свободный остаток: 0 шт. В пути: 0 шт. Страховой запас: 0 шт. Есть сигнал предыдущего stockout.
IEK,130600124_,Реле времени ORT 2 конт. 2 уст. 12-240В AC/DC IEK  ORT-2T-ACDC12-240V NEW,0.018479681747296077,0.0,0.0,0.0,0.0,1.0,0.018479681747296077,1,0.018479681747296077,0.9815203182527039,0.0,HIGH,CRITICAL,STABLE,1.878787878787879,True,False,True,Прогноз спроса: 0 шт. Свободный остаток: 0 шт. В пути: 0 шт. Страховой запас: 0 шт. MOQ: 1 шт. Есть сигнал предыдущего stockout.
IEK,щт-0001952,Ящик управления ЯУ 7,0.00022037400311975135,0.0,0.0,0.0,0.00011018700155987568,,0.000330561004679627,1,0.00022037400311975135,0.9997796259968802,0.0,HIGH,CRITICAL,STABLE,0.25,True,False,True,Прогноз спроса: 0 шт. Свободный остаток: 0 шт. В пути: 0 шт. Страховой запас: 0 шт. Есть сигнал предыдущего stockout.
IEK,120100220_,Контактор КМ 40-11 АС IEK (6/90) ,5.044862290835761e-05,0.0,0.0,0.0,0.0,,5.044862290835761e-05,1,5.044862290835761e-05,0.9999495513770916,0.0,HIGH,CRITICAL,STABLE,0.25,True,False,True,Прогноз спроса: 0 шт. Свободный остаток: 0 шт. В пути: 0 шт. Страховой запас: 0 шт. Есть сигнал предыдущего stockout.
IEK,130600060_,Разъем РРМ78/3(PYF11A) для РЭК78/3(MY3) модульный IEK E-PRO,0.1821410668929448,0.0,0.0,0.0,0.0910705334464724,,0.27321160033941716,1,0.1821410668929448,0.8178589331070552,0.0,HIGH,CRITICAL,STABLE,0.5344827586206897,True,False,True,Прогноз спроса: 0 шт. Свободный остаток: 0 шт. В пути: 0 шт. Страховой запас: 0 шт. Есть сигнал предыдущего stockout.
IEK,ярп40271,LED ДБА ВЫХОД 220В 301х101х20 (батарея на 10 часов) IP52 IEK !,2.510289043982493e-07,0.0,0.0,0.0,0.0,,2.510289043982493e-07,1,2.510289043982493e-07,0.9999997489710956,0.0,HIGH,CRITICAL,STABLE,4.0,True,False,True,Прогноз спроса: 0 шт. Свободный остаток: 0 шт. В пути: 0 шт. Страховой запас: 0 шт. Есть сигнал предыдущего stockout.
IEK,130600076_,"Тепловое реле РТИ-1302 (0,16-0,25А) IEK !!!",5.675857944425526e-06,0.0,0.0,0.0,0.0,,5.675857944425526e-06,1,5.675857944425526e-06,0.9999943241420556,0.0,HIGH,CRITICAL,STABLE,4.0,True,False,True,Прогноз спроса: 0 шт. Свободный остаток: 0 шт. В пути: 0 шт. Страховой запас: 0 шт. Есть сигнал предыдущего stockout.
IEK,130600077_,"Тепловое реле РТИ-1303 (0,25-0,4А) IEK !!!",0.0007551587870457519,0.0,0.0,0.0,0.00037757939352287597,,0.0011327381805686279,1,0.0007551587870457519,0.9992448412129542,0.0,HIGH,CRITICAL,DECLINING,4.0,True,False,True,Прогноз спроса: 0 шт. Свободный остаток: 0 шт. В пути: 0 шт. Страховой запас: 0 шт. Есть сигнал предыдущего stockout. Наблюдается снижение спроса.
IEK,010800258_,ВА 88-35 (3ф) 160А  690В MASTER IEK!!!,0.0006466136186078149,0.0,0.0,0.0,0.00032330680930390746,,0.0009699204279117223,1,0.0006466136186078149,0.9993533863813922,0.0,HIGH,CRITICAL,STABLE,0.25,True,False,True,Прогноз спроса: 0 шт. Свободный остаток: 0 шт. В пути: 0 шт. Страховой запас: 0 шт. Есть сигнал предыдущего stockout.
IEK,150101103_, ТУТ 30/15 синяя IEK (50),0.00871892407723593,0.0,0.0,0.0,0.0,,0.00871892407723593,1,0.00871892407723593,0.991281075922764,0.0,HIGH,CRITICAL,STABLE,3.206896551724138,True,False,True,Прогноз спроса: 0 шт. Свободный остаток: 0 шт. В пути: 0 шт. Страховой запас: 0 шт. Есть сигнал предыдущего stockout.
IEK,FP-V13-0-10-1-K03,FORTE&PIANO Выключатель 1-клавишный перекрестный 10А FP312 серый IEK,5.911142131948525e-05,0.0,0.0,0.0,0.0,,5.911142131948525e-05,1,5.911142131948525e-05,0.9999408885786805,0.0,HIGH,CRITICAL,STABLE,0.25,True,False,True,Прогноз спроса: 0 шт. Свободный остаток: 0 шт. В пути: 0 шт. Страховой запас: 0 шт. Есть сигнал предыдущего stockout.
IEK,130301081_,Амперметр Э47 150/5А 96х96 IEK,4.590749788277298e-06,0.0,0.0,0.0,0.0,,4.590749788277298e-06,1,4.590749788277298e-06,0.9999954092502117,0.0,HIGH,CRITICAL,STABLE,0.25,True,False,True,Прогноз спроса: 0 шт. Свободный остаток: 0 шт. В пути: 0 шт. Страховой запас: 0 шт. Есть сигнал предыдущего stockout.
IEK,FP-V20-0-10-1-K03,FORTE&PIANO Выключатель 2-клавишный 10А FP305 серый IEK,5.911142131948525e-05,0.0,0.0,0.0,0.0,,5.911142131948525e-05,1,5.911142131948525e-05,0.9999408885786805,0.0,HIGH,CRITICAL,STABLE,0.25,True,False,True,Прогноз спроса: 0 шт. Свободный остаток: 0 шт. В пути: 0 шт. Страховой запас: 0 шт. Есть сигнал предыдущего stockout.
IEK,150101177_,Светильник уличный LED 5103 наст. 10Вт 4000К IP54 черный IEK,4.8221843861183314e-06,0.0,0.0,0.0,0.0,1.0,4.8221843861183314e-06,1,4.8221843861183314e-06,0.9999951778156139,0.0,HIGH,CRITICAL,STABLE,0.25,True,False,True,Прогноз спроса: 0 шт. Свободный остаток: 0 шт. В пути: 0 шт. Страховой запас: 0 шт. MOQ: 1 шт. Есть сигнал предыдущего stockout.
IEK,FP-K10-2-K03,FORTE&PIANO Розетка компьютерная RJ45 кат.6 FP331 серый IEK,4.86700783252609e-06,0.0,0.0,0.0,0.0,,4.86700783252609e-06,1,4.86700783252609e-06,0.9999951329921675,0.0,HIGH,CRITICAL,STABLE,0.25,True,False,True,Прогноз спроса: 0 шт. Свободный остаток: 0 шт. В пути: 0 шт. Страховой запас: 0 шт. Есть сигнал предыдущего stockout.
IEK,130200421_,Тонкогубцы 200мм K4 ARMA2L 5 IEK (1),0.12410409544898224,0.0,0.0,0.0,0.06205204772449112,1.0,0.18615614317347334,1,0.12410409544898224,0.8758959045510177,0.0,HIGH,CRITICAL,STABLE,1.0,True,False,True,Прогноз спроса: 0 шт. Свободный остаток: 0 шт. В пути: 0 шт. Страховой запас: 0 шт. MOQ: 1 шт. Есть сигнал предыдущего stockout.
IEK,280300590_,ЩМП- 1 IP 31 (395х310х220) GENERICA,0.11817000231361309,0.0,0.0,0.0,0.0,,0.11817000231361309,1,0.11817000231361309,0.8818299976863869,0.0,HIGH,CRITICAL,STABLE,0.25,True,False,True,Прогноз спроса: 0 шт. Свободный остаток: 0 шт. В пути: 0 шт. Страховой запас: 0 шт. Есть сигнал предыдущего stockout.
IEK,280300354_, 3 КВтп  10х70/120-02 IEK!!!,4.798831796183695e-06,0.0,0.0,0.0,0.0,,4.798831796183695e-06,1,4.798831796183695e-06,0.9999952011682038,0.0,HIGH,CRITICAL,STABLE,0.25,True,False,True,Прогноз спроса: 0 шт. Свободный остаток: 0 шт. В пути: 0 шт. Страховой запас: 0 шт. Есть сигнал предыдущего stockout.
IEK,270300113_,"Трансформатор тока ТТИ-А  300/5А  5ВА  класс 0,5 IEK (36) !!!",0.095844577653646,0.0,0.0,0.0,0.0,,0.095844577653646,1,0.095844577653646,0.904155422346354,0.0,HIGH,CRITICAL,STABLE,0.25,True,False,True,Прогноз спроса: 0 шт. Свободный остаток: 0 шт. В пути: 0 шт. Страховой запас: 0 шт. Есть сигнал предыдущего stockout.
IEK,130301258_,Автоматический стриппер  PROFI СИ-6м IEK,0.021990766398220427,0.0,0.0,0.0,0.0,1.0,0.021990766398220427,1,0.021990766398220427,0.9780092336017796,0.0,HIGH,CRITICAL,STABLE,0.4078947368421052,True,False,True,Прогноз спроса: 0 шт. Свободный остаток: 0 шт. В пути: 0 шт. Страховой запас: 0 шт. MOQ: 1 шт. Есть сигнал предыдущего stockout.
IEK,270300134_," Переключатель кулачковый ПКП25-33 /О 25А""1-0-2""3Р/400В  IEK",0.13138138350866746,0.0,0.0,0.0,0.0,,0.13138138350866746,1,0.13138138350866746,0.8686186164913325,0.0,HIGH,CRITICAL,STABLE,0.25,True,False,True,Прогноз спроса: 0 шт. Свободный остаток: 0 шт. В пути: 0 шт. Страховой запас: 0 шт. Есть сигнал предыдущего stockout.
IEK,010500030_,Выкл. нагрузки ВН-32 (2ф)  40А IEK (120) !!!,4.715893712904668e-06,0.0,0.0,0.0,0.0,,4.715893712904668e-06,1,4.715893712904668e-06,0.9999952841062871,0.0,HIGH,CRITICAL,STABLE,0.25,True,False,True,Прогноз спроса: 0 шт. Свободный остаток: 0 шт. В пути: 0 шт. Страховой запас: 0 шт. Есть сигнал предыдущего stockout.
IEK,010500029_,Выкл. нагрузки ВН-32 (2ф)  32А IEK (120) !!!,0.015307997070593868,0.0,0.0,0.0,0.0,,0.015307997070593868,1,0.015307997070593868,0.9846920029294062,0.0,HIGH,CRITICAL,STABLE,3.647058823529412,True,False,True,Прогноз спроса: 0 шт. Свободный остаток: 0 шт. В пути: 0 шт. Страховой запас: 0 шт. Есть сигнал предыдущего stockout.
IEK,081100289_,"LED R50 ""ECO"" 5w 230v 4000K E14 IEK (1) ",5.342815286443624e-06,0.0,0.0,0.0,0.0,,5.342815286443624e-06,1,5.342815286443624e-06,0.9999946571847136,0.0,HIGH,CRITICAL,STABLE,0.25,True,False,True,Прогноз спроса: 0 шт. Свободный остаток: 0 шт. В пути: 0 шт. Страховой запас: 0 шт. Есть сигнал предыдущего stockout.
IEK,150101197_,Светильник уличный 5221 настенный 2хGU10 IP65 белый IEK,5.004871468642853e-06,0.0,0.0,0.0,0.0,1.0,5.004871468642853e-06,1,5.004871468642853e-06,0.9999949951285314,0.0,HIGH,CRITICAL,STABLE,0.25,True,False,True,Прогноз спроса: 0 шт. Свободный остаток: 0 шт. В пути: 0 шт. Страховой запас: 0 шт. MOQ: 1 шт. Есть сигнал предыдущего stockout.
IEK,280100362_,Соединитель на стык КМС 25х16 дуб ЭЛЕКОР IEK (4шт/компл),9.464992564374916e-05,0.0,0.0,0.0,4.732496282187458e-05,,0.00014197488846562372,1,9.464992564374916e-05,0.9999053500743562,0.0,HIGH,CRITICAL,STABLE,0.25,True,False,True,Прогноз спроса: 0 шт. Свободный остаток: 0 шт. В пути: 0 шт. Страховой запас: 0 шт. Есть сигнал предыдущего stockout.
IEK,150100855_, ТУТ 20/10 красная IEK (100),0.004583839939029232,0.0,0.0,0.0,0.0,,0.004583839939029232,1,0.004583839939029232,0.9954161600609708,0.0,HIGH,CRITICAL,STABLE,1.4307692307692308,True,False,True,Прогноз спроса: 0 шт. Свободный остаток: 0 шт. В пути: 0 шт. Страховой запас: 0 шт. Есть сигнал предыдущего stockout.
IEK,280300592_,ЩМП- 3 IP 31 (650х500х220) GENERICA,0.021550534543173572,0.0,0.0,0.0,0.0,,0.021550534543173572,1,0.021550534543173572,0.9784494654568264,0.0,HIGH,CRITICAL,STABLE,0.9434782608695652,True,False,True,Прогноз спроса: 0 шт. Свободный остаток: 0 шт. В пути: 0 шт. Страховой запас: 0 шт. Есть сигнал предыдущего stockout.
IEK,WYP53-16-05-03-ZK,"Удлинитель У05В 5 мест 2P+PE/3м 3х1,5мм2 16А/250В UNO IEK E-PRO",5.045001648929421e-05,0.0,0.0,0.0,0.0,,5.045001648929421e-05,1,5.045001648929421e-05,0.9999495499835107,0.0,HIGH,CRITICAL,STABLE,0.25,True,False,True,Прогноз спроса: 0 шт. Свободный остаток: 0 шт. В пути: 0 шт. Страховой запас: 0 шт. Есть сигнал предыдущего stockout.
IEK,130600261_,Блок питания OPS 220В AC/24В DC 30Вт ONI OPS-DC24-030B NEW,0.2485124960053455,0.0,0.0,0.0,0.12425624800267275,,0.37276874400801824,1,0.2485124960053455,0.7514875039946545,0.0,HIGH,CRITICAL,GROWING,0.25,False,False,True,Прогноз спроса: 0 шт. Свободный остаток: 0 шт. В пути: 0 шт. Страховой запас: 0 шт. Наблюдается рост спроса.
IEK,130600256_,"Преобраз. частоты A150 380В 3Ф  2,2кВт 6А встр. торм ONI A150-33-22NT NEW (12) NEW",0.01690808682816869,0.0,0.0,0.0,0.008454043414084345,,0.025362130242253034,1,0.01690808682816869,0.9830919131718313,0.0,HIGH,CRITICAL,STABLE,2.0217391304347827,True,False,True,Прогноз спроса: 0 шт. Свободный остаток: 0 шт. В пути: 0 шт. Страховой запас: 0 шт. Есть сигнал предыдущего stockout.
IEK,010500147_,ВА47-29 (2ф)  10А GENERICA (6/72) !!!,5.255075204985043e-06,0.0,0.0,0.0,0.0,,5.255075204985043e-06,1,5.255075204985043e-06,0.999994744924795,0.0,HIGH,CRITICAL,STABLE,0.25,True,False,True,Прогноз спроса: 0 шт. Свободный остаток: 0 шт. В пути: 0 шт. Страховой запас: 0 шт. Есть сигнал предыдущего stockout.
IEK,250600116_,ЩРН-П  9 PRIME IEK (20) !!!,0.0015710350692443662,0.0,0.0,0.0,0.0007855175346221831,,0.0023565526038665493,1,0.0015710350692443662,0.9984289649307556,0.0,HIGH,CRITICAL,DECLINING,0.25,True,False,True,Прогноз спроса: 0 шт. Свободный остаток: 0 шт. В пути: 0 шт. Страховой запас: 0 шт. Есть сигнал предыдущего stockout. Наблюдается снижение спроса.
IEK,280100433_,Угол внутренний КМВ 100х60 черный ЭЛЕКОР IEK (2шт/компл) ,0.02342611405693995,0.0,0.0,0.0,0.011713057028469975,,0.035139171085409926,1,0.02342611405693995,0.97657388594306,0.0,HIGH,CRITICAL,DECLINING,0.25,True,False,True,Прогноз спроса: 0 шт. Свободный остаток: 0 шт. В пути: 0 шт. Страховой запас: 0 шт. Есть сигнал предыдущего stockout. Наблюдается снижение спроса.
IEK,280100435_,Заглушка КМЗ 16х16 черный ЭЛЕКОР IEK (4шт/компл)  ,6.320814291214371e-08,0.0,0.0,0.0,0.0,,6.320814291214371e-08,1,6.320814291214371e-08,0.9999999367918571,0.0,HIGH,CRITICAL,STABLE,4.0,True,False,True,Прогноз спроса: 0 шт. Свободный остаток: 0 шт. В пути: 0 шт. Страховой запас: 0 шт. Есть сигнал предыдущего stockout.
IEK,250600184_,ЩРВ-П 18 модулей встр. пластик IP41 GENERICA (10),0.05347091106848645,0.0,0.0,0.0,0.0,,0.05347091106848645,1,0.05347091106848645,0.9465290889315136,0.0,HIGH,CRITICAL,STABLE,2.265247410817031,True,False,True,Прогноз спроса: 0 шт. Свободный остаток: 0 шт. В пути: 0 шт. Страховой запас: 0 шт. Есть сигнал предыдущего stockout.
IEK,130600234_,Реле задержки включения ORT 1 конт. 230В AC IEK ORT-A1-AC230V NEW,4.39191409320616e-08,0.0,0.0,0.0,0.0,,4.39191409320616e-08,1,4.39191409320616e-08,0.9999999560808591,0.0,HIGH,CRITICAL,STABLE,4.0,True,False,True,Прогноз спроса: 0 шт. Свободный остаток: 0 шт. В пути: 0 шт. Страховой запас: 0 шт. Есть сигнал предыдущего stockout.
IEK,130600236_,"Преобр. давл. PPT10 0,5% 0-16Бар 0-10В G1/2 DIN43650 ONI PPT-G-ST-016-0-10-2-2 NEW",6.865626555436016e-05,0.0,0.0,0.0,0.0,,6.865626555436016e-05,1,6.865626555436016e-05,0.9999313437344456,0.0,HIGH,CRITICAL,STABLE,0.25,True,False,True,Прогноз спроса: 0 шт. Свободный остаток: 0 шт. В пути: 0 шт. Страховой запас: 0 шт. Есть сигнал предыдущего stockout.
IEK,250600179_,ЩРН-П 36 модулей навесн. пластик IP41 GENERICA (5),0.07922683688977153,0.0,0.0,0.0,0.039613418444885765,,0.1188402553346573,1,0.07922683688977153,0.9207731631102285,0.0,HIGH,CRITICAL,STABLE,0.8985507246376812,True,False,True,Прогноз спроса: 0 шт. Свободный остаток: 0 шт. В пути: 0 шт. Страховой запас: 0 шт. Есть сигнал предыдущего stockout.
IEK,250600176_,ЩРН-П 12 модулей навесн. пластик IP41 GENERICA (10),0.00937424293893328,0.0,0.0,0.0,0.00468712146946664,,0.01406136440839992,1,0.00937424293893328,0.9906257570610667,0.0,HIGH,CRITICAL,DECLINING,0.9239465570400822,True,False,True,Прогноз спроса: 0 шт. Свободный остаток: 0 шт. В пути: 0 шт. Страховой запас: 0 шт. Есть сигнал предыдущего stockout. Наблюдается снижение спроса.
IEK,081100757_,Светильник настол. 1005 с кармашком Е27 черный IEK,1.5922342054317611e-07,0.0,0.0,0.0,0.0,,1.5922342054317611e-07,1,1.5922342054317611e-07,0.9999998407765794,0.0,HIGH,CRITICAL,STABLE,0.2818181818181818,True,False,True,Прогноз спроса: 0 шт. Свободный остаток: 0 шт. В пути: 0 шт. Страховой запас: 0 шт. Есть сигнал предыдущего stockout.
IEK,130600255_,"Преобраз. частоты A150 380В 3Ф  3,7кВт 10А встр. торм ONI A150-33-37NT NEW(12) NEW",0.06128625446070965,0.0,0.0,0.0,0.0,,0.06128625446070965,1,0.06128625446070965,0.9387137455392903,0.0,HIGH,CRITICAL,STABLE,0.4696969696969697,True,False,True,Прогноз спроса: 0 шт. Свободный остаток: 0 шт. В пути: 0 шт. Страховой запас: 0 шт. Есть сигнал предыдущего stockout.
IEK,010500187_,ВА47-29 (2ф)  3А  IEK (6/72) E-PRO,3.425922486229296e-06,0.0,0.0,0.0,0.0,,3.425922486229296e-06,1,3.425922486229296e-06,0.9999965740775137,0.0,HIGH,CRITICAL,STABLE,0.25,True,False,True,Прогноз спроса: 0 шт. Свободный остаток: 0 шт. В пути: 0 шт. Страховой запас: 0 шт. Есть сигнал предыдущего stockout.
IEK,250600178_,ЩРН-П 24 модуля навесн. пластик IP41 GENERICA (10),0.3628179094155489,0.0,0.0,0.0,0.18140895470777446,,0.5442268641233234,1,0.3628179094155489,0.6371820905844511,0.0,HIGH,CRITICAL,DECLINING,1.029296875,True,False,True,Прогноз спроса: 0 шт. Свободный остаток: 0 шт. В пути: 0 шт. Страховой запас: 0 шт. Есть сигнал предыдущего stockout. Наблюдается снижение спроса.
IEK,280300236_,I32 Роз з/к о/у серый IP54 ФОРС IEK РСб20-3-ФСр (10/100),0.6576855337901787,0.0,0.0,0.0,0.14288690166235204,,0.8005724354525308,1,0.6576855337901787,0.3423144662098213,0.0,HIGH,CRITICAL,STABLE,1.0803698435277382,False,False,True,Прогноз спроса: 1 шт. Свободный остаток: 0 шт. В пути: 0 шт. Страховой запас: 0 шт.
IEK,130200340_,Пассатижи Expert 180мм IEK,1.9496367056506746e-06,0.0,0.0,0.0,0.0,,1.9496367056506746e-06,1,1.9496367056506746e-06,0.9999980503632944,0.0,HIGH,CRITICAL,STABLE,0.25,True,False,True,Прогноз спроса: 0 шт. Свободный остаток: 0 шт. В пути: 0 шт. Страховой запас: 0 шт. Есть сигнал предыдущего stockout.
IEK,280300235_,I31 Выкл 2кл о/у серый IP54 ФОРС IEK ВС20-2-0-ФСр (10/100) ,0.13166432922138752,0.0,0.0,0.0,0.06583216461069376,,0.1974964938320813,1,0.13166432922138752,0.8683356707786125,0.0,HIGH,CRITICAL,STABLE,1.5414364640883975,True,False,True,Прогноз спроса: 0 шт. Свободный остаток: 0 шт. В пути: 0 шт. Страховой запас: 0 шт. Есть сигнал предыдущего stockout.
IEK,150100854_, ТУТ  2/1 черная IEK (1),0.00014955976375896786,0.0,0.0,0.0,0.0,,0.00014955976375896786,1,0.00014955976375896786,0.999850440236241,0.0,HIGH,CRITICAL,STABLE,0.25,True,False,True,Прогноз спроса: 0 шт. Свободный остаток: 0 шт. В пути: 0 шт. Страховой запас: 0 шт. Есть сигнал предыдущего stockout.
IEK,250600058_,ЩМП-6 IP65 GARANT (1200х650х275) IEK,2.6688471407845987e-06,0.0,0.0,0.0,0.0,,2.6688471407845987e-06,1,2.6688471407845987e-06,0.9999973311528593,0.0,HIGH,CRITICAL,STABLE,1.409090909090909,True,False,True,Прогноз спроса: 0 шт. Свободный остаток: 0 шт. В пути: 0 шт. Страховой запас: 0 шт. Есть сигнал предыдущего stockout.
IEK,130200300_,"Датчик движения ДД 026 белый,до 2000 Вт,дальность 6 м IP20 IEK  (50)",0.4871329804226709,0.0,0.0,0.0,0.24356649021133545,1.0,0.7306994706340063,1,0.4871329804226709,0.512867019577329,0.0,HIGH,CRITICAL,DECLINING,0.5898520084566596,True,False,True,Прогноз спроса: 0 шт. Свободный остаток: 0 шт. В пути: 0 шт. Страховой запас: 0 шт. MOQ: 1 шт. Есть сигнал предыдущего stockout. Наблюдается снижение спроса.
Systeme,ATN000532,"ATLASDESIGN РОЗЕТКА 16А c 2 USB A+C, 5В/2,4А/3,0А, 2х5В/1,5А, механизм, ШАМПАНЬ",4.720432863703683e-06,0.0,0.0,0.0,0.0,1.0,4.720432863703683e-06,1,4.720432863703683e-06,0.9999952795671363,0.0,HIGH,CRITICAL,STABLE,0.25,True,False,True,Прогноз спроса: 0 шт. Свободный остаток: 0 шт. В пути: 0 шт. Страховой запас: 0 шт. MOQ: 1 шт. Есть сигнал предыдущего stockout.
Systeme,030200008_,"S232 2кл с/у. 6А IP20 ""Прима"" ВС 56-043-б (96) !!!",0.4762766168328032,0.0,0.0,0.0,0.2381383084164016,1.0,0.7144149252492048,1,0.4762766168328032,0.5237233831671968,0.0,HIGH,CRITICAL,STABLE,0.25,True,False,True,Прогноз спроса: 0 шт. Свободный остаток: 0 шт. В пути: 0 шт. Страховой запас: 0 шт. MOQ: 1 шт. Есть сигнал предыдущего stockout.
IEK,250600087_,Бокс КМПн 1/2 для 1-2-х авт.выкл н/у IEK (252) ,1036.0960427100904,6.0,0.0,6.0,211.53030200580397,252.0,1241.6263447158944,1260,1030.0960427100904,229.9039572899096,0.0057909689378852856,HIGH,HIGH,GROWING,1.6658381406392018,False,False,True,Прогноз спроса: 1036 шт. Свободный остаток: 6 шт. В пути: 0 шт. Страховой запас: 212 шт. MOQ: 252 шт. Наблюдается рост спроса.
IEK,280300295_,Бокс КМПн 1/4 для 4-х авт.выкл н/у IEK (135),154.59721145439013,10.0,0.0,10.0,30.831338223740328,135.0,175.42854967813045,270,144.59721145439013,125.40278854560987,0.06468421976000673,HIGH,HIGH,GROWING,1.3984624310995069,False,False,True,Прогноз спроса: 155 шт. Свободный остаток: 10 шт. В пути: 0 шт. Страховой запас: 31 шт. MOQ: 135 шт. Наблюдается рост спроса.
IEK,280300396_, Распределительная коробка с/у для твердых стен  92x92x45 IP20 КМ41001 IEK (126),205.28379716359058,6.0,0.0,6.0,51.18894086291165,,250.4727380265022,251,199.28379716359058,51.71620283640942,0.02922783036412076,HIGH,HIGH,DECLINING,0.6470262282970078,True,False,True,Прогноз спроса: 205 шт. Свободный остаток: 6 шт. В пути: 0 шт. Страховой запас: 51 шт. Есть сигнал предыдущего stockout. Наблюдается снижение спроса.
Systeme,130300028_,Сжим У 734М (16-35/16-25) SE (140),62.19416965261139,8.0,0.0,8.0,25.235622969656777,140.0,79.42979262226817,140,54.19416965261139,85.8058303473886,0.12862942048562423,HIGH,HIGH,DECLINING,0.7326971102390296,False,True,True,Прогноз спроса: 62 шт. Свободный остаток: 8 шт. В пути: 0 шт. Страховой запас: 25 шт. MOQ: 140 шт. В истории обнаружена аномальная продажа. Наблюдается снижение спроса.
IEK,130301100_,ЗОИ 25-95/25-95 IEK (18),94.06226411113913,45.0,0.0,45.0,24.17957126722197,18.0,73.2418353783611,90,49.06226411113913,40.93773588886087,0.47840651535700135,HIGH,HIGH,GROWING,0.8422493681550126,False,False,True,Прогноз спроса: 94 шт. Свободный остаток: 45 шт. В пути: 0 шт. Страховой запас: 24 шт. MOQ: 18 шт. Наблюдается рост спроса.
IEK,030200459_,"Роз. комп. 2-ая RJ45 кат.5E б/рамки ""BRITE"" белый (1/100)",65.1797506895855,10.0,0.0,10.0,17.541134987983714,1.0,72.72088567756921,73,55.179750689585504,17.820249310414496,0.15342188170716356,HIGH,HIGH,DECLINING,0.6959951456310679,False,True,True,Прогноз спроса: 65 шт. Свободный остаток: 10 шт. В пути: 0 шт. Страховой запас: 18 шт. MOQ: 1 шт. В истории обнаружена аномальная продажа. Наблюдается снижение спроса.
IEK,130600063_,Разъем РРМ77/4(PTF14A) для РЭК77/4(LY4) модульный IEK (10/400),52.20457324137954,4.0,0.0,4.0,14.245329644015499,10.0,62.44990288539503,70,48.20457324137954,21.795426758620458,0.07662163966948075,HIGH,HIGH,STABLE,0.9308659217877094,False,True,True,Прогноз спроса: 52 шт. Свободный остаток: 4 шт. В пути: 0 шт. Страховой запас: 14 шт. MOQ: 10 шт. В истории обнаружена аномальная продажа.
IEK,280200083_,Соединитель на стык КМС 25х16 Белый ЭЛЕКОР IEK (4),67.50053176626203,1.0,25.0,26.0,18.771771804138965,1.0,60.27230357040099,61,41.50053176626203,19.49946823373797,0.3851821507130002,HIGH,HIGH,GROWING,0.8084400189663348,False,False,True,Прогноз спроса: 68 шт. Свободный остаток: 1 шт. В пути: 25 шт. Страховой запас: 19 шт. MOQ: 1 шт. Наблюдается рост спроса.
IEK,270300150_,Кабель-канал перфорированный  60х60 ИМПАКТ IEK (16),42.972129084394304,16.0,0.0,16.0,2.7861113880580572,16.0,29.758240472452364,32,26.972129084394304,5.027870915605696,0.37233435580017693,HIGH,HIGH,STABLE,0.2581678411274824,False,True,True,Прогноз спроса: 43 шт. Свободный остаток: 16 шт. В пути: 0 шт. Страховой запас: 3 шт. MOQ: 16 шт. В истории обнаружена аномальная продажа.
Systeme,030200249_,"S366 Переключ. 1 кл с инд 10А с/у б/рамки ""GLOSSA"" белый GSL163 (20)",3.486595640209385,1.0,0.0,1.0,1.7432978201046925,20.0,4.229893460314077,20,2.486595640209385,17.513404359790616,0.2868127259919208,HIGH,HIGH,DECLINING,0.4769230769230769,False,False,True,Прогноз спроса: 3 шт. Свободный остаток: 1 шт. В пути: 0 шт. Страховой запас: 2 шт. MOQ: 20 шт. Наблюдается снижение спроса.
Systeme,300200580_,"K062 Рамка 2-ная ""ATLAS"" ГРИФЕЛЬ ATN702 (10)",14.461932970409968,4.0,0.0,4.0,7.230966485204984,10.0,17.692899455614953,20,10.461932970409968,9.538067029590032,0.2765881993910671,HIGH,HIGH,STABLE,0.7836198179979778,False,False,True,Прогноз спроса: 14 шт. Свободный остаток: 4 шт. В пути: 0 шт. Страховой запас: 7 шт. MOQ: 10 шт.
IEK,280300289_,Крышка на лоток осн. 150 мм. IEK (6),16.479492992753418,3.0,0.0,3.0,2.268259244442765,6.0,15.747752237196181,18,13.479492992753418,4.520507007246582,0.18204443554903055,HIGH,HIGH,GROWING,0.4566964285714285,False,True,True,Прогноз спроса: 16 шт. Свободный остаток: 3 шт. В пути: 0 шт. Страховой запас: 2 шт. MOQ: 6 шт. В истории обнаружена аномальная продажа. Наблюдается рост спроса.
IEK,151000175_,Переноска УП-1Р 10м. плоск. вилка IEK,14.765647955102068,6.0,0.0,6.0,3.962375129473062,1.0,12.728023084575131,13,8.765647955102068,4.234352044897932,0.40634857462701335,HIGH,HIGH,GROWING,1.2199798183652877,False,False,True,Прогноз спроса: 15 шт. Свободный остаток: 6 шт. В пути: 0 шт. Страховой запас: 4 шт. MOQ: 1 шт. Наблюдается рост спроса.
IEK,081100781_,Фотореле ФР 604 макс. нагрузка 3300ВА IP66 белый IEK,9.236509685126876,1.0,0.0,1.0,3.4765883660086456,1.0,11.713098051135521,12,8.236509685126876,3.763490314873124,0.10826600459373238,HIGH,HIGH,DECLINING,0.3287878787878788,False,False,True,Прогноз спроса: 9 шт. Свободный остаток: 1 шт. В пути: 0 шт. Страховой запас: 3 шт. MOQ: 1 шт. Наблюдается снижение спроса.
IEK,020100022_,Стационарная розетка  134 3р+ре 63А 380В IP 54 IEK,8.702203481675905,4.0,0.0,4.0,4.351101740837953,2.0,9.053305222513858,10,4.702203481675905,5.297796518324095,0.45965369672436845,HIGH,HIGH,GROWING,1.3267663043478262,False,False,True,Прогноз спроса: 9 шт. Свободный остаток: 4 шт. В пути: 0 шт. Страховой запас: 4 шт. MOQ: 2 шт. Наблюдается рост спроса.
IEK,030200559_,"Рамка 1-мест. ""BRITE"" маренго (1/100)",7.720650144391936,1.0,0.0,1.0,1.8999122786767055,,8.620562423068641,9,6.720650144391936,2.2793498556080642,0.12952277091928224,HIGH,HIGH,GROWING,2.1976647206005,False,True,True,Прогноз спроса: 8 шт. Свободный остаток: 1 шт. В пути: 0 шт. Страховой запас: 2 шт. В истории обнаружена аномальная продажа. Наблюдается рост спроса.
IEK,280300741_,"STRUT-профиль перфорированный  41х21х2000-1,5 IEK",5.265250056168387,1.0,0.0,1.0,2.6326250280841936,2.0,6.897875084252581,8,4.265250056168387,3.7347499438316127,0.1899245029831911,HIGH,HIGH,STABLE,0.25,True,False,True,Прогноз спроса: 5 шт. Свободный остаток: 1 шт. В пути: 0 шт. Страховой запас: 3 шт. MOQ: 2 шт. Есть сигнал предыдущего stockout.
IEK,030200782_,"Роз. 2-я RJ11+RJ45 кат.5E б/рамки ""BRITE"" белый (1/100)",5.487164558554964,2.0,0.0,2.0,2.743582279277482,1.0,6.230746837832445,7,3.487164558554964,3.512835441445036,0.36448697294522125,HIGH,HIGH,GROWING,0.6354723707664884,False,False,True,Прогноз спроса: 5 шт. Свободный остаток: 2 шт. В пути: 0 шт. Страховой запас: 3 шт. MOQ: 1 шт. Наблюдается рост спроса.
IEK,130300204_,Пост тельф.ПКТ-61 (на 2 кноп.) IP54 IEK (5/60),4.6656230860280274,1.0,0.0,1.0,0.930412095077587,5.0,4.596035181105615,5,3.6656230860280274,1.3343769139719726,0.21433364452320716,HIGH,HIGH,GROWING,1.811688311688312,False,True,True,Прогноз спроса: 5 шт. Свободный остаток: 1 шт. В пути: 0 шт. Страховой запас: 1 шт. MOQ: 5 шт. В истории обнаружена аномальная продажа. Наблюдается рост спроса.
IEK,081100780_,Фотореле ФР 603 макс. нагрузка 2200ВА IP66 белый IEK (50),4.244226883343129,2.0,0.0,2.0,1.2986210635388054,1.0,3.542847946881934,4,2.2442268833431287,1.7557731166568713,0.471228342633894,HIGH,HIGH,STABLE,0.8878281622911695,False,False,True,Прогноз спроса: 4 шт. Свободный остаток: 2 шт. В пути: 0 шт. Страховой запас: 1 шт. MOQ: 1 шт.
IEK,030200553_,"Выкл 2-кл. 10А б/рамки ""BRITE"" маренго (1/100)",2.7869523509257066,1.0,0.0,1.0,0.39000534184374436,,2.176957692769451,3,1.7869523509257066,1.2130476490742934,0.35881488955770724,HIGH,HIGH,DECLINING,0.7986641221374046,False,True,True,Прогноз спроса: 3 шт. Свободный остаток: 1 шт. В пути: 0 шт. Страховой запас: 0 шт. В истории обнаружена аномальная продажа. Наблюдается снижение спроса.
IEK,130200422_,Бокорезы 160мм K4 ARMA2L 5 IEK (1),2.195625867805283,1.0,0.0,1.0,0.9326038816131955,1.0,2.1282297494184785,3,1.195625867805283,1.804374132194717,0.4554510013127082,HIGH,HIGH,DECLINING,1.7884615384615383,False,False,True,Прогноз спроса: 2 шт. Свободный остаток: 1 шт. В пути: 0 шт. Страховой запас: 1 шт. MOQ: 1 шт. Наблюдается снижение спроса.
Systeme,130300027_,"Сжим У 733M (16-35/1,5-10)  SE (140)",187.9617593736987,108.0,0.0,108.0,27.70084723433567,140.0,107.66260660803437,140,79.9617593736987,60.0382406263013,0.5745849600464653,MEDIUM,MEDIUM,GROWING,1.55432048405738,False,False,True,Прогноз спроса: 188 шт. Свободный остаток: 108 шт. В пути: 0 шт. Страховой запас: 28 шт. MOQ: 140 шт. Наблюдается рост спроса.
IEK,280200044_,Заглушка КМЗ 100х60 Белый ЭЛЕКОР IEK (2),20.684860235250525,12.0,0.0,12.0,5.990694172353208,36.0,14.675554407603734,36,8.684860235250525,27.315139764749475,0.5801344492311317,MEDIUM,MEDIUM,STABLE,0.3983113069016152,False,False,True,Прогноз спроса: 21 шт. Свободный остаток: 12 шт. В пути: 0 шт. Страховой запас: 6 шт. MOQ: 36 шт.
IEK,280200032_,Внешний угол КМН 100х60 Белый ЭЛЕКОР IEK (2),32.35898713775918,20.0,0.0,20.0,8.695228576639032,6.0,21.05421571439821,24,12.35898713775918,11.64101286224082,0.6180663169355608,MEDIUM,MEDIUM,DECLINING,0.5249896736885584,False,True,True,Прогноз спроса: 32 шт. Свободный остаток: 20 шт. В пути: 0 шт. Страховой запас: 9 шт. MOQ: 6 шт. В истории обнаружена аномальная продажа. Наблюдается снижение спроса.
IEK,280200057_,Поворот 90° КМП 60х40 Белый ЭЛЕКОР IEK (4),49.13413008448574,29.0,15.0,44.0,7.112553456155293,1.0,12.24668354064103,13,5.13413008448574,7.86586991551426,0.8955078664126618,MEDIUM,MEDIUM,GROWING,1.2800599058622164,True,False,True,Прогноз спроса: 49 шт. Свободный остаток: 29 шт. В пути: 15 шт. Страховой запас: 7 шт. MOQ: 1 шт. Есть сигнал предыдущего stockout. Наблюдается рост спроса.
IEK,280200067_,Т-образный угол КМТ 100х60 Белый ЭЛЕКОР IEK (2),12.516433770427733,7.0,0.0,7.0,4.966630313066059,4.0,10.483064083493794,12,5.516433770427733,6.483566229572267,0.5592647337405904,MEDIUM,MEDIUM,GROWING,0.8378378378378378,False,False,True,Прогноз спроса: 13 шт. Свободный остаток: 7 шт. В пути: 0 шт. Страховой запас: 5 шт. MOQ: 4 шт. Наблюдается рост спроса.
IEK,240100012_," Хомут 4,8х500 IEK (100)",3.6091578629734817,3.0,0.0,3.0,0.5715476066494086,10.0,1.1807054696228905,10,0.6091578629734817,9.390842137026517,0.8312188366092654,MEDIUM,MEDIUM,GROWING,0.2966507177033493,False,False,True,Прогноз спроса: 4 шт. Свободный остаток: 3 шт. В пути: 0 шт. Страховой запас: 1 шт. MOQ: 10 шт. Наблюдается рост спроса.
IEK,250600004_,ЩРВ-П 36 IEK (5) MKP12-V-04-36-41,13.800634488794673,11.0,0.0,11.0,2.5109095297653945,5.0,5.311544018560067,10,2.800634488794673,7.199365511205327,0.7970648022691545,MEDIUM,MEDIUM,GROWING,0.9994882292732856,False,False,True,Прогноз спроса: 14 шт. Свободный остаток: 11 шт. В пути: 0 шт. Страховой запас: 3 шт. MOQ: 5 шт. Наблюдается рост спроса.
Systeme,300200367_,"G391 Переключ. 1 кл 10А с/у б/рамки ""ATLAS"" жемчуг ATN461 (10)",3.5986859232988055,2.0,0.0,2.0,1.143095213298832,10.0,2.7417811365976377,10,1.5986859232988055,8.401314076701194,0.555758419219497,MEDIUM,MEDIUM,GROWING,2.1654411764705883,False,False,True,Прогноз спроса: 4 шт. Свободный остаток: 2 шт. В пути: 0 шт. Страховой запас: 1 шт. MOQ: 10 шт. Наблюдается рост спроса.
IEK,120100325_,Контактор КМ 40-20М AC IEK,15.632322355068606,14.0,0.0,14.0,7.266750764039364,1.0,8.899073119107971,9,1.632322355068606,7.367677644931394,0.8955803035535955,MEDIUM,MEDIUM,DECLINING,0.760377358490566,False,False,True,Прогноз спроса: 16 шт. Свободный остаток: 14 шт. В пути: 0 шт. Страховой запас: 7 шт. MOQ: 1 шт. Наблюдается снижение спроса.
IEK,280300072_,Поворот 90º  50х100 IEK,10.722006232592713,8.0,0.0,8.0,2.632378518881104,1.0,5.354384751473818,6,2.7220062325927135,3.2779937674072865,0.7461290197427447,MEDIUM,MEDIUM,STABLE,0.6520295202952029,False,False,True,Прогноз спроса: 11 шт. Свободный остаток: 8 шт. В пути: 0 шт. Страховой запас: 3 шт. MOQ: 1 шт.
IEK,120100056_,Контактор  КМИ-11260 12А 220В  IP54 (1вел в корпусе) IEK (1/20),5.820700212404959,4.0,0.0,4.0,2.909424341686856,1.0,4.730124554091816,5,1.820700212404959,3.179299787595041,0.6872025450606923,MEDIUM,MEDIUM,STABLE,0.25,False,False,True,Прогноз спроса: 6 шт. Свободный остаток: 4 шт. В пути: 0 шт. Страховой запас: 3 шт. MOQ: 1 шт.
IEK,030200551_,"Выкл 1-кл. 10А б/рамки ""BRITE"" маренго (1/100)",3.436253605549116,2.0,0.0,2.0,1.718126802774558,,3.154380408323674,4,1.436253605549116,2.563746394450884,0.5820292183237734,MEDIUM,MEDIUM,GROWING,0.7634593356242841,False,False,True,Прогноз спроса: 3 шт. Свободный остаток: 2 шт. В пути: 0 шт. Страховой запас: 2 шт. Наблюдается рост спроса.
IEK,270300100_,"Трансформатор тока ТТИ-А  150/5А  5ВА  класс 0,5  IEK",6.599620049584284,5.0,0.0,5.0,2.306860239950974,1.0,3.906480289535258,4,1.599620049584284,2.400379950415716,0.7576193723932568,MEDIUM,MEDIUM,GROWING,0.25,False,False,True,Прогноз спроса: 7 шт. Свободный остаток: 5 шт. В пути: 0 шт. Страховой запас: 2 шт. MOQ: 1 шт. Наблюдается рост спроса.
IEK,130600128_,Реле времени  ORT многофункц. 2 конт. 12-240V AC/DC IEK (1/200),7.355242984757141,1.0,6.0,7.0,2.454994908345026,1.0,2.810237893102167,3,0.3552429847571412,2.6447570152428588,0.9517020735421876,MEDIUM,MEDIUM,DECLINING,0.3795918367346939,False,False,True,Прогноз спроса: 7 шт. Свободный остаток: 1 шт. В пути: 6 шт. Страховой запас: 2 шт. MOQ: 1 шт. Наблюдается снижение спроса.
IEK,010400934_,Реле напряжения РН-д однофазное 54мм 63А IEK,7.601240115933644,7.0,0.0,7.0,2.32163735324878,1.0,2.922877469182424,3,0.6012401159336438,2.398759884066356,0.9209023650399716,MEDIUM,MEDIUM,GROWING,0.25,False,False,True,Прогноз спроса: 8 шт. Свободный остаток: 7 шт. В пути: 0 шт. Страховой запас: 2 шт. MOQ: 1 шт. Наблюдается рост спроса.
IEK,251400023_,КМПн-12  черн. прозр. дверь IP65 TEKFOR IEK,1.5776314116840047,1.0,0.0,1.0,0.6882344561751224,,1.265865867859127,2,0.5776314116840047,1.4223685883159953,0.6338616184959034,MEDIUM,MEDIUM,GROWING,2.2142857142857144,False,False,True,Прогноз спроса: 2 шт. Свободный остаток: 1 шт. В пути: 0 шт. Страховой запас: 1 шт. Наблюдается рост спроса.
IEK,250600177_,ЩРН-П 18 модулей навесн. пластик IP41 GENERICA (10),2.5326779190788744,2.0,0.0,2.0,1.1643309953215233,,1.6970089144003975,2,0.5326779190788744,1.4673220809211256,0.7896779866614041,MEDIUM,MEDIUM,DECLINING,0.5098684210526316,False,False,True,Прогноз спроса: 3 шт. Свободный остаток: 2 шт. В пути: 0 шт. Страховой запас: 1 шт. Наблюдается снижение спроса.
IEK,130200442_,Пирометр инфракрасный IT1A ARMA2L 5 IEK (50) NEW,1.167611953161059,0.0,1.0,1.0,0.17205861404378062,1.0,0.33967056720483946,1,0.16761195316105892,0.8323880468389411,0.8564489231997964,MEDIUM,MEDIUM,DECLINING,0.9841269841269842,False,True,True,Прогноз спроса: 1 шт. Свободный остаток: 0 шт. В пути: 1 шт. Страховой запас: 0 шт. MOQ: 1 шт. В истории обнаружена аномальная продажа. Наблюдается снижение спроса.
IEK,130300291_,Ножницы (секторные)  для резки кабеля НС-240 (до 240мм) IEK,2.055043960500546,2.0,0.0,2.0,0.4824417063231578,1.0,0.537485666823704,1,0.05504396050054616,0.9449560394994538,0.9732151907411561,MEDIUM,MEDIUM,GROWING,0.5486725663716814,False,False,True,Прогноз спроса: 2 шт. Свободный остаток: 2 шт. В пути: 0 шт. Страховой запас: 0 шт. MOQ: 1 шт. Наблюдается рост спроса.
IEK,260100138_, Наконечник медно-луженный JG -   6  IEK (600),1137.0750866567714,1172.0,0.0,1172.0,87.77274408474784,600.0,52.847830741519374,600,0.0,634.9249133432286,1.0307146940013565,LOW,LOW,GROWING,0.8823977565609247,False,False,True,Прогноз спроса: 1137 шт. Свободный остаток: 1172 шт. В пути: 0 шт. Страховой запас: 88 шт. MOQ: 600 шт. Наблюдается рост спроса.
Systeme,130300026_,"Сжим У 731М  (4-10/1,5-10) SE (140)",202.6539476347842,259.0,0.0,259.0,56.60338862794932,140.0,0.2573362627335314,140,0.0,196.3460523652158,1.2780407340831113,LOW,LOW,GROWING,0.6949937173467363,False,False,True,Прогноз спроса: 203 шт. Свободный остаток: 259 шт. В пути: 0 шт. Страховой запас: 57 шт. MOQ: 140 шт. Наблюдается рост спроса.
IEK,081100749_,Светильник встраиваемый под лампу GX53 белый IEK,96.20115196513058,108.0,0.0,108.0,44.32995601170837,10.0,32.53110797683894,40,0.0,51.79884803486942,1.1226476793037372,LOW,LOW,GROWING,1.316919006320741,False,False,True,Прогноз спроса: 96 шт. Свободный остаток: 108 шт. В пути: 0 шт. Страховой запас: 44 шт. MOQ: 10 шт. Наблюдается рост спроса.
IEK,200400024_,I23 роз. о/у з/к 16А ОКТАВА РС 20-3-0-ОБ (30/360),134.9703805639163,137.0,0.0,137.0,25.981793705721362,30.0,23.95217426963768,30,0.0,32.02961943608369,1.0150375173249404,LOW,LOW,DECLINING,0.6765775739364226,False,True,True,Прогноз спроса: 135 шт. Свободный остаток: 137 шт. В пути: 0 шт. Страховой запас: 26 шт. MOQ: 30 шт. В истории обнаружена аномальная продажа. Наблюдается снижение спроса.
Systeme,300200311_,"S411 Роз. AQUA с з/к 16А с/у з/ш c крышкой б/рамки IP 44 ""ATLAS"" белый ATN0146 (15)",80.41401017725629,86.0,0.0,86.0,26.032722997540354,15.0,20.446733174796634,30,0.0,35.58598982274371,1.0694653806025907,LOW,LOW,GROWING,1.6352961794602174,False,False,True,Прогноз спроса: 80 шт. Свободный остаток: 86 шт. В пути: 0 шт. Страховой запас: 26 шт. MOQ: 15 шт. Наблюдается рост спроса.
Systeme,030200135_," S188   с/у. з/ш, 2-я 16А  ""Wessen 59"" РС 16-254-18 (6/36) !!!",15.57723939374647,17.0,0.0,17.0,7.7372960393150265,12.0,6.314535433061497,12,0.0,13.42276060625353,1.0913358631969603,LOW,LOW,STABLE,0.25,False,False,True,Прогноз спроса: 16 шт. Свободный остаток: 17 шт. В пути: 0 шт. Страховой запас: 8 шт. MOQ: 12 шт.
IEK,081100702_,Лампа филаментная LED A60 шар золото 11Вт 230В 2700К E27 серия 360° IEK,2.101242323814101,3.0,0.0,3.0,1.0506211619070505,10.0,0.15186348572115138,10,0.0,10.898757676185898,1.427726809992341,LOW,LOW,STABLE,0.931095406360424,False,False,True,Прогноз спроса: 2 шт. Свободный остаток: 3 шт. В пути: 0 шт. Страховой запас: 1 шт. MOQ: 10 шт.
IEK,081100717_,Лампа филаментная LED CT35 свеча вит. 5Вт 230В 4000К E14 серия 360° IEK,6.222514531845211,9.0,0.0,9.0,2.9707076878526206,10.0,0.19322221969783193,10,0.0,12.77748546815479,1.446360623818609,LOW,LOW,STABLE,0.25,True,False,True,Прогноз спроса: 6 шт. Свободный остаток: 9 шт. В пути: 0 шт. Страховой запас: 3 шт. MOQ: 10 шт. Есть сигнал предыдущего stockout.
IEK,250600013_,Пост кноп (корпус) КП-102 (2 мест.бел.) IEK (10/100),81.10279851303241,96.0,0.0,96.0,24.672062472899725,10.0,9.774860985932136,10,0.0,24.89720148696759,1.183682952501001,LOW,LOW,GROWING,0.3541017653167186,False,False,True,Прогноз спроса: 81 шт. Свободный остаток: 96 шт. В пути: 0 шт. Страховой запас: 25 шт. MOQ: 10 шт. Наблюдается рост спроса.
Systeme,300200581_,"K063 Рамка 3-ная ""ATLAS"" ГРИФЕЛЬ ATN703 (15)",7.836894551136758,10.0,0.0,10.0,2.8981747129299587,5.0,0.7350692640667162,5,0.0,7.163105448863242,1.276015637922483,LOW,LOW,GROWING,0.7096774193548387,False,False,True,Прогноз спроса: 8 шт. Свободный остаток: 10 шт. В пути: 0 шт. Страховой запас: 3 шт. MOQ: 5 шт. Наблюдается рост спроса.
IEK,130200381_,Светильник ДБА 3926 аккумулятор 3ч 3Вт IEK,13.605282164286844,14.0,0.0,14.0,2.708074346591443,1.0,2.313356510878286,3,0.0,3.3947178357131556,1.029012102134072,LOW,LOW,STABLE,1.4426406926406927,False,True,True,Прогноз спроса: 14 шт. Свободный остаток: 14 шт. В пути: 0 шт. Страховой запас: 3 шт. MOQ: 1 шт. В истории обнаружена аномальная продажа.
IEK,200400050_,  Миниконтактор МКИ-10610 6А 230В IEK (1/100),3.4642120618813776,4.0,0.0,4.0,1.7321060309406888,1.0,1.1963180928220662,2,0.0,2.5357879381186224,1.154663723971806,LOW,LOW,DECLINING,0.510989010989011,False,True,True,Прогноз спроса: 3 шт. Свободный остаток: 4 шт. В пути: 0 шт. Страховой запас: 2 шт. MOQ: 1 шт. В истории обнаружена аномальная продажа. Наблюдается снижение спроса.
IEK,150101208_,Светильник уличный 5113 настенный 2хGU10 IP65 черный IEK,4.664033379925232,6.0,0.0,6.0,1.5717559182858727,1.0,0.23578929821110428,1,0.0,2.3359666200747684,1.2864401926935147,LOW,LOW,STABLE,2.1830985915492955,False,False,True,Прогноз спроса: 5 шт. Свободный остаток: 6 шт. В пути: 0 шт. Страховой запас: 2 шт. MOQ: 1 шт.
IEK,200400034_,Токоизмерительные клещи Expert 266 IEK (20),11.979861477817114,13.0,0.0,13.0,1.4958832396502948,1.0,0.47574471746740876,1,0.0,2.0201385221828865,1.0851544505812407,LOW,LOW,STABLE,1.0761014686248331,False,False,True,Прогноз спроса: 12 шт. Свободный остаток: 13 шт. В пути: 0 шт. Страховой запас: 1 шт. MOQ: 1 шт.
IEK,270300289_,Вентилятор с фильтром ВФИ 200 м3/час IP55 IEK (10) NEW,1.3852393690243525,2.0,0.0,2.0,0.6926196845121763,1.0,0.07785905353652867,1,0.0,1.6147606309756475,1.4437937909667076,LOW,LOW,STABLE,0.8303571428571429,False,False,True,Прогноз спроса: 1 шт. Свободный остаток: 2 шт. В пути: 0 шт. Страховой запас: 1 шт. MOQ: 1 шт.
IEK,030200866_," Рамка 1-мест. ""BRITE"" стекло темная бронза (1/100)",1.9980420323697168,2.0,0.0,2.0,0.9990210161848584,1.0,0.9970630485545753,1,0.0,1.0019579676302832,1.0009799431636386,LOW,LOW,DECLINING,0.25,False,True,True,Прогноз спроса: 2 шт. Свободный остаток: 2 шт. В пути: 0 шт. Страховой запас: 1 шт. MOQ: 1 шт. В истории обнаружена аномальная продажа. Наблюдается снижение спроса.
IEK,030200898_," Рамка 3-мест. ""BRITE"" стекло ванильный (1/50)",1.4110488544669255,2.0,0.0,2.0,0.6516645353758838,1.0,0.06271338984280916,1,0.0,1.5889511455330745,1.4173853681030568,LOW,LOW,GROWING,1.0333333333333332,False,False,True,Прогноз спроса: 1 шт. Свободный остаток: 2 шт. В пути: 0 шт. Страховой запас: 1 шт. MOQ: 1 шт. Наблюдается рост спроса.
IEK,130600080_,"Тепловое реле РТИ-1306 (1-1,6А) IEK (1/100)",2.7956145941006305,3.0,0.0,3.0,0.9059525373881272,1.0,0.7015671314887575,1,0.0,1.2043854058993695,1.0731092927940311,LOW,LOW,DECLINING,0.788135593220339,False,False,True,Прогноз спроса: 3 шт. Свободный остаток: 3 шт. В пути: 0 шт. Страховой запас: 1 шт. MOQ: 1 шт. Наблюдается снижение спроса.
IEK,130200431_,Мультиметр  цифровой DM1A ARMA2L IEK (40) NEW,0.8473424206300976,1.0,0.0,1.0,0.4236712103150488,1.0,0.2710136309451463,1,0.0,1.1526575793699023,1.1801604353248167,LOW,LOW,STABLE,0.369047619047619,False,False,True,Прогноз спроса: 1 шт. Свободный остаток: 1 шт. В пути: 0 шт. Страховой запас: 0 шт. MOQ: 1 шт.
IEK,130300985_,"Амперметр Э47  400/5А кл. точн. 1,5 72х72 IEK (1/100)",2.192874541339893,3.0,0.0,3.0,1.0964372706699466,1.0,0.28931181200983946,1,0.0,1.8071254586601069,1.3680673214286743,LOW,LOW,STABLE,1.2984293193717278,False,False,True,Прогноз спроса: 2 шт. Свободный остаток: 3 шт. В пути: 0 шт. Страховой запас: 1 шт. MOQ: 1 шт.
IEK,240300054_,"Маркер МК0-1,5мм символ ""8"" 1000шт\ролл IEK",1.7122576024366496,7.0,3.0,10.0,0.4238710495736488,1.0,0.0,0,0.0,8.28774239756335,5.84024272152121,LOW,LOW,GROWING,1.019736842105263,False,False,False,Прогноз спроса: 2 шт. Свободный остаток: 7 шт. В пути: 3 шт. Страховой запас: 0 шт. MOQ: 1 шт. Наблюдается рост спроса.
IEK,240300055_,"Маркер МК0-1,5мм символ ""9"" 1000шт\ролл IEK",1.7627379949258666,5.0,5.0,10.0,0.40916581805750435,1.0,0.0,0,0.0,8.237262005074133,5.672992826378919,LOW,LOW,GROWING,0.7948717948717948,False,False,False,Прогноз спроса: 2 шт. Свободный остаток: 5 шт. В пути: 5 шт. Страховой запас: 0 шт. MOQ: 1 шт. Наблюдается рост спроса.
IEK,030200484_,"Выкл 2-кл. прох. 10А б/рамки ""BRITE"" графит (1/100)",11.580338371886867,69.0,0.0,69.0,4.507623172656152,1.0,0.0,0,0.0,57.41966162811313,5.958375116871247,LOW,LOW,DECLINING,1.3547557840616966,False,False,False,Прогноз спроса: 12 шт. Свободный остаток: 69 шт. В пути: 0 шт. Страховой запас: 5 шт. MOQ: 1 шт. Наблюдается снижение спроса.
IEK,280300744_,Консоль STRUT 41х21-200 EZ IEK,0.7750002758883004,361.0,0.0,361.0,0.3875001379441502,2.0,0.0,0,0.0,360.2249997241117,465.80628579289737,LOW,LOW,GROWING,0.25,False,False,False,Прогноз спроса: 1 шт. Свободный остаток: 361 шт. В пути: 0 шт. Страховой запас: 0 шт. MOQ: 2 шт. Наблюдается рост спроса.
IEK,030200483_,"Рамка 4-мест. ""BRITE"" графит (1/100)",19.10254879990869,95.0,0.0,95.0,5.132803002908539,1.0,0.0,0,0.0,75.89745120009131,4.97315834630686,LOW,LOW,DECLINING,1.2735252808988764,False,False,False,Прогноз спроса: 19 шт. Свободный остаток: 95 шт. В пути: 0 шт. Страховой запас: 5 шт. MOQ: 1 шт. Наблюдается снижение спроса.
IEK,030200759_,"Роз. с з/к с з/ш 16А USB A+A 3,1А б/рамки ""BRITE"" белый (1/80)",5.067980351582324e-06,6.0,0.0,6.0,0.0,1.0,0.0,0,0.0,5.999994932019648,1183903.5638973385,LOW,LOW,STABLE,0.25,False,False,False,Прогноз спроса: 0 шт. Свободный остаток: 6 шт. В пути: 0 шт. Страховой запас: 0 шт. MOQ: 1 шт.
IEK,250200001_, ЩМП- 1 IP 31 (395х310х220) IEK,0.42243381123828366,2.0,0.0,2.0,0.21121690561914183,1.0,0.0,0,0.0,1.5775661887617163,4.73446951165529,LOW,LOW,STABLE,1.682170542635659,False,False,False,Прогноз спроса: 0 шт. Свободный остаток: 2 шт. В пути: 0 шт. Страховой запас: 0 шт. MOQ: 1 шт.
IEK,080800136_,"Светодиодная лента ""Неон"" LED 5м LSR5-2835WW120-8-IP65-220В-3000K+драйвер IEK",0.01678087949673544,1.0,0.0,1.0,0.00839043974836772,1.0,0.0,0,0.0,0.9832191205032645,59.59163226185734,LOW,LOW,STABLE,2.583333333333333,False,False,False,Прогноз спроса: 0 шт. Свободный остаток: 1 шт. В пути: 0 шт. Страховой запас: 0 шт. MOQ: 1 шт.
IEK,030200768_,"Роз. с з/к с з/ш 16А с USB A+A 3,1А б/рамки ""BRITE"" графит (1/80)",0.0,2.0,0.0,2.0,0.0,1.0,0.0,0,0.0,2.0,inf,LOW,LOW,STABLE,0.25,False,False,False,Прогноз спроса: 0 шт. Свободный остаток: 2 шт. В пути: 0 шт. Страховой запас: 0 шт. MOQ: 1 шт.
IEK,080800137_,"Светодиодная лента ""Неон"" (лента LED 10м LSR5-2835WW120-8-IP65-220В - 3000K+ драйвер) IEK",0.019269510657190847,1.0,0.0,1.0,0.009634755328595423,1.0,0.0,0,0.0,0.9807304893428092,51.89545379694568,LOW,LOW,STABLE,3.1,False,False,False,Прогноз спроса: 0 шт. Свободный остаток: 1 шт. В пути: 0 шт. Страховой запас: 0 шт. MOQ: 1 шт.
IEK,250200004_, ЩМП- 2 IP 54 (500х400х220) IEK,3.888348697355938,17.0,0.0,17.0,1.0303721010715816,1.0,0.0,0,0.0,13.111651302644063,4.372035875167248,LOW,LOW,GROWING,1.2345132743362832,False,False,False,Прогноз спроса: 4 шт. Свободный остаток: 17 шт. В пути: 0 шт. Страховой запас: 1 шт. MOQ: 1 шт. Наблюдается рост спроса.
IEK,080800135_,"Светодиодная лента ""Сделай сам"" LED 5м LSR-5050RGB60-14,4-IP65-12В+драйвер+контр IEK",5.98359120812935e-07,1.0,0.0,1.0,0.0,1.0,0.0,0,0.0,0.9999994016408792,1671237.1637978759,LOW,LOW,STABLE,0.25,False,False,False,Прогноз спроса: 0 шт. Свободный остаток: 1 шт. В пути: 0 шт. Страховой запас: 0 шт. MOQ: 1 шт.
IEK,130200439_,Токоизмерительные клещи CM1D IEK ARMA2L 5 IEK (30) NEW,1.505140676350307,7.0,3.0,10.0,0.28577380332470376,1.0,0.0,0,0.0,8.494859323649694,6.643897249689767,LOW,LOW,DECLINING,0.7848101265822784,False,False,False,Прогноз спроса: 2 шт. Свободный остаток: 7 шт. В пути: 3 шт. Страховой запас: 0 шт. MOQ: 1 шт. Наблюдается снижение спроса.
IEK,151000059_,НПП 1101-100  бел/круг IEK(8) ,20.595696612524918,86.0,0.0,86.0,6.604173238692844,1.0,0.0,0,0.0,65.40430338747508,4.175629580195922,LOW,LOW,STABLE,0.9040829552819184,False,False,False,Прогноз спроса: 21 шт. Свободный остаток: 86 шт. В пути: 0 шт. Страховой запас: 7 шт. MOQ: 1 шт.
IEK,080800132_,"Светодиодная лента ""Сделай сам"" LED 5м LSR-2835W60-4,8-IP20-12В-6500K+драйвер+выкл IEK",0.0,7.0,0.0,7.0,0.0,1.0,0.0,0,0.0,7.0,inf,LOW,LOW,STABLE,0.25,False,False,False,Прогноз спроса: 0 шт. Свободный остаток: 7 шт. В пути: 0 шт. Страховой запас: 0 шт. MOQ: 1 шт.
IEK,151000061_,НПП 1102-100  бел/круг с реш. IEK(8),8.574078419317132,88.0,0.0,88.0,4.287039209658566,1.0,0.0,0,0.0,79.42592158068287,10.263493718664707,LOW,LOW,GROWING,0.25,False,False,False,Прогноз спроса: 9 шт. Свободный остаток: 88 шт. В пути: 0 шт. Страховой запас: 4 шт. MOQ: 1 шт. Наблюдается рост спроса.
IEK,130300769_,Переходник Е27-Е40  ПР27-40-К02 IEK (50) ,3.595462431914046e-05,34.0,0.0,34.0,1.797731215957023e-05,,0.0,0,0.0,33.999964045375684,945636.3581554678,LOW,LOW,STABLE,0.25,False,False,False,Прогноз спроса: 0 шт. Свободный остаток: 34 шт. В пути: 0 шт. Страховой запас: 0 шт.
IEK,280300745_,Консоль STRUT 41х21-300 EZ IEK,0.46126683200431634,401.0,0.0,401.0,0.23063341600215817,2.0,0.0,0,0.0,400.5387331679957,869.3449694996661,LOW,LOW,STABLE,0.25,False,True,False,Прогноз спроса: 0 шт. Свободный остаток: 401 шт. В пути: 0 шт. Страховой запас: 0 шт. MOQ: 2 шт. В истории обнаружена аномальная продажа.
IEK,151000070_,НПП 1202-100  черн/овал с реш. IP54 IEK(8) !!!,1.071094804110628e-06,1.0,0.0,1.0,0.0,,0.0,0,0.0,0.9999989289051959,933624.1723535754,LOW,LOW,STABLE,1.0,False,False,False,Прогноз спроса: 0 шт. Свободный остаток: 1 шт. В пути: 0 шт. Страховой запас: 0 шт.
IEK,030200761_,BRITE Роз. USB A+C 18Вт РЮ11-1-БрЖ жемч. IEK,0.0,0.0,0.0,0.0,0.0,,0.0,0,0.0,0.0,inf,LOW,LOW,STABLE,0.25,True,False,False,Прогноз спроса: 0 шт. Свободный остаток: 0 шт. В пути: 0 шт. Страховой запас: 0 шт. Есть сигнал предыдущего stockout.
IEK,240300057_,"Маркер МК0-1,5мм символ ""A"" 1000шт\ролл IEK",0.17935945132762554,1.0,1.0,2.0,0.08967972566381277,1.0,0.0,0,0.0,1.8206405486723745,11.150792362465001,LOW,LOW,STABLE,0.775,False,False,False,Прогноз спроса: 0 шт. Свободный остаток: 1 шт. В пути: 1 шт. Страховой запас: 0 шт. MOQ: 1 шт.
IEK,280100358_,Поворот 90град КМП 25х16 дуб ЭЛЕКОР IEK (4шт/компл) ,0.0,0.0,0.0,0.0,0.0,,0.0,0,0.0,0.0,inf,LOW,LOW,STABLE,0.25,True,False,False,Прогноз спроса: 0 шт. Свободный остаток: 0 шт. В пути: 0 шт. Страховой запас: 0 шт. Есть сигнал предыдущего stockout.
IEK,270300277_,Обогреватель на DIN-рейку ОДР (вент.+терм.) 800Вт IP20 IEK (12) NEW,0.0,2.0,0.0,2.0,0.0,1.0,0.0,0,0.0,2.0,inf,LOW,LOW,STABLE,0.25,False,False,False,Прогноз спроса: 0 шт. Свободный остаток: 2 шт. В пути: 0 шт. Страховой запас: 0 шт. MOQ: 1 шт.
IEK,010400854_,Реле напряжения и тока РНТ-д однофазное 36мм 50А IEK,2.773598837823517,10.0,0.0,10.0,1.3867994189117585,1.0,0.0,0,0.0,7.226401162176483,3.6054240662456953,LOW,LOW,STABLE,0.25,False,True,False,Прогноз спроса: 3 шт. Свободный остаток: 10 шт. В пути: 0 шт. Страховой запас: 1 шт. MOQ: 1 шт. В истории обнаружена аномальная продажа.
IEK,CLM50D-PPP-030-15,"Профиль перфорированный П-образный 300-1,5 IEK",0.0,0.0,0.0,0.0,0.0,,0.0,0,0.0,0.0,inf,LOW,LOW,STABLE,1.0,True,False,False,Прогноз спроса: 0 шт. Свободный остаток: 0 шт. В пути: 0 шт. Страховой запас: 0 шт. Есть сигнал предыдущего stockout.
IEK,010400926_,Реле напряжения и тока РНТ-д однофазное 54мм 25А IEK,0.45644348840390914,5.0,5.0,10.0,0.22822174420195457,1.0,0.0,0,0.0,9.54355651159609,21.90851716379608,LOW,LOW,STABLE,0.25,False,False,False,Прогноз спроса: 0 шт. Свободный остаток: 5 шт. В пути: 5 шт. Страховой запас: 0 шт. MOQ: 1 шт.
IEK,270300283_,Фильтр c защитным кожухом 176x176мм для вен-ра 102м3/час IEK (8) NEW,0.0,2.0,0.0,2.0,0.0,1.0,0.0,0,0.0,2.0,inf,LOW,LOW,STABLE,3.875,False,False,False,Прогноз спроса: 0 шт. Свободный остаток: 2 шт. В пути: 0 шт. Страховой запас: 0 шт. MOQ: 1 шт.
IEK,280301023_,Комплект заземления 6/20 б/м оц. сталь HDZ IEK,0.03530710122124149,3.0,0.0,3.0,0.017653550610620745,1.0,0.0,0,0.0,2.9646928987787584,84.96874272405964,LOW,LOW,STABLE,0.25,False,False,False,Прогноз спроса: 0 шт. Свободный остаток: 3 шт. В пути: 0 шт. Страховой запас: 0 шт. MOQ: 1 шт.
IEK,030200486_,"Выкл 1-кл. 10А б/рамки ""BRITE"" черный (1/100)",580.4053946442127,2212.0,0.0,2212.0,18.91479359302311,1.0,0.0,0,0.0,1631.5946053557873,3.8111292906847485,LOW,LOW,STABLE,1.328110617521111,False,False,False,Прогноз спроса: 580 шт. Свободный остаток: 2212 шт. В пути: 0 шт. Страховой запас: 19 шт. MOQ: 1 шт.
IEK,030200487_,"Выкл 1-кл. с инд. 10А б/рамки ""BRITE"" черный (1/100)",30.625045734501178,148.0,0.0,148.0,5.851388724055161,1.0,0.0,0,0.0,117.37495426549881,4.832645844289075,LOW,LOW,DECLINING,1.1583425823159452,False,False,False,Прогноз спроса: 31 шт. Свободный остаток: 148 шт. В пути: 0 шт. Страховой запас: 6 шт. MOQ: 1 шт. Наблюдается снижение спроса.
IEK,270300276_,Мини-обогреватель шкафной 13Вт IP54 IEK (100) NEW,2.482379282796462e-08,1.0,0.0,1.0,0.0,1.0,0.0,0,0.0,0.9999999751762072,40283932.714483306,LOW,LOW,STABLE,0.25,False,False,False,Прогноз спроса: 0 шт. Свободный остаток: 1 шт. В пути: 0 шт. Страховой запас: 0 шт. MOQ: 1 шт.
IEK,150101209_,Светильник уличный 5113 настенный 2хGU10 IP65 серый IEK,0.0923277936864112,30.0,0.0,30.0,0.0,1.0,0.0,0,0.0,29.90767220631359,324.9292418044145,LOW,LOW,STABLE,0.25,False,False,False,Прогноз спроса: 0 шт. Свободный остаток: 30 шт. В пути: 0 шт. Страховой запас: 0 шт. MOQ: 1 шт.
IEK,080800133_,"Светодиодная лента ""Сделай сам"" LED 5м LSR-2835W60-4,8-IP65-12В-6500K+драйвер+выкл IEK",6.086579897770012e-06,1.0,0.0,1.0,0.0,1.0,0.0,0,0.0,0.9999939134201022,164295.8799187665,LOW,LOW,STABLE,0.25,False,False,False,Прогноз спроса: 0 шт. Свободный остаток: 1 шт. В пути: 0 шт. Страховой запас: 0 шт. MOQ: 1 шт.
IEK,CKK10-060-040-1-K01-,Кабель-канал 60х40 белый ЭЛЕКОР IEK (за штуку) (18),0.0,0.0,0.0,0.0,0.0,18.0,0.0,0,0.0,0.0,inf,LOW,LOW,STABLE,0.25,True,False,False,Прогноз спроса: 0 шт. Свободный остаток: 0 шт. В пути: 0 шт. Страховой запас: 0 шт. MOQ: 18 шт. Есть сигнал предыдущего stockout.
IEK,270300285_,Вентилятор с фильтром 102 куб.м./час IP55 IEK (8) NEW,0.20502299767599996,6.0,0.0,6.0,0.10251149883799998,1.0,0.0,0,0.0,5.794977002324,29.265009623368517,LOW,LOW,STABLE,2.012987012987013,False,False,False,Прогноз спроса: 0 шт. Свободный остаток: 6 шт. В пути: 0 шт. Страховой запас: 0 шт. MOQ: 1 шт.
IEK,250200003_, ЩМП- 2 IP 31 (500х400х220) IEK,1.9003265806009595,15.0,0.0,15.0,0.2803643462829589,1.0,0.0,0,0.0,13.099673419399041,7.893380092203098,LOW,LOW,GROWING,1.0833333333333333,False,False,False,Прогноз спроса: 2 шт. Свободный остаток: 15 шт. В пути: 0 шт. Страховой запас: 0 шт. MOQ: 1 шт. Наблюдается рост спроса.
IEK,280300743_,"STRUT-профиль  перфорированный  41х21х500-1,5 IEK",0.0001570465957521254,297.0,0.0,297.0,7.85232978760627e-05,2.0,0.0,0,0.0,296.99984295340425,1891158.4716472947,LOW,LOW,STABLE,0.25,False,False,False,Прогноз спроса: 0 шт. Свободный остаток: 297 шт. В пути: 0 шт. Страховой запас: 0 шт. MOQ: 2 шт.
IEK,030201100_," Рамка 1-мест. ""BRITE""  металл алюм. RE AL  IEK  (1/100)",0.0,18.0,0.0,18.0,0.0,1.0,0.0,0,0.0,18.0,inf,LOW,LOW,STABLE,0.25,False,True,False,Прогноз спроса: 0 шт. Свободный остаток: 18 шт. В пути: 0 шт. Страховой запас: 0 шт. MOQ: 1 шт. В истории обнаружена аномальная продажа.
IEK,130300608_,"ЗОИ 16-70/1,5-10 IEK (35) (140)",230.56932521441874,448.0,0.0,448.0,58.96120263924976,35.0,0.0,0,0.0,217.43067478558126,1.9430164857505692,LOW,LOW,GROWING,0.6640768505187906,False,False,False,Прогноз спроса: 231 шт. Свободный остаток: 448 шт. В пути: 0 шт. Страховой запас: 59 шт. MOQ: 35 шт. Наблюдается рост спроса.
IEK,130200437_,Токоизмерительные клещи CM1C IEK ARMA2L 5 IEK (30) NEW,1.7007812051442166,9.0,0.0,9.0,0.5751086853804244,1.0,0.0,0,0.0,7.299218794855784,5.291685945716251,LOW,LOW,DECLINING,0.9841269841269842,False,False,False,Прогноз спроса: 2 шт. Свободный остаток: 9 шт. В пути: 0 шт. Страховой запас: 1 шт. MOQ: 1 шт. Наблюдается снижение спроса.
IEK,CLM50D-PPP-050-15,"Профиль перфорированный П-образный  500-1,5 IEK E-PRO",5.793734250853711e-07,2.0,0.0,2.0,0.0,,0.0,0,0.0,1.999999420626575,3452005.068588188,LOW,LOW,STABLE,1.0,False,False,False,Прогноз спроса: 0 шт. Свободный остаток: 2 шт. В пути: 0 шт. Страховой запас: 0 шт.
IEK,030201102_," Рамка 2-мест. ""BRITE""  стекло бел. матовый  IEK  (1/100)",1.2643099745391606e-05,17.0,0.0,17.0,6.321549872695803e-06,1.0,0.0,0,0.0,16.999987356900256,1344606.9668315698,LOW,LOW,DECLINING,0.25,False,False,False,Прогноз спроса: 0 шт. Свободный остаток: 17 шт. В пути: 0 шт. Страховой запас: 0 шт. MOQ: 1 шт. Наблюдается снижение спроса.
IEK,270300284_,Вентилятор с фильтром 55 куб.м./час IP55 IEK (12) NEW,0.6760034713426593,10.0,0.0,10.0,0.33800173567132963,1.0,0.0,0,0.0,9.323996528657341,14.79282344532681,LOW,LOW,STABLE,0.6526315789473685,False,False,False,Прогноз спроса: 1 шт. Свободный остаток: 10 шт. В пути: 0 шт. Страховой запас: 0 шт. MOQ: 1 шт.
IEK,010400850_,Реле напряжения и тока РНТ-д однофазное 54мм 63А IEK,2.5251565990350846,1.0,4.0,5.0,1.2625782995175423,1.0,0.0,0,0.0,2.4748434009649154,1.9800752166858107,LOW,LOW,DECLINING,0.25,False,False,False,Прогноз спроса: 3 шт. Свободный остаток: 1 шт. В пути: 4 шт. Страховой запас: 1 шт. MOQ: 1 шт. Наблюдается снижение спроса.
IEK,130300596_,Ножницы (секторные) для резки кабеля НС-300 (до 300мм) IEK,0.4049345094056331,2.0,0.0,2.0,0.1917028951268081,1.0,0.0,0,0.0,1.5950654905943669,4.939070278143545,LOW,LOW,STABLE,0.25,False,False,False,Прогноз спроса: 0 шт. Свободный остаток: 2 шт. В пути: 0 шт. Страховой запас: 0 шт. MOQ: 1 шт.
IEK,280100360_,Поворот 90град КМП 40х25 дуб ЭЛЕКОР IEK (4шт/компл) ,0.0,0.0,0.0,0.0,0.0,,0.0,0,0.0,0.0,inf,LOW,LOW,STABLE,4.0,True,False,False,Прогноз спроса: 0 шт. Свободный остаток: 0 шт. В пути: 0 шт. Страховой запас: 0 шт. Есть сигнал предыдущего stockout.
IEK,030201101_," Рамка 4-мест. ""BRITE""  хром/никель  IEK  (1/100)",0.0,16.0,0.0,16.0,0.0,1.0,0.0,0,0.0,16.0,inf,LOW,LOW,STABLE,0.25,False,False,False,Прогноз спроса: 0 шт. Свободный остаток: 16 шт. В пути: 0 шт. Страховой запас: 0 шт. MOQ: 1 шт.
IEK,CLM50D-PPP-060-25,"Профиль перфорированный П-образный 600-2,5 IEK",0.0,0.0,0.0,0.0,0.0,,0.0,0,0.0,0.0,inf,LOW,LOW,STABLE,0.25,True,False,False,Прогноз спроса: 0 шт. Свободный остаток: 0 шт. В пути: 0 шт. Страховой запас: 0 шт. Есть сигнал предыдущего stockout.
IEK,010400849_,Реле напряжения и тока РНТ-д однофазное 54мм 32А IEK,1.1456742316202644,15.0,7.0,22.0,0.5728371158101322,1.0,0.0,0,0.0,20.854325768379734,19.20266633638657,LOW,LOW,GROWING,0.25,False,False,False,Прогноз спроса: 1 шт. Свободный остаток: 15 шт. В пути: 7 шт. Страховой запас: 1 шт. MOQ: 1 шт. Наблюдается рост спроса.
IEK,030201103_," Рамка 2-мест. ""BRITE""  стекло черн. матовый  IEK  (1/100)",4.937614663999559e-06,11.0,0.0,11.0,0.0,1.0,0.0,0,0.0,10.999995062385336,2227796.3649536385,LOW,LOW,STABLE,0.25,False,False,False,Прогноз спроса: 0 шт. Свободный остаток: 11 шт. В пути: 0 шт. Страховой запас: 0 шт. MOQ: 1 шт.
IEK,030200765_,"Роз. USB A+C 18Вт б/рамки ""BRITE"" алюминий (1/80)",4.761497307670551e-06,6.0,0.0,6.0,0.0,1.0,0.0,0,0.0,5.9999952385026925,1260107.8216161707,LOW,LOW,STABLE,0.25,False,False,False,Прогноз спроса: 0 шт. Свободный остаток: 6 шт. В пути: 0 шт. Страховой запас: 0 шт. MOQ: 1 шт.
IEK,010400929_,Реле напряжения РН-д однофазное 36мм 25А IEK,0.6402167228905358,10.0,5.0,15.0,0.3201083614452679,1.0,0.0,0,0.0,14.359783277109464,23.429566057375073,LOW,LOW,STABLE,0.25,True,False,False,Прогноз спроса: 1 шт. Свободный остаток: 10 шт. В пути: 5 шт. Страховой запас: 0 шт. MOQ: 1 шт. Есть сигнал предыдущего stockout.
IEK,130300605_," ЗВИ  10 ПВХ (2,5-6мм ² 10А) 12 пар (2 шт/блистер) IEK (50)",0.0,0.0,0.0,0.0,0.0,,0.0,0,0.0,0.0,inf,LOW,LOW,STABLE,0.25,True,False,False,Прогноз спроса: 0 шт. Свободный остаток: 0 шт. В пути: 0 шт. Страховой запас: 0 шт. Есть сигнал предыдущего stockout.
IEK,250200002_, ЩМП- 1 IP 54 (395х310х220) IEK,2.3004636700389787,9.0,0.0,9.0,0.38340579025361793,1.0,0.0,0,0.0,6.699536329961021,3.9122547846397877,LOW,LOW,GROWING,0.4514563106796116,False,False,False,Прогноз спроса: 2 шт. Свободный остаток: 9 шт. В пути: 0 шт. Страховой запас: 0 шт. MOQ: 1 шт. Наблюдается рост спроса.
IEK,010400865_,Реле напряжения РН-д 1ф 36мм 32А IEK NEW,5.524545187375229,42.0,7.0,49.0,1.317352142240892,1.0,0.0,0,0.0,43.47545481262477,8.86950840984621,LOW,LOW,GROWING,0.4366197183098591,False,False,False,Прогноз спроса: 6 шт. Свободный остаток: 42 шт. В пути: 7 шт. Страховой запас: 1 шт. MOQ: 1 шт. Наблюдается рост спроса.
IEK,130200441_,Комплект щупов щупов и крокодилов TL30 IEK ARMA2L 5 IEK (200) NEW,1.147230270025192,0.0,8.0,8.0,0.4824417063231582,1.0,0.0,0,0.0,6.852769729974808,6.973316699379217,LOW,LOW,GROWING,0.6631016042780749,True,False,False,Прогноз спроса: 1 шт. Свободный остаток: 0 шт. В пути: 8 шт. Страховой запас: 0 шт. MOQ: 1 шт. Есть сигнал предыдущего stockout. Наблюдается рост спроса.
IEK,080800134_,"Светодиодная лента ""Сделай сам"" LED 5м LSR-5050RGB60-14,4-IP20-12В+драйвер+контр IEK",7.20151564271215e-07,1.0,0.0,1.0,0.0,1.0,0.0,0,0.0,0.9999992798484357,1388596.5810710809,LOW,LOW,STABLE,2.2142857142857144,False,False,False,Прогноз спроса: 0 шт. Свободный остаток: 1 шт. В пути: 0 шт. Страховой запас: 0 шт. MOQ: 1 шт.
IEK,010400927_,Реле напряжения и тока РНТ-д однофазное 54мм 40А IEK,5.055512060553889,0.0,8.0,8.0,1.2407323106402388,1.0,0.0,0,0.0,2.9444879394461108,1.5824311967170954,LOW,LOW,GROWING,0.25,False,False,False,Прогноз спроса: 5 шт. Свободный остаток: 0 шт. В пути: 8 шт. Страховой запас: 1 шт. MOQ: 1 шт. Наблюдается рост спроса.
IEK,030200489_,"Выкл 2-кл. с инд. 10А б/рамки ""BRITE"" черный (1/100)",14.899358284564645,65.0,0.0,65.0,6.276623296008763,1.0,0.0,0,0.0,50.10064171543536,4.362603996665973,LOW,LOW,GROWING,0.25,False,False,False,Прогноз спроса: 15 шт. Свободный остаток: 65 шт. В пути: 0 шт. Страховой запас: 6 шт. MOQ: 1 шт. Наблюдается рост спроса.
IEK,280300748_,Уголок крепежный одинарный для STRUT-профиля EZ IEK,0.3406170535950427,278.0,0.0,278.0,0.17030852679752134,20.0,0.0,0,0.0,277.65938294640495,816.1658292379932,LOW,LOW,STABLE,0.25,False,False,False,Прогноз спроса: 0 шт. Свободный остаток: 278 шт. В пути: 0 шт. Страховой запас: 0 шт. MOQ: 20 шт.
IEK,080800138_,"Светодиодная лента ""Неон"" LED 5м LSR5-2835W120-8-IP65-220В-6500K+драйвер IEK",0.03416286870779648,1.0,0.0,1.0,0.01708143435389824,1.0,0.0,0,0.0,0.9658371312922035,29.271546501356454,LOW,LOW,DECLINING,0.25,True,False,False,Прогноз спроса: 0 шт. Свободный остаток: 1 шт. В пути: 0 шт. Страховой запас: 0 шт. MOQ: 1 шт. Есть сигнал предыдущего stockout. Наблюдается снижение спроса.
IEK,151000082_,НПП 1401-60  бел/овал IP54 IEK(12) ,0.19482297858857467,16.0,0.0,16.0,0.09741148929428733,1.0,0.0,0,0.0,15.805177021411426,82.1258360585311,LOW,LOW,STABLE,0.25,False,False,False,Прогноз спроса: 0 шт. Свободный остаток: 16 шт. В пути: 0 шт. Страховой запас: 0 шт. MOQ: 1 шт.
IEK,280100352_,Угол внутренний КМВ 40х25 дуб ЭЛЕКОР IEK (4шт/компл) ,0.0,0.0,0.0,0.0,0.0,,0.0,0,0.0,0.0,inf,LOW,LOW,DECLINING,0.25,True,False,False,Прогноз спроса: 0 шт. Свободный остаток: 0 шт. В пути: 0 шт. Страховой запас: 0 шт. Есть сигнал предыдущего stockout. Наблюдается снижение спроса.
IEK,240300053_,"Маркер МК0-1,5мм символ ""7"" 1000шт\ролл IEK",1.7946043024783054,6.0,0.0,6.0,0.40916581805750385,1.0,0.0,0,0.0,4.205395697521695,3.3433554080496433,LOW,LOW,GROWING,1.107142857142857,False,False,False,Прогноз спроса: 2 шт. Свободный остаток: 6 шт. В пути: 0 шт. Страховой запас: 0 шт. MOQ: 1 шт. Наблюдается рост спроса.
IEK,030200485_,"Роз. с з/к без з/ш 16А б/рамки ""BRITE"" черный (1/100)",2327.7873449457484,7142.0,0.0,7142.0,65.82795837762822,1.0,0.0,0,0.0,4814.212655054252,3.0681496810725433,LOW,LOW,STABLE,1.2278187636477362,False,True,False,Прогноз спроса: 2328 шт. Свободный остаток: 7142 шт. В пути: 0 шт. Страховой запас: 66 шт. MOQ: 1 шт. В истории обнаружена аномальная продажа.
IEK,010400867_,Реле напряжения РН-д однофазное 36мм 40А IEK,6.890479734299184,28.0,0.0,28.0,2.838382755490645,1.0,0.0,0,0.0,21.109520265700816,4.063577730389743,LOW,LOW,GROWING,0.25,False,False,False,Прогноз спроса: 7 шт. Свободный остаток: 28 шт. В пути: 0 шт. Страховой запас: 3 шт. MOQ: 1 шт. Наблюдается рост спроса.
IEK,030201105_," Рамка 2-мест. ""BRITE""  стекло бел. RE  IEK  (1/100)",0.4434277310183541,63.0,0.0,63.0,0.22171386550917704,1.0,0.0,0,0.0,62.55657226898165,142.0750115364173,LOW,LOW,STABLE,1.313559322033898,False,False,False,Прогноз спроса: 0 шт. Свободный остаток: 63 шт. В пути: 0 шт. Страховой запас: 0 шт. MOQ: 1 шт.
IEK,130300606_,Кронштейн анкерный КАБ-200 IEK !!!,0.027539319488436746,450.0,0.0,450.0,0.0,,0.0,0,0.0,449.9724606805116,16340.273048102976,LOW,LOW,STABLE,4.0,False,False,False,Прогноз спроса: 0 шт. Свободный остаток: 450 шт. В пути: 0 шт. Страховой запас: 0 шт.
IEK,030200758_,"Рамка 5-мест. ""BRITE"" черный (1/100)",5.432535050275271,32.0,0.0,32.0,2.7162675251376354,1.0,0.0,0,0.0,26.56746494972473,5.890435994219409,LOW,LOW,STABLE,1.4271099744245526,False,False,False,Прогноз спроса: 5 шт. Свободный остаток: 32 шт. В пути: 0 шт. Страховой запас: 3 шт. MOQ: 1 шт.
IEK,270300282_,Фильтр c защитным кожухом 125x125мм для вент-ра 55м3/час IEK (24) NEW,0.13761972621834426,3.0,0.0,3.0,0.06880986310917213,1.0,0.0,0,0.0,2.862380273781656,21.799200466655993,LOW,LOW,STABLE,1.6607142857142858,False,False,False,Прогноз спроса: 0 шт. Свободный остаток: 3 шт. В пути: 0 шт. Страховой запас: 0 шт. MOQ: 1 шт.
IEK,CKK10-025-025-1-K01-,Кабель-канал 25х25 белый ЭЛЕКОР IEK (за штуку) (32),0.0,0.0,0.0,0.0,0.0,,0.0,0,0.0,0.0,inf,LOW,LOW,STABLE,0.25,True,False,False,Прогноз спроса: 0 шт. Свободный остаток: 0 шт. В пути: 0 шт. Страховой запас: 0 шт. Есть сигнал предыдущего stockout.
IEK,010400925_,Реле напряжения и тока РНТ-д однофазное 36мм 25А IEK,4.883155786728948,8.0,11.0,19.0,1.000208311636464,1.0,0.0,0,0.0,14.116844213271051,3.8909264479410397,LOW,LOW,GROWING,0.25,False,True,False,Прогноз спроса: 5 шт. Свободный остаток: 8 шт. В пути: 11 шт. Страховой запас: 1 шт. MOQ: 1 шт. В истории обнаружена аномальная продажа. Наблюдается рост спроса.
IEK,030201104_," Рамка 2-мест. ""BRITE""  стекло маренго матовый  IEK  (1/100)",0.0,15.0,0.0,15.0,0.0,1.0,0.0,0,0.0,15.0,inf,LOW,LOW,STABLE,0.25,False,False,False,Прогноз спроса: 0 шт. Свободный остаток: 15 шт. В пути: 0 шт. Страховой запас: 0 шт. MOQ: 1 шт.
IEK,270300278_,Обогреватель на DIN-рейку ОДР (вент.+терм.) 900Вт IP20 IEK (12) NEW,0.01623700732778651,2.0,0.0,2.0,0.008118503663893255,1.0,0.0,0,0.0,1.9837629926722136,123.17540785840413,LOW,LOW,STABLE,0.25,True,False,False,Прогноз спроса: 0 шт. Свободный остаток: 2 шт. В пути: 0 шт. Страховой запас: 0 шт. MOQ: 1 шт. Есть сигнал предыдущего stockout.
IEK,270300281_,Фильтр c защитным кожухом 97x97мм для вент-ра 21 м3/час IEK (20) NEW,0.13574866497356405,8.0,0.0,8.0,0.06787433248678203,1.0,0.0,0,0.0,7.864251335026436,58.93243960489729,LOW,LOW,STABLE,0.25,False,False,False,Прогноз спроса: 0 шт. Свободный остаток: 8 шт. В пути: 0 шт. Страховой запас: 0 шт. MOQ: 1 шт.
IEK,CLM50D-PPP-300-25,"Профиль перфорированный П-образный 3000-2,5 IEK",0.0,0.0,0.0,0.0,0.0,,0.0,0,0.0,0.0,inf,LOW,LOW,STABLE,1.0,True,False,False,Прогноз спроса: 0 шт. Свободный остаток: 0 шт. В пути: 0 шт. Страховой запас: 0 шт. Есть сигнал предыдущего stockout.
IEK,250200006_, ЩМП- 3 IP 31 (650х500х220) IEK,4.765416888771524,23.0,10.0,33.0,1.4288690166235203,1.0,0.0,0,0.0,28.234583111228474,6.924892568739576,LOW,LOW,GROWING,0.9853300733496332,False,False,False,Прогноз спроса: 5 шт. Свободный остаток: 23 шт. В пути: 10 шт. Страховой запас: 1 шт. MOQ: 1 шт. Наблюдается рост спроса.
IEK,030200767_,"Роз. USB A+C 18Вт б/рамки ""BRITE"" сталь (1/80)",6.363431597213778e-05,2.0,0.0,2.0,0.0,1.0,0.0,0,0.0,1.9999363656840279,31429.58275650669,LOW,LOW,STABLE,0.25,False,False,False,Прогноз спроса: 0 шт. Свободный остаток: 2 шт. В пути: 0 шт. Страховой запас: 0 шт. MOQ: 1 шт.
IEK,130200438_,Токоизмерительные клещи CM2C IEK ARMA2L 5 IEK (60) NEW,0.2176746035097326,5.0,0.0,5.0,0.1088373017548663,1.0,0.0,0,0.0,4.782325396490267,22.97006595799974,LOW,LOW,STABLE,0.2743362831858407,False,False,False,Прогноз спроса: 0 шт. Свободный остаток: 5 шт. В пути: 0 шт. Страховой запас: 0 шт. MOQ: 1 шт.
IEK,150101205_,Светильник уличный 5110 потолочный GU10 IP65 серый IEK,0.0,0.0,0.0,0.0,0.0,1.0,0.0,0,0.0,0.0,inf,LOW,LOW,STABLE,1.0,True,False,False,Прогноз спроса: 0 шт. Свободный остаток: 0 шт. В пути: 0 шт. Страховой запас: 0 шт. MOQ: 1 шт. Есть сигнал предыдущего stockout.
IEK,030201106_," Рамка 2-мест. ""BRITE""  стекло черн. RE  IEK  (1/100)",0.0,27.0,0.0,27.0,0.0,1.0,0.0,0,0.0,27.0,inf,LOW,LOW,DECLINING,0.6623931623931624,False,False,False,Прогноз спроса: 0 шт. Свободный остаток: 27 шт. В пути: 0 шт. Страховой запас: 0 шт. MOQ: 1 шт. Наблюдается снижение спроса.
IEK,130200440_,Лента с магнитом для мультиметров  MT10  ARMA2L 5 IEK (200) NEW,0.0,1.0,0.0,1.0,0.0,1.0,0.0,0,0.0,1.0,inf,LOW,LOW,STABLE,3.1,False,False,False,Прогноз спроса: 0 шт. Свободный остаток: 1 шт. В пути: 0 шт. Страховой запас: 0 шт. MOQ: 1 шт.
IEK,280300747_,Уголок крепежный двойной усиленный для STRUT-профиля EZ IEK,0.0,85.0,0.0,85.0,0.0,4.0,0.0,0,0.0,85.0,inf,LOW,LOW,STABLE,1.0,False,False,False,Прогноз спроса: 0 шт. Свободный остаток: 85 шт. В пути: 0 шт. Страховой запас: 0 шт. MOQ: 4 шт.
IEK,130300765_,"Датчик движения МВ 401 белый, 1200 Вт, 360гр. дальность 8 м IP20 IEK (100)",0.7073573953206135,16.0,0.0,16.0,0.14641550464346179,1.0,0.0,0,0.0,15.292642604679386,22.61940018701284,LOW,LOW,DECLINING,3.024390243902439,False,False,False,Прогноз спроса: 1 шт. Свободный остаток: 16 шт. В пути: 0 шт. Страховой запас: 0 шт. MOQ: 1 шт. Наблюдается снижение спроса.
IEK,030200488_,"Выкл 2-кл. 10А б/рамки ""BRITE"" черный (1/100)",406.05651165864407,1500.0,0.0,1500.0,26.667764560732547,1.0,0.0,0,0.0,1093.943488341356,3.6940670988697053,LOW,LOW,STABLE,1.1891186639702525,False,False,False,Прогноз спроса: 406 шт. Свободный остаток: 1500 шт. В пути: 0 шт. Страховой запас: 27 шт. MOQ: 1 шт.
IEK,130300742_,"Кнопка APВВ-22N ""I-O"" d22мм неон/240В 1з+1р IEK E-PRO",0.0,0.0,0.0,0.0,0.0,,0.0,0,0.0,0.0,inf,LOW,LOW,STABLE,0.25,True,False,False,Прогноз спроса: 0 шт. Свободный остаток: 0 шт. В пути: 0 шт. Страховой запас: 0 шт. Есть сигнал предыдущего stockout.
IEK,280100351_,Угол внутренний КМВ 40х16 дуб ЭЛЕКОР IEK (4шт/компл) ,1.8232798372188378e-05,17.0,0.0,17.0,9.116399186094189e-06,,0.0,0,0.0,16.99998176720163,932385.6740461277,LOW,LOW,STABLE,4.0,False,False,False,Прогноз спроса: 0 шт. Свободный остаток: 17 шт. В пути: 0 шт. Страховой запас: 0 шт.
IEK,030200482_,"Рамка 3-мест. ""BRITE"" графит (1/100)",57.23025523392668,251.0,0.0,251.0,11.38961881129768,1.0,0.0,0,0.0,193.76974476607333,4.3857920775304295,LOW,LOW,DECLINING,0.9979096989966556,False,False,False,Прогноз спроса: 57 шт. Свободный остаток: 251 шт. В пути: 0 шт. Страховой запас: 11 шт. MOQ: 1 шт. Наблюдается снижение спроса.
IEK,CKK10-025-016-1-K34_,Кабель-канал 25х16 сосна ЭЛЕКОР IEK (за штуку) (50),0.0,0.0,0.0,0.0,0.0,50.0,0.0,0,0.0,0.0,inf,LOW,LOW,STABLE,0.25,True,False,False,Прогноз спроса: 0 шт. Свободный остаток: 0 шт. В пути: 0 шт. Страховой запас: 0 шт. MOQ: 50 шт. Есть сигнал предыдущего stockout.
IEK,280100354_,Заглушка КМЗ 25х16 дуб ЭЛЕКОР IEK (4шт/компл)  ,0.0,0.0,0.0,0.0,0.0,,0.0,0,0.0,0.0,inf,LOW,LOW,STABLE,0.25,True,False,False,Прогноз спроса: 0 шт. Свободный остаток: 0 шт. В пути: 0 шт. Страховой запас: 0 шт. Есть сигнал предыдущего stockout.
IEK,251400077_,ЩРВ  48 (1х48мод) 755х365х130 IP31 TITAN 5 IEK,0.004297085168936691,2.0,0.0,2.0,0.0021485425844683455,1.0,0.0,0,0.0,1.9957029148310632,465.43178023508847,LOW,LOW,STABLE,3.875,False,False,False,Прогноз спроса: 0 шт. Свободный остаток: 2 шт. В пути: 0 шт. Страховой запас: 0 шт. MOQ: 1 шт.
IEK,130300042_, ЗНИ  6мм ²  серый IEK (20),0.0,0.0,0.0,0.0,0.0,,0.0,0,0.0,0.0,inf,LOW,LOW,STABLE,0.25,True,False,False,Прогноз спроса: 0 шт. Свободный остаток: 0 шт. В пути: 0 шт. Страховой запас: 0 шт. Есть сигнал предыдущего stockout.
IEK,030201138_," Рамка 4-мест. ""BRITE""  металл алюм. RE  IEK  (1/50)",2.568178833901984e-07,7.0,0.0,7.0,0.0,1.0,0.0,0,0.0,6.999999743182117,27256668.84094863,LOW,LOW,STABLE,1.0,False,False,False,Прогноз спроса: 0 шт. Свободный остаток: 7 шт. В пути: 0 шт. Страховой запас: 0 шт. MOQ: 1 шт.
IEK,280100133_,"Розетка телеф RJ-11 кат.3, 1 модуль РКФ-10-00-П ПРАЙМЕР (100)",0.0,6.0,0.0,6.0,0.0,10.0,0.0,0,0.0,6.0,inf,LOW,LOW,STABLE,0.25,False,False,False,Прогноз спроса: 0 шт. Свободный остаток: 6 шт. В пути: 0 шт. Страховой запас: 0 шт. MOQ: 10 шт.
IEK,311101224_,Батарейка щелочная Alkaline LR03/AAA (2шт/блистер) IEK,0.0,0.0,0.0,0.0,0.0,,0.0,0,0.0,0.0,inf,LOW,LOW,STABLE,0.25,True,False,False,Прогноз спроса: 0 шт. Свободный остаток: 0 шт. В пути: 0 шт. Страховой запас: 0 шт. Есть сигнал предыдущего stockout.
IEK,010300021_, УЗО ВД1-63 (4ф) 63А 30мА IEK  (1/24),18.05885080660295,42.0,0.0,42.0,2.7507120290329676,1.0,0.0,0,0.0,23.94114919339705,2.3257293860937884,LOW,LOW,DECLINING,0.3961661341853035,False,True,False,Прогноз спроса: 18 шт. Свободный остаток: 42 шт. В пути: 0 шт. Страховой запас: 3 шт. MOQ: 1 шт. В истории обнаружена аномальная продажа. Наблюдается снижение спроса.
IEK,030200525_,"Роз. с з/к без з/ш 16А б/рамки ""BRITE""  шампань (1/100)",104.03114516516203,180.0,0.0,180.0,39.80558273240913,1.0,0.0,0,0.0,75.96885483483797,1.7302510677377263,LOW,LOW,DECLINING,1.2550607287449391,False,False,False,Прогноз спроса: 104 шт. Свободный остаток: 180 шт. В пути: 0 шт. Страховой запас: 40 шт. MOQ: 1 шт. Наблюдается снижение спроса.
IEK,200400028_,I29 роз 2-я з/к о/у дымчатый IP54 ГЕРМЕС IEK РСб22-3-ГПБд  (5/50) ,217.73581064253995,463.0,100.0,563.0,57.31745589259868,5.0,0.0,0,0.0,345.26418935746005,2.5857023625952156,LOW,LOW,GROWING,1.2438205358997438,False,False,False,Прогноз спроса: 218 шт. Свободный остаток: 463 шт. В пути: 100 шт. Страховой запас: 57 шт. MOQ: 5 шт. Наблюдается рост спроса.
IEK,240100053_," Хомут 3,6х200 черные IEK (100)",592.7194985992361,1574.0,800.0,2374.0,10.566097513589883,20.0,0.0,0,0.0,1781.280501400764,4.0052672564517176,LOW,LOW,STABLE,1.4222314737718569,False,True,False,Прогноз спроса: 593 шт. Свободный остаток: 1574 шт. В пути: 800 шт. Страховой запас: 11 шт. MOQ: 20 шт. В истории обнаружена аномальная продажа.
IEK,280100009_,Кабель-канал 40х16 белый ЭЛЕКОР IEK (30),14.80870536635351,158.0,0.0,158.0,7.404352683176755,30.0,0.0,0,0.0,143.1912946336465,10.669399930056537,LOW,LOW,STABLE,0.25,False,False,False,Прогноз спроса: 15 шт. Свободный остаток: 158 шт. В пути: 0 шт. Страховой запас: 7 шт. MOQ: 30 шт.
IEK,130300231_,ЗНИ  4мм ² (35А) синий  IEK (60),0.0,0.0,0.0,0.0,0.0,,0.0,0,0.0,0.0,inf,LOW,LOW,STABLE,0.25,True,False,False,Прогноз спроса: 0 шт. Свободный остаток: 0 шт. В пути: 0 шт. Страховой запас: 0 шт. Есть сигнал предыдущего stockout.
IEK,290100138_,У04К (4места/3метра) чер. IEK,1.133945580797595,4.0,2.0,6.0,0.41041137898454877,1.0,0.0,0,0.0,4.8660544192024044,5.291259211733704,LOW,LOW,STABLE,0.5486725663716814,False,True,False,Прогноз спроса: 1 шт. Свободный остаток: 4 шт. В пути: 2 шт. Страховой запас: 0 шт. MOQ: 1 шт. В истории обнаружена аномальная продажа.
IEK,030201470_, Выключатель 2-кл. о/у белый IP55 TORS IEK (1/60),0.12562973417184647,51.0,0.0,51.0,0.06281486708592324,1.0,0.0,0,0.0,50.874370265828155,405.9548508654654,LOW,LOW,STABLE,0.25,False,False,False,Прогноз спроса: 0 шт. Свободный остаток: 51 шт. В пути: 0 шт. Страховой запас: 0 шт. MOQ: 1 шт.
IEK,030200561_,"Рамка 3-мест. ""BRITE"" маренго (1/100)",1.9019467757939195,23.0,0.0,23.0,0.9509733878969597,,0.0,0,0.0,21.09805322420608,12.092872572840127,LOW,LOW,STABLE,0.8973684210526316,False,False,False,Прогноз спроса: 2 шт. Свободный остаток: 23 шт. В пути: 0 шт. Страховой запас: 1 шт.
IEK,010300020_, УЗО ВД1-63 (4ф) 32А 30мА IEK  (1/24),12.155579185958564,32.0,0.0,32.0,2.915032875743713,1.0,0.0,0,0.0,19.844420814041435,2.632536015804544,LOW,LOW,GROWING,0.7469879518072289,False,False,False,Прогноз спроса: 12 шт. Свободный остаток: 32 шт. В пути: 0 шт. Страховой запас: 3 шт. MOQ: 1 шт. Наблюдается рост спроса.
IEK,030200527_,"Роз. без з/к 10А б/рамки ""BRITE"" алюминий (1/100)",3.064815474841669,92.0,0.0,92.0,1.5324077374208345,1.0,0.0,0,0.0,88.93518452515833,30.018120423629355,LOW,LOW,DECLINING,0.25,False,False,False,Прогноз спроса: 3 шт. Свободный остаток: 92 шт. В пути: 0 шт. Страховой запас: 2 шт. MOQ: 1 шт. Наблюдается снижение спроса.
IEK,030200562_,"Рамка 4-мест. ""BRITE"" маренго (1/100)",0.48497645504327663,45.0,0.0,45.0,0.19170289512680655,,0.0,0,0.0,44.515023544956726,92.78800966942704,LOW,LOW,STABLE,0.5794392523364486,False,False,False,Прогноз спроса: 0 шт. Свободный остаток: 45 шт. В пути: 0 шт. Страховой запас: 0 шт.
IEK,030201140_," Рамка 4-мест. ""BRITE""  металл черн. RE AL  IEK  (1/50)",4.32982607591491e-05,2.0,0.0,2.0,2.164913037957455e-05,1.0,0.0,0,0.0,1.9999567017392408,46191.2318170284,LOW,LOW,STABLE,0.25,False,False,False,Прогноз спроса: 0 шт. Свободный остаток: 2 шт. В пути: 0 шт. Страховой запас: 0 шт. MOQ: 1 шт.
IEK,200400027_,I28 роз з/к о/у дымчатый IP54 ГЕРМЕС IEK РСб20-3-ГПБд  (10/100) ,255.32372711826127,410.0,250.0,660.0,49.471533270828246,10.0,0.0,0,0.0,404.6762728817387,2.58495364864504,LOW,LOW,DECLINING,1.2989524576954068,False,True,False,Прогноз спроса: 255 шт. Свободный остаток: 410 шт. В пути: 250 шт. Страховой запас: 49 шт. MOQ: 10 шт. В истории обнаружена аномальная продажа. Наблюдается снижение спроса.
IEK,030201472_, Розетка 2-я  о/у з/к с крышкой горизонтальная белый IP55 TORS IEK (1/40),0.12629876611910215,108.0,0.0,108.0,0.06314938305955108,1.0,0.0,0,0.0,107.8737012338809,855.1152423623358,LOW,LOW,STABLE,0.25,False,False,False,Прогноз спроса: 0 шт. Свободный остаток: 108 шт. В пути: 0 шт. Страховой запас: 0 шт. MOQ: 1 шт.
IEK,030200563_,"Выкл 2-кл. прох. 10А б/рамки ""BRITE"" маренго (1/100)",0.21619272775824358,95.0,0.0,95.0,0.0,,0.0,0,0.0,94.78380727224176,439.4227363014415,LOW,LOW,STABLE,2.339622641509434,False,False,False,Прогноз спроса: 0 шт. Свободный остаток: 95 шт. В пути: 0 шт. Страховой запас: 0 шт.
IEK,130300247_,Таймер ТО47 освещения 16 230В на DIN-рейку IEK !!! (200),0.0,0.0,0.0,0.0,0.0,,0.0,0,0.0,0.0,inf,LOW,LOW,STABLE,0.25,True,False,False,Прогноз спроса: 0 шт. Свободный остаток: 0 шт. В пути: 0 шт. Страховой запас: 0 шт. Есть сигнал предыдущего stockout.
IEK,010300024_, УЗО ВД1-63 (4ф) 50А 30мА IEK  (1/24),0.2257074836733355,3.0,0.0,3.0,0.11285374183666776,1.0,0.0,0,0.0,2.7742925163266645,13.291539789357955,LOW,LOW,STABLE,0.5740740740740741,False,False,False,Прогноз спроса: 0 шт. Свободный остаток: 3 шт. В пути: 0 шт. Страховой запас: 0 шт. MOQ: 1 шт.
IEK,280100134_,Соединитель на стык боковой высотой 40 мм.  ПРАЙМЕР (1440),53.641688401100794,274.0,0.0,274.0,9.930228471691901,40.0,0.0,0,0.0,220.3583115988992,5.1079674813960025,LOW,LOW,GROWING,1.7217752400726705,False,False,False,Прогноз спроса: 54 шт. Свободный остаток: 274 шт. В пути: 0 шт. Страховой запас: 10 шт. MOQ: 40 шт. Наблюдается рост спроса.
IEK,200400026_,I25 роз. 2-я о/у з/к 16А ОКТАВА РС 22-3-0-ОБ (18/216),299.06248884504515,677.0,720.0,1397.0,35.983747778221876,18.0,0.0,0,0.0,1097.9375111549548,4.671264542053066,LOW,LOW,STABLE,0.940622547737379,False,True,False,Прогноз спроса: 299 шт. Свободный остаток: 677 шт. В пути: 720 шт. Страховой запас: 36 шт. MOQ: 18 шт. В истории обнаружена аномальная продажа.
IEK,240100090_,Дюбель-хомут 19-25мм нейлон бел. IEK (100) ,0.0,0.0,0.0,0.0,0.0,,0.0,0,0.0,0.0,inf,LOW,LOW,STABLE,0.5535714285714286,True,False,False,Прогноз спроса: 0 шт. Свободный остаток: 0 шт. В пути: 0 шт. Страховой запас: 0 шт. Есть сигнал предыдущего stockout.
IEK,030201137_," Рамка 4-мест. ""BRITE""  металл черн. RE  IEK  (1/50)",0.0,6.0,0.0,6.0,0.0,1.0,0.0,0,0.0,6.0,inf,LOW,LOW,STABLE,0.25,False,False,False,Прогноз спроса: 0 шт. Свободный остаток: 6 шт. В пути: 0 шт. Страховой запас: 0 шт. MOQ: 1 шт.
IEK,280100007_,Кабель-канал 25х16 белый ЭЛЕКОР IEK (50),643.5757680404005,2024.0,500.0,2524.0,89.7580214614089,50.0,0.0,0,0.0,1880.4242319595996,3.921838150751437,LOW,LOW,STABLE,1.190930363437102,False,True,False,Прогноз спроса: 644 шт. Свободный остаток: 2024 шт. В пути: 500 шт. Страховой запас: 90 шт. MOQ: 50 шт. В истории обнаружена аномальная продажа.
IEK,130300233_, ЗНИ 10мм ² (70А) синий  IEK (40),2.7794116480865807e-07,6.0,0.0,6.0,0.0,,0.0,0,0.0,5.999999722058835,21587302.493067395,LOW,LOW,STABLE,1.0,False,False,False,Прогноз спроса: 0 шт. Свободный остаток: 6 шт. В пути: 0 шт. Страховой запас: 0 шт.
IEK,010300023_, УЗО ВД1-63 (4ф) 40А 30мА IEK  (1/24),9.662494415179891,44.0,0.0,44.0,1.8966857058212534,1.0,0.0,0,0.0,34.33750558482011,4.5536895660064225,LOW,LOW,GROWING,0.8324074074074075,False,False,False,Прогноз спроса: 10 шт. Свободный остаток: 44 шт. В пути: 0 шт. Страховой запас: 2 шт. MOQ: 1 шт. Наблюдается рост спроса.
IEK,030201471_, Розетка 1-я о/у з/к c крышкой  белый IP55 TORS IEK (1/60),0.0,19.0,50.0,69.0,0.0,1.0,0.0,0,0.0,69.0,inf,LOW,LOW,STABLE,1.0,False,True,False,Прогноз спроса: 0 шт. Свободный остаток: 19 шт. В пути: 50 шт. Страховой запас: 0 шт. MOQ: 1 шт. В истории обнаружена аномальная продажа.
IEK,240100054_," Хомут 3,6х300 черные IEK (100)",625.5309001192884,1449.0,600.0,2049.0,88.76414488219137,20.0,0.0,0,0.0,1423.4690998807116,3.2756175587956675,LOW,LOW,GROWING,0.8716219817706945,False,False,False,Прогноз спроса: 626 шт. Свободный остаток: 1449 шт. В пути: 600 шт. Страховой запас: 89 шт. MOQ: 20 шт. Наблюдается рост спроса.
IEK,200400029_,I26 выкл 1кл о/у белый IP54 ГЕРМЕС IEK ВС20-1-0-ГПБ  (10/100) ,79.43287640987072,170.0,0.0,170.0,22.16359627858254,10.0,0.0,0,0.0,90.56712359012928,2.140171773747765,LOW,LOW,GROWING,1.4465881011214596,False,False,False,Прогноз спроса: 79 шт. Свободный остаток: 170 шт. В пути: 0 шт. Страховой запас: 22 шт. MOQ: 10 шт. Наблюдается рост спроса.
IEK,240100052_," Хомут 3,6х150мм черные (100) IEK",122.84086321374203,537.0,0.0,537.0,14.652283667287701,20.0,0.0,0,0.0,414.159136786258,4.3715094957092955,LOW,LOW,GROWING,0.6891232845639106,False,False,False,Прогноз спроса: 123 шт. Свободный остаток: 537 шт. В пути: 0 шт. Страховой запас: 15 шт. MOQ: 20 шт. Наблюдается рост спроса.
IEK,240100028_," Хомут 2,5х100 IEK (100)",23.045766917826356,132.0,0.0,132.0,4.528973853608106,20.0,0.0,0,0.0,108.95423308217364,5.727733013644922,LOW,LOW,GROWING,0.8209813180045166,False,False,False,Прогноз спроса: 23 шт. Свободный остаток: 132 шт. В пути: 0 шт. Страховой запас: 5 шт. MOQ: 20 шт. Наблюдается рост спроса.
IEK,290100140_,У05 (5мест/3метра) чер. IEK,0.24590856642598008,8.0,0.0,8.0,0.12295428321299004,1.0,0.0,0,0.0,7.75409143357402,32.532416890844864,LOW,LOW,STABLE,0.3039215686274509,False,False,False,Прогноз спроса: 0 шт. Свободный остаток: 8 шт. В пути: 0 шт. Страховой запас: 0 шт. MOQ: 1 шт.
IEK,030201468_, Выключатель кнопочный о/у графит IP55 TORS IEK (1/60),0.6278773707232022,53.0,0.0,53.0,0.3139386853616011,1.0,0.0,0,0.0,52.372122629276795,84.41138743215654,LOW,LOW,STABLE,0.25,False,False,False,Прогноз спроса: 1 шт. Свободный остаток: 53 шт. В пути: 0 шт. Страховой запас: 0 шт. MOQ: 1 шт.
IEK,030200529_,"Роз. 2-я TV+RJ45 кат.5E б/рамки ""BRITE"" алюминий (1/100)",0.0,4.0,0.0,4.0,0.0,1.0,0.0,0,0.0,4.0,inf,LOW,LOW,STABLE,0.25,False,False,False,Прогноз спроса: 0 шт. Свободный остаток: 4 шт. В пути: 0 шт. Страховой запас: 0 шт. MOQ: 1 шт.
IEK,010300017_, УЗО ВД1 63 (2ф) 40А 30мА  IEK  (1/48),64.24778106869374,84.0,0.0,84.0,5.359020821630253,1.0,0.0,0,0.0,19.75221893130626,1.3074381496566734,LOW,LOW,GROWING,0.7090363704536933,False,True,False,Прогноз спроса: 64 шт. Свободный остаток: 84 шт. В пути: 0 шт. Страховой запас: 5 шт. MOQ: 1 шт. В истории обнаружена аномальная продажа. Наблюдается рост спроса.
IEK,280100012_,Кабель-канал 60х40 белый ЭЛЕКОР IEK (18),176.56730021747944,374.0,540.0,914.0,37.81150287941489,18.0,0.0,0,0.0,737.4326997825206,5.176496434357995,LOW,LOW,STABLE,0.6736221038998417,False,True,False,Прогноз спроса: 177 шт. Свободный остаток: 374 шт. В пути: 540 шт. Страховой запас: 38 шт. MOQ: 18 шт. В истории обнаружена аномальная продажа.
IEK,130300221_,"Фотореле ФР 602 серый, 5500 Вт IP44 (120)",32.61510485708368,26.0,20.0,46.0,8.375659178038878,20.0,0.0,0,0.0,13.38489514291632,1.4103894560991808,LOW,LOW,GROWING,0.9325522482583912,False,False,False,Прогноз спроса: 33 шт. Свободный остаток: 26 шт. В пути: 20 шт. Страховой запас: 8 шт. MOQ: 20 шт. Наблюдается рост спроса.
IEK,030201142_," Рамка 4-мест. ""BRITE""  металл шамп. RE AL  IEK  (1/50)",0.0,6.0,0.0,6.0,0.0,1.0,0.0,0,0.0,6.0,inf,LOW,LOW,STABLE,0.25,False,False,False,Прогноз спроса: 0 шт. Свободный остаток: 6 шт. В пути: 0 шт. Страховой запас: 0 шт. MOQ: 1 шт.
IEK,311101219_,Аккумулятор GREEN Ni-MH AA 2700мАч (2шт/блистер) IEK,0.0,0.0,0.0,0.0,0.0,,0.0,0,0.0,0.0,inf,LOW,LOW,STABLE,0.25,True,False,False,Прогноз спроса: 0 шт. Свободный остаток: 0 шт. В пути: 0 шт. Страховой запас: 0 шт. Есть сигнал предыдущего stockout.
IEK,240100027_,"Хомут 4,8х300 IEK (100)",14.801646163769728,54.0,0.0,54.0,7.400823081884864,10.0,0.0,0,0.0,39.19835383623027,3.6482428645117073,LOW,LOW,DECLINING,0.9555555555555556,False,False,False,Прогноз спроса: 15 шт. Свободный остаток: 54 шт. В пути: 0 шт. Страховой запас: 7 шт. MOQ: 10 шт. Наблюдается снижение спроса.
IEK,030200530_,"Роз. без з/к 10А б/рамки ""BRITE"" сталь (1/100)",44.42398941970339,153.0,0.0,153.0,6.646929115513921,1.0,0.0,0,0.0,108.57601058029661,3.444085099032998,LOW,LOW,DECLINING,1.8676403468735736,False,False,False,Прогноз спроса: 44 шт. Свободный остаток: 153 шт. В пути: 0 шт. Страховой запас: 7 шт. MOQ: 1 шт. Наблюдается снижение спроса.
IEK,010300016_, УЗО ВД1 63 (2ф) 32А 30мА IEK  (1/48),55.34015769244993,165.0,0.0,165.0,5.292604903699746,1.0,0.0,0,0.0,109.65984230755006,2.981559989709082,LOW,LOW,GROWING,0.694317710493571,False,False,False,Прогноз спроса: 55 шт. Свободный остаток: 165 шт. В пути: 0 шт. Страховой запас: 5 шт. MOQ: 1 шт. Наблюдается рост спроса.
IEK,200400032_,ЛВО 1501 белый б/с Е27 2х26 (Downlight) IEK !!!,0.0,24.0,0.0,24.0,0.0,,0.0,0,0.0,24.0,inf,LOW,LOW,STABLE,0.25,False,False,False,Прогноз спроса: 0 шт. Свободный остаток: 24 шт. В пути: 0 шт. Страховой запас: 0 шт.
IEK,280100131_,"Розетка с з/к 2к, 2 модуля (белая) РКС-20-30-П ПРАЙМЕР (100)",454.5238861574097,1311.0,0.0,1311.0,59.18902558751918,10.0,0.0,0,0.0,856.4761138425903,2.8843368630927735,LOW,LOW,STABLE,1.5199653628729208,False,False,False,Прогноз спроса: 455 шт. Свободный остаток: 1311 шт. В пути: 0 шт. Страховой запас: 59 шт. MOQ: 10 шт.
IEK,130300084_,Звонок ЗД-47 на DIN-рейку IEK (12/240),2.9064739855555906,37.0,0.0,37.0,1.4532369927777953,12.0,0.0,0,0.0,34.09352601444441,12.73020167525333,LOW,LOW,DECLINING,0.8127340823970037,False,False,False,Прогноз спроса: 3 шт. Свободный остаток: 37 шт. В пути: 0 шт. Страховой запас: 1 шт. MOQ: 12 шт. Наблюдается снижение спроса.
IEK,130300223_, ЗНИ  2.5мм ² (24А) серый  IEK (50),0.24530272973138498,13.0,0.0,13.0,0.12265136486569249,,0.0,0,0.0,12.754697270268615,52.995741279501665,LOW,LOW,STABLE,0.4460431654676259,False,False,False,Прогноз спроса: 0 шт. Свободный остаток: 13 шт. В пути: 0 шт. Страховой запас: 0 шт.
IEK,311101222_,Батарейка щелочная Alkaline LR03/AAA (10шт/бокс) IEK,0.0,0.0,0.0,0.0,0.0,,0.0,0,0.0,0.0,inf,LOW,LOW,STABLE,3.1,True,False,False,Прогноз спроса: 0 шт. Свободный остаток: 0 шт. В пути: 0 шт. Страховой запас: 0 шт. Есть сигнал предыдущего stockout.
IEK,280100010_,Кабель-канал 40х25 белый ЭЛЕКОР IEK (24),765.1720646426254,958.0,0.0,958.0,76.01325323038527,24.0,0.0,0,0.0,192.8279353573746,1.2520059791354707,LOW,LOW,GROWING,0.9608890214797136,False,False,False,Прогноз спроса: 765 шт. Свободный остаток: 958 шт. В пути: 0 шт. Страховой запас: 76 шт. MOQ: 24 шт. Наблюдается рост спроса.
IEK,130300227_, ЗНИ 10PEN 10мм2 (JXB-земля) IEK E-PRO,0.0,0.0,0.0,0.0,0.0,,0.0,0,0.0,0.0,inf,LOW,LOW,STABLE,0.25,True,False,False,Прогноз спроса: 0 шт. Свободный остаток: 0 шт. В пути: 0 шт. Страховой запас: 0 шт. Есть сигнал предыдущего stockout.
IEK,290100139_,У04К (4места/5метров) чер. IEK,0.10562638510113666,8.0,0.0,8.0,0.05281319255056833,1.0,0.0,0,0.0,7.894373614898863,75.73865178042442,LOW,LOW,STABLE,2.494252873563218,False,False,False,Прогноз спроса: 0 шт. Свободный остаток: 8 шт. В пути: 0 шт. Страховой запас: 0 шт. MOQ: 1 шт.
IEK,130300080_,"Кнопка PPВВ-30N ""ПУСК-СТОП"" Ø30мм IEK (10/200)",25.058359753625652,167.0,0.0,167.0,5.082135787901247,10.0,0.0,0,0.0,141.94164024637433,6.664442590893725,LOW,LOW,DECLINING,1.330472103004292,False,False,False,Прогноз спроса: 25 шт. Свободный остаток: 167 шт. В пути: 0 шт. Страховой запас: 5 шт. MOQ: 10 шт. Наблюдается снижение спроса.
IEK,280100132_,"Розетка с з/к 2к, 2 модуля (красная) РКС-20-32-П ПРАЙМЕР (10)",47.04068364091212,324.0,0.0,324.0,16.144702433512563,10.0,0.0,0,0.0,276.9593163590879,6.887655002492596,LOW,LOW,GROWING,1.1122685185185186,False,False,False,Прогноз спроса: 47 шт. Свободный остаток: 324 шт. В пути: 0 шт. Страховой запас: 16 шт. MOQ: 10 шт. Наблюдается рост спроса.
IEK,010300019_, УЗО ВД1-63 (4ф) 25А 30мА IEK  (1/24),7.653318054499653,36.0,0.0,36.0,3.1121803718079493,1.0,0.0,0,0.0,28.346681945500347,4.703842143190997,LOW,LOW,STABLE,1.5934579439252337,False,False,False,Прогноз спроса: 8 шт. Свободный остаток: 36 шт. В пути: 0 шт. Страховой запас: 3 шт. MOQ: 1 шт.
IEK,030201469_, Выключатель 1-кл. о/у белый IP55 TORS IEK (1/60),0.11476100055718914,32.0,40.0,72.0,0.05738050027859457,1.0,0.0,0,0.0,71.8852389994428,627.3908353048913,LOW,LOW,STABLE,0.25,False,True,False,Прогноз спроса: 0 шт. Свободный остаток: 32 шт. В пути: 40 шт. Страховой запас: 0 шт. MOQ: 1 шт. В истории обнаружена аномальная продажа.
IEK,290100136_,У04 (4места/3метра) чер. IEK,0.6105961196920403,9.0,0.0,9.0,0.30529805984602015,1.0,0.0,0,0.0,8.38940388030796,14.739694062483121,LOW,LOW,STABLE,1.35625,False,False,False,Прогноз спроса: 1 шт. Свободный остаток: 9 шт. В пути: 0 шт. Страховой запас: 0 шт. MOQ: 1 шт.
IEK,030200528_,"Роз. с з/к без з/ш 16А б/рамки ""BRITE""  алюминий  (1/100)",86.0319304654227,490.0,0.0,490.0,30.37823919628435,1.0,0.0,0,0.0,403.9680695345773,5.695559745656725,LOW,LOW,DECLINING,0.8515833651278139,False,False,False,Прогноз спроса: 86 шт. Свободный остаток: 490 шт. В пути: 0 шт. Страховой запас: 30 шт. MOQ: 1 шт. Наблюдается снижение спроса.
IEK,240100029_,"Хомут 2,5х200 IEK (100)",1.1394356946851085,322.0,0.0,322.0,0.28577380333163577,20.0,0.0,0,0.0,320.8605643053149,282.5960267016096,LOW,LOW,STABLE,0.5320366132723112,False,True,False,Прогноз спроса: 1 шт. Свободный остаток: 322 шт. В пути: 0 шт. Страховой запас: 0 шт. MOQ: 20 шт. В истории обнаружена аномальная продажа.
IEK,030201141_," Рамка 4-мест. ""BRITE""  металл коричн. RE AL  IEK  (1/50)",0.00031233469281803633,4.0,0.0,4.0,0.00015616734640901817,1.0,0.0,0,0.0,3.999687665307182,12806.774565803255,LOW,LOW,STABLE,0.25,False,False,False,Прогноз спроса: 0 шт. Свободный остаток: 4 шт. В пути: 0 шт. Страховой запас: 0 шт. MOQ: 1 шт.
IEK,280100011_,Кабель-канал 40х40 белый ЭЛЕКОР IEK (24),69.37722525582883,172.0,72.0,244.0,11.12757835290321,24.0,0.0,0,0.0,174.62277474417118,3.517004306532135,LOW,LOW,GROWING,2.491293865523708,False,False,False,Прогноз спроса: 69 шт. Свободный остаток: 172 шт. В пути: 72 шт. Страховой запас: 11 шт. MOQ: 24 шт. Наблюдается рост спроса.
IEK,200400030_,I27 выкл 2кл о/у белый IP54 ГЕРМЕС IEK ВС20-2-0-ГПБ  (10/100) ,9.139770660249486,35.0,10.0,45.0,1.1287160847617164,10.0,0.0,0,0.0,35.86022933975052,4.923537107524276,LOW,LOW,STABLE,1.2732142857142856,False,True,False,Прогноз спроса: 9 шт. Свободный остаток: 35 шт. В пути: 10 шт. Страховой запас: 1 шт. MOQ: 10 шт. В истории обнаружена аномальная продажа.
IEK,030200522_,"Роз. с з/к без з/ш 16А б/рамки ""BRITE"" жемчуг (1/100)",81.3315335438156,516.0,0.0,516.0,18.25591970202176,1.0,0.0,0,0.0,434.66846645618443,6.344402687575247,LOW,LOW,STABLE,1.251552795031056,False,False,False,Прогноз спроса: 81 шт. Свободный остаток: 516 шт. В пути: 0 шт. Страховой запас: 18 шт. MOQ: 1 шт.
IEK,240100091_," Хомут 2,5х100 черные IEK (100)",110.35902610431435,226.0,0.0,226.0,31.861472292828314,20.0,0.0,0,0.0,115.64097389568565,2.047861493326143,LOW,LOW,GROWING,0.9173137460650576,False,False,False,Прогноз спроса: 110 шт. Свободный остаток: 226 шт. В пути: 0 шт. Страховой запас: 32 шт. MOQ: 20 шт. Наблюдается рост спроса.
IEK,240100096_,Площадка (самоклеющаяся) черная 25х25 IEK (100),4.28012712381862,7.0,0.0,7.0,1.115982377399691,5.0,0.0,0,0.0,2.7198728761813804,1.635465442380314,LOW,LOW,DECLINING,0.25,False,False,False,Прогноз спроса: 4 шт. Свободный остаток: 7 шт. В пути: 0 шт. Страховой запас: 1 шт. MOQ: 5 шт. Наблюдается снижение спроса.
IEK,130300038_, ЗВИ  60 ПВХ (6-16мм ² 60А) 12 пар IEK (10),0.0,0.0,0.0,0.0,0.0,,0.0,0,0.0,0.0,inf,LOW,LOW,STABLE,0.25,True,False,False,Прогноз спроса: 0 шт. Свободный остаток: 0 шт. В пути: 0 шт. Страховой запас: 0 шт. Есть сигнал предыдущего stockout.
IEK,280100137_,Соеденитель на стык лицевой  для крышки 75 мм ПРАЙМЕР (720),7.8502442932557,111.0,0.0,111.0,3.92512214662785,20.0,0.0,0,0.0,103.1497557067443,14.139687359202604,LOW,LOW,DECLINING,0.8070017953321365,False,False,False,Прогноз спроса: 8 шт. Свободный остаток: 111 шт. В пути: 0 шт. Страховой запас: 4 шт. MOQ: 20 шт. Наблюдается снижение спроса.
IEK,010300074_, УЗО АВДТ 32  10А IEK  (6/60),52.21160314529356,184.0,0.0,184.0,8.224379409211783,1.0,0.0,0,0.0,131.78839685470643,3.5241208642448294,LOW,LOW,STABLE,1.1191017623649802,False,True,False,Прогноз спроса: 52 шт. Свободный остаток: 184 шт. В пути: 0 шт. Страховой запас: 8 шт. MOQ: 1 шт. В истории обнаружена аномальная продажа.
IEK,280100002_,Кабель-канал 100х60 белый ЭЛЕКОР IEK (8),91.05986095927554,366.0,360.0,726.0,45.52993047963777,8.0,0.0,0,0.0,634.9401390407245,7.972777383491581,LOW,LOW,GROWING,1.3337107274271158,False,False,False,Прогноз спроса: 91 шт. Свободный остаток: 366 шт. В пути: 360 шт. Страховой запас: 46 шт. MOQ: 8 шт. Наблюдается рост спроса.
IEK,130300288_,"Датчик движения ДД 010 белый,до 1100 Вт,дальность 10 м IP44 IEK (48)",0.8695982629568899,11.0,0.0,11.0,0.42387104957364413,1.0,0.0,0,0.0,10.13040173704311,12.649519287902857,LOW,LOW,GROWING,1.1969111969111967,False,False,False,Прогноз спроса: 1 шт. Свободный остаток: 11 шт. В пути: 0 шт. Страховой запас: 0 шт. MOQ: 1 шт. Наблюдается рост спроса.
IEK,290100133_,У03 (3места/5метров) чер. IEK,1.422033131923719,9.0,0.0,9.0,0.7110165659618595,1.0,0.0,0,0.0,7.577966868076281,6.328966462142023,LOW,LOW,STABLE,0.9434782608695652,False,False,False,Прогноз спроса: 1 шт. Свободный остаток: 9 шт. В пути: 0 шт. Страховой запас: 1 шт. MOQ: 1 шт.
IEK,030200518_,"Роз. 2-я с з/к без з/ш 16А в сборе ""BRITE"" белый (1/100)",373.74601836735974,1755.0,0.0,1755.0,79.85023272769256,1.0,0.0,0,0.0,1381.2539816326403,4.6957021981569,LOW,LOW,DECLINING,1.258447966507177,False,False,False,Прогноз спроса: 374 шт. Свободный остаток: 1755 шт. В пути: 0 шт. Страховой запас: 80 шт. MOQ: 1 шт. Наблюдается снижение спроса.
IEK,200400021_,I19 выкл. 2кл. о/у 10А ОКТАВА ВС 20-2-0-ОБ (36/432) ,22.2959788721582,41.0,0.0,41.0,2.9780866340656287,36.0,0.0,0,0.0,18.7040211278418,1.8388966115857863,LOW,LOW,STABLE,1.1495963673057517,False,True,False,Прогноз спроса: 22 шт. Свободный остаток: 41 шт. В пути: 0 шт. Страховой запас: 3 шт. MOQ: 36 шт. В истории обнаружена аномальная продажа.
IEK,240100095_,Площадка (самоклеющаяся) черная 20х20 IEK (100),7.290588045533142,25.0,10.0,35.0,2.0961075036043986,10.0,0.0,0,0.0,27.70941195446686,4.800710145931793,LOW,LOW,GROWING,0.7272727272727273,False,False,False,Прогноз спроса: 7 шт. Свободный остаток: 25 шт. В пути: 10 шт. Страховой запас: 2 шт. MOQ: 10 шт. Наблюдается рост спроса.
IEK,030201133_," Рамка 4-мест. ""BRITE""  стекло бел. RE  IEK  (1/50)",0.0,12.0,0.0,12.0,0.0,1.0,0.0,0,0.0,12.0,inf,LOW,LOW,STABLE,2.583333333333333,False,False,False,Прогноз спроса: 0 шт. Свободный остаток: 12 шт. В пути: 0 шт. Страховой запас: 0 шт. MOQ: 1 шт.
IEK,030200566_,"Роз. TV окон б/рамки ""BRITE"" маренго (1/100)",0.350494980281743,78.0,0.0,78.0,0.14288690166235204,,0.0,0,0.0,77.64950501971826,222.5424168337596,LOW,LOW,STABLE,2.0945945945945943,False,False,False,Прогноз спроса: 0 шт. Свободный остаток: 78 шт. В пути: 0 шт. Страховой запас: 0 шт.
IEK,010300069_, УЗО АД12М  (2ф) 32А IEK (5/40),6.549133537726971e-06,2.0,0.0,2.0,0.0,1.0,0.0,0,0.0,1.9999934508664623,305383.90895204537,LOW,LOW,STABLE,4.0,False,False,False,Прогноз спроса: 0 шт. Свободный остаток: 2 шт. В пути: 0 шт. Страховой запас: 0 шт. MOQ: 1 шт.
IEK,030201476_, Переключатель 1-кл. о/у белый IP55 TORS IEK (1/60),0.010217697533459937,99.0,0.0,99.0,0.0,1.0,0.0,0,0.0,98.98978230246654,9689.07130748432,LOW,LOW,STABLE,1.0,False,True,False,Прогноз спроса: 0 шт. Свободный остаток: 99 шт. В пути: 0 шт. Страховой запас: 0 шт. MOQ: 1 шт. В истории обнаружена аномальная продажа.
IEK,200400020_,I20выкл. 1кл. с инд. о/у 10А ОКТАВА ВС 20-1-1-ОБ (36/432) ,4.465337759491786,15.0,0.0,15.0,0.9563820714895719,36.0,0.0,0,0.0,10.534662240508215,3.3592083752489077,LOW,LOW,STABLE,0.5254237288135594,False,True,False,Прогноз спроса: 4 шт. Свободный остаток: 15 шт. В пути: 0 шт. Страховой запас: 1 шт. MOQ: 36 шт. В истории обнаружена аномальная продажа.
IEK,030201131_," Рамка 4-мест. ""BRITE""  стекло черн. матовый  IEK  (1/50)",3.3136205585814963e-07,8.0,0.0,8.0,0.0,1.0,0.0,0,0.0,7.999999668637944,24142776.333524022,LOW,LOW,STABLE,1.0,False,False,False,Прогноз спроса: 0 шт. Свободный остаток: 8 шт. В пути: 0 шт. Страховой запас: 0 шт. MOQ: 1 шт.
IEK,030201478_, Выключатель 1-кл. о/у серо-белый IP55 TORS IEK (1/60),0.5113517536762422,96.0,0.0,96.0,0.2556758768381211,1.0,0.0,0,0.0,95.48864824632376,187.73769584211018,LOW,LOW,DECLINING,0.25,False,True,False,Прогноз спроса: 1 шт. Свободный остаток: 96 шт. В пути: 0 шт. Страховой запас: 0 шт. MOQ: 1 шт. В истории обнаружена аномальная продажа. Наблюдается снижение спроса.
IEK,130300037_," ЗВИ   5 ПВХ (1,5-4мм ² 5А) 12 пар IEK (10)",0.0,0.0,0.0,0.0,0.0,,0.0,0,0.0,0.0,inf,LOW,LOW,STABLE,1.0,True,False,False,Прогноз спроса: 0 шт. Свободный остаток: 0 шт. В пути: 0 шт. Страховой запас: 0 шт. Есть сигнал предыдущего stockout.
IEK,280100138_,Соеденитель на стык лицевой  для крышки 60 мм ПРАЙМЕР (720),18.968796730922072,30.0,0.0,30.0,6.856487195836265,20.0,0.0,0,0.0,11.031203269077928,1.5815447034178693,LOW,LOW,GROWING,1.164877300613497,False,False,False,Прогноз спроса: 19 шт. Свободный остаток: 30 шт. В пути: 0 шт. Страховой запас: 7 шт. MOQ: 20 шт. Наблюдается рост спроса.
IEK,010300094_, УЗО АВДТ 32   6А IEK  (6/60),11.491325320287405,42.0,0.0,42.0,1.5081169273854964,1.0,0.0,0,0.0,30.508674679712595,3.6549309004289467,LOW,LOW,STABLE,1.0234093637454982,False,False,False,Прогноз спроса: 11 шт. Свободный остаток: 42 шт. В пути: 0 шт. Страховой запас: 2 шт. MOQ: 1 шт.
IEK,030201130_," Рамка 4-мест. ""BRITE""  стекло бел. матовый  IEK  (1/50)",5.317329129523471e-06,5.0,0.0,5.0,2.6586645647617353e-06,1.0,0.0,0,0.0,4.99999468267087,940321.7062939437,LOW,LOW,STABLE,0.25,False,False,False,Прогноз спроса: 0 шт. Свободный остаток: 5 шт. В пути: 0 шт. Страховой запас: 0 шт. MOQ: 1 шт.
IEK,A650-33E055TM,"Преобразователь частоты A650 380В 3Ф 5,5кВт 13А M ONI",0.0,0.0,0.0,0.0,0.0,,0.0,0,0.0,0.0,inf,LOW,LOW,STABLE,0.25,True,False,False,Прогноз спроса: 0 шт. Свободный остаток: 0 шт. В пути: 0 шт. Страховой запас: 0 шт. Есть сигнал предыдущего stockout.
IEK,030200516_,"Роз. без з/к 10А б/рамки ""BRITE"" белый (1/100)",131.78225486924407,902.0,0.0,902.0,44.094119978367495,1.0,0.0,0,0.0,770.2177451307559,6.844624117981402,LOW,LOW,STABLE,1.4988314344142564,False,False,False,Прогноз спроса: 132 шт. Свободный остаток: 902 шт. В пути: 0 шт. Страховой запас: 44 шт. MOQ: 1 шт.
IEK,280100003_,Кабель-канал 12х12 белый ЭЛЕКОР IEK (120),30.595038545711443,58.0,0.0,58.0,14.464220223249747,120.0,0.0,0,0.0,27.404961454288557,1.8957322087809547,LOW,LOW,GROWING,2.199181446111869,False,False,False,Прогноз спроса: 31 шт. Свободный остаток: 58 шт. В пути: 0 шт. Страховой запас: 14 шт. MOQ: 120 шт. Наблюдается рост спроса.
IEK,200400019_,I18 выкл. 1кл. о/у 10А ОКТАВА ВС 20-1-0-ОБ (36/432) ,121.08364340392835,178.0,0.0,178.0,24.176531319994112,36.0,0.0,0,0.0,56.91635659607165,1.4700581762823393,LOW,LOW,GROWING,0.7685022254425008,False,False,False,Прогноз спроса: 121 шт. Свободный остаток: 178 шт. В пути: 0 шт. Страховой запас: 24 шт. MOQ: 36 шт. Наблюдается рост спроса.
IEK,030200567_,"Роз. с з/к с з/ш 16А USB A+C 18Вт б/рамки ""BRITE"" белый (1/80)",0.3970227277295858,8.0,0.0,8.0,0.1985113638647929,1.0,0.0,0,0.0,7.602977272270414,20.14997994132175,LOW,LOW,STABLE,1.1397058823529411,False,False,False,Прогноз спроса: 0 шт. Свободный остаток: 8 шт. В пути: 0 шт. Страховой запас: 0 шт. MOQ: 1 шт.
IEK,280100001_,Кабель-канал 100х40 белый ЭЛЕКОР IEK (8),19.217736105139412,82.0,32.0,114.0,6.583040077856634,8.0,0.0,0,0.0,94.78226389486059,5.932020263797509,LOW,LOW,GROWING,0.8010335917312661,False,False,False,Прогноз спроса: 19 шт. Свободный остаток: 82 шт. В пути: 32 шт. Страховой запас: 7 шт. MOQ: 8 шт. Наблюдается рост спроса.
IEK,010300075_, УЗО АВДТ 32  16А IEK  (6/60),685.7590890836789,2372.0,600.0,2972.0,59.86279103082292,1.0,0.0,0,0.0,2286.240910916321,4.333883498316047,LOW,LOW,GROWING,0.9598836926765264,False,False,False,Прогноз спроса: 686 шт. Свободный остаток: 2372 шт. В пути: 600 шт. Страховой запас: 60 шт. MOQ: 1 шт. Наблюдается рост спроса.
IEK,290100132_,У03 (3места/3метра) чер. IEK,2.12083039179336,15.0,0.0,15.0,0.847742099147297,1.0,0.0,0,0.0,12.87916960820664,7.072701361713371,LOW,LOW,STABLE,0.8131147540983608,False,False,False,Прогноз спроса: 2 шт. Свободный остаток: 15 шт. В пути: 0 шт. Страховой запас: 1 шт. MOQ: 1 шт.
IEK,030201477_, Выключатель кнопочный о/у белый IP55 TORS IEK (1/60),0.0,59.0,0.0,59.0,0.0,1.0,0.0,0,0.0,59.0,inf,LOW,LOW,STABLE,1.0,False,False,False,Прогноз спроса: 0 шт. Свободный остаток: 59 шт. В пути: 0 шт. Страховой запас: 0 шт. MOQ: 1 шт.
IEK,030200517_,"Роз. с з/к  с з/ш 16А в сборе ""BRITE"" белый (1/100)",758.1966890310412,3334.0,0.0,3334.0,116.95041515174998,1.0,0.0,0,0.0,2575.8033109689586,4.397275862890907,LOW,LOW,GROWING,1.0645629997795458,False,False,False,Прогноз спроса: 758 шт. Свободный остаток: 3334 шт. В пути: 0 шт. Страховой запас: 117 шт. MOQ: 1 шт. Наблюдается рост спроса.
IEK,240100097_,Площадка (самоклеющаяся) черная 30х30 IEK (100),0.280519518575317,4.0,0.0,4.0,0.1402597592876585,5.0,0.0,0,0.0,3.719480481424683,14.259257324819755,LOW,LOW,STABLE,0.543859649122807,False,False,False,Прогноз спроса: 0 шт. Свободный остаток: 4 шт. В пути: 0 шт. Страховой запас: 0 шт. MOQ: 5 шт.
IEK,130300287_,"Датчик движения ДД 008 белый,до 1100 Вт,дальность 12 м IP44 IEK (48)",8.645449824126327,63.0,0.0,63.0,4.108091608845482,1.0,0.0,0,0.0,54.35455017587367,7.287070225564176,LOW,LOW,STABLE,0.5869191049913941,False,False,False,Прогноз спроса: 9 шт. Свободный остаток: 63 шт. В пути: 0 шт. Страховой запас: 4 шт. MOQ: 1 шт.
IEK,280100136_,Т-угол  80х40  ПРАЙМЕР (108),1.079020658479049,24.0,0.0,24.0,0.172058614043781,12.0,0.0,0,0.0,22.92097934152095,22.242391571844035,LOW,LOW,DECLINING,0.7294117647058824,False,True,False,Прогноз спроса: 1 шт. Свободный остаток: 24 шт. В пути: 0 шт. Страховой запас: 0 шт. MOQ: 12 шт. В истории обнаружена аномальная продажа. Наблюдается снижение спроса.
IEK,240100092_," Хомут 2,5х200 черные IEK (100)",0.0,7.0,0.0,7.0,0.0,,0.0,0,0.0,7.0,inf,LOW,LOW,DECLINING,0.25,False,False,False,Прогноз спроса: 0 шт. Свободный остаток: 7 шт. В пути: 0 шт. Страховой запас: 0 шт. Наблюдается снижение спроса.
IEK,030200564_,BRITE Розетка 1-местная без заземления без защитных шторок 10А РС10-1-0-БрМ маренго IEK,4.091373954966963e-06,17.0,0.0,17.0,2.0456869774834816e-06,,0.0,0,0.0,16.999995908626044,4155083.3991505112,LOW,LOW,DECLINING,0.25,False,False,False,Прогноз спроса: 0 шт. Свободный остаток: 17 шт. В пути: 0 шт. Страховой запас: 0 шт. Наблюдается снижение спроса.
IEK,280100005_,Кабель-канал 20х10 белый ЭЛЕКОР IEK (96),51.362986271757684,282.0,0.0,282.0,5.934194694031219,96.0,0.0,0,0.0,230.63701372824232,5.490334976007027,LOW,LOW,GROWING,0.4071428571428571,False,True,False,Прогноз спроса: 51 шт. Свободный остаток: 282 шт. В пути: 0 шт. Страховой запас: 6 шт. MOQ: 96 шт. В истории обнаружена аномальная продажа. Наблюдается рост спроса.
IEK,010300053_, УЗО АВДТ 32  25А IEK  (6/60),587.1154536681373,1192.0,0.0,1192.0,53.56048372323247,1.0,0.0,0,0.0,604.8845463318627,2.030265074020295,LOW,LOW,GROWING,1.2641400760281072,False,True,False,Прогноз спроса: 587 шт. Свободный остаток: 1192 шт. В пути: 0 шт. Страховой запас: 54 шт. MOQ: 1 шт. В истории обнаружена аномальная продажа. Наблюдается рост спроса.
IEK,290100135_,У03К (3места/5метров) чер. IEK,1.7705053646087785,15.0,0.0,15.0,0.8852526823043892,1.0,0.0,0,0.0,13.229494635391221,8.472157328545848,LOW,LOW,STABLE,1.156716417910448,False,False,False,Прогноз спроса: 2 шт. Свободный остаток: 15 шт. В пути: 0 шт. Страховой запас: 1 шт. MOQ: 1 шт.
IEK,030201473_,Блок розетка + выключатель горизонтальный о/у белый IP55 TORS IEK (1/40),0.0,39.0,0.0,39.0,0.0,1.0,0.0,0,0.0,39.0,inf,LOW,LOW,STABLE,1.0,False,False,False,Прогноз спроса: 0 шт. Свободный остаток: 39 шт. В пути: 0 шт. Страховой запас: 0 шт. MOQ: 1 шт.
IEK,030200521_,"Роз. без з/к 10А б/рамки ""BRITE"" жемчуг (1/100)",0.15775595904736536,38.0,0.0,38.0,0.0,1.0,0.0,0,0.0,37.842244040952636,240.87838094655245,LOW,LOW,STABLE,0.25,False,False,False,Прогноз спроса: 0 шт. Свободный остаток: 38 шт. В пути: 0 шт. Страховой запас: 0 шт. MOQ: 1 шт.
IEK,200400025_,I24 роз. 2-я о/у 10А ОКТАВА РС 22-2-0-ОБ (24/288),14.960152279765385,92.0,0.0,92.0,0.737634168587805,24.0,0.0,0,0.0,77.03984772023462,6.149670022038225,LOW,LOW,STABLE,0.8432,False,True,False,Прогноз спроса: 15 шт. Свободный остаток: 92 шт. В пути: 0 шт. Страховой запас: 1 шт. MOQ: 24 шт. В истории обнаружена аномальная продажа.
IEK,130300041_, ЗНИ  4мм ² (35А) серый IEK(60),1.0143407219826603,13.0,0.0,13.0,0.5071703609913302,,0.0,0,0.0,11.985659278017339,12.816206347892468,LOW,LOW,GROWING,0.25,False,False,False,Прогноз спроса: 1 шт. Свободный остаток: 13 шт. В пути: 0 шт. Страховой запас: 1 шт. Наблюдается рост спроса.
IEK,010300052_, УЗО ВД1-63 (4ф) 16А 30мА IEK  (1/24),1.8746514035251323,22.0,0.0,22.0,0.1807392228230073,1.0,0.0,0,0.0,20.12534859647487,11.735515178251678,LOW,LOW,GROWING,1.3413461538461535,False,False,False,Прогноз спроса: 2 шт. Свободный остаток: 22 шт. В пути: 0 шт. Страховой запас: 0 шт. MOQ: 1 шт. Наблюдается рост спроса.
IEK,280100006_,Кабель-канал 15х10 белый ЭЛЕКОР IEK (144) ,70.54092008442856,732.0,0.0,732.0,27.680036428203362,144.0,0.0,0,0.0,661.4590799155715,10.376955660967967,LOW,LOW,GROWING,0.4757033248081841,False,False,False,Прогноз спроса: 71 шт. Свободный остаток: 732 шт. В пути: 0 шт. Страховой запас: 28 шт. MOQ: 144 шт. Наблюдается рост спроса.
IEK,030201136_," Рамка 4-мест. ""BRITE""  стекло песчаный RE  IEK  (1/50)",0.0006277056161298423,3.0,0.0,3.0,0.00031385280806492117,1.0,0.0,0,0.0,2.9993722943838703,4779.310432964874,LOW,LOW,DECLINING,0.25,False,False,False,Прогноз спроса: 0 шт. Свободный остаток: 3 шт. В пути: 0 шт. Страховой запас: 0 шт. MOQ: 1 шт. Наблюдается снижение спроса.
IEK,030201135_," Рамка 4-мест. ""BRITE""  стекло графит RE  IEK  (1/50)",2.568178833901984e-07,7.0,0.0,7.0,0.0,1.0,0.0,0,0.0,6.999999743182117,27256668.84094863,LOW,LOW,STABLE,1.0,False,False,False,Прогноз спроса: 0 шт. Свободный остаток: 7 шт. В пути: 0 шт. Страховой запас: 0 шт. MOQ: 1 шт.
IEK,280100135_,Т-угол 100х40  ПРАЙМЕР (108),3.792939756749797,38.0,0.0,38.0,1.8964698783748986,12.0,0.0,0,0.0,34.207060243250204,10.018614171864023,LOW,LOW,DECLINING,0.25,False,False,False,Прогноз спроса: 4 шт. Свободный остаток: 38 шт. В пути: 0 шт. Страховой запас: 2 шт. MOQ: 12 шт. Наблюдается снижение спроса.
IEK,130300040_, ЗНИ 35мм ² (125) серый  IEK (30),6.789297944942808e-06,2.0,0.0,2.0,0.0,,0.0,0,0.0,1.999993210702055,294581.26837543695,LOW,LOW,STABLE,4.0,False,False,False,Прогноз спроса: 0 шт. Свободный остаток: 2 шт. В пути: 0 шт. Страховой запас: 0 шт.
IEK,200400022_,I21 выкл. 2кл. с инд. о/у 10А ОКТАВА ВС 20-2-1-ОБ (36/432) ,1.2900459477366397,25.0,0.0,25.0,0.5751086853804241,36.0,0.0,0,0.0,23.70995405226336,19.379154706746693,LOW,LOW,DECLINING,1.087719298245614,False,False,False,Прогноз спроса: 1 шт. Свободный остаток: 25 шт. В пути: 0 шт. Страховой запас: 1 шт. MOQ: 36 шт. Наблюдается снижение спроса.
IEK,240100094_," Хомут 4,8х300 черные IEK (100)",301.3455113955171,1012.0,300.0,1312.0,23.58906526337999,10.0,0.0,0,0.0,1010.6544886044828,4.353806346489744,LOW,LOW,STABLE,0.9399625797930882,False,False,False,Прогноз спроса: 301 шт. Свободный остаток: 1012 шт. В пути: 300 шт. Страховой запас: 24 шт. MOQ: 10 шт.
IEK,030200519_,"Роз 2-я с кр. 16А в сб IP44 ""BRITE"" Белый (1/100)",4.087803091553489,48.0,0.0,48.0,1.8320753259623357,1.0,0.0,0,0.0,43.91219690844651,11.742248568474599,LOW,LOW,DECLINING,2.8822314049586777,False,False,False,Прогноз спроса: 4 шт. Свободный остаток: 48 шт. В пути: 0 шт. Страховой запас: 2 шт. MOQ: 1 шт. Наблюдается снижение спроса.
IEK,010300068_, УЗО АД12М  (2ф) 25А IEK (5/40),0.0480641167040979,1.0,0.0,1.0,0.02403205835204895,1.0,0.0,0,0.0,0.9519358832959021,20.805542025382543,LOW,LOW,STABLE,0.25,False,False,False,Прогноз спроса: 0 шт. Свободный остаток: 1 шт. В пути: 0 шт. Страховой запас: 0 шт. MOQ: 1 шт.
IEK,030201134_," Рамка 4-мест. ""BRITE""  стекло черн. RE  IEK  (1/50)",0.14568984929166648,8.0,0.0,8.0,0.07284492464583324,1.0,0.0,0,0.0,7.854310150708334,54.9111694390201,LOW,LOW,STABLE,1.9375,False,False,False,Прогноз спроса: 0 шт. Свободный остаток: 8 шт. В пути: 0 шт. Страховой запас: 0 шт. MOQ: 1 шт.
IEK,130300039_, ЗНИ 10мм ² (70А) серый  IEK (40),0.0,0.0,0.0,0.0,0.0,,0.0,0,0.0,0.0,inf,LOW,LOW,STABLE,0.25,False,True,False,Прогноз спроса: 0 шт. Свободный остаток: 0 шт. В пути: 0 шт. Страховой запас: 0 шт. В истории обнаружена аномальная продажа.
IEK,200400023_,I22 роз. о/у 10А ОКТАВА РС 20-2-0-ОБ (36/432) ,2.374201295176167,41.0,0.0,41.0,0.2634704284480467,36.0,0.0,0,0.0,38.625798704823836,17.268965391983656,LOW,LOW,DECLINING,1.9044744318181817,False,False,False,Прогноз спроса: 2 шт. Свободный остаток: 41 шт. В пути: 0 шт. Страховой запас: 0 шт. MOQ: 36 шт. Наблюдается снижение спроса.
IEK,240100093_,"Хомут 3,6х350 черные IEK (100)",19.080317804886064,30.0,0.0,30.0,5.945537542280488,20.0,0.0,0,0.0,10.919682195113936,1.572300855089407,LOW,LOW,GROWING,0.6593586387434555,False,False,False,Прогноз спроса: 19 шт. Свободный остаток: 30 шт. В пути: 0 шт. Страховой запас: 6 шт. MOQ: 20 шт. Наблюдается рост спроса.
IEK,030201474_, Розетка 2-я о/у з/к с крышкой вертикальная белый IP55 TORS IEK (1/40),0.0,35.0,0.0,35.0,0.0,1.0,0.0,0,0.0,35.0,inf,LOW,LOW,STABLE,0.25,False,False,False,Прогноз спроса: 0 шт. Свободный остаток: 35 шт. В пути: 0 шт. Страховой запас: 0 шт. MOQ: 1 шт.
IEK,280100004_,Кабель-канал 16х16 белый ЭЛЕКОР IEK (84),209.92808235975352,1207.0,0.0,1207.0,38.1892611432414,84.0,0.0,0,0.0,997.0719176402465,5.749588080033835,LOW,LOW,STABLE,2.0697466467958274,False,False,False,Прогноз спроса: 210 шт. Свободный остаток: 1207 шт. В пути: 0 шт. Страховой запас: 38 шт. MOQ: 84 шт.
IEK,130300275_,Сизы-1 (9-25мм) серый IEK (100),0.0,2.0,0.0,2.0,0.0,,0.0,0,0.0,2.0,inf,LOW,LOW,STABLE,0.25,False,False,False,Прогноз спроса: 0 шт. Свободный остаток: 2 шт. В пути: 0 шт. Страховой запас: 0 шт.
IEK,010300057_, УЗО ВД1 63 (2ф) 63А 30мА IEK  (1/48),78.0153013162341,276.0,144.0,420.0,9.635282386451706,1.0,0.0,0,0.0,341.9846986837659,5.383559287908598,LOW,LOW,GROWING,0.7379195429659604,False,False,False,Прогноз спроса: 78 шт. Свободный остаток: 276 шт. В пути: 144 шт. Страховой запас: 10 шт. MOQ: 1 шт. Наблюдается рост спроса.
IEK,030200520_,"Роз. 2-я TV+RJ45 кат.5E б/рамки ""BRITE"" белый (1/100)",0.19615930349748753,17.0,0.0,17.0,0.09807965174874377,1.0,0.0,0,0.0,16.80384069650251,86.66425551525137,LOW,LOW,STABLE,1.313559322033898,False,False,False,Прогноз спроса: 0 шт. Свободный остаток: 17 шт. В пути: 0 шт. Страховой запас: 0 шт. MOQ: 1 шт.
IEK,290100134_,У03К (3места/3метра) чер. IEK,2.4788662147130145,9.0,0.0,9.0,0.9238055350920263,1.0,0.0,0,0.0,6.5211337852869855,3.630692106972766,LOW,LOW,STABLE,0.9253731343283582,False,False,False,Прогноз спроса: 2 шт. Свободный остаток: 9 шт. В пути: 0 шт. Страховой запас: 1 шт. MOQ: 1 шт.
IEK,030201467_, Переключатель 1-кл. о/у графит IP55 TORS IEK (1/60),0.33895054500395627,40.0,0.0,40.0,0.16947527250197814,1.0,0.0,0,0.0,39.661049454996046,118.0113163692748,LOW,LOW,DECLINING,0.25,False,True,False,Прогноз спроса: 0 шт. Свободный остаток: 40 шт. В пути: 0 шт. Страховой запас: 0 шт. MOQ: 1 шт. В истории обнаружена аномальная продажа. Наблюдается снижение спроса.
IEK,130300089_,"Сизы-1 (2,0-4,0) оранжевый P7-3 IEK (100)",0.0,0.0,0.0,0.0,0.0,,0.0,0,0.0,0.0,inf,LOW,LOW,STABLE,0.25,True,False,False,Прогноз спроса: 0 шт. Свободный остаток: 0 шт. В пути: 0 шт. Страховой запас: 0 шт. Есть сигнал предыдущего stockout.
IEK,280100130_,"Розетка информационная RJ-45 UTP кат.5е,2 модуль РКИ-20-00-П ПРАЙМЕР (100)",27.924509788637067,54.0,0.0,54.0,6.6062596578295825,10.0,0.0,0,0.0,26.075490211362933,1.9337850658339388,LOW,LOW,DECLINING,1.441081081081081,False,False,False,Прогноз спроса: 28 шт. Свободный остаток: 54 шт. В пути: 0 шт. Страховой запас: 7 шт. MOQ: 10 шт. Наблюдается снижение спроса.
IEK,290100148_,СФ-05К-вык (5 мест/5м.) серый IEK,0.0,24.0,0.0,24.0,0.0,5.0,0.0,0,0.0,24.0,inf,LOW,LOW,STABLE,0.25,False,False,False,Прогноз спроса: 0 шт. Свободный остаток: 24 шт. В пути: 0 шт. Страховой запас: 0 шт. MOQ: 5 шт.
IEK,030201244_,"Выкл 2-кл перекр 10А б/рамки ""BRITE"" белый (1/100)",4.058773663099886,289.0,0.0,289.0,1.804000184774565,1.0,0.0,0,0.0,284.9412263369001,71.20377335337207,LOW,LOW,GROWING,0.25,False,False,False,Прогноз спроса: 4 шт. Свободный остаток: 289 шт. В пути: 0 шт. Страховой запас: 2 шт. MOQ: 1 шт. Наблюдается рост спроса.
IEK,290200126_,"Катушка УК15 1мест. 2P+PE/15м+2м 3х1,5мм2 автосм.TWIST IEK",0.024043402530566863,3.0,0.0,3.0,0.012021701265283432,1.0,0.0,0,0.0,2.975956597469433,124.77435322168064,LOW,LOW,DECLINING,0.25,False,False,False,Прогноз спроса: 0 шт. Свободный остаток: 3 шт. В пути: 0 шт. Страховой запас: 0 шт. MOQ: 1 шт. Наблюдается снижение спроса.
IEK,280100118_,Заглушка  80х40  ПРАЙМЕР (216),43.58180125479681,214.0,0.0,214.0,10.327669146520913,12.0,0.0,0,0.0,170.4181987452032,4.910306454496215,LOW,LOW,STABLE,1.007814942169428,False,False,False,Прогноз спроса: 44 шт. Свободный остаток: 214 шт. В пути: 0 шт. Страховой запас: 10 шт. MOQ: 12 шт.
IEK,130300152_,Приставка ПКИ 22 2з+2р IEK (1/250),60.5911099853336,283.0,50.0,333.0,15.320248039767504,1.0,0.0,0,0.0,272.4088900146664,5.495855746504799,LOW,LOW,DECLINING,0.873942811115586,False,False,False,Прогноз спроса: 61 шт. Свободный остаток: 283 шт. В пути: 50 шт. Страховой запас: 15 шт. MOQ: 1 шт. Наблюдается снижение спроса.
IEK,010300005_, УЗО АД 12  (2ф) 40А IEK (4/32),18.528229455292422,82.0,0.0,82.0,9.264114727646211,1.0,0.0,0,0.0,63.47177054470758,4.425679215483671,LOW,LOW,GROWING,1.5716783216783217,False,True,False,Прогноз спроса: 19 шт. Свободный остаток: 82 шт. В пути: 0 шт. Страховой запас: 9 шт. MOQ: 1 шт. В истории обнаружена аномальная продажа. Наблюдается рост спроса.
IEK,030200540_,"Роз TV оконечная  б/рамки ""BRITE"" алюминий (1/100)",0.07863469411790382,75.0,0.0,75.0,0.03931734705895191,1.0,0.0,0,0.0,74.92136530588209,953.7774749596659,LOW,LOW,DECLINING,0.5904761904761905,False,False,False,Прогноз спроса: 0 шт. Свободный остаток: 75 шт. В пути: 0 шт. Страховой запас: 0 шт. MOQ: 1 шт. Наблюдается снижение спроса.
IEK,030201460_, Выключатель 1-кл. о/у графит IP55 TORS IEK (1/60),0.01875268802389784,86.0,0.0,86.0,0.00937634401194892,1.0,0.0,0,0.0,85.9812473119761,4586.0092105411395,LOW,LOW,STABLE,0.25,False,True,False,Прогноз спроса: 0 шт. Свободный остаток: 86 шт. В пути: 0 шт. Страховой запас: 0 шт. MOQ: 1 шт. В истории обнаружена аномальная продажа.
IEK,200400329_,"U/UTP кат.6 4х2х0,57 PVCLS нг(А)-LSLTx белый (305м) ITK",0.0,2440.0,0.0,2440.0,0.0,1.0,0.0,0,0.0,2440.0,inf,LOW,LOW,STABLE,1.0,False,False,False,Прогноз спроса: 0 шт. Свободный остаток: 2440 шт. В пути: 0 шт. Страховой запас: 0 шт. MOQ: 1 шт.
IEK,240100004_," Хомут 3,6х150 IEK (100)",15.757635066183461,89.0,0.0,89.0,3.5584289604637447,20.0,0.0,0,0.0,73.24236493381653,5.64805566483753,LOW,LOW,GROWING,0.504885993485342,False,False,False,Прогноз спроса: 16 шт. Свободный остаток: 89 шт. В пути: 0 шт. Страховой запас: 4 шт. MOQ: 20 шт. Наблюдается рост спроса.
IEK,280100124_,Плоский изменяемый угол 100х40  ПРАЙМЕР (96),8.834514481819355,50.0,0.0,50.0,3.439391903617067,12.0,0.0,0,0.0,41.165485518180645,5.659620582760439,LOW,LOW,DECLINING,2.141923436041083,False,False,False,Прогноз спроса: 9 шт. Свободный остаток: 50 шт. В пути: 0 шт. Страховой запас: 3 шт. MOQ: 12 шт. Наблюдается снижение спроса.
IEK,280100119_,Выключатель 2-кл  на 2 модуля ВК1-22-00-П ПРАЙМЕР (100),1.1795986853291127,13.0,0.0,13.0,0.5897993426645564,10.0,0.0,0,0.0,11.820401314670887,11.020697260588204,LOW,LOW,STABLE,3.522727272727273,False,False,False,Прогноз спроса: 1 шт. Свободный остаток: 13 шт. В пути: 0 шт. Страховой запас: 1 шт. MOQ: 10 шт.
IEK,010300004_, УЗО АД 12  (2ф) 32А IEK (5/40),11.013352871853986,102.0,0.0,102.0,3.0785413212537334,1.0,0.0,0,0.0,90.98664712814602,9.261484780050395,LOW,LOW,GROWING,1.147596153846154,False,False,False,Прогноз спроса: 11 шт. Свободный остаток: 102 шт. В пути: 0 шт. Страховой запас: 3 шт. MOQ: 1 шт. Наблюдается рост спроса.
IEK,240100005_," Хомут 3,6х200 IEK (100)",113.45790211632554,946.0,200.0,1146.0,1.5192446039759906,20.0,0.0,0,0.0,1032.5420978836744,10.100662700646756,LOW,LOW,STABLE,1.2743532826773671,False,True,False,Прогноз спроса: 113 шт. Свободный остаток: 946 шт. В пути: 200 шт. Страховой запас: 2 шт. MOQ: 20 шт. В истории обнаружена аномальная продажа.
IEK,200400264_,Инструмент обжим. RJ-45/12/11 с храп. мех. ITK ,1.3224256187335415,6.0,0.0,6.0,0.3614784456460258,1.0,0.0,0,0.0,4.677574381266458,4.537117184515883,LOW,LOW,STABLE,1.8869565217391304,False,False,False,Прогноз спроса: 1 шт. Свободный остаток: 6 шт. В пути: 0 шт. Страховой запас: 0 шт. MOQ: 1 шт.
IEK,010300006_, УЗО АД 12  (2ф) 50А IEK (4/32),92.22076237377578,362.0,0.0,362.0,23.465318379827412,1.0,0.0,0,0.0,269.77923762622424,3.925363342072518,LOW,LOW,DECLINING,1.6964590039765195,False,False,False,Прогноз спроса: 92 шт. Свободный остаток: 362 шт. В пути: 0 шт. Страховой запас: 23 шт. MOQ: 1 шт. Наблюдается снижение спроса.
IEK,280100116_,Внешний изменяемый угол  80х40  ПРАЙМЕР (108),13.119919921284467,46.0,0.0,46.0,4.315089802078295,12.0,0.0,0,0.0,32.88008007871554,3.506118960785281,LOW,LOW,GROWING,0.6813186813186813,False,False,False,Прогноз спроса: 13 шт. Свободный остаток: 46 шт. В пути: 0 шт. Страховой запас: 4 шт. MOQ: 12 шт. Наблюдается рост спроса.
IEK,130300166_,Основание контакт. ДП-33 габарит 00 (160А) IEK  (3/72) !!!,4.52668702416414e-06,36.0,0.0,36.0,0.0,,0.0,0,0.0,35.99999547331298,7952836.104600683,LOW,LOW,STABLE,0.25,False,False,False,Прогноз спроса: 0 шт. Свободный остаток: 36 шт. В пути: 0 шт. Страховой запас: 0 шт.
IEK,030200538_,"Роз. 2-я TV+RJ45 кат.5E б/рамки ""BRITE"" черный (1/100)",0.08045248129408017,7.0,0.0,7.0,0.040226240647040085,1.0,0.0,0,0.0,6.91954751870592,87.007882011901,LOW,LOW,STABLE,0.25,False,False,False,Прогноз спроса: 0 шт. Свободный остаток: 7 шт. В пути: 0 шт. Страховой запас: 0 шт. MOQ: 1 шт.
IEK,290100147_,СФ-05К-вык (5 мест/5м.) черный IEK,1.8161155528107396,64.0,0.0,64.0,0.5269408568963568,5.0,0.0,0,0.0,62.18388444718926,35.24004841043809,LOW,LOW,GROWING,0.25,False,False,False,Прогноз спроса: 2 шт. Свободный остаток: 64 шт. В пути: 0 шт. Страховой запас: 1 шт. MOQ: 5 шт. Наблюдается рост спроса.
IEK,030201461_, Выключатель 2-кл. о/у графит IP55 TORS IEK (1/60),2.1111888287752274,37.0,0.0,37.0,1.0555944143876137,1.0,0.0,0,0.0,34.88881117122477,17.525670605913998,LOW,LOW,GROWING,0.25,False,False,False,Прогноз спроса: 2 шт. Свободный остаток: 37 шт. В пути: 0 шт. Страховой запас: 1 шт. MOQ: 1 шт. Наблюдается рост спроса.
IEK,010300007_, УЗО АД 12  (2ф) 63А IEK (4/32),25.765274890934094,76.0,32.0,108.0,6.021627686929837,1.0,0.0,0,0.0,82.2347251090659,4.191688249287861,LOW,LOW,DECLINING,0.9757194244604316,False,False,False,Прогноз спроса: 26 шт. Свободный остаток: 76 шт. В пути: 32 шт. Страховой запас: 6 шт. MOQ: 1 шт. Наблюдается снижение спроса.
IEK,030201245_,"Выкл 2-кл перекр 10А б/рамки ""BRITE"" графит (1/100)",0.0,253.0,0.0,253.0,0.0,1.0,0.0,0,0.0,253.0,inf,LOW,LOW,STABLE,0.25,False,False,False,Прогноз спроса: 0 шт. Свободный остаток: 253 шт. В пути: 0 шт. Страховой запас: 0 шт. MOQ: 1 шт.
IEK,030200554_,"Выкл 2-кл. с инд. 10А б/рамки ""BRITE"" маренго (1/100)",4.814873374841911e-06,18.0,0.0,18.0,2.4074366874209557e-06,,0.0,0,0.0,17.999995185126625,3738416.0700988322,LOW,LOW,STABLE,0.25,False,False,False,Прогноз спроса: 0 шт. Свободный остаток: 18 шт. В пути: 0 шт. Страховой запас: 0 шт.
IEK,240100006_," Хомут 3,6х300 IEK (100)",87.9228181081748,770.0,100.0,870.0,14.131362873645612,20.0,0.0,0,0.0,782.0771818918251,9.895042250916092,LOW,LOW,DECLINING,1.2260023355391203,False,False,False,Прогноз спроса: 88 шт. Свободный остаток: 770 шт. В пути: 100 шт. Страховой запас: 14 шт. MOQ: 20 шт. Наблюдается снижение спроса.
IEK,030201236_,"Выкл 2-кл перекр 10А б/рамки ""BRITE"" черный (1/100)",6.593143687628357,112.0,0.0,112.0,3.2965718438141787,1.0,0.0,0,0.0,105.40685631237164,16.987344020753156,LOW,LOW,GROWING,0.25,False,False,False,Прогноз спроса: 7 шт. Свободный остаток: 112 шт. В пути: 0 шт. Страховой запас: 3 шт. MOQ: 1 шт. Наблюдается рост спроса.
IEK,290200127_,"Катушка УК25 1мест. 2P+PE/25м+2м 3х1,5мм2 автосм. TWIST IEK",0.7506129028458578,3.0,0.0,3.0,0.3753064514229289,1.0,0.0,0,0.0,2.249387097154142,3.9967338539290544,LOW,LOW,DECLINING,0.25,False,False,False,Прогноз спроса: 1 шт. Свободный остаток: 3 шт. В пути: 0 шт. Страховой запас: 0 шт. MOQ: 1 шт. Наблюдается снижение спроса.
IEK,280100117_,Внутренний изменяемый угол  80х40  ПРАЙМЕР (108),18.463618322269294,70.0,0.0,70.0,3.51469830379034,12.0,0.0,0,0.0,51.5363816777307,3.7912395489443025,LOW,LOW,DECLINING,1.4643714971977582,False,False,False,Прогноз спроса: 18 шт. Свободный остаток: 70 шт. В пути: 0 шт. Страховой запас: 4 шт. MOQ: 12 шт. Наблюдается снижение спроса.
IEK,130300154_,"Кнопка APBB-22N ""ПУСК-СТОП"" Ø22мм IEK(10/200)",42.46231846736731,353.0,80.0,433.0,11.632959640607377,10.0,0.0,0,0.0,390.5376815326327,10.19727644718139,LOW,LOW,DECLINING,1.4098418902114052,False,False,False,Прогноз спроса: 42 шт. Свободный остаток: 353 шт. В пути: 80 шт. Страховой запас: 12 шт. MOQ: 10 шт. Наблюдается снижение спроса.
IEK,130300103_,Приставка ПКИ 11 1з+1р IEK (1/250),23.046084399227176,235.0,50.0,285.0,3.198241704437006,1.0,0.0,0,0.0,261.9539156007728,12.36652591663498,LOW,LOW,STABLE,0.8840740740740741,False,False,False,Прогноз спроса: 23 шт. Свободный остаток: 235 шт. В пути: 50 шт. Страховой запас: 3 шт. MOQ: 1 шт.
IEK,280100125_,Плоский изменяемый угол  80х40  ПРАЙМЕР (96),8.277579974735787,70.0,0.0,70.0,4.138789987367893,12.0,0.0,0,0.0,61.72242002526421,8.45657791451714,LOW,LOW,DECLINING,0.7419354838709677,False,False,False,Прогноз спроса: 8 шт. Свободный остаток: 70 шт. В пути: 0 шт. Страховой запас: 4 шт. MOQ: 12 шт. Наблюдается снижение спроса.
IEK,030200539_,"Роз TV оконечная  б/рамки ""BRITE"" шампань (1/100)",1.131913779855362,12.0,0.0,12.0,0.285773803324689,1.0,0.0,0,0.0,10.868086220144638,10.601514190889505,LOW,LOW,STABLE,2.089887640449438,False,False,False,Прогноз спроса: 1 шт. Свободный остаток: 12 шт. В пути: 0 шт. Страховой запас: 0 шт. MOQ: 1 шт.
IEK,200400259_,Инструмент обжим. RJ-45/12 с храп. мех. верт. обжим ITK ,0.0,1.0,0.0,1.0,0.0,1.0,0.0,0,0.0,1.0,inf,LOW,LOW,DECLINING,2.3846153846153846,False,False,False,Прогноз спроса: 0 шт. Свободный остаток: 1 шт. В пути: 0 шт. Страховой запас: 0 шт. MOQ: 1 шт. Наблюдается снижение спроса.
IEK,240100007_," Хомут 3,6х350 IEK (100)",15.624573277512052,106.0,0.0,106.0,5.2914475020231375,20.0,0.0,0,0.0,90.37542672248794,6.784185277722906,LOW,LOW,DECLINING,1.7732598208132324,False,False,False,Прогноз спроса: 16 шт. Свободный остаток: 106 шт. В пути: 0 шт. Страховой запас: 5 шт. MOQ: 20 шт. Наблюдается снижение спроса.
IEK,290200068_,"Катушка УК20 с т/з 4 места 2P+PE/20метров 3х1,5мм2 IP44 ""Industrial plus""",0.0,0.0,0.0,0.0,0.0,,0.0,0,0.0,0.0,inf,LOW,LOW,STABLE,0.25,True,False,False,Прогноз спроса: 0 шт. Свободный остаток: 0 шт. В пути: 0 шт. Страховой запас: 0 шт. Есть сигнал предыдущего stockout.
IEK,200400330_,"U/UTP кат.6 4х2х0,57 LSZH нг(А)-HF оранжевый (305м)  ITK ",0.0,1785.0,0.0,1785.0,0.0,1.0,0.0,0,0.0,1785.0,inf,LOW,LOW,STABLE,1.0,False,False,False,Прогноз спроса: 0 шт. Свободный остаток: 1785 шт. В пути: 0 шт. Страховой запас: 0 шт. MOQ: 1 шт.
IEK,201000017_,"Преобраз. частоты CONTROL-A310 380В 3Ф  15-18,5кВт 32-37A IEK NEW",0.0,0.0,0.0,0.0,0.0,,0.0,0,0.0,0.0,inf,LOW,LOW,STABLE,0.25,True,False,False,Прогноз спроса: 0 шт. Свободный остаток: 0 шт. В пути: 0 шт. Страховой запас: 0 шт. Есть сигнал предыдущего stockout.
IEK,220400107_,ТТК  12/3 черная с клеем IEK (1),0.0,0.0,0.0,0.0,0.0,,0.0,0,0.0,0.0,inf,LOW,LOW,STABLE,1.0,True,False,False,Прогноз спроса: 0 шт. Свободный остаток: 0 шт. В пути: 0 шт. Страховой запас: 0 шт. Есть сигнал предыдущего stockout.
IEK,030200543_,"Роз TV оконечная  б/рамки ""BRITE"" чёрный (1/100)",13.10296021410472,40.0,0.0,40.0,2.107763427585414,1.0,0.0,0,0.0,26.89703978589528,3.052745283996351,LOW,LOW,GROWING,1.637323943661972,False,False,False,Прогноз спроса: 13 шт. Свободный остаток: 40 шт. В пути: 0 шт. Страховой запас: 2 шт. MOQ: 1 шт. Наблюдается рост спроса.
IEK,030201247_,"Выкл 2-кл перекр 10А б/рамки ""BRITE"" жемчуг (1/100)",0.0,185.0,0.0,185.0,0.0,1.0,0.0,0,0.0,185.0,inf,LOW,LOW,DECLINING,0.25,False,False,False,Прогноз спроса: 0 шт. Свободный остаток: 185 шт. В пути: 0 шт. Страховой запас: 0 шт. MOQ: 1 шт. Наблюдается снижение спроса.
IEK,010300001_, УЗО АД 12  (2ф) 10А IEK (5/40),3.3350056926516247,57.0,10.0,67.0,1.6675028463258124,1.0,0.0,0,0.0,63.66499430734837,20.089920730158955,LOW,LOW,STABLE,0.46875,False,False,False,Прогноз спроса: 3 шт. Свободный остаток: 57 шт. В пути: 10 шт. Страховой запас: 2 шт. MOQ: 1 шт.
IEK,130300108_, ЗВИ  15 ПВХ (4-10мм ² 15А) 12 пар IEK (10),0.37950913735136926,25.0,0.0,25.0,0.14288690166235266,,0.0,0,0.0,24.62049086264863,65.87456674818795,LOW,LOW,DECLINING,0.4305555555555555,False,False,False,Прогноз спроса: 0 шт. Свободный остаток: 25 шт. В пути: 0 шт. Страховой запас: 0 шт. Наблюдается снижение спроса.
IEK,290200009_,УК40 Катушка (40м) IEK,0.6670418956639995,5.0,0.0,5.0,0.14288690166235204,1.0,0.0,0,0.0,4.332958104336001,7.495781048389479,LOW,LOW,STABLE,0.25,False,False,False,Прогноз спроса: 1 шт. Свободный остаток: 5 шт. В пути: 0 шт. Страховой запас: 0 шт. MOQ: 1 шт.
IEK,280100122_,Кабель-канал 100х40 парапетный  ПРАЙМЕР (16),166.93920367248342,888.0,0.0,888.0,29.08750590889475,16.0,0.0,0,0.0,721.0607963275165,5.319301760550863,LOW,LOW,STABLE,0.9924053066717938,False,False,False,Прогноз спроса: 167 шт. Свободный остаток: 888 шт. В пути: 0 шт. Страховой запас: 29 шт. MOQ: 16 шт.
IEK,280100121_,"Заглушка на 1 модуль  45х22,5 ПРАЙМЕР (100)",1.8160084144368948e-07,8.0,0.0,8.0,0.0,,0.0,0,0.0,7.999999818399159,44052659.31810469,LOW,LOW,STABLE,0.25,False,False,False,Прогноз спроса: 0 шт. Свободный остаток: 8 шт. В пути: 0 шт. Страховой запас: 0 шт.
IEK,130300142_,Заглушка для ЗНИ4-6мм2 (JXB35-50A) серый IEK!!!,0.004600234232087163,10.0,0.0,10.0,0.0023001171160435814,,0.0,0,0.0,9.995399765767912,2173.8023534212343,LOW,LOW,STABLE,0.25,False,False,False,Прогноз спроса: 0 шт. Свободный остаток: 10 шт. В пути: 0 шт. Страховой запас: 0 шт.
IEK,201000018_,Преобраз. частоты CONTROL-A310 380В 3Ф 132-160кВт 253-300А IEK (1) NEW,0.0,0.0,0.0,0.0,0.0,,0.0,0,0.0,0.0,inf,LOW,LOW,STABLE,0.25,True,False,False,Прогноз спроса: 0 шт. Свободный остаток: 0 шт. В пути: 0 шт. Страховой запас: 0 шт. Есть сигнал предыдущего stockout.
IEK,201000020_,Преобраз. частоты CONTROL-A310 380В 3Ф  37-45кВт 75-90А IEK (1) NEW,0.0,0.0,0.0,0.0,0.0,,0.0,0,0.0,0.0,inf,LOW,LOW,STABLE,0.25,True,False,False,Прогноз спроса: 0 шт. Свободный остаток: 0 шт. В пути: 0 шт. Страховой запас: 0 шт. Есть сигнал предыдущего stockout.
IEK,290200008_,УК30 Катушка (30м) IEK,2.628243952858043,9.0,0.0,9.0,1.3141219764290215,1.0,0.0,0,0.0,6.371756047141957,3.424339658505859,LOW,LOW,DECLINING,1.1128205128205129,False,False,False,Прогноз спроса: 3 шт. Свободный остаток: 9 шт. В пути: 0 шт. Страховой запас: 1 шт. MOQ: 1 шт. Наблюдается снижение спроса.
IEK,030201248_,"Выкл 2-кл перекр 10А б/рамки ""BRITE"" бежевый (1/100)",0.06872498987288767,166.0,0.0,166.0,0.03436249493644383,1.0,0.0,0,0.0,165.9312750101271,2415.4241463990056,LOW,LOW,DECLINING,0.25,False,False,False,Прогноз спроса: 0 шт. Свободный остаток: 166 шт. В пути: 0 шт. Страховой запас: 0 шт. MOQ: 1 шт. Наблюдается снижение спроса.
IEK,030201250_,"Выкл 2-кл перекр 10А б/рамки ""BRITE"" сталь (1/100)",0.0,183.0,0.0,183.0,0.0,1.0,0.0,0,0.0,183.0,inf,LOW,LOW,STABLE,0.25,False,False,False,Прогноз спроса: 0 шт. Свободный остаток: 183 шт. В пути: 0 шт. Страховой запас: 0 шт. MOQ: 1 шт.
IEK,290200006_,УК50 Катушка (50м) IEK,4.015386344519251,9.0,2.0,11.0,1.597843598937851,1.0,0.0,0,0.0,6.984613655480749,2.739462421844988,LOW,LOW,STABLE,1.1425061425061425,False,True,False,Прогноз спроса: 4 шт. Свободный остаток: 9 шт. В пути: 2 шт. Страховой запас: 2 шт. MOQ: 1 шт. В истории обнаружена аномальная продажа.
IEK,130300143_,Заглушка для ЗНИ-10мм ² серый IEK * (1000),0.0,0.0,0.0,0.0,0.0,,0.0,0,0.0,0.0,inf,LOW,LOW,STABLE,1.0,True,False,False,Прогноз спроса: 0 шт. Свободный остаток: 0 шт. В пути: 0 шт. Страховой запас: 0 шт. Есть сигнал предыдущего stockout.
IEK,240100003_,"Хомут 3,6х100 IEK (100)",1.49344622924999,56.0,0.0,56.0,0.746723114624995,20.0,0.0,0,0.0,54.50655377075001,37.497165216402365,LOW,LOW,GROWING,1.417981072555205,False,False,False,Прогноз спроса: 1 шт. Свободный остаток: 56 шт. В пути: 0 шт. Страховой запас: 1 шт. MOQ: 20 шт. Наблюдается рост спроса.
IEK,030200541_,"Роз TV оконечная  б/рамки ""BRITE"" сталь (1/100)",0.9475796959666785,20.0,0.0,20.0,0.47378984798333923,1.0,0.0,0,0.0,19.052420304033323,21.106404121077006,LOW,LOW,STABLE,1.2426160337552743,False,False,False,Прогноз спроса: 1 шт. Свободный остаток: 20 шт. В пути: 0 шт. Страховой запас: 0 шт. MOQ: 1 шт.
IEK,290200005_,УК20 Катушка (20м) IEK,0.13250011018637567,2.0,0.0,2.0,0.06625005509318783,1.0,0.0,0,0.0,1.8674998898136244,15.094327070270241,LOW,LOW,STABLE,0.8493150684931506,False,False,False,Прогноз спроса: 0 шт. Свободный остаток: 2 шт. В пути: 0 шт. Страховой запас: 0 шт. MOQ: 1 шт.
IEK,030201252_,"Выкл 2-кл перекр 10А б/рамки ""BRITE"" шампань (1/100)",0.0,146.0,0.0,146.0,0.0,1.0,0.0,0,0.0,146.0,inf,LOW,LOW,STABLE,0.25,False,False,False,Прогноз спроса: 0 шт. Свободный остаток: 146 шт. В пути: 0 шт. Страховой запас: 0 шт. MOQ: 1 шт.
IEK,030200552_,"Выкл 1-кл. с инд. 10А б/рамки ""BRITE"" маренго (1/100)",0.07917131811114524,4.0,0.0,4.0,0.03958565905557262,,0.0,0,0.0,3.920828681888855,50.52334728575026,LOW,LOW,STABLE,0.3974358974358974,False,False,False,Прогноз спроса: 0 шт. Свободный остаток: 4 шт. В пути: 0 шт. Страховой запас: 0 шт.
IEK,130300147_,Клещи обжимн КО-07Е 10-35мм IEK (40) ,0.02278465067021771,7.0,0.0,7.0,0.011392325335108856,1.0,0.0,0,0.0,6.977215349329782,307.2243722897997,LOW,LOW,STABLE,2.90625,False,False,False,Прогноз спроса: 0 шт. Свободный остаток: 7 шт. В пути: 0 шт. Страховой запас: 0 шт. MOQ: 1 шт.
IEK,010300003_, УЗО АД 12  (2ф) 25А IEK (5/40),94.83832230495024,557.0,0.0,557.0,27.16362304013708,1.0,0.0,0,0.0,462.1616776950498,5.873153240827906,LOW,LOW,GROWING,1.894601152562936,False,False,False,Прогноз спроса: 95 шт. Свободный остаток: 557 шт. В пути: 0 шт. Страховой запас: 27 шт. MOQ: 1 шт. Наблюдается рост спроса.
IEK,130300107_," ЗВИ   3 ПВХ (1,0-2,5мм ² 3А) 12 пар IEK (10)",0.000322173834754307,35.0,0.0,35.0,0.0001610869173771535,,0.0,0,0.0,34.99967782616525,108637.0034571285,LOW,LOW,DECLINING,0.25,False,False,False,Прогноз спроса: 0 шт. Свободный остаток: 35 шт. В пути: 0 шт. Страховой запас: 0 шт. Наблюдается снижение спроса.
IEK,201000015_,Преобраз. частоты CONTROL-A310 380В 3Ф  18-22кВт 37-45A IEK (1) NEW,4.803273947615018e-07,1.0,0.0,1.0,0.0,,0.0,0,0.0,0.9999995196726053,2081913.3176789396,LOW,LOW,STABLE,0.25,False,False,False,Прогноз спроса: 0 шт. Свободный остаток: 1 шт. В пути: 0 шт. Страховой запас: 0 шт.
IEK,240100002_,"Хомут 2,5х150 IEK (100)",4.008097583486464,173.0,0.0,173.0,1.5135223817306713,20.0,0.0,0,0.0,168.99190241651354,43.162621766687394,LOW,LOW,STABLE,0.7697236684020825,False,False,False,Прогноз спроса: 4 шт. Свободный остаток: 173 шт. В пути: 0 шт. Страховой запас: 2 шт. MOQ: 20 шт.
IEK,030200542_,"Роз TV оконечная  б/рамки ""BRITE"" графит (1/100)",0.7617613799697021,106.0,0.0,106.0,0.38088068998485103,1.0,0.0,0,0.0,105.2382386200303,139.15118669341834,LOW,LOW,STABLE,1.8424962852897475,False,False,False,Прогноз спроса: 1 шт. Свободный остаток: 106 шт. В пути: 0 шт. Страховой запас: 0 шт. MOQ: 1 шт.
IEK,030201246_,"Выкл 2-кл перекр 10А б/рамки ""BRITE"" алюминий (1/100)",1.4718230440357336e-06,196.0,0.0,196.0,0.0,1.0,0.0,0,0.0,195.99999852817695,133168182.67946716,LOW,LOW,STABLE,0.25,False,False,False,Прогноз спроса: 0 шт. Свободный остаток: 196 шт. В пути: 0 шт. Страховой запас: 0 шт. MOQ: 1 шт.
IEK,290200030_,"Катушка УК50 на мет с т/з 4 места 2P+PE/50м КГ 3х1,5мм2 IP44 ""Professional""",0.0,0.0,0.0,0.0,0.0,,0.0,0,0.0,0.0,inf,LOW,LOW,STABLE,1.0,True,False,False,Прогноз спроса: 0 шт. Свободный остаток: 0 шт. В пути: 0 шт. Страховой запас: 0 шт. Есть сигнал предыдущего stockout.
IEK,280100120_,Выключатель 1-кл  на 2 модуля ВК0-21-00-П ПРАЙМЕР (100),6.586963392169148,50.0,0.0,50.0,2.7469983618488016,10.0,0.0,0,0.0,43.413036607830854,7.590751158484053,LOW,LOW,GROWING,0.3780487804878049,False,False,False,Прогноз спроса: 7 шт. Свободный остаток: 50 шт. В пути: 0 шт. Страховой запас: 3 шт. MOQ: 10 шт. Наблюдается рост спроса.
IEK,010300002_, УЗО АД 12  (2ф) 16А IEK (5/40),141.38517095227584,671.0,0.0,671.0,69.39786019755935,1.0,0.0,0,0.0,529.6148290477241,4.745900828782773,LOW,LOW,STABLE,0.9145531851409816,False,True,False,Прогноз спроса: 141 шт. Свободный остаток: 671 шт. В пути: 0 шт. Страховой запас: 69 шт. MOQ: 1 шт. В истории обнаружена аномальная продажа.
IEK,280100123_,Кабель-канал  80х40 парапетный ПРАЙМЕР (24),213.04062133972437,820.0,72.0,892.0,29.11416608228141,24.0,0.0,0,0.0,678.9593786602757,4.18699492327135,LOW,LOW,DECLINING,1.3624429223744292,False,False,False,Прогноз спроса: 213 шт. Свободный остаток: 820 шт. В пути: 72 шт. Страховой запас: 29 шт. MOQ: 24 шт. Наблюдается снижение спроса.
IEK,240100106_," Хомут 4,8х350 IEK (100)",12.213691307879888,24.0,0.0,24.0,4.211650507817562,10.0,0.0,0,0.0,11.786308692120112,1.9650079075206328,LOW,LOW,GROWING,0.6260445682451253,False,False,False,Прогноз спроса: 12 шт. Свободный остаток: 24 шт. В пути: 0 шт. Страховой запас: 4 шт. MOQ: 10 шт. Наблюдается рост спроса.
IEK,290200128_,"Катушка УК10 4мест. 2P+PE/10м 3х1,5мм2 автосм. TWIST IEK",0.0,3.0,0.0,3.0,0.0,,0.0,0,0.0,3.0,inf,LOW,LOW,STABLE,0.25,False,False,False,Прогноз спроса: 0 шт. Свободный остаток: 3 шт. В пути: 0 шт. Страховой запас: 0 шт.
IEK,010300008_, УЗО АД 14  (4ф) 16А IEK (3/24),15.147934713180474,47.0,0.0,47.0,3.6063023537505376,1.0,0.0,0,0.0,31.852065286819524,3.1027332035636848,LOW,LOW,GROWING,1.237250554323725,False,False,False,Прогноз спроса: 15 шт. Свободный остаток: 47 шт. В пути: 0 шт. Страховой запас: 4 шт. MOQ: 1 шт. Наблюдается рост спроса.
IEK,030200532_,"Роз. 2-я TV+RJ45 кат.5E б/рамки ""BRITE"" сталь (1/100)",4.594393219520637e-06,1.0,0.0,1.0,0.0,1.0,0.0,0,0.0,0.9999954056067805,217656.59842766714,LOW,LOW,STABLE,2.2142857142857144,False,False,False,Прогноз спроса: 0 шт. Свободный остаток: 1 шт. В пути: 0 шт. Страховой запас: 0 шт. MOQ: 1 шт.
IEK,200400085_,"  F/UTP (24 AWG), кат.5Е экран, 4 пары, серый  305м ITK",3067.3082906616733,9254.0,0.0,9254.0,560.9656777973668,1.0,0.0,0,0.0,6186.691709338327,3.016977467890502,LOW,LOW,GROWING,1.209107632904931,False,False,False,Прогноз спроса: 3067 шт. Свободный остаток: 9254 шт. В пути: 0 шт. Страховой запас: 561 шт. MOQ: 1 шт. Наблюдается рост спроса.
IEK,240100020_,Площадка (самоклеющаяся) 30х30 IEK (100),0.0,1.0,0.0,1.0,0.0,,0.0,0,0.0,1.0,inf,LOW,LOW,STABLE,0.25,False,False,False,Прогноз спроса: 0 шт. Свободный остаток: 1 шт. В пути: 0 шт. Страховой запас: 0 шт.
IEK,010300013_, УЗО АД 14  (4ф) 63А IEK (3/24),17.65831676758725,22.0,0.0,22.0,3.8255282859582502,1.0,0.0,0,0.0,4.341683232412748,1.2458718625085563,LOW,LOW,GROWING,0.7362500000000001,False,False,False,Прогноз спроса: 18 шт. Свободный остаток: 22 шт. В пути: 0 шт. Страховой запас: 4 шт. MOQ: 1 шт. Наблюдается рост спроса.
IEK,280100015_,Кабель-канал 80х60 белый ЭЛЕКОР IEK (8),0.18546136261070173,12.0,0.0,12.0,0.09273068130535086,8.0,0.0,0,0.0,11.814538637389298,64.7035039054952,LOW,LOW,DECLINING,0.31,False,False,False,Прогноз спроса: 0 шт. Свободный остаток: 12 шт. В пути: 0 шт. Страховой запас: 0 шт. MOQ: 8 шт. Наблюдается снижение спроса.
IEK,130300210_,Основание контакт. ДП-33 габарит 0 (160А) IEK  (3/54) !!!,5.532187867302673e-06,4.0,0.0,4.0,0.0,,0.0,0,0.0,3.9999944678121326,723041.2444308907,LOW,LOW,STABLE,0.25,False,False,False,Прогноз спроса: 0 шт. Свободный остаток: 4 шт. В пути: 0 шт. Страховой запас: 0 шт.
IEK,290100143_,У05К (5мест/5метров) чер. IEK,1.5960487586877539,9.0,20.0,29.0,0.7980243793438769,1.0,0.0,0,0.0,27.403951241312246,18.169870965498163,LOW,LOW,DECLINING,0.4335664335664335,False,False,False,Прогноз спроса: 2 шт. Свободный остаток: 9 шт. В пути: 20 шт. Страховой запас: 1 шт. MOQ: 1 шт. Наблюдается снижение спроса.
IEK,030201465_, Розетка 2-я о/у з/к с крышкой вертикальная графит IP55 TORS IEK (1/40),0.42288137097400497,24.0,20.0,44.0,0.21144068548700248,1.0,0.0,0,0.0,43.577118629025996,104.04809249141583,LOW,LOW,DECLINING,0.25,False,True,False,Прогноз спроса: 0 шт. Свободный остаток: 24 шт. В пути: 20 шт. Страховой запас: 0 шт. MOQ: 1 шт. В истории обнаружена аномальная продажа. Наблюдается снижение спроса.
IEK,030200557_,"Роз. 2-я с з/к 16А в сб. ""BRITE"" маренго (1/100)",1.842573391846907,42.0,0.0,42.0,0.7144345083117603,,0.0,0,0.0,40.157426608153095,22.794207376402642,LOW,LOW,DECLINING,0.9359351988217968,False,True,False,Прогноз спроса: 2 шт. Свободный остаток: 42 шт. В пути: 0 шт. Страховой запас: 1 шт. В истории обнаружена аномальная продажа. Наблюдается снижение спроса.
IEK,200400101_, I6 роз. с/у з/к 16А КВАРТА РС 10-3-КБ (200),10.946559168065226,350.0,0.0,350.0,3.220507206428376,10.0,0.0,0,0.0,339.0534408319348,31.973517397235383,LOW,LOW,STABLE,1.818971002636124,False,False,False,Прогноз спроса: 11 шт. Свободный остаток: 350 шт. В пути: 0 шт. Страховой запас: 3 шт. MOQ: 10 шт.
IEK,240100016_,Площадка (самоклеющаяся) 25х25 IEK (100),0.0,0.0,0.0,0.0,0.0,,0.0,0,0.0,0.0,inf,LOW,LOW,STABLE,0.25,True,False,False,Прогноз спроса: 0 шт. Свободный остаток: 0 шт. В пути: 0 шт. Страховой запас: 0 шт. Есть сигнал предыдущего stockout.
IEK,030200533_,"Роз. без з/к 10А б/рамки ""BRITE"" графит (1/100)",29.5933069766684,266.0,0.0,266.0,11.348674665645653,1.0,0.0,0,0.0,236.4066930233316,8.988518931314994,LOW,LOW,DECLINING,1.0349761526232113,False,False,False,Прогноз спроса: 30 шт. Свободный остаток: 266 шт. В пути: 0 шт. Страховой запас: 11 шт. MOQ: 1 шт. Наблюдается снижение спроса.
IEK,030201146_," Рамка 5-мест. ""BRITE""  бел./бел.  IEK  (1/100)",0.004684075287138611,3.0,0.0,3.0,0.0023420376435693054,1.0,0.0,0,0.0,2.9953159247128616,640.4679293343784,LOW,LOW,STABLE,0.25,False,False,False,Прогноз спроса: 0 шт. Свободный остаток: 3 шт. В пути: 0 шт. Страховой запас: 0 шт. MOQ: 1 шт.
IEK,290200131_,"Катушка УК20 4мест. 2P+PE/20м 3х1,5мм2 автосм. TWIST IEK",0.03426324616676086,7.0,0.0,7.0,0.01713162308338043,1.0,0.0,0,0.0,6.965736753833239,204.30054893020542,LOW,LOW,STABLE,0.96875,False,False,False,Прогноз спроса: 0 шт. Свободный остаток: 7 шт. В пути: 0 шт. Страховой запас: 0 шт. MOQ: 1 шт.
IEK,311101217_,Аккумулятор GREEN Ni-MH  AAA 1100мАч (2шт/блистер) IEK,0.0,0.0,0.0,0.0,0.0,,0.0,0,0.0,0.0,inf,LOW,LOW,STABLE,0.25,True,False,False,Прогноз спроса: 0 шт. Свободный остаток: 0 шт. В пути: 0 шт. Страховой запас: 0 шт. Есть сигнал предыдущего stockout.
IEK,030201144_," Рамка 5-мест. ""BRITE""  хром/черн.  IEK  (1/100)",4.647468137078794e-06,3.0,0.0,3.0,0.0,1.0,0.0,0,0.0,2.999995352531863,645512.7634044794,LOW,LOW,STABLE,0.25,False,False,False,Прогноз спроса: 0 шт. Свободный остаток: 3 шт. В пути: 0 шт. Страховой запас: 0 шт. MOQ: 1 шт.
IEK,280100129_,"Розетка информационная RJ-45 UTP кат.5е,1 модуль РКИ-10-00-П ПРАЙМЕР (100)",91.00732308060367,285.0,0.0,285.0,40.789643293365536,10.0,0.0,0,0.0,193.99267691939633,3.131616120030036,LOW,LOW,GROWING,0.2952113187012515,False,False,False,Прогноз спроса: 91 шт. Свободный остаток: 285 шт. В пути: 0 шт. Страховой запас: 41 шт. MOQ: 10 шт. Наблюдается рост спроса.
IEK,200400048_,"U/UTP, кат.5Е 4х2х0,51 solid, серый 305м ITK",35.34042608079454,211.0,0.0,211.0,16.805832320974773,1.0,0.0,0,0.0,175.65957391920546,5.970499606247423,LOW,LOW,STABLE,1.4735334597504282,False,False,False,Прогноз спроса: 35 шт. Свободный остаток: 211 шт. В пути: 0 шт. Страховой запас: 17 шт. MOQ: 1 шт.
IEK,240100026_," Хомут 4,8х250 IEK (100)",31.52166535838992,213.0,0.0,213.0,4.878703721276793,10.0,0.0,0,0.0,181.47833464161008,6.757257193687805,LOW,LOW,GROWING,1.5223618824905,False,False,False,Прогноз спроса: 32 шт. Свободный остаток: 213 шт. В пути: 0 шт. Страховой запас: 5 шт. MOQ: 10 шт. Наблюдается рост спроса.
IEK,280100013_,Кабель-канал 60х60 белый ЭЛЕКОР IEK (12),1.3594646440877125,38.0,12.0,50.0,0.6797323220438563,12.0,0.0,0,0.0,48.640535355912284,36.77918378933142,LOW,LOW,STABLE,2.5203252032520327,False,False,False,Прогноз спроса: 1 шт. Свободный остаток: 38 шт. В пути: 12 шт. Страховой запас: 1 шт. MOQ: 12 шт.
IEK,130300220_,"Фотореле ФР 601 серый, 2200 Вт IP44 IEK (120)",66.1258179544663,202.0,60.0,262.0,12.40946211566005,20.0,0.0,0,0.0,195.8741820455337,3.9621438056223526,LOW,LOW,GROWING,1.2052165354330708,False,False,False,Прогноз спроса: 66 шт. Свободный остаток: 202 шт. В пути: 60 шт. Страховой запас: 12 шт. MOQ: 20 шт. Наблюдается рост спроса.
IEK,030201143_," Рамка 4-мест. ""BRITE""  металл алюм. RE AL  IEK  (1/50)",5.267519049677187e-06,5.0,0.0,5.0,0.0,1.0,0.0,0,0.0,4.999994732480951,949213.4632728891,LOW,LOW,STABLE,0.25,False,False,False,Прогноз спроса: 0 шт. Свободный остаток: 5 шт. В пути: 0 шт. Страховой запас: 0 шт. MOQ: 1 шт.
IEK,311101218_,Аккумулятор GREEN Ni-MH  AAA 1100мАч (4шт/блистер) IEK,1.0383467115200715e-06,1.0,0.0,1.0,0.0,,0.0,0,0.0,0.9999989616532885,963069.453493107,LOW,LOW,STABLE,1.2916666666666667,False,False,False,Прогноз спроса: 0 шт. Свободный остаток: 1 шт. В пути: 0 шт. Страховой запас: 0 шт.
IEK,010300015_, УЗО ВД1 63 (2ф) 25А 30мА IEK  (1/48),107.11805460104723,446.0,192.0,638.0,5.77659069001777,1.0,0.0,0,0.0,530.8819453989528,5.956045433948374,LOW,LOW,STABLE,1.0308191403081914,False,True,False,Прогноз спроса: 107 шт. Свободный остаток: 446 шт. В пути: 192 шт. Страховой запас: 6 шт. MOQ: 1 шт. В истории обнаружена аномальная продажа.
IEK,030200531_,"Роз. с з/к без з/ш 16А б/рамки ""BRITE"" сталь (1/100)",155.51763563956928,872.0,0.0,872.0,37.28773256715958,1.0,0.0,0,0.0,716.4823643604307,5.607081128862866,LOW,LOW,GROWING,1.8890260925587887,False,False,False,Прогноз спроса: 156 шт. Свободный остаток: 872 шт. В пути: 0 шт. Страховой запас: 37 шт. MOQ: 1 шт. Наблюдается рост спроса.
IEK,010300012_, УЗО АД 14  (4ф) 50А IEK (3/24),4.763498679033482,34.0,0.0,34.0,0.9020000923872865,3.0,0.0,0,0.0,29.236501320966518,7.137610880349531,LOW,LOW,GROWING,0.25,False,False,False,Прогноз спроса: 5 шт. Свободный остаток: 34 шт. В пути: 0 шт. Страховой запас: 1 шт. MOQ: 3 шт. Наблюдается рост спроса.
IEK,030200558_,"Роз. 2-я с з/к/ш 16А в сб. ""BRITE"" маренго (1/100)",5.5575980881117675e-06,5.0,0.0,5.0,0.0,,0.0,0,0.0,4.999994442401912,899669.2313349317,LOW,LOW,STABLE,0.25,False,False,False,Прогноз спроса: 0 шт. Свободный остаток: 5 шт. В пути: 0 шт. Страховой запас: 0 шт.
IEK,240100025_,Площадка (самоклеющаяся) 40х40 IEK (100),0.00010961865783799283,1.0,0.0,1.0,0.0,,0.0,0,0.0,0.999890381342162,9122.534609736931,LOW,LOW,STABLE,0.25,False,False,False,Прогноз спроса: 0 шт. Свободный остаток: 1 шт. В пути: 0 шт. Страховой запас: 0 шт.
IEK,030201466_, Выключатель 2-кл. проходной о/у графит IP55 TORS IEK (1/80),0.0,75.0,0.0,75.0,0.0,1.0,0.0,0,0.0,75.0,inf,LOW,LOW,STABLE,0.25,False,False,False,Прогноз спроса: 0 шт. Свободный остаток: 75 шт. В пути: 0 шт. Страховой запас: 0 шт. MOQ: 1 шт.
IEK,280100014_,Кабель-канал 80х40 белый ЭЛЕКОР IEK (10),6.297132777537018,40.0,0.0,40.0,3.148566388768509,10.0,0.0,0,0.0,33.702867222462984,6.352097281906941,LOW,LOW,DECLINING,2.101694915254237,False,False,False,Прогноз спроса: 6 шт. Свободный остаток: 40 шт. В пути: 0 шт. Страховой запас: 3 шт. MOQ: 10 шт. Наблюдается снижение спроса.
IEK,130300214_,ОПС1-В 3Р IEK (1) !!!,0.0,0.0,0.0,0.0,0.0,,0.0,0,0.0,0.0,inf,LOW,LOW,STABLE,0.25,True,False,False,Прогноз спроса: 0 шт. Свободный остаток: 0 шт. В пути: 0 шт. Страховой запас: 0 шт. Есть сигнал предыдущего stockout.
IEK,010300014_, УЗО ВД1 63 (2ф) 16А IEK  (1/48),64.10065858496259,226.0,96.0,322.0,31.237116010711787,1.0,0.0,0,0.0,257.8993414150374,5.023349324456678,LOW,LOW,DECLINING,0.6465460163319355,False,False,False,Прогноз спроса: 64 шт. Свободный остаток: 226 шт. В пути: 96 шт. Страховой запас: 31 шт. MOQ: 1 шт. Наблюдается снижение спроса.
IEK,280100126_,Рамка и суппорт  на 4 модуля 60 мм ПРАЙМЕР (160),45.03690747143714,187.0,0.0,187.0,5.90453215758877,10.0,0.0,0,0.0,141.96309252856287,4.152150103081507,LOW,LOW,GROWING,2.0279265493496554,False,False,False,Прогноз спроса: 45 шт. Свободный остаток: 187 шт. В пути: 0 шт. Страховой запас: 6 шт. MOQ: 10 шт. Наблюдается рост спроса.
IEK,130300091_,"Сизы-1 (4,0-11,0) красный P7-5 IEK (100)",0.030998046141019496,18.0,0.0,18.0,0.015499023070509748,,0.0,0,0.0,17.96900195385898,580.6817603313625,LOW,LOW,STABLE,1.273972602739726,False,False,False,Прогноз спроса: 0 шт. Свободный остаток: 18 шт. В пути: 0 шт. Страховой запас: 0 шт.
IEK,290100144_,У3 (3места/3метра) чер. IEK,0.004595131928002135,4.0,0.0,4.0,0.0022975659640010675,1.0,0.0,0,0.0,3.995404868071998,870.486432745167,LOW,LOW,DECLINING,1.1071428571428572,False,False,False,Прогноз спроса: 0 шт. Свободный остаток: 4 шт. В пути: 0 шт. Страховой запас: 0 шт. MOQ: 1 шт. Наблюдается снижение спроса.
IEK,030201149_," Рамка 5-мест. ""BRITE""  беж. рифленый  IEK  (1/100)",0.0,6.0,0.0,6.0,0.0,1.0,0.0,0,0.0,6.0,inf,LOW,LOW,STABLE,0.25,False,False,False,Прогноз спроса: 0 шт. Свободный остаток: 6 шт. В пути: 0 шт. Страховой запас: 0 шт. MOQ: 1 шт.
IEK,290200129_,"Катушка УК10 2P+PE/10м 3х1,5мм2 КГ автосм. IP44 TWIST IEK",3.2053623743823133e-08,3.0,0.0,3.0,0.0,,0.0,0,0.0,2.9999999679463762,93593162.00802764,LOW,LOW,STABLE,0.25,False,False,False,Прогноз спроса: 0 шт. Свободный остаток: 3 шт. В пути: 0 шт. Страховой запас: 0 шт.
IEK,200400249_, I9 роз. с/у з/к 16А IP44 КВАРТА РСб 10-3-КБ (160),0.045123292682717885,23.0,0.0,23.0,0.022561646341358942,8.0,0.0,0,0.0,22.954876707317283,509.7145760555046,LOW,LOW,STABLE,2.2868852459016398,False,False,False,Прогноз спроса: 0 шт. Свободный остаток: 23 шт. В пути: 0 шт. Страховой запас: 0 шт. MOQ: 8 шт.
IEK,240100011_,"Хомут 4,8х450 IEK (100)",2.3383204930309183,75.0,0.0,75.0,0.14288690166219956,10.0,0.0,0,0.0,72.66167950696908,32.07430299804002,LOW,LOW,STABLE,1.13184584178499,False,True,False,Прогноз спроса: 2 шт. Свободный остаток: 75 шт. В пути: 0 шт. Страховой запас: 0 шт. MOQ: 10 шт. В истории обнаружена аномальная продажа.
IEK,030200555_,"Роз. комп. RJ45 кат.5E б/рамки ""BRITE"" маренго (1/100)",0.1690644427263583,62.0,0.0,62.0,0.08453222136317914,,0.0,0,0.0,61.83093555727364,366.7240668716544,LOW,LOW,STABLE,0.8806818181818181,False,False,False,Прогноз спроса: 0 шт. Свободный остаток: 62 шт. В пути: 0 шт. Страховой запас: 0 шт.
IEK,010300009_, УЗО АД 14  (4ф) 25А IEK (3/24),15.219310107438137,30.0,24.0,54.0,1.2010151955741548,1.0,0.0,0,0.0,38.78068989256187,3.548124035767467,LOW,LOW,GROWING,0.7811671087533156,False,True,False,Прогноз спроса: 15 шт. Свободный остаток: 30 шт. В пути: 24 шт. Страховой запас: 1 шт. MOQ: 1 шт. В истории обнаружена аномальная продажа. Наблюдается рост спроса.
IEK,280100103_,Кабель-канал напольный 70х16  ЭЛЕКОР (42м),880.4921182204586,3265.0,546.0,3811.0,117.31668998910611,42.0,0.0,0,0.0,2930.5078817795415,4.328261345146758,LOW,LOW,STABLE,0.966224835006378,False,False,False,Прогноз спроса: 880 шт. Свободный остаток: 3265 шт. В пути: 546 шт. Страховой запас: 117 шт. MOQ: 42 шт.
IEK,130300172_,"Приставка ПВИ-11 задержка на вкл.0,1-30 сек.1з+1р IEK (200)!!!",0.0,0.0,0.0,0.0,0.0,,0.0,0,0.0,0.0,inf,LOW,LOW,STABLE,0.25,True,False,False,Прогноз спроса: 0 шт. Свободный остаток: 0 шт. В пути: 0 шт. Страховой запас: 0 шт. Есть сигнал предыдущего stockout.
IEK,290100146_,СФ-05К-вык (5 мест/3м.) серый IEK,0.9631574355093573,69.0,0.0,69.0,0.4286607049870567,5.0,0.0,0,0.0,68.03684256449064,71.6393784194896,LOW,LOW,STABLE,0.25,False,False,False,Прогноз спроса: 1 шт. Свободный остаток: 69 шт. В пути: 0 шт. Страховой запас: 0 шт. MOQ: 5 шт.
IEK,030201462_, Розетка 1-я о/у з/к c крышкой графит IP55 TORS IEK (1/60),0.278245875152508,65.0,0.0,65.0,0.139122937576254,1.0,0.0,0,0.0,64.7217541248475,233.60633815100823,LOW,LOW,DECLINING,0.25,False,True,False,Прогноз спроса: 0 шт. Свободный остаток: 65 шт. В пути: 0 шт. Страховой запас: 0 шт. MOQ: 1 шт. В истории обнаружена аномальная продажа. Наблюдается снижение спроса.
IEK,030200536_,"Роз. без з/к 10А б/рамки ""BRITE"" черный (1/100)",290.7066016713503,1394.0,0.0,1394.0,31.63381761132646,1.0,0.0,0,0.0,1103.2933983286498,4.795212740218212,LOW,LOW,DECLINING,1.511302013422819,False,False,False,Прогноз спроса: 291 шт. Свободный остаток: 1394 шт. В пути: 0 шт. Страховой запас: 32 шт. MOQ: 1 шт. Наблюдается снижение спроса.
IEK,200400250_,"F/UTP (24 AWG), кат.5Е экран, 4 пары, LDPE внеш.черный 305м ITK ",1591.1935526684156,7330.0,0.0,7330.0,212.03304086077475,1.0,0.0,0,0.0,5738.806447331584,4.606604889585974,LOW,LOW,DECLINING,0.9720694775315732,False,False,False,Прогноз спроса: 1591 шт. Свободный остаток: 7330 шт. В пути: 0 шт. Страховой запас: 212 шт. MOQ: 1 шт. Наблюдается снижение спроса.
IEK,030201150_," Рамка 5-мест. ""BRITE""  хром/никель  IEK  (1/100)",0.00010933664425857772,4.0,0.0,4.0,0.0,1.0,0.0,0,0.0,3.9998906633557416,36584.25797795775,LOW,LOW,STABLE,0.25,False,False,False,Прогноз спроса: 0 шт. Свободный остаток: 4 шт. В пути: 0 шт. Страховой запас: 0 шт. MOQ: 1 шт.
IEK,130300102_,Таймер ТЭ15 цифровой 16А 230В на DIN-рейку IEK (100),47.581715973038634,79.0,20.0,99.0,4.354652684198857,1.0,0.0,0,0.0,51.418284026961366,2.080631141089923,LOW,LOW,DECLINING,1.4394934333958722,False,False,False,Прогноз спроса: 48 шт. Свободный остаток: 79 шт. В пути: 20 шт. Страховой запас: 4 шт. MOQ: 1 шт. Наблюдается снижение спроса.
IEK,030200535_,"Роз. 2-я TV+RJ45 кат.5E б/рамки ""BRITE"" графит (1/100)",0.0,0.0,0.0,0.0,0.0,1.0,0.0,0,0.0,0.0,inf,LOW,LOW,STABLE,0.25,True,False,False,Прогноз спроса: 0 шт. Свободный остаток: 0 шт. В пути: 0 шт. Страховой запас: 0 шт. MOQ: 1 шт. Есть сигнал предыдущего stockout.
IEK,030201463_, Розетка 2-я  о/у з/к с крышкой горизонтальная графит IP55 TORS IEK (1/40),0.010217676292188064,75.0,30.0,105.0,0.0,1.0,0.0,0,0.0,104.98978232370781,10276.309113479929,LOW,LOW,STABLE,1.0,False,True,False,Прогноз спроса: 0 шт. Свободный остаток: 75 шт. В пути: 30 шт. Страховой запас: 0 шт. MOQ: 1 шт. В истории обнаружена аномальная продажа.
IEK,290100145_,У3 (3места/5метров) чер. IEK,8.620359209953398e-05,3.0,0.0,3.0,4.310179604976699e-05,1.0,0.0,0,0.0,2.9999137964079003,34801.33399239425,LOW,LOW,STABLE,0.25,False,False,False,Прогноз спроса: 0 шт. Свободный остаток: 3 шт. В пути: 0 шт. Страховой запас: 0 шт. MOQ: 1 шт.
IEK,280100127_,Рамка и суппорт  на 4 модуля 75 мм ПРАЙМЕР (160),35.11013548926757,181.0,0.0,181.0,9.657505716626165,10.0,0.0,0,0.0,145.88986451073242,5.1552065373068094,LOW,LOW,DECLINING,0.7526842362127868,False,False,False,Прогноз спроса: 35 шт. Свободный остаток: 181 шт. В пути: 0 шт. Страховой запас: 10 шт. MOQ: 10 шт. Наблюдается снижение спроса.
IEK,030201464_,Блок розетка + выключатель горизонтальный о/у графит IP55 TORS IEK (1/40),0.01905265518206908,36.0,0.0,36.0,0.00952632759103454,1.0,0.0,0,0.0,35.98094734481793,1889.5004216462428,LOW,LOW,STABLE,0.25,False,False,False,Прогноз спроса: 0 шт. Свободный остаток: 36 шт. В пути: 0 шт. Страховой запас: 0 шт. MOQ: 1 шт.
IEK,280100016_,Кабель-канал 25х25 белый ЭЛЕКОР IEK (32),321.4967079596671,1166.0,0.0,1166.0,68.14866408570792,32.0,0.0,0,0.0,844.5032920403329,3.6267867481438683,LOW,LOW,DECLINING,1.0871130926862729,False,True,False,Прогноз спроса: 321 шт. Свободный остаток: 1166 шт. В пути: 0 шт. Страховой запас: 68 шт. MOQ: 32 шт. В истории обнаружена аномальная продажа. Наблюдается снижение спроса.
IEK,130300207_,ОПС1-C 2Р In=20kA Un=400B Im=40kA IEK,1.0246069896238268,16.0,0.0,16.0,0.3614784456460255,1.0,0.0,0,0.0,14.975393010376173,15.615743560244718,LOW,LOW,GROWING,0.25,False,False,False,Прогноз спроса: 1 шт. Свободный остаток: 16 шт. В пути: 0 шт. Страховой запас: 0 шт. MOQ: 1 шт. Наблюдается рост спроса.
IEK,200400104_,"U/UTP, кат.6  4х2х0,23 solid, 305м ITK",787.6958938303799,4710.0,0.0,4710.0,393.84794691518994,1.0,0.0,0,0.0,3922.3041061696204,5.979464964704053,LOW,LOW,DECLINING,1.1659732187281415,False,False,False,Прогноз спроса: 788 шт. Свободный остаток: 4710 шт. В пути: 0 шт. Страховой запас: 394 шт. MOQ: 1 шт. Наблюдается снижение спроса.
IEK,240100013_," Хомут 7,6х500 IEK (100)",4.426624371620641,89.0,0.0,89.0,0.8968927843765323,5.0,0.0,0,0.0,84.57337562837935,20.1056137879203,LOW,LOW,DECLINING,1.1947261663286004,False,True,False,Прогноз спроса: 4 шт. Свободный остаток: 89 шт. В пути: 0 шт. Страховой запас: 1 шт. MOQ: 5 шт. В истории обнаружена аномальная продажа. Наблюдается снижение спроса.
IEK,030200534_,"Роз. с з/к без з/ш 16А б/рамки ""BRITE""  графит  (1/100)",218.5254330193544,929.0,0.0,929.0,49.06545628036087,1.0,0.0,0,0.0,710.4745669806456,4.2512214123731775,LOW,LOW,GROWING,0.9773086580489164,False,False,False,Прогноз спроса: 219 шт. Свободный остаток: 929 шт. В пути: 0 шт. Страховой запас: 49 шт. MOQ: 1 шт. Наблюдается рост спроса.
IEK,010300011_, УЗО АД 14  (4ф) 40А IEK (3/24),13.035673716802263,118.0,24.0,142.0,2.7529378247004876,1.0,0.0,0,0.0,128.96432628319775,10.893184586000327,LOW,LOW,DECLINING,0.783284742468416,False,False,False,Прогноз спроса: 13 шт. Свободный остаток: 118 шт. В пути: 24 шт. Страховой запас: 3 шт. MOQ: 1 шт. Наблюдается снижение спроса.
IEK,280100128_,Рамка и суппорт  универсал. на 2 модуля  ПРАЙМЕР (180),126.81112684154616,756.0,0.0,756.0,42.303211068034415,10.0,0.0,0,0.0,629.1888731584538,5.961621971427175,LOW,LOW,DECLINING,1.4956770109618651,False,False,False,Прогноз спроса: 127 шт. Свободный остаток: 756 шт. В пути: 0 шт. Страховой запас: 42 шт. MOQ: 10 шт. Наблюдается снижение спроса.
IEK,290200130_,"Катушка УК15 2P+PE/15м 3х1,5мм2 КГ автосм. IP44 TWIST IEK",0.06095247541357816,12.0,0.0,12.0,0.03047623770678908,,0.0,0,0.0,11.939047524586423,196.8746948926508,LOW,LOW,STABLE,0.25,False,False,False,Прогноз спроса: 0 шт. Свободный остаток: 12 шт. В пути: 0 шт. Страховой запас: 0 шт.
IEK,030200556_,"Выкл 1-кл. прох. 10А б/рамки ""BRITE"" маренго (1/100)",0.25155454665051913,86.0,0.0,86.0,0.12577727332525956,,0.0,0,0.0,85.74844545334948,341.8741626621382,LOW,LOW,STABLE,0.3757575757575758,False,False,False,Прогноз спроса: 0 шт. Свободный остаток: 86 шт. В пути: 0 шт. Страховой запас: 0 шт.
IEK,280100020_,Кабель-канал перфорированный  40х40 ИМПАКТ IEK (36),179.90056280094734,636.0,180.0,816.0,16.909021260853603,36.0,0.0,0,0.0,636.0994371990527,4.535839061842574,LOW,LOW,GROWING,0.4297323135755258,False,True,False,Прогноз спроса: 180 шт. Свободный остаток: 636 шт. В пути: 180 шт. Страховой запас: 17 шт. MOQ: 36 шт. В истории обнаружена аномальная продажа. Наблюдается рост спроса.
IEK,200400166_,"U/UTP, кат.5Е 4х2х0,51 solid, LDPE внеш.черный 305м ITK",2129.0325088070367,4834.0,0.0,4834.0,269.33328176567113,1.0,0.0,0,0.0,2704.9674911929633,2.2705148841097973,LOW,LOW,DECLINING,1.5712513052794317,False,False,False,Прогноз спроса: 2129 шт. Свободный остаток: 4834 шт. В пути: 0 шт. Страховой запас: 269 шт. MOQ: 1 шт. Наблюдается снижение спроса.
IEK,010300010_, УЗО АД 14  (4ф) 32А IEK (3/24),15.411999882321274,75.0,0.0,75.0,6.406689212586067,1.0,0.0,0,0.0,59.588000117678725,4.866337955662111,LOW,LOW,GROWING,0.9765976597659768,False,False,False,Прогноз спроса: 15 шт. Свободный остаток: 75 шт. В пути: 0 шт. Страховой запас: 6 шт. MOQ: 1 шт. Наблюдается рост спроса.
IEK,130300101_,Переключатель AKS-22  (черный с ключом на 2 фикс.полож.) IEK (10/200),1.1664353493481439,15.0,0.0,15.0,0.5832176746740719,10.0,0.0,0,0.0,13.833564650651857,12.859692573945628,LOW,LOW,STABLE,0.25,False,False,False,Прогноз спроса: 1 шт. Свободный остаток: 15 шт. В пути: 0 шт. Страховой запас: 1 шт. MOQ: 10 шт.
IEK,030201148_," Рамка 5-мест. ""BRITE""  бел. рифленый  IEK  (1/100)",0.0,5.0,0.0,5.0,0.0,1.0,0.0,0,0.0,5.0,inf,LOW,LOW,STABLE,0.25,False,False,False,Прогноз спроса: 0 шт. Свободный остаток: 5 шт. В пути: 0 шт. Страховой запас: 0 шт. MOQ: 1 шт.
IEK,200400018_,I17 Рамка 4-я КВАРТА (380) ,0.14345760254630546,5.0,0.0,5.0,0.07172880127315273,19.0,0.0,0,0.0,4.856542397453694,34.853503134391865,LOW,LOW,DECLINING,0.4558823529411765,False,False,False,Прогноз спроса: 0 шт. Свободный остаток: 5 шт. В пути: 0 шт. Страховой запас: 0 шт. MOQ: 19 шт. Наблюдается снижение спроса.
IEK,130300292_,Ножницы (секторные) для резки кабеля НК-250 IEK (240мм) ,0.5967753329232797,6.0,5.0,11.0,0.29838766646163983,1.0,0.0,0,0.0,10.40322466707672,18.432397240879492,LOW,LOW,STABLE,0.6526315789473685,False,False,False,Прогноз спроса: 1 шт. Свободный остаток: 6 шт. В пути: 5 шт. Страховой запас: 0 шт. MOQ: 1 шт.
IEK,080800070_,Индикатор AD-22DS (LED) Ø22мм (желтый) IEK (10/600),24.683191926568796,213.0,0.0,213.0,4.30751281677335,10.0,0.0,0,0.0,188.31680807343122,8.629353960122494,LOW,LOW,GROWING,0.5625482625482625,False,False,False,Прогноз спроса: 25 шт. Свободный остаток: 213 шт. В пути: 0 шт. Страховой запас: 4 шт. MOQ: 10 шт. Наблюдается рост спроса.
IEK,010300169_, УЗО АВДТ 32  25А GENERICA (6/60) !!!,0.0,0.0,0.0,0.0,0.0,,0.0,0,0.0,0.0,inf,LOW,LOW,STABLE,2.1136363636363638,True,False,False,Прогноз спроса: 0 шт. Свободный остаток: 0 шт. В пути: 0 шт. Страховой запас: 0 шт. Есть сигнал предыдущего stockout.
IEK,270300293_,Вентилятор с фильтром ВФИ 700 м3/час IP55 IEK (4) NEW,5.046472191615431e-06,2.0,0.0,2.0,0.0,1.0,0.0,0,0.0,1.9999949535278083,396316.4610959202,LOW,LOW,STABLE,0.25,False,False,False,Прогноз спроса: 0 шт. Свободный остаток: 2 шт. В пути: 0 шт. Страховой запас: 0 шт. MOQ: 1 шт.
IEK,130300533_,Зажим анкерный ЗАС 4х70-95/27400 (HEL-5507) IEK (8),3.686052092370691,36.0,10.0,46.0,1.3600551459407797,1.0,0.0,0,0.0,42.313947907629306,12.479476373980113,LOW,LOW,DECLINING,0.84765625,False,False,False,Прогноз спроса: 4 шт. Свободный остаток: 36 шт. В пути: 10 шт. Страховой запас: 1 шт. MOQ: 1 шт. Наблюдается снижение спроса.
IEK,151000606_,Отвертка Master 4х100мм IEK (12) ,0.0,2.0,0.0,2.0,0.0,,0.0,0,0.0,2.0,inf,LOW,LOW,STABLE,0.25,False,False,False,Прогноз спроса: 0 шт. Свободный остаток: 2 шт. В пути: 0 шт. Страховой запас: 0 шт.
IEK,240300018_,"Маркер МК1-2,5мм символ ""5"" 1000шт\ролл IEK",0.2169416309518859,3.0,2.0,5.0,0.10847081547594295,1.0,0.0,0,0.0,4.783058369048114,23.047674058968045,LOW,LOW,STABLE,0.7380952380952381,False,False,False,Прогноз спроса: 0 шт. Свободный остаток: 3 шт. В пути: 2 шт. Страховой запас: 0 шт. MOQ: 1 шт.
IEK,030201114_," Рамка 2-мест. ""BRITE""  металл шамп. RE AL  IEK  (1/100)",0.0,31.0,0.0,31.0,0.0,1.0,0.0,0,0.0,31.0,inf,LOW,LOW,STABLE,0.25,False,False,False,Прогноз спроса: 0 шт. Свободный остаток: 31 шт. В пути: 0 шт. Страховой запас: 0 шт. MOQ: 1 шт.
IEK,130200492_,Отвертка диэлектрическая PZ/SL1х80 Т2 ARMA2L 5 IEK,0.010305792225979295,17.0,0.0,17.0,0.005152896112989648,1.0,0.0,0,0.0,16.989694207774022,1649.5578047018696,LOW,LOW,STABLE,0.25,False,False,False,Прогноз спроса: 0 шт. Свободный остаток: 17 шт. В пути: 0 шт. Страховой запас: 0 шт. MOQ: 1 шт.
IEK,030200499_,"Роз. с з/к/ш 16А б/рамки ""BRITE"" сталь (1/100)",149.41553010176833,894.0,0.0,894.0,21.06717035262824,1.0,0.0,0,0.0,744.5844698982316,5.983313778635248,LOW,LOW,GROWING,0.9954577770755983,False,False,False,Прогноз спроса: 149 шт. Свободный остаток: 894 шт. В пути: 0 шт. Страховой запас: 21 шт. MOQ: 1 шт. Наблюдается рост спроса.
IEK,010300168_, УЗО АВДТ 32  20А GENERICA (6/60) !!!,0.0,0.0,0.0,0.0,0.0,,0.0,0,0.0,0.0,inf,LOW,LOW,STABLE,1.0,True,False,False,Прогноз спроса: 0 шт. Свободный остаток: 0 шт. В пути: 0 шт. Страховой запас: 0 шт. Есть сигнал предыдущего stockout.
IEK,030200751_,"Роз 2-ая комп. RJ45  кат.5E ""BRITE"" шампань (1/100)",0.2885121675735413,4.0,0.0,4.0,0.14425608378677066,1.0,0.0,0,0.0,3.711487832426459,13.864233296089346,LOW,LOW,STABLE,4.0,False,False,False,Прогноз спроса: 0 шт. Свободный остаток: 4 шт. В пути: 0 шт. Страховой запас: 0 шт. MOQ: 1 шт.
IEK,151000691_,"Датчик движения ДД 009 черный,до 1100 Вт,дальность 12 м IP44 IEK (48)",3.7988833199949283,26.0,10.0,36.0,1.7488329441849686,1.0,0.0,0,0.0,32.20111668000507,9.476468995643716,LOW,LOW,DECLINING,0.25,False,False,False,Прогноз спроса: 4 шт. Свободный остаток: 26 шт. В пути: 10 шт. Страховой запас: 2 шт. MOQ: 1 шт. Наблюдается снижение спроса.
IEK,240300017_,"Маркер МК1-2,5мм символ ""4"" 1000шт\ролл IEK",0.15128420570507156,2.0,0.0,2.0,0.07564210285253578,1.0,0.0,0,0.0,1.8487157942949284,13.220150713545063,LOW,LOW,DECLINING,0.25,False,False,False,Прогноз спроса: 0 шт. Свободный остаток: 2 шт. В пути: 0 шт. Страховой запас: 0 шт. MOQ: 1 шт. Наблюдается снижение спроса.
IEK,030200498_,"Выкл 2-кл. прох. 10А б/рамки ""BRITE"" черный (1/100)",37.51002241323632,150.0,0.0,150.0,11.490274873416505,1.0,0.0,0,0.0,112.48997758676367,3.9989312282327205,LOW,LOW,GROWING,1.1535258912308093,False,False,False,Прогноз спроса: 38 шт. Свободный остаток: 150 шт. В пути: 0 шт. Страховой запас: 11 шт. MOQ: 1 шт. Наблюдается рост спроса.
IEK,030200752_,"Выкл 3-кл. 10А  б/рамки ""BRITE"" шампань (1/100)",4.032665160088431,23.0,0.0,23.0,2.0163325800442156,1.0,0.0,0,0.0,18.96733483991157,5.703424183994398,LOW,LOW,STABLE,1.323170731707317,False,False,False,Прогноз спроса: 4 шт. Свободный остаток: 23 шт. В пути: 0 шт. Страховой запас: 2 шт. MOQ: 1 шт.
IEK,130300535_,Крюк КМ-1800 IEK (25),18.889586795254342,203.0,40.0,243.0,3.6669355961983605,5.0,0.0,0,0.0,224.11041320474567,12.864230574966799,LOW,LOW,GROWING,1.530503144654088,False,False,False,Прогноз спроса: 19 шт. Свободный остаток: 203 шт. В пути: 40 шт. Страховой запас: 4 шт. MOQ: 5 шт. Наблюдается рост спроса.
IEK,010300185_, УЗО ВД1-63 (4ф) 32А 300мА IEK !!!,0.0,0.0,0.0,0.0,0.0,,0.0,0,0.0,0.0,inf,LOW,LOW,STABLE,0.25,True,False,False,Прогноз спроса: 0 шт. Свободный остаток: 0 шт. В пути: 0 шт. Страховой запас: 0 шт. Есть сигнал предыдущего stockout.
IEK,030200497_,"Рамка 4-мест. ""BRITE"" черный (1/100)",37.791723633291426,49.0,0.0,49.0,8.316214082541757,1.0,0.0,0,0.0,11.208276366708574,1.296580184472851,LOW,LOW,GROWING,1.0609678446354665,False,False,False,Прогноз спроса: 38 шт. Свободный остаток: 49 шт. В пути: 0 шт. Страховой запас: 8 шт. MOQ: 1 шт. Наблюдается рост спроса.
IEK,151000556_,Отвертка Master 6х150мм IEK (12) ,0.0,0.0,0.0,0.0,0.0,,0.0,0,0.0,0.0,inf,LOW,LOW,STABLE,0.25,True,False,False,Прогноз спроса: 0 шт. Свободный остаток: 0 шт. В пути: 0 шт. Страховой запас: 0 шт. Есть сигнал предыдущего stockout.
IEK,240300020_,"Маркер МК1-2,5мм символ ""7"" 1000шт\ролл IEK",0.07129218739969244,3.0,0.0,3.0,0.03564609369984622,1.0,0.0,0,0.0,2.9287078126003077,42.08034722207082,LOW,LOW,STABLE,0.25,False,False,False,Прогноз спроса: 0 шт. Свободный остаток: 3 шт. В пути: 0 шт. Страховой запас: 0 шт. MOQ: 1 шт.
IEK,290100010_,У03К-выкл (3места/5метров ) IEK,0.0,0.0,0.0,0.0,0.0,,0.0,0,0.0,0.0,inf,LOW,LOW,STABLE,0.25,True,False,False,Прогноз спроса: 0 шт. Свободный остаток: 0 шт. В пути: 0 шт. Страховой запас: 0 шт. Есть сигнал предыдущего stockout.
IEK,080800071_,Индикатор AD-22DS (LED) Ø22мм (зеленый) IEK (10/600),183.84506649901715,605.0,100.0,705.0,22.374555861513763,10.0,0.0,0,0.0,521.1549335009829,3.834750713877704,LOW,LOW,GROWING,1.0843912686090054,False,False,False,Прогноз спроса: 184 шт. Свободный остаток: 605 шт. В пути: 100 шт. Страховой запас: 22 шт. MOQ: 10 шт. Наблюдается рост спроса.
IEK,130200491_,Набор динамометрической отвертки со сменными жалами SLIM Т2 14шт ARMA2L 5 IEK,0.23223575457408357,1.0,0.0,1.0,0.11611787728704179,1.0,0.0,0,0.0,0.7677642454259164,4.305969172722706,LOW,LOW,STABLE,0.25,False,False,False,Прогноз спроса: 0 шт. Свободный остаток: 1 шт. В пути: 0 шт. Страховой запас: 0 шт. MOQ: 1 шт.
IEK,030201113_," Рамка 2-мест. ""BRITE""  металл коричн. RE AL  IEK  (1/100)",0.0,11.0,0.0,11.0,0.0,1.0,0.0,0,0.0,11.0,inf,LOW,LOW,STABLE,0.25,False,False,False,Прогноз спроса: 0 шт. Свободный остаток: 11 шт. В пути: 0 шт. Страховой запас: 0 шт. MOQ: 1 шт.
IEK,270300292_,Вентилятор с фильтром ВФИ 550 м3/час IP55 IEK (5) NEW,0.0,0.0,0.0,0.0,0.0,1.0,0.0,0,0.0,0.0,inf,LOW,LOW,STABLE,2.0666666666666664,False,False,False,Прогноз спроса: 0 шт. Свободный остаток: 0 шт. В пути: 0 шт. Страховой запас: 0 шт. MOQ: 1 шт.
IEK,130300534_,Зажим плашечный ЗП 6-95/6-95 (SL37.27) IEK (21),0.4870479796803654,26.0,0.0,26.0,0.2435239898401827,21.0,0.0,0,0.0,25.512952020319634,53.382831024292514,LOW,LOW,STABLE,0.25,False,False,False,Прогноз спроса: 0 шт. Свободный остаток: 26 шт. В пути: 0 шт. Страховой запас: 0 шт. MOQ: 21 шт.
IEK,010300171_, УЗО АВДТ 32  40А GENERICA (6/60),0.0,0.0,0.0,0.0,0.0,,0.0,0,0.0,0.0,inf,LOW,LOW,STABLE,1.0,True,False,False,Прогноз спроса: 0 шт. Свободный остаток: 0 шт. В пути: 0 шт. Страховой запас: 0 шт. Есть сигнал предыдущего stockout.
IEK,BR-R16-16-44-K02_,BRITE Розетка 1-местная с заземлением с защитными шторками и крышкой 16А IP44 РСбш10-3-44-БрЧ черный,0.0,0.0,0.0,0.0,0.0,1.0,0.0,0,0.0,0.0,inf,LOW,LOW,STABLE,0.25,True,False,False,Прогноз спроса: 0 шт. Свободный остаток: 0 шт. В пути: 0 шт. Страховой запас: 0 шт. MOQ: 1 шт. Есть сигнал предыдущего stockout.
IEK,151000558_,"Блок ав-го питания БАП58-1,0 IEK (5) ",0.055616384788001516,12.0,0.0,12.0,0.027808192394000758,1.0,0.0,0,0.0,11.944383615211999,215.76375461550745,LOW,LOW,STABLE,2.3057851239669422,False,False,False,Прогноз спроса: 0 шт. Свободный остаток: 12 шт. В пути: 0 шт. Страховой запас: 0 шт. MOQ: 1 шт.
IEK,280100341_,Кабель-канал 16х16 дуб ЭЛЕКОР IEK (84),23.06369707499093,140.0,0.0,140.0,4.962929242560963,84.0,0.0,0,0.0,116.93630292500907,6.070145629505718,LOW,LOW,DECLINING,0.25,False,False,False,Прогноз спроса: 23 шт. Свободный остаток: 140 шт. В пути: 0 шт. Страховой запас: 5 шт. MOQ: 84 шт. Наблюдается снижение спроса.
IEK,270300291_,Вентилятор с фильтром ВФИ 480 м3/час IP55 IEK (5) NEW,0.0008528464941456839,10.0,0.0,10.0,0.00042642324707284194,1.0,0.0,0,0.0,9.999147153505854,11725.439535302577,LOW,LOW,STABLE,0.25,False,False,False,Прогноз спроса: 0 шт. Свободный остаток: 10 шт. В пути: 0 шт. Страховой запас: 0 шт. MOQ: 1 шт.
IEK,080800062_,Сиг. лампа ЛС-47 (желтый неон) IEK (12/240),8.291878291539508,39.0,0.0,39.0,2.597242127077617,12.0,0.0,0,0.0,30.708121708460492,4.703397545016195,LOW,LOW,DECLINING,0.8207739307535642,False,False,False,Прогноз спроса: 8 шт. Свободный остаток: 39 шт. В пути: 0 шт. Страховой запас: 3 шт. MOQ: 12 шт. Наблюдается снижение спроса.
IEK,130300532_,Зажим анкерный ЗАС 4х16-50/14400 (HEL-5506) IEK (15),1.5168559920927414,33.0,30.0,63.0,0.0,1.0,0.0,0,0.0,61.483144007907256,41.533276941525344,LOW,LOW,STABLE,0.744,False,True,False,Прогноз спроса: 2 шт. Свободный остаток: 33 шт. В пути: 30 шт. Страховой запас: 0 шт. MOQ: 1 шт. В истории обнаружена аномальная продажа.
IEK,010300163_, УЗО АД 12  (2ф) 50А GENERICA (5/40) !!!,0.0,0.0,0.0,0.0,0.0,,0.0,0,0.0,0.0,inf,LOW,LOW,STABLE,0.25,True,False,False,Прогноз спроса: 0 шт. Свободный остаток: 0 шт. В пути: 0 шт. Страховой запас: 0 шт. Есть сигнал предыдущего stockout.
IEK,270300297_,Фильтр c решеткой для вентилятора ВФИ 380 м3/час IEK (28) NEW,0.3030719752609532,13.0,0.0,13.0,0.1515359876304766,1.0,0.0,0,0.0,12.696928024739046,42.89410127349006,LOW,LOW,STABLE,0.5688073394495413,False,False,False,Прогноз спроса: 0 шт. Свободный остаток: 13 шт. В пути: 0 шт. Страховой запас: 0 шт. MOQ: 1 шт.
IEK,130300528_,Фасадное крепление КФК12-47.1 IEK (50) (150),1.7621634733148634,37.0,0.0,37.0,0.8810817366574317,50.0,0.0,0,0.0,35.237836526685136,20.996916892391425,LOW,LOW,STABLE,2.306547619047619,False,False,False,Прогноз спроса: 2 шт. Свободный остаток: 37 шт. В пути: 0 шт. Страховой запас: 1 шт. MOQ: 50 шт.
IEK,030200502_,"Выкл 2-кл. 10А б/рамки ""BRITE"" сталь (1/100)",44.349683200097786,168.0,0.0,168.0,5.634891303299489,1.0,0.0,0,0.0,123.65031679990221,3.7880766643137957,LOW,LOW,GROWING,2.301157211402766,False,False,False,Прогноз спроса: 44 шт. Свободный остаток: 168 шт. В пути: 0 шт. Страховой запас: 6 шт. MOQ: 1 шт. Наблюдается рост спроса.
IEK,240300014_,"Маркер МК1-2,5мм символ ""1"" 1000шт\ролл IEK ",1.3314549770580943,4.0,3.0,7.0,0.36708309685955304,1.0,0.0,0,0.0,5.668545022941906,5.2574064618142735,LOW,LOW,DECLINING,0.3163265306122449,False,False,False,Прогноз спроса: 1 шт. Свободный остаток: 4 шт. В пути: 3 шт. Страховой запас: 0 шт. MOQ: 1 шт. Наблюдается снижение спроса.
IEK,030201117_," Рамка 3-мест. ""BRITE""  стекло черн. матовый  IEK  (1/50)",5.013570679205146e-06,12.0,0.0,12.0,0.0,1.0,0.0,0,0.0,11.999994986429321,2393503.7058064346,LOW,LOW,STABLE,0.25,False,False,False,Прогноз спроса: 0 шт. Свободный остаток: 12 шт. В пути: 0 шт. Страховой запас: 0 шт. MOQ: 1 шт.
IEK,BR-KT20-O-1-K10,Розетка двойная RJ11+RJ45 кат.5E РК/Т12-БрКр бежевый IEK,0.0,0.0,0.0,0.0,0.0,,0.0,0,0.0,0.0,inf,LOW,LOW,STABLE,1.0,True,False,False,Прогноз спроса: 0 шт. Свободный остаток: 0 шт. В пути: 0 шт. Страховой запас: 0 шт. Есть сигнал предыдущего stockout.
IEK,030200747_,"Роз. TV проходная б/рамки ""BRITE"" графит (1/100)",0.24247386001752114,1.0,0.0,1.0,0.12123693000876057,1.0,0.0,0,0.0,0.7575261399824789,4.124155898403812,LOW,LOW,STABLE,0.25,False,False,False,Прогноз спроса: 0 шт. Свободный остаток: 1 шт. В пути: 0 шт. Страховой запас: 0 шт. MOQ: 1 шт.
IEK,010300157_, УЗО АД 12  (2ф) 25А GENERICA (5/40) !!!,0.0,0.0,0.0,0.0,0.0,,0.0,0,0.0,0.0,inf,LOW,LOW,STABLE,0.25,True,False,False,Прогноз спроса: 0 шт. Свободный остаток: 0 шт. В пути: 0 шт. Страховой запас: 0 шт. Есть сигнал предыдущего stockout.
IEK,130200494_,Отвертка диэлектрическая SLIM PH/SL2х100 Т2 ARMA2L 5  IEK,0.00018351131812807634,18.0,0.0,18.0,9.175565906403817e-05,1.0,0.0,0,0.0,17.999816488681873,98086.59315191353,LOW,LOW,STABLE,0.25,False,False,False,Прогноз спроса: 0 шт. Свободный остаток: 18 шт. В пути: 0 шт. Страховой запас: 0 шт. MOQ: 1 шт.
IEK,280100338_,Кабель-канал 40х25 черный ЭЛЕКОР IEK (24),6.335112175882632,100.0,0.0,100.0,3.167556087941316,24.0,0.0,0,0.0,93.66488782411737,15.78504014193997,LOW,LOW,DECLINING,1.34315424610052,False,False,False,Прогноз спроса: 6 шт. Свободный остаток: 100 шт. В пути: 0 шт. Страховой запас: 3 шт. MOQ: 24 шт. Наблюдается снижение спроса.
IEK,290100015_,У05 (5мест 2р+ре.3метра) IEK,0.0,0.0,0.0,0.0,0.0,,0.0,0,0.0,0.0,inf,LOW,LOW,STABLE,0.25,True,False,False,Прогноз спроса: 0 шт. Свободный остаток: 0 шт. В пути: 0 шт. Страховой запас: 0 шт. Есть сигнал предыдущего stockout.
IEK,080800030_,Сиг. лампа ЛС-47 (зеленый неон) IEK (12/240),13.228423224207592,47.0,0.0,47.0,3.6841552627434173,12.0,0.0,0,0.0,33.77157677579241,3.5529555717563905,LOW,LOW,STABLE,0.8003442340791739,False,False,False,Прогноз спроса: 13 шт. Свободный остаток: 47 шт. В пути: 0 шт. Страховой запас: 4 шт. MOQ: 12 шт.
IEK,270300298_,Фильтр c решеткой для вентилятора ВФИ 480-700 м3/час IEK (19) NEW,0.006828724740523844,9.0,0.0,9.0,0.003414362370261922,1.0,0.0,0,0.0,8.993171275259476,1317.9620415201555,LOW,LOW,STABLE,0.25,False,False,False,Прогноз спроса: 0 шт. Свободный остаток: 9 шт. В пути: 0 шт. Страховой запас: 0 шт. MOQ: 1 шт.
IEK,080800031_,Сиг. лампа ЛС-47 (красный неон) IEK (12/240),17.523472815165054,50.0,0.0,50.0,5.06432785931822,12.0,0.0,0,0.0,32.47652718483495,2.853315694177316,LOW,LOW,DECLINING,0.9062119366626066,False,False,False,Прогноз спроса: 18 шт. Свободный остаток: 50 шт. В пути: 0 шт. Страховой запас: 5 шт. MOQ: 12 шт. Наблюдается снижение спроса.
IEK,280100339_,Кабель-канал 12х12 дуб ЭЛЕКОР IEK (120),0.7464649171150618,58.0,0.0,58.0,0.3732324585575309,120.0,0.0,0,0.0,57.25353508288494,77.69956587398434,LOW,LOW,STABLE,0.25,False,False,False,Прогноз спроса: 1 шт. Свободный остаток: 58 шт. В пути: 0 шт. Страховой запас: 0 шт. MOQ: 120 шт.
IEK,130200493_,Отвертка диэлектрическая PZ/SL2х100 Т2 ARMA2L 5 IEK,0.016902912477257823,15.0,0.0,15.0,0.008451456238628911,1.0,0.0,0,0.0,14.983097087522742,887.421029966397,LOW,LOW,STABLE,0.25,False,False,False,Прогноз спроса: 0 шт. Свободный остаток: 15 шт. В пути: 0 шт. Страховой запас: 0 шт. MOQ: 1 шт.
IEK,030201115_," Рамка 2-мест. ""BRITE""  металл алюм. RE AL  IEK  (1/100)",0.0,14.0,0.0,14.0,0.0,1.0,0.0,0,0.0,14.0,inf,LOW,LOW,STABLE,0.25,False,False,False,Прогноз спроса: 0 шт. Свободный остаток: 14 шт. В пути: 0 шт. Страховой запас: 0 шт. MOQ: 1 шт.
IEK,030200500_,"Выкл 1-кл. 10А б/рамки ""BRITE"" сталь (1/100)",92.4052284014718,373.0,0.0,373.0,1.0711753669066222,1.0,0.0,0,0.0,280.5947715985282,4.036568129883644,LOW,LOW,STABLE,1.5668664248541238,False,True,False,Прогноз спроса: 92 шт. Свободный остаток: 373 шт. В пути: 0 шт. Страховой запас: 1 шт. MOQ: 1 шт. В истории обнаружена аномальная продажа.
IEK,151000692_,"Датчик движения ДД 010 черный,до 1100 Вт,дальность 10 м IP44 IEK (48)",0.07575223717798918,4.0,0.0,4.0,0.03787611858899459,1.0,0.0,0,0.0,3.9242477628220107,52.80372103864747,LOW,LOW,DECLINING,0.8857142857142857,False,False,False,Прогноз спроса: 0 шт. Свободный остаток: 4 шт. В пути: 0 шт. Страховой запас: 0 шт. MOQ: 1 шт. Наблюдается снижение спроса.
IEK,240300016_,"Маркер МК1-2,5мм символ ""3"" 1000шт\ролл IEK",0.01869468151214443,2.0,0.0,2.0,0.009347340756072214,1.0,0.0,0,0.0,1.9813053184878555,106.9822986126167,LOW,LOW,STABLE,0.25,False,False,False,Прогноз спроса: 0 шт. Свободный остаток: 2 шт. В пути: 0 шт. Страховой запас: 0 шт. MOQ: 1 шт.
IEK,270300295_,Фильтр c решеткой для вентилятора ВФИ 65-105 м3/час IEK (56) NEW,7.22805238220299,33.0,0.0,33.0,1.9350495256366607,1.0,0.0,0,0.0,25.77194761779701,4.565545219519031,LOW,LOW,DECLINING,1.021978021978022,False,False,False,Прогноз спроса: 7 шт. Свободный остаток: 33 шт. В пути: 0 шт. Страховой запас: 2 шт. MOQ: 1 шт. Наблюдается снижение спроса.
IEK,030200748_,"Рамка 5-мест. ""BRITE"" графит (1/100)",1.0254328094218146,29.0,0.0,29.0,0.5127164047109073,1.0,0.0,0,0.0,27.974567190578185,28.28074129630347,LOW,LOW,DECLINING,1.2653061224489797,False,False,False,Прогноз спроса: 1 шт. Свободный остаток: 29 шт. В пути: 0 шт. Страховой запас: 1 шт. MOQ: 1 шт. Наблюдается снижение спроса.
IEK,270300296_,Фильтр c решеткой для вентилятора ВФИ 200 м3/час IEK (28) NEW,1.0025336603341706,14.0,0.0,14.0,0.5012668301670853,1.0,0.0,0,0.0,12.997466339665829,13.964618400277388,LOW,LOW,STABLE,1.5346534653465345,False,False,False,Прогноз спроса: 1 шт. Свободный остаток: 14 шт. В пути: 0 шт. Страховой запас: 1 шт. MOQ: 1 шт.
IEK,130300529_,Фасадное крепление КФК15-57.6 IEK (50) (150),81.76195419177289,86.0,50.0,136.0,18.819132551741063,50.0,0.0,0,0.0,54.23804580822711,1.6633653310317367,LOW,LOW,STABLE,0.487128050819124,False,False,False,Прогноз спроса: 82 шт. Свободный остаток: 86 шт. В пути: 50 шт. Страховой запас: 19 шт. MOQ: 50 шт.
IEK,030201116_," Рамка 3-мест. ""BRITE""  стекло бел. матовый  IEK  (1/50)",0.0007824990747730262,10.0,0.0,10.0,0.0003912495373865131,1.0,0.0,0,0.0,9.999217500925226,12779.56782619919,LOW,LOW,DECLINING,0.25,False,False,False,Прогноз спроса: 0 шт. Свободный остаток: 10 шт. В пути: 0 шт. Страховой запас: 0 шт. MOQ: 1 шт. Наблюдается снижение спроса.
IEK,BR-M12-G-31-K96,BRITE Рамка 1-местная РУ-1-2-БрП стекло персиковый матовый IEK,0.0,0.0,0.0,0.0,0.0,,0.0,0,0.0,0.0,inf,LOW,LOW,STABLE,1.0,True,False,False,Прогноз спроса: 0 шт. Свободный остаток: 0 шт. В пути: 0 шт. Страховой запас: 0 шт. Есть сигнал предыдущего stockout.
IEK,030200501_,"Выкл 1-кл. с инд. 10А б/рамки ""BRITE"" сталь (1/100)",3.24534788306272,34.0,0.0,34.0,1.445913782584126,1.0,0.0,0,0.0,30.75465211693728,10.476534789211351,LOW,LOW,DECLINING,2.061170212765957,False,False,False,Прогноз спроса: 3 шт. Свободный остаток: 34 шт. В пути: 0 шт. Страховой запас: 1 шт. MOQ: 1 шт. Наблюдается снижение спроса.
IEK,151000693_,"Датчик движения ДД 012 черный,до 1100 Вт,дальность 10 м IP44 IEK (48)",0.0,2.0,0.0,2.0,0.0,,0.0,0,0.0,2.0,inf,LOW,LOW,STABLE,0.25,False,False,False,Прогноз спроса: 0 шт. Свободный остаток: 2 шт. В пути: 0 шт. Страховой запас: 0 шт.
IEK,240300015_,"Маркер МК1-2,5мм символ ""2"" 1000шт\ролл IEK",0.30234849588285134,3.0,4.0,7.0,0.15117424794142567,1.0,0.0,0,0.0,6.6976515041171485,23.152091362519087,LOW,LOW,STABLE,0.6458333333333334,False,False,False,Прогноз спроса: 0 шт. Свободный остаток: 3 шт. В пути: 4 шт. Страховой запас: 0 шт. MOQ: 1 шт.
IEK,290100014_,У04К-выкл (4места  .5метра ) IEK,0.0,0.0,0.0,0.0,0.0,,0.0,0,0.0,0.0,inf,LOW,LOW,STABLE,0.25,True,False,False,Прогноз спроса: 0 шт. Свободный остаток: 0 шт. В пути: 0 шт. Страховой запас: 0 шт. Есть сигнал предыдущего stockout.
IEK,151000733_,Отвертка крест.Master Ph2 х 38мм IEK (6) ,4.112021028786677e-07,1.0,0.0,1.0,0.0,,0.0,0,0.0,0.9999995887978971,2431894.1780681196,LOW,LOW,STABLE,0.25,False,False,False,Прогноз спроса: 0 шт. Свободный остаток: 1 шт. В пути: 0 шт. Страховой запас: 0 шт.
IEK,BR-R16-16-44-K37,BRITE Розетка 1-я с/з с/ш и крышкой 16А IP44 РСбш10-3-44-БрШ шампань IEK,0.0,26.0,0.0,26.0,0.0,1.0,0.0,0,0.0,26.0,inf,LOW,LOW,STABLE,0.25,False,False,False,Прогноз спроса: 0 шт. Свободный остаток: 26 шт. В пути: 0 шт. Страховой запас: 0 шт. MOQ: 1 шт.
IEK,030200753_,"Рамка 5-мест. ""BRITE"" белый (1/100)",22.42110665028534,51.0,0.0,51.0,5.227395782477793,1.0,0.0,0,0.0,28.57889334971466,2.274642407062051,LOW,LOW,GROWING,1.763367463026166,False,False,False,Прогноз спроса: 22 шт. Свободный остаток: 51 шт. В пути: 0 шт. Страховой запас: 5 шт. MOQ: 1 шт. Наблюдается рост спроса.
IEK,010300251_,УЗДП 1P+N 32A KARAT IEK,0.0,3.0,0.0,3.0,0.0,1.0,0.0,0,0.0,3.0,inf,LOW,LOW,STABLE,0.25,False,False,False,Прогноз спроса: 0 шт. Свободный остаток: 3 шт. В пути: 0 шт. Страховой запас: 0 шт. MOQ: 1 шт.
IEK,030200492_,"Роз. 2-я с з/к без з/ш 16А в сборе ""BRITE"" черный (1/100)",459.3776313267047,1693.0,0.0,1693.0,45.05122269890857,1.0,0.0,0,0.0,1233.6223686732953,3.6854210665646354,LOW,LOW,GROWING,1.411015468665629,False,False,False,Прогноз спроса: 459 шт. Свободный остаток: 1693 шт. В пути: 0 шт. Страховой запас: 45 шт. MOQ: 1 шт. Наблюдается рост спроса.
IEK,030200756_,"Рамка 5-мест. ""BRITE"" алюминий (1/100)",0.32085017489274364,10.0,0.0,10.0,0.16042508744637182,1.0,0.0,0,0.0,9.679149825107256,31.167195103891963,LOW,LOW,DECLINING,1.7831858407079646,False,True,False,Прогноз спроса: 0 шт. Свободный остаток: 10 шт. В пути: 0 шт. Страховой запас: 0 шт. MOQ: 1 шт. В истории обнаружена аномальная продажа. Наблюдается снижение спроса.
IEK,290100003_,У03К-выкл (3места/3метра ) IEK,0.0,0.0,0.0,0.0,0.0,,0.0,0,0.0,0.0,inf,LOW,LOW,STABLE,0.25,True,False,False,Прогноз спроса: 0 шт. Свободный остаток: 0 шт. В пути: 0 шт. Страховой запас: 0 шт. Есть сигнал предыдущего stockout.
IEK,080800130_,"Светодиодная лента ""Сделай сам"" LED 1,2м LSR-2835WW60-4,8-IP20-12В-3000K+драйвер+датч движ IEK",0.0,5.0,0.0,5.0,0.0,1.0,0.0,0,0.0,5.0,inf,LOW,LOW,STABLE,0.25,False,False,False,Прогноз спроса: 0 шт. Свободный остаток: 5 шт. В пути: 0 шт. Страховой запас: 0 шт. MOQ: 1 шт.
IEK,151000137_,Переноска УП-1Р 5м (плоск. вилка) IEK,4.175080179095748,39.0,0.0,39.0,1.7903677462093266,1.0,0.0,0,0.0,34.82491982090425,9.34113797269559,LOW,LOW,DECLINING,1.2842857142857145,False,False,False,Прогноз спроса: 4 шт. Свободный остаток: 39 шт. В пути: 0 шт. Страховой запас: 2 шт. MOQ: 1 шт. Наблюдается снижение спроса.
IEK,240300050_,"Маркер МК0-1,5мм символ ""3"" 1000шт\ролл IEK",1.6678374919362318,3.0,0.0,3.0,0.2857738033247032,1.0,0.0,0,0.0,1.3321625080637682,1.7987363963842962,LOW,LOW,GROWING,0.861111111111111,False,False,False,Прогноз спроса: 2 шт. Свободный остаток: 3 шт. В пути: 0 шт. Страховой запас: 0 шт. MOQ: 1 шт. Наблюдается рост спроса.
IEK,270300287_,Вентилятор с фильтром ВФИ 65 м3/час IP55 IEK (20) NEW,4.07382207277797,15.0,25.0,40.0,1.8220181118748517,1.0,0.0,0,0.0,35.92617792722203,9.8187891580458,LOW,LOW,DECLINING,1.155701754385965,False,False,False,Прогноз спроса: 4 шт. Свободный остаток: 15 шт. В пути: 25 шт. Страховой запас: 2 шт. MOQ: 1 шт. Наблюдается снижение спроса.
IEK,130300544_,"Клещи обжимн КО-04Е 0,5-6мм(квадрат) IEK (40)",1.9831648502429706,11.0,0.0,11.0,0.5269408568963575,1.0,0.0,0,0.0,9.016835149757028,5.5466896756728605,LOW,LOW,DECLINING,1.6103896103896105,False,False,False,Прогноз спроса: 2 шт. Свободный остаток: 11 шт. В пути: 0 шт. Страховой запас: 1 шт. MOQ: 1 шт. Наблюдается снижение спроса.
IEK,010300242_,УЗДП c авт. выкл. 1P+N C 32A KARAT IEK,0.0,26.0,0.0,26.0,0.0,1.0,0.0,0,0.0,26.0,inf,LOW,LOW,DECLINING,0.25,False,False,False,Прогноз спроса: 0 шт. Свободный остаток: 26 шт. В пути: 0 шт. Страховой запас: 0 шт. MOQ: 1 шт. Наблюдается снижение спроса.
IEK,130200444_,Тестер розеток  розеток ST02D ARMA2L 5 IEK (100) NEW,0.6368042669695239,2.0,1.0,3.0,0.28577380332470304,1.0,0.0,0,0.0,2.363195733030476,4.711023709493413,LOW,LOW,STABLE,0.6888888888888889,False,False,False,Прогноз спроса: 1 шт. Свободный остаток: 2 шт. В пути: 1 шт. Страховой запас: 0 шт. MOQ: 1 шт.
IEK,280100344_,Кабель-канал 40х25 дуб ЭЛЕКОР IEK (18),12.711618325530628,30.0,0.0,30.0,3.2432493993935614,18.0,0.0,0,0.0,17.28838167446937,2.360045686688575,LOW,LOW,GROWING,2.486631016042781,False,True,False,Прогноз спроса: 13 шт. Свободный остаток: 30 шт. В пути: 0 шт. Страховой запас: 3 шт. MOQ: 18 шт. В истории обнаружена аномальная продажа. Наблюдается рост спроса.
IEK,030201109_," Рамка 2-мест. ""BRITE""  металл черн. RE  IEK  (1/100)",0.0,18.0,0.0,18.0,0.0,1.0,0.0,0,0.0,18.0,inf,LOW,LOW,STABLE,0.25,False,False,False,Прогноз спроса: 0 шт. Свободный остаток: 18 шт. В пути: 0 шт. Страховой запас: 0 шт. MOQ: 1 шт.
IEK,BR-U21-D31-K35,"BRITE Розетка USB A+A 5В 3,1А РЮ10-1-БрМ маренго IEK",0.0,0.0,0.0,0.0,0.0,,0.0,0,0.0,0.0,inf,LOW,LOW,STABLE,0.25,True,False,False,Прогноз спроса: 0 шт. Свободный остаток: 0 шт. В пути: 0 шт. Страховой запас: 0 шт. Есть сигнал предыдущего stockout.
IEK,030200493_,"Роз. 2-я с з/к/ш 16А в сборе ""BRITE"" черный (1/100)",115.71369879085357,442.0,0.0,442.0,31.850080128104334,1.0,0.0,0,0.0,326.2863012091464,3.819772460984864,LOW,LOW,STABLE,1.33348619645969,False,False,False,Прогноз спроса: 116 шт. Свободный остаток: 442 шт. В пути: 0 шт. Страховой запас: 32 шт. MOQ: 1 шт.
IEK,030201108_," Рамка 2-мест. ""BRITE""  стекло песчаный RE  IEK  (1/100)",0.8611344527695541,16.0,0.0,16.0,0.43056722638477707,1.0,0.0,0,0.0,15.138865547230445,18.580141519760698,LOW,LOW,DECLINING,0.25,False,False,False,Прогноз спроса: 1 шт. Свободный остаток: 16 шт. В пути: 0 шт. Страховой запас: 0 шт. MOQ: 1 шт. Наблюдается снижение спроса.
IEK,240300051_,"Маркер МК0-1,5мм символ ""4"" 1000шт\ролл IEK",1.5662489610683772,4.0,4.0,8.0,0.36708309685955326,1.0,0.0,0,0.0,6.433751038931623,5.10774480868163,LOW,LOW,GROWING,0.9451219512195124,False,False,False,Прогноз спроса: 2 шт. Свободный остаток: 4 шт. В пути: 4 шт. Страховой запас: 0 шт. MOQ: 1 шт. Наблюдается рост спроса.
IEK,130300546_,"Клещи обжимн КО-01 1,5-6мм IEK (40)",1.6884389669107103,7.0,0.0,7.0,0.36147844564602466,1.0,0.0,0,0.0,5.31156103308929,4.1458412990833216,LOW,LOW,GROWING,0.7967289719626168,False,False,False,Прогноз спроса: 2 шт. Свободный остаток: 7 шт. В пути: 0 шт. Страховой запас: 0 шт. MOQ: 1 шт. Наблюдается рост спроса.
IEK,030201107_," Рамка 2-мест. ""BRITE""  стекло графит RE  IEK  (1/100)",0.008119918904242497,6.0,0.0,6.0,0.0040599594521212486,1.0,0.0,0,0.0,5.991880081095758,738.9236359078807,LOW,LOW,STABLE,0.25,False,False,False,Прогноз спроса: 0 шт. Свободный остаток: 6 шт. В пути: 0 шт. Страховой запас: 0 шт. MOQ: 1 шт.
IEK,030200757_,"Рамка 5-мест. ""BRITE"" сталь (1/100)",0.5138758937523833,10.0,0.0,10.0,0.1807392228230128,1.0,0.0,0,0.0,9.486124106247617,19.45995155946858,LOW,LOW,STABLE,1.0046296296296295,False,False,False,Прогноз спроса: 1 шт. Свободный остаток: 10 шт. В пути: 0 шт. Страховой запас: 0 шт. MOQ: 1 шт.
IEK,240300052_,"Маркер МК0-1,5мм символ ""6"" 1000шт\ролл IEK",1.770651805649171,5.0,4.0,9.0,0.40916581805750435,1.0,0.0,0,0.0,7.229348194350829,5.082873985323357,LOW,LOW,GROWING,0.8857142857142857,False,False,False,Прогноз спроса: 2 шт. Свободный остаток: 5 шт. В пути: 4 шт. Страховой запас: 0 шт. MOQ: 1 шт. Наблюдается рост спроса.
IEK,030200491_,"Выкл 1-кл. прох. 10А б/рамки ""BRITE"" черный (1/100)",76.18526957551137,220.0,0.0,220.0,12.998939059271992,1.0,0.0,0,0.0,143.81473042448863,2.88769733605715,LOW,LOW,STABLE,0.8716259640102827,False,False,False,Прогноз спроса: 76 шт. Свободный остаток: 220 шт. В пути: 0 шт. Страховой запас: 13 шт. MOQ: 1 шт.
IEK,010300252_,УЗДП 1P+N 63A KARAT IEK,0.2418912242301385,4.0,0.0,4.0,0.12094561211506925,1.0,0.0,0,0.0,3.7581087757698617,16.536358492254962,LOW,LOW,STABLE,0.25,True,False,False,Прогноз спроса: 0 шт. Свободный остаток: 4 шт. В пути: 0 шт. Страховой запас: 0 шт. MOQ: 1 шт. Есть сигнал предыдущего stockout.
IEK,080800131_,"Светодиодная лента ""Сделай сам"" LED 5м LSR-2835WW60-4,8-IP65-12В-3000K+драйвер+выкл IEK",6.187789598377159e-06,1.0,0.0,1.0,3.0938947991885796e-06,1.0,0.0,0,0.0,0.9999938122104016,161608.5977232104,LOW,LOW,STABLE,0.25,False,False,False,Прогноз спроса: 0 шт. Свободный остаток: 1 шт. В пути: 0 шт. Страховой запас: 0 шт. MOQ: 1 шт.
IEK,270300286_,Вентилятор с фильтром ВФИ 24 м3/час IP55 IEK (30) NEW,2.483573546137959,10.0,0.0,10.0,1.144879906365729,1.0,0.0,0,0.0,7.5164264538620404,4.026456158526225,LOW,LOW,STABLE,0.25,False,False,False,Прогноз спроса: 2 шт. Свободный остаток: 10 шт. В пути: 0 шт. Страховой запас: 1 шт. MOQ: 1 шт.
IEK,130300545_,"Клещи обжимн КО-08Е0,5-6мм (шестиграннник) IEK (40)",0.22084258773883797,5.0,0.0,5.0,0.11042129386941898,1.0,0.0,0,0.0,4.779157412261162,22.6405606418308,LOW,LOW,DECLINING,0.9393939393939394,False,False,False,Прогноз спроса: 0 шт. Свободный остаток: 5 шт. В пути: 0 шт. Страховой запас: 0 шт. MOQ: 1 шт. Наблюдается снижение спроса.
IEK,130200443_,Пирометр инфракрасный IT2B ARMA2L 5 IEK (40) NEW,0.09928725967947336,1.0,0.0,1.0,0.04964362983973668,1.0,0.0,0,0.0,0.9007127403205266,10.071785677520717,LOW,LOW,DECLINING,1.2567567567567568,False,False,False,Прогноз спроса: 0 шт. Свободный остаток: 1 шт. В пути: 0 шт. Страховой запас: 0 шт. MOQ: 1 шт. Наблюдается снижение спроса.
IEK,280100348_,Угол внешний КМН 40х25 дуб ЭЛЕКОР IEK (4шт/компл),0.0,0.0,0.0,0.0,0.0,,0.0,0,0.0,0.0,inf,LOW,LOW,STABLE,0.25,True,False,False,Прогноз спроса: 0 шт. Свободный остаток: 0 шт. В пути: 0 шт. Страховой запас: 0 шт. Есть сигнал предыдущего stockout.
IEK,151000084_,НПП 1402-60  черн/овал с реш. IP54 IEK(12) !!!,0.0,3.0,0.0,3.0,0.0,,0.0,0,0.0,3.0,inf,LOW,LOW,STABLE,0.25,False,False,False,Прогноз спроса: 0 шт. Свободный остаток: 3 шт. В пути: 0 шт. Страховой запас: 0 шт.
IEK,030201112_," Рамка 2-мест. ""BRITE""  металл черн. RE AL  IEK  (1/100)",0.0,11.0,0.0,11.0,0.0,1.0,0.0,0,0.0,11.0,inf,LOW,LOW,STABLE,0.25,False,False,False,Прогноз спроса: 0 шт. Свободный остаток: 11 шт. В пути: 0 шт. Страховой запас: 0 шт. MOQ: 1 шт.
IEK,240300035_,"Маркер МК0-1,5мм символ ""0"" 1000шт\ролл IEK",2.1947855732000288,6.0,4.0,10.0,0.42866070498705616,1.0,0.0,0,0.0,7.805214426799971,4.556253750757008,LOW,LOW,STABLE,0.7948717948717948,False,False,False,Прогноз спроса: 2 шт. Свободный остаток: 6 шт. В пути: 4 шт. Страховой запас: 0 шт. MOQ: 1 шт.
IEK,130300538_,Зажим промеж. ЗПС 2х25-4х120/1800/30 (SO130.02) IEK (40),35.04659028744121,209.0,0.0,209.0,17.161662701109897,40.0,0.0,0,0.0,173.9534097125588,5.9634902649829025,LOW,LOW,STABLE,1.103448275862069,False,False,False,Прогноз спроса: 35 шт. Свободный остаток: 209 шт. В пути: 0 шт. Страховой запас: 17 шт. MOQ: 40 шт.
IEK,030200495_,"Рамка 2-мест. ""BRITE"" черный (1/100)",490.48536160234096,1612.0,0.0,1612.0,41.02128410959369,1.0,0.0,0,0.0,1121.514638397659,3.286540488657687,LOW,LOW,STABLE,1.4442287591458862,False,False,False,Прогноз спроса: 490 шт. Свободный остаток: 1612 шт. В пути: 0 шт. Страховой запас: 41 шт. MOQ: 1 шт.
IEK,030201111_," Рамка 2-мест. ""BRITE""  металл титан RE  IEK  (1/100)",5.190960448579732e-05,16.0,0.0,16.0,2.595480224289866e-05,1.0,0.0,0,0.0,15.999948090395515,308228.12384127616,LOW,LOW,STABLE,0.25,False,False,False,Прогноз спроса: 0 шт. Свободный остаток: 16 шт. В пути: 0 шт. Страховой запас: 0 шт. MOQ: 1 шт.
IEK,BR-R16-16-44-K46,BRITE Розетка 1-местная с заземлением с защитными шторками и крышкой 16А IP44 РСбш10-3-44-БрС сталь,0.0,13.0,0.0,13.0,0.0,1.0,0.0,0,0.0,13.0,inf,LOW,LOW,STABLE,0.25,False,False,False,Прогноз спроса: 0 шт. Свободный остаток: 13 шт. В пути: 0 шт. Страховой запас: 0 шт. MOQ: 1 шт.
IEK,270300290_,Вентилятор с фильтром ВФИ 380 м3/час IP55 IEK (8) NEW,0.1736716113446607,6.0,0.0,6.0,0.08683580567233035,1.0,0.0,0,0.0,5.826328388655339,34.54796068018668,LOW,LOW,DECLINING,3.5,False,False,False,Прогноз спроса: 0 шт. Свободный остаток: 6 шт. В пути: 0 шт. Страховой запас: 0 шт. MOQ: 1 шт. Наблюдается снижение спроса.
IEK,130300536_,Крюк КМ-2800 IEK (25),0.9635741205787802,60.0,0.0,60.0,0.3614784456460231,5.0,0.0,0,0.0,59.036425879421216,62.268172960021396,LOW,LOW,STABLE,0.25,False,True,False,Прогноз спроса: 1 шт. Свободный остаток: 60 шт. В пути: 0 шт. Страховой запас: 0 шт. MOQ: 5 шт. В истории обнаружена аномальная продажа.
IEK,130200490_,Отвертка диэлектрическая с жалами SLIM 13шт ARMA2L 5 IEK,0.0,19.0,0.0,19.0,0.0,1.0,0.0,0,0.0,19.0,inf,LOW,LOW,STABLE,1.0,False,False,False,Прогноз спроса: 0 шт. Свободный остаток: 19 шт. В пути: 0 шт. Страховой запас: 0 шт. MOQ: 1 шт.
IEK,151000555_,Отвертка Master 6х125мм IEK (12) ,0.0,0.0,0.0,0.0,0.0,,0.0,0,0.0,0.0,inf,LOW,LOW,STABLE,0.25,True,False,False,Прогноз спроса: 0 шт. Свободный остаток: 0 шт. В пути: 0 шт. Страховой запас: 0 шт. Есть сигнал предыдущего stockout.
IEK,280100342_,Кабель-канал 20х10 дуб ЭЛЕКОР IEK (96),0.9677757319267438,98.0,0.0,98.0,0.29283100928691586,96.0,0.0,0,0.0,97.03222426807325,101.26313025528331,LOW,LOW,DECLINING,2.4,False,False,False,Прогноз спроса: 1 шт. Свободный остаток: 98 шт. В пути: 0 шт. Страховой запас: 0 шт. MOQ: 96 шт. Наблюдается снижение спроса.
IEK,290100009_,У03 (3места 2р+ре.3метра) IEK,0.0,0.0,0.0,0.0,0.0,,0.0,0,0.0,0.0,inf,LOW,LOW,STABLE,0.2780269058295964,True,False,False,Прогноз спроса: 0 шт. Свободный остаток: 0 шт. В пути: 0 шт. Страховой запас: 0 шт. Есть сигнал предыдущего stockout.
IEK,010300188_, УЗО АД 12  (2ф) 25А 100мА IEK !!!,9.185244178005267e-06,5.0,0.0,5.0,4.592622089002633e-06,,0.0,0,0.0,4.999990814755822,544351.3425557986,LOW,LOW,STABLE,0.25,False,False,False,Прогноз спроса: 0 шт. Свободный остаток: 5 шт. В пути: 0 шт. Страховой запас: 0 шт.
IEK,030200496_,"Рамка 3-мест. ""BRITE"" черный (1/100)",203.69170922016642,774.0,0.0,774.0,26.604988567309366,1.0,0.0,0,0.0,570.3082907798336,3.799860107037535,LOW,LOW,STABLE,1.380441988950276,False,False,False,Прогноз спроса: 204 шт. Свободный остаток: 774 шт. В пути: 0 шт. Страховой запас: 27 шт. MOQ: 1 шт.
IEK,080800072_,Индикатор AD-22DS (LED) Ø22мм (красный) IEK (10/600),120.63532208597603,614.0,100.0,714.0,30.247574282907394,10.0,0.0,0,0.0,593.364677914024,5.918664514288251,LOW,LOW,DECLINING,1.236219512195122,False,False,False,Прогноз спроса: 121 шт. Свободный остаток: 614 шт. В пути: 100 шт. Страховой запас: 30 шт. MOQ: 10 шт. Наблюдается снижение спроса.
IEK,240300027_,"Маркер МК0-1,5мм символ ""1"" 1000шт\ролл IEK",2.17993391601637,11.0,4.0,15.0,0.4824417063231577,1.0,0.0,0,0.0,12.82006608398363,6.880942532153052,LOW,LOW,GROWING,0.9253731343283582,False,False,False,Прогноз спроса: 2 шт. Свободный остаток: 11 шт. В пути: 4 шт. Страховой запас: 0 шт. MOQ: 1 шт. Наблюдается рост спроса.
IEK,030200754_,BRITE Рамка 5-местная РУ-5-БрЖ жемчуг IEK,0.0,0.0,0.0,0.0,0.0,,0.0,0,0.0,0.0,inf,LOW,LOW,STABLE,0.25,True,False,False,Прогноз спроса: 0 шт. Свободный остаток: 0 шт. В пути: 0 шт. Страховой запас: 0 шт. Есть сигнал предыдущего stockout.
IEK,240300033_,"Маркер МК0-1,5мм символ ""2"" 1000шт\ролл IEK",1.9651614270771889,9.0,4.0,13.0,0.4238710495736487,1.0,0.0,0,0.0,11.034838572922812,6.615232632229646,LOW,LOW,GROWING,1.021978021978022,False,False,False,Прогноз спроса: 2 шт. Свободный остаток: 9 шт. В пути: 4 шт. Страховой запас: 0 шт. MOQ: 1 шт. Наблюдается рост спроса.
IEK,151000553_,Отвертка крест.Master Ph3х150мм IEK (6),0.0,0.0,0.0,0.0,0.0,,0.0,0,0.0,0.0,inf,LOW,LOW,STABLE,0.25,True,False,False,Прогноз спроса: 0 шт. Свободный остаток: 0 шт. В пути: 0 шт. Страховой запас: 0 шт. Есть сигнал предыдущего stockout.
IEK,010300239_,УЗДП c авт. выкл. 1P+N C 16A KARAT IEK,0.0012894275765357858,6.0,0.0,6.0,0.0006447137882678929,1.0,0.0,0,0.0,5.998710572423464,4653.227609820303,LOW,LOW,DECLINING,0.25,False,False,False,Прогноз спроса: 0 шт. Свободный остаток: 6 шт. В пути: 0 шт. Страховой запас: 0 шт. MOQ: 1 шт. Наблюдается снижение спроса.
IEK,290100004_,УК10 Катушка (10м) IEK,4.0192004894167965,20.0,10.0,30.0,1.0538817137927108,10.0,0.0,0,0.0,25.980799510583203,7.464171065612388,LOW,LOW,GROWING,0.3235908141962422,True,False,False,Прогноз спроса: 4 шт. Свободный остаток: 20 шт. В пути: 10 шт. Страховой запас: 1 шт. MOQ: 10 шт. Есть сигнал предыдущего stockout. Наблюдается рост спроса.
IEK,080800129_,"Светодиодная лента ""Сделай сам"" LED 2х1,2м LSR-2835WW60-4,8-IP20-12В-3000K+драйвер+2 датч движ IEK",0.0,3.0,0.0,3.0,0.0,1.0,0.0,0,0.0,3.0,inf,LOW,LOW,STABLE,4.0,False,False,False,Прогноз спроса: 0 шт. Свободный остаток: 3 шт. В пути: 0 шт. Страховой запас: 0 шт. MOQ: 1 шт.
IEK,030200755_,"Рамка 5-мест. ""BRITE"" шампань (1/100)",0.4668941865664589,7.0,0.0,7.0,0.23344709328322946,1.0,0.0,0,0.0,6.533105813433541,14.992690424093773,LOW,LOW,STABLE,3.9509803921568634,False,False,False,Прогноз спроса: 0 шт. Свободный остаток: 7 шт. В пути: 0 шт. Страховой запас: 0 шт. MOQ: 1 шт.
IEK,030200494_,"Рамка 1-мест. ""BRITE"" черный (1/100)",1941.7547537340647,7002.0,0.0,7002.0,93.44034282186026,1.0,0.0,0,0.0,5060.245246265935,3.6060166643263782,LOW,LOW,STABLE,1.1523273770130156,False,False,False,Прогноз спроса: 1942 шт. Свободный остаток: 7002 шт. В пути: 0 шт. Страховой запас: 93 шт. MOQ: 1 шт.
IEK,151000369_,"Датчик движения ДД 008 черный,до 1100 Вт,дальность 12 м IP44 IEK (48)",4.837852889233055,21.0,10.0,31.0,1.4627599484080314,1.0,0.0,0,0.0,26.162147110766945,6.407801293212624,LOW,LOW,DECLINING,1.0891891891891892,False,False,False,Прогноз спроса: 5 шт. Свободный остаток: 21 шт. В пути: 10 шт. Страховой запас: 1 шт. MOQ: 1 шт. Наблюдается снижение спроса.
IEK,270300288_,Вентилятор с фильтром ВФИ 105 м3/час IP55 IEK (20) NEW,4.246165731576987,7.0,0.0,7.0,0.7981227975693961,1.0,0.0,0,0.0,2.753834268423013,1.6485461101868637,LOW,LOW,DECLINING,0.98804780876494,False,False,False,Прогноз спроса: 4 шт. Свободный остаток: 7 шт. В пути: 0 шт. Страховой запас: 1 шт. MOQ: 1 шт. Наблюдается снижение спроса.
IEK,240300034_,"Маркер МК0-1,5мм символ ""5"" 1000шт\ролл IEK",1.7314303366041033,6.0,5.0,11.0,0.28577380332470415,1.0,0.0,0,0.0,9.268569663395898,6.353128836574834,LOW,LOW,STABLE,0.8378378378378378,False,False,False,Прогноз спроса: 2 шт. Свободный остаток: 6 шт. В пути: 5 шт. Страховой запас: 0 шт. MOQ: 1 шт.
IEK,010300200_, УЗО АВДТ 34  20А С 30мА IEK !!!,0.0,0.0,0.0,0.0,0.0,,0.0,0,0.0,0.0,inf,LOW,LOW,STABLE,0.25,True,False,False,Прогноз спроса: 0 шт. Свободный остаток: 0 шт. В пути: 0 шт. Страховой запас: 0 шт. Есть сигнал предыдущего stockout.
IEK,130200445_,Тестер розеток розеток ST03D ARMA2L 5 IEK (80) NEW,0.32244415369154283,2.0,0.0,2.0,0.16122207684577142,1.0,0.0,0,0.0,1.6775558463084572,6.202624476526387,LOW,LOW,STABLE,0.5081967213114754,False,False,False,Прогноз спроса: 0 шт. Свободный остаток: 2 шт. В пути: 0 шт. Страховой запас: 0 шт. MOQ: 1 шт.
IEK,280100343_,Кабель-канал 40х16 дуб ЭЛЕКОР IEK (30),0.0,38.0,0.0,38.0,0.0,30.0,0.0,0,0.0,38.0,inf,LOW,LOW,STABLE,0.6888888888888889,False,False,False,Прогноз спроса: 0 шт. Свободный остаток: 38 шт. В пути: 0 шт. Страховой запас: 0 шт. MOQ: 30 шт.
IEK,130300537_,Зажим промеж. ЗПС 2х25/120/1200/30 (SO140.02) IEK (40),13.416424913460046,101.0,80.0,181.0,4.844266370325509,40.0,0.0,0,0.0,167.58357508653995,13.490926321095532,LOW,LOW,GROWING,0.6340909090909091,False,False,False,Прогноз спроса: 13 шт. Свободный остаток: 101 шт. В пути: 80 шт. Страховой запас: 5 шт. MOQ: 40 шт. Наблюдается рост спроса.
IEK,080800128_,"Светодиодная лента ""Сделай сам"" LED 5м LSR-2835WW60-4,8-IP20-12В-3000K+драйвер+выключатель IEK",0.0,8.0,0.0,8.0,0.0,1.0,0.0,0,0.0,8.0,inf,LOW,LOW,STABLE,0.25,False,False,False,Прогноз спроса: 0 шт. Свободный остаток: 8 шт. В пути: 0 шт. Страховой запас: 0 шт. MOQ: 1 шт.
IEK,030201110_," Рамка 2-мест. ""BRITE""  металл алюм. RE  IEK  (1/100)",0.0003212773272375218,7.0,0.0,7.0,0.0001606386636187609,1.0,0.0,0,0.0,6.999678722672763,21788.0298625146,LOW,LOW,STABLE,0.25,False,False,False,Прогноз спроса: 0 шт. Свободный остаток: 7 шт. В пути: 0 шт. Страховой запас: 0 шт. MOQ: 1 шт.
IEK,030200490_,"Роз. комп. RJ45 кат.5E б/рамки ""BRITE"" черный (1/100)",73.32040203484523,305.0,0.0,305.0,20.46906609170693,1.0,0.0,0,0.0,231.67959796515476,4.159824435428627,LOW,LOW,GROWING,0.7345132743362832,False,False,False,Прогноз спроса: 73 шт. Свободный остаток: 305 шт. В пути: 0 шт. Страховой запас: 20 шт. MOQ: 1 шт. Наблюдается рост спроса.
IEK,240300013_,"Маркер МК1-2,5мм символ ""0"" 1000шт\ролл IEK",0.0,2.0,0.0,2.0,0.0,1.0,0.0,0,0.0,2.0,inf,LOW,LOW,STABLE,0.96875,False,False,False,Прогноз спроса: 0 шт. Свободный остаток: 2 шт. В пути: 0 шт. Страховой запас: 0 шт. MOQ: 1 шт.
IEK,030200503_,"Выкл 2-кл. с инд. 10А б/рамки ""BRITE"" сталь (1/100)",2.442255450814265,19.0,0.0,19.0,1.2211277254071324,1.0,0.0,0,0.0,16.557744549185735,7.779693968403374,LOW,LOW,STABLE,2.0239669421487605,False,False,False,Прогноз спроса: 2 шт. Свободный остаток: 19 шт. В пути: 0 шт. Страховой запас: 1 шт. MOQ: 1 шт.
IEK,130300021_,Кнопка ABLFS-22 (зеленый неон) IEK (10/200),7.636140424034552,25.0,0.0,25.0,1.6266530054070991,10.0,0.0,0,0.0,17.36385957596545,3.2739052206679116,LOW,LOW,STABLE,0.7126436781609196,False,True,False,Прогноз спроса: 8 шт. Свободный остаток: 25 шт. В пути: 0 шт. Страховой запас: 2 шт. MOQ: 10 шт. В истории обнаружена аномальная продажа.
IEK,010300122_, УЗО АД 14  (4ф) 32А (300мА) IEK (24) !!!,0.0008421953214302559,6.0,0.0,6.0,0.00042109766071512795,,0.0,0,0.0,5.999157804678569,7124.238104066544,LOW,LOW,DECLINING,2.818181818181818,False,False,False,Прогноз спроса: 0 шт. Свободный остаток: 6 шт. В пути: 0 шт. Страховой запас: 0 шт. Наблюдается снижение спроса.
IEK,280100141_,Разделительная перегородка высотой 40мм ПРАЙМЕР (160),0.10459708680502965,246.0,0.0,246.0,0.0,160.0,0.0,0,0.0,245.89540291319497,2351.881945417345,LOW,LOW,STABLE,0.25,False,False,False,Прогноз спроса: 0 шт. Свободный остаток: 246 шт. В пути: 0 шт. Страховой запас: 0 шт. MOQ: 160 шт.
IEK,030201126_," Рамка 3-мест. ""BRITE""  металл черн. RE AL  IEK  (1/50)",0.00010163630441737072,7.0,0.0,7.0,0.0,1.0,0.0,0,0.0,6.999898363695583,68873.02760689148,LOW,LOW,STABLE,0.25,False,False,False,Прогноз спроса: 0 шт. Свободный остаток: 7 шт. В пути: 0 шт. Страховой запас: 0 шт. MOQ: 1 шт.
IEK,AR-KMR10-063-40-230,ARMAT Контактор модульный KMR 63А 230В AC 4НО IEK,2.685207473979302e-07,1.0,0.0,1.0,0.0,,0.0,0,0.0,0.9999997314792526,3724107.01850932,LOW,LOW,STABLE,0.25,False,False,False,Прогноз спроса: 0 шт. Свободный остаток: 1 шт. В пути: 0 шт. Страховой запас: 0 шт.
IEK,200400011_,I11 розетка тел. КВАРТА РТ10-КБ (10/200),0.0,24.0,0.0,24.0,0.0,10.0,0.0,0,0.0,24.0,inf,LOW,LOW,STABLE,0.25,False,False,False,Прогноз спроса: 0 шт. Свободный остаток: 24 шт. В пути: 0 шт. Страховой запас: 0 шт. MOQ: 10 шт.
IEK,240100208_," Хомут 4,8х200 черные (100) IEK",177.55395999727534,514.0,150.0,664.0,20.90880197428824,10.0,0.0,0,0.0,486.44604000272466,3.7397081991873873,LOW,LOW,STABLE,0.957369170523318,False,False,False,Прогноз спроса: 178 шт. Свободный остаток: 514 шт. В пути: 150 шт. Страховой запас: 21 шт. MOQ: 10 шт.
IEK,270400021_,Рубильник  ВР-32-35  В31250-250А IEK (12) !!!,0.0,40.0,0.0,40.0,0.0,,0.0,0,0.0,40.0,inf,LOW,LOW,STABLE,0.25,False,False,False,Прогноз спроса: 0 шт. Свободный остаток: 40 шт. В пути: 0 шт. Страховой запас: 0 шт.
IEK,130300449_,Скрепа СУ-20 IEK (100) ,0.5722419297871174,5.0,0.0,5.0,0.2861209648935587,1.0,0.0,0,0.0,4.4277580702128825,8.737563152459092,LOW,LOW,DECLINING,1.0333333333333332,False,False,False,Прогноз спроса: 1 шт. Свободный остаток: 5 шт. В пути: 0 шт. Страховой запас: 0 шт. MOQ: 1 шт. Наблюдается снижение спроса.
IEK,290100035_,ВА 88-33 (3ф)  16А IEK (1/16) !!!,0.0,0.0,0.0,0.0,0.0,,0.0,0,0.0,0.0,inf,LOW,LOW,STABLE,0.25,True,False,False,Прогноз спроса: 0 шт. Свободный остаток: 0 шт. В пути: 0 шт. Страховой запас: 0 шт. Есть сигнал предыдущего stockout.
IEK,030201481_, Розетка 2-я  о/у з/к с крышкой горизонтальная серо-белый IP55 TORS IEK (1/40),0.2569481565786301,91.0,80.0,171.0,0.12847407828931506,1.0,0.0,0,0.0,170.74305184342137,665.5038988289895,LOW,LOW,STABLE,0.25,False,True,False,Прогноз спроса: 0 шт. Свободный остаток: 91 шт. В пути: 80 шт. Страховой запас: 0 шт. MOQ: 1 шт. В истории обнаружена аномальная продажа.
IEK,010300121_, УЗО АВДТ 32  32А IEK  (6/60),144.55630010858664,362.0,0.0,362.0,5.863588207460244,1.0,0.0,0,0.0,217.44369989141336,2.504214618996721,LOW,LOW,STABLE,1.142951438000943,False,True,False,Прогноз спроса: 145 шт. Свободный остаток: 362 шт. В пути: 0 шт. Страховой запас: 6 шт. MOQ: 1 шт. В истории обнаружена аномальная продажа.
IEK,030200512_,"Выкл 2-кл. прох. 10А б/рамки ""BRITE"" сталь (1/100)",1.2635740749280058,33.0,0.0,33.0,0.2634704284480988,1.0,0.0,0,0.0,31.736425925071995,26.116395274950722,LOW,LOW,STABLE,2.0719794344473006,False,True,False,Прогноз спроса: 1 шт. Свободный остаток: 33 шт. В пути: 0 шт. Страховой запас: 0 шт. MOQ: 1 шт. В истории обнаружена аномальная продажа.
IEK,030200740_,"Выкл 3-кл. 10А б/рамки ""BRITE"" алюминий (1/100)",0.10493399134617638,168.0,0.0,168.0,0.05246699567308819,1.0,0.0,0,0.0,167.89506600865383,1601.0064788803218,LOW,LOW,STABLE,3.206896551724138,False,False,False,Прогноз спроса: 0 шт. Свободный остаток: 168 шт. В пути: 0 шт. Страховой запас: 0 шт. MOQ: 1 шт.
IEK,030200511_,"Рамка 4-мест. ""BRITE"" сталь (1/100)",5.1230512303171185,115.0,0.0,115.0,1.9424211695715965,1.0,0.0,0,0.0,109.87694876968288,22.44756002427902,LOW,LOW,STABLE,1.354814814814815,False,False,False,Прогноз спроса: 5 шт. Свободный остаток: 115 шт. В пути: 0 шт. Страховой запас: 2 шт. MOQ: 1 шт.
IEK,030201482_,Блок розетка + выключатель горизонтальный о/у серо-белый IP55 TORS IEK (1/40),0.0,33.0,0.0,33.0,0.0,1.0,0.0,0,0.0,33.0,inf,LOW,LOW,STABLE,0.25,False,False,False,Прогноз спроса: 0 шт. Свободный остаток: 33 шт. В пути: 0 шт. Страховой запас: 0 шт. MOQ: 1 шт.
IEK,290100034_,СФ-05К-вык (5 мест/5м.) IEK,0.3345010034426887,3.0,0.0,3.0,0.15652475842498498,1.0,0.0,0,0.0,2.6654989965573113,8.968582961258594,LOW,LOW,STABLE,0.25,False,True,False,Прогноз спроса: 0 шт. Свободный остаток: 3 шт. В пути: 0 шт. Страховой запас: 0 шт. MOQ: 1 шт. В истории обнаружена аномальная продажа.
IEK,030200741_,"Выкл 3-кл. 10А  б/рамки ""BRITE"" сталь (1/100)",1.6206112090411204,38.0,0.0,38.0,0.2928310092869264,1.0,0.0,0,0.0,36.37938879095888,23.447943459852876,LOW,LOW,STABLE,3.5,False,False,False,Прогноз спроса: 2 шт. Свободный остаток: 38 шт. В пути: 0 шт. Страховой запас: 0 шт. MOQ: 1 шт.
IEK,130300518_,Гильза изолир. фазная ГИФ 16 IEK  (10)(200),1.2418357987838236,12.0,10.0,22.0,0.6209178993919118,10.0,0.0,0,0.0,20.758164201216175,17.715707681760687,LOW,LOW,DECLINING,0.7410358565737051,False,False,False,Прогноз спроса: 1 шт. Свободный остаток: 12 шт. В пути: 10 шт. Страховой запас: 1 шт. MOQ: 10 шт. Наблюдается снижение спроса.
IEK,290100033_,СФ-05К-вык (5 мест/3м.) IEK,2.431463986035969,22.0,4.0,26.0,0.7257754473664703,1.0,0.0,0,0.0,23.56853601396403,10.693146248235395,LOW,LOW,STABLE,0.7380952380952381,False,False,False,Прогноз спроса: 2 шт. Свободный остаток: 22 шт. В пути: 4 шт. Страховой запас: 1 шт. MOQ: 1 шт.
IEK,010300124_, УЗО АД 14  (4ф) 10А IEK (3/24),0.1376728973275034,7.0,3.0,10.0,0.0688364486637517,3.0,0.0,0,0.0,9.862327102672497,72.63593774896364,LOW,LOW,STABLE,0.25,False,False,False,Прогноз спроса: 0 шт. Свободный остаток: 7 шт. В пути: 3 шт. Страховой запас: 0 шт. MOQ: 3 шт.
IEK,030201483_, Розетка 2-я о/у з/к с крышкой вертикальная серо-белый IP55 TORS IEK (1/40),0.4108024275733327,30.0,0.0,30.0,0.20540121378666634,1.0,0.0,0,0.0,29.589197572426666,73.02780603613807,LOW,LOW,DECLINING,0.25,False,False,False,Прогноз спроса: 0 шт. Свободный остаток: 30 шт. В пути: 0 шт. Страховой запас: 0 шт. MOQ: 1 шт. Наблюдается снижение спроса.
IEK,130300020_,Расцепитель независимый РН47 на DIN-рейку НОВЫЕ IEK (12/240),47.109633521514986,115.0,0.0,115.0,9.230095701923501,12.0,0.0,0,0.0,67.89036647848502,2.4411142987873053,LOW,LOW,STABLE,0.78035538005923,False,False,False,Прогноз спроса: 47 шт. Свободный остаток: 115 шт. В пути: 0 шт. Страховой запас: 9 шт. MOQ: 12 шт.
IEK,200400007_, I6 А роз. с/у з/к с/ш 16А КВАРТА РСш 10-3-КБ (200) ,0.8046921517690512,25.0,0.0,25.0,0.0,10.0,0.0,0,0.0,24.19530784823095,31.067781567198715,LOW,LOW,STABLE,2.5802283653846154,False,False,False,Прогноз спроса: 1 шт. Свободный остаток: 25 шт. В пути: 0 шт. Страховой запас: 0 шт. MOQ: 10 шт.
IEK,240200003_,Круглая скоба  6мм IEK (100),0.5810443841483122,1.0,0.0,1.0,0.14288690166235204,,0.0,0,0.0,0.41895561585168783,1.7210389210899748,LOW,LOW,STABLE,0.25,False,False,False,Прогноз спроса: 1 шт. Свободный остаток: 1 шт. В пути: 0 шт. Страховой запас: 0 шт.
IEK,280100162_,Кабель-канал  40х40 Ecoline IEK (24) !!!,0.0,0.0,0.0,0.0,0.0,,0.0,0,0.0,0.0,inf,LOW,LOW,STABLE,2.2142857142857144,True,False,False,Прогноз спроса: 0 шт. Свободный остаток: 0 шт. В пути: 0 шт. Страховой запас: 0 шт. Есть сигнал предыдущего stockout.
IEK,200400014_,I14 роз. 2-я комп+тел КВАРТА РК/Т12-КБ (200) ,0.01315500954243863,9.0,0.0,9.0,0.006577504771219315,10.0,0.0,0,0.0,8.986844990457561,684.1500168407792,LOW,LOW,STABLE,0.25,False,False,False,Прогноз спроса: 0 шт. Свободный остаток: 9 шт. В пути: 0 шт. Страховой запас: 0 шт. MOQ: 10 шт.
IEK,030200510_,"Рамка 3-мест. ""BRITE"" сталь (1/100)",20.486214662985322,216.0,0.0,216.0,4.551345954769843,1.0,0.0,0,0.0,195.51378533701467,10.543675518067804,LOW,LOW,STABLE,1.4660622396471452,False,False,False,Прогноз спроса: 20 шт. Свободный остаток: 216 шт. В пути: 0 шт. Страховой запас: 5 шт. MOQ: 1 шт.
IEK,030201124_," Рамка 3-мест. ""BRITE""  металл алюм. RE  IEK  (1/50)",0.00012428150709105132,15.0,0.0,15.0,6.214075354552566e-05,1.0,0.0,0,0.0,14.999875718492909,120693.74077521185,LOW,LOW,STABLE,0.25,False,False,False,Прогноз спроса: 0 шт. Свободный остаток: 15 шт. В пути: 0 шт. Страховой запас: 0 шт. MOQ: 1 шт.
IEK,AR-M06N-4-C025,ARMAT (4ф) 25А С  IEK (1),0.0,0.0,0.0,0.0,0.0,1.0,0.0,0,0.0,0.0,inf,LOW,LOW,STABLE,0.25,True,False,False,Прогноз спроса: 0 шт. Свободный остаток: 0 шт. В пути: 0 шт. Страховой запас: 0 шт. MOQ: 1 шт. Есть сигнал предыдущего stockout.
IEK,270300305_,Устройство компенсации давления УКД D=37мм IP55 IEK (200) NEW,0.17329200148273222,5.0,0.0,5.0,0.08664600074136611,1.0,0.0,0,0.0,4.826707998517268,28.853033938200706,LOW,LOW,STABLE,0.25,False,False,False,Прогноз спроса: 0 шт. Свободный остаток: 5 шт. В пути: 0 шт. Страховой запас: 0 шт. MOQ: 1 шт.
IEK,130300471_,Скрепа СГ-20 IEK (100),0.12508874148529603,7.0,4.0,11.0,0.06254437074264801,4.0,0.0,0,0.0,10.874911258514704,87.93757031517526,LOW,LOW,STABLE,0.25,False,False,False,Прогноз спроса: 0 шт. Свободный остаток: 7 шт. В пути: 4 шт. Страховой запас: 0 шт. MOQ: 4 шт.
IEK,010300123_, УЗО АД 12  (2ф) 20А IEK (5/40),5.910460779648305,50.0,10.0,60.0,2.224634801489897,1.0,0.0,0,0.0,54.089539220351696,10.151492791661877,LOW,LOW,DECLINING,0.7270168855534709,False,False,False,Прогноз спроса: 6 шт. Свободный остаток: 50 шт. В пути: 10 шт. Страховой запас: 2 шт. MOQ: 1 шт. Наблюдается снижение спроса.
IEK,200400009_,РСш 12-3-КБ Розетка 2местн. c з/к  с защ.штор. 16А КВАРТА (160) *,0.0,0.0,0.0,0.0,0.0,,0.0,0,0.0,0.0,inf,LOW,LOW,STABLE,0.25,True,False,False,Прогноз спроса: 0 шт. Свободный остаток: 0 шт. В пути: 0 шт. Страховой запас: 0 шт. Есть сигнал предыдущего stockout.
IEK,240100209_,Площадка (самоклеющаяся) черная 40х40 IEK (100),0.07317812266343908,3.0,0.0,3.0,0.03658906133171954,5.0,0.0,0,0.0,2.926821877336561,40.995859019199,LOW,LOW,STABLE,0.25,False,False,False,Прогноз спроса: 0 шт. Свободный остаток: 3 шт. В пути: 0 шт. Страховой запас: 0 шт. MOQ: 5 шт.
IEK,240100185_," Хомут 4,8х200 IEK (100)",16.623109935331758,52.0,0.0,52.0,5.276087960474809,10.0,0.0,0,0.0,35.376890064668245,3.1281751851665294,LOW,LOW,STABLE,0.7597428686219365,False,False,False,Прогноз спроса: 17 шт. Свободный остаток: 52 шт. В пути: 0 шт. Страховой запас: 5 шт. MOQ: 10 шт.
IEK,130300418_,"773-302 Клемма (2,5мм 32А)  TDM (100) !!!",0.0,0.0,0.0,0.0,0.0,,0.0,0,0.0,0.0,inf,LOW,LOW,STABLE,0.25,True,False,False,Прогноз спроса: 0 шт. Свободный остаток: 0 шт. В пути: 0 шт. Страховой запас: 0 шт. Есть сигнал предыдущего stockout.
IEK,290100101_,"Шнур УШ-1КВ ( с плоск вилк и выкл 2x0,75/2метр) IEK",5.012534304790893,62.0,0.0,62.0,0.9287648608052566,10.0,0.0,0,0.0,56.98746569520911,12.36899265522063,LOW,LOW,GROWING,0.6028858218318695,False,False,False,Прогноз спроса: 5 шт. Свободный остаток: 62 шт. В пути: 0 шт. Страховой запас: 1 шт. MOQ: 10 шт. Наблюдается рост спроса.
IEK,130300033_,Клещи обжимн КО-6Е 6-16мм IEK (40),0.48531815586387966,3.0,0.0,3.0,0.24265907793193983,1.0,0.0,0,0.0,2.5146818441361205,6.181511991159526,LOW,LOW,STABLE,0.25,False,False,False,Прогноз спроса: 0 шт. Свободный остаток: 3 шт. В пути: 0 шт. Страховой запас: 0 шт. MOQ: 1 шт.
IEK,280100139_,Рамка и суппорт  на 6 модулей 60 мм ПРАЙМЕР (120),31.315695558244816,118.0,0.0,118.0,15.657847779122408,10.0,0.0,0,0.0,86.68430444175519,3.7680785272844717,LOW,LOW,STABLE,2.188096146508966,False,False,False,Прогноз спроса: 31 шт. Свободный остаток: 118 шт. В пути: 0 шт. Страховой запас: 16 шт. MOQ: 10 шт.
IEK,010300096_, УЗО АВДТ 32  40А IEK  (6/60),260.1726008726543,708.0,0.0,708.0,54.731502963710675,1.0,0.0,0,0.0,447.8273991273457,2.72127040904873,LOW,LOW,DECLINING,0.9379274457329764,False,False,False,Прогноз спроса: 260 шт. Свободный остаток: 708 шт. В пути: 0 шт. Страховой запас: 55 шт. MOQ: 1 шт. Наблюдается снижение спроса.
IEK,030201479_, Выключатель 2-кл. о/у серо-белый IP55 TORS IEK (1/60),0.24095493930740022,44.0,0.0,44.0,0.12047746965370011,1.0,0.0,0,0.0,43.7590450606926,182.60675679225918,LOW,LOW,DECLINING,0.25,False,True,False,Прогноз спроса: 0 шт. Свободный остаток: 44 шт. В пути: 0 шт. Страховой запас: 0 шт. MOQ: 1 шт. В истории обнаружена аномальная продажа. Наблюдается снижение спроса.
IEK,270400046_,Рубильник  трехпозиционный ВРТ-63 1P 63А IEK,0.35873586974702454,28.0,0.0,28.0,0.17936793487351227,12.0,0.0,0,0.0,27.641264130252974,78.05185475248183,LOW,LOW,DECLINING,0.25,False,True,False,Прогноз спроса: 0 шт. Свободный остаток: 28 шт. В пути: 0 шт. Страховой запас: 0 шт. MOQ: 12 шт. В истории обнаружена аномальная продажа. Наблюдается снижение спроса.
IEK,200400017_,I16 Рамка 3-я КВАРТА (500) ,0.7037881580444747,23.0,0.0,23.0,0.35189407902223735,25.0,0.0,0,0.0,22.296211841955525,32.68028843211447,LOW,LOW,DECLINING,1.766839378238342,False,False,False,Прогноз спроса: 1 шт. Свободный остаток: 23 шт. В пути: 0 шт. Страховой запас: 0 шт. MOQ: 25 шт. Наблюдается снижение спроса.
IEK,240100107_,"Хомут 7,6х300 IEK (100)",4.966364057268289,35.0,0.0,35.0,1.3358205967370131,5.0,0.0,0,0.0,30.03363594273171,7.047409250793323,LOW,LOW,GROWING,0.5688073394495413,False,False,False,Прогноз спроса: 5 шт. Свободный остаток: 35 шт. В пути: 0 шт. Страховой запас: 1 шт. MOQ: 5 шт. Наблюдается рост спроса.
IEK,030201129_," Рамка 3-мест. ""BRITE""  металл алюм. RE AL  IEK  (1/50)",0.06806876316158737,9.0,0.0,9.0,0.034034381580793686,1.0,0.0,0,0.0,8.931931236838413,132.2192380466065,LOW,LOW,STABLE,0.25,False,False,False,Прогноз спроса: 0 шт. Свободный остаток: 9 шт. В пути: 0 шт. Страховой запас: 0 шт. MOQ: 1 шт.
IEK,030200515_,"Выкл 2-кл. 10А б/рамки ""BRITE"" белый (1/100)",198.83061317861646,705.0,0.0,705.0,21.3352681414287,1.0,0.0,0,0.0,506.16938682138357,3.5457316593731667,LOW,LOW,STABLE,1.722222222222222,False,False,False,Прогноз спроса: 199 шт. Свободный остаток: 705 шт. В пути: 0 шт. Страховой запас: 21 шт. MOQ: 1 шт.
IEK,010300095_, УЗО АВДТ 32  20А IEK  (6/60),99.66139130983778,427.0,360.0,787.0,46.109229011120966,1.0,0.0,0,0.0,687.3386086901622,7.896739044644599,LOW,LOW,GROWING,0.5720562390158173,False,False,False,Прогноз спроса: 100 шт. Свободный остаток: 427 шт. В пути: 360 шт. Страховой запас: 46 шт. MOQ: 1 шт. Наблюдается рост спроса.
IEK,030200568_,"Роз. USB A+C 18Вт б/рамки ""BRITE"" белый (1/80)",2.3162925566094406,13.0,0.0,13.0,1.1581462783047203,1.0,0.0,0,0.0,10.68370744339056,5.612417120153956,LOW,LOW,STABLE,0.25,False,False,False,Прогноз спроса: 2 шт. Свободный остаток: 13 шт. В пути: 0 шт. Страховой запас: 1 шт. MOQ: 1 шт.
IEK,290100110_,ЩЭ 6 (1275х960х155) P31 IEK ,0.09462162038356553,3.0,0.0,3.0,0.0,1.0,0.0,0,0.0,2.9053783796164345,31.705227492817894,LOW,LOW,STABLE,0.25,False,False,False,Прогноз спроса: 0 шт. Свободный остаток: 3 шт. В пути: 0 шт. Страховой запас: 0 шт. MOQ: 1 шт.
IEK,030200514_,"Выкл 1-кл. 10А б/рамки ""BRITE"" белый (1/100)",390.6959361496275,1625.0,0.0,1625.0,33.26191014759465,1.0,0.0,0,0.0,1234.3040638503726,4.159244695541605,LOW,LOW,STABLE,1.0377911054994389,False,False,False,Прогноз спроса: 391 шт. Свободный остаток: 1625 шт. В пути: 0 шт. Страховой запас: 33 шт. MOQ: 1 шт.
IEK,240100111_,Дюбель-хомут 11-18мм нейлон бел. IEK (100),94.22898284757771,667.0,0.0,667.0,34.730586003790165,5.0,0.0,0,0.0,572.7710171524222,7.078501537885869,LOW,LOW,DECLINING,1.043624631785664,False,False,False,Прогноз спроса: 94 шт. Свободный остаток: 667 шт. В пути: 0 шт. Страховой запас: 35 шт. MOQ: 5 шт. Наблюдается снижение спроса.
IEK,200400016_,I15 Рамка 2-я КВАРТА (760) ,1.0591019765105913,42.0,0.0,42.0,0.2857738033247041,38.0,0.0,0,0.0,40.94089802348941,39.65623795583577,LOW,LOW,STABLE,1.7564612326043736,False,False,False,Прогноз спроса: 1 шт. Свободный остаток: 42 шт. В пути: 0 шт. Страховой запас: 0 шт. MOQ: 38 шт.
IEK,030201127_," Рамка 3-мест. ""BRITE""  металл коричн. RE AL  IEK  (1/50)",0.0,14.0,0.0,14.0,0.0,1.0,0.0,0,0.0,14.0,inf,LOW,LOW,STABLE,0.25,False,False,False,Прогноз спроса: 0 шт. Свободный остаток: 14 шт. В пути: 0 шт. Страховой запас: 0 шт. MOQ: 1 шт.
IEK,130300022_,Кнопка ABLFS-22 (красный неон) IEK (10/200),16.002649695676677,112.0,0.0,112.0,5.581009466634754,10.0,0.0,0,0.0,95.99735030432332,6.99884095008705,LOW,LOW,STABLE,0.8564463705308776,False,False,False,Прогноз спроса: 16 шт. Свободный остаток: 112 шт. В пути: 0 шт. Страховой запас: 6 шт. MOQ: 10 шт.
IEK,010300108_, УЗО АД 14  (4ф) 50А (300мА) IEK (24) !!!,0.03483411545607354,3.0,0.0,3.0,0.01741705772803677,,0.0,0,0.0,2.9651658845439264,86.12246818160361,LOW,LOW,STABLE,0.25,False,False,False,Прогноз спроса: 0 шт. Свободный остаток: 3 шт. В пути: 0 шт. Страховой запас: 0 шт.
IEK,280100140_,Рамка и суппорт  на 6 модулей 75 мм ПРАЙМЕР (120),32.88359656262859,160.0,0.0,160.0,7.354998300475667,10.0,0.0,0,0.0,127.11640343737142,4.86564782216785,LOW,LOW,STABLE,1.8548387096774197,False,False,False,Прогноз спроса: 33 шт. Свободный остаток: 160 шт. В пути: 0 шт. Страховой запас: 7 шт. MOQ: 10 шт.
IEK,030200513_,"Роз TV оконечная  б/рамки ""BRITE"" жемчуг (1/100)",0.3379827840644446,7.0,0.0,7.0,0.1689913920322223,1.0,0.0,0,0.0,6.662017215935555,20.711114086406486,LOW,LOW,DECLINING,2.6271186440677963,False,False,False,Прогноз спроса: 0 шт. Свободный остаток: 7 шт. В пути: 0 шт. Страховой запас: 0 шт. MOQ: 1 шт. Наблюдается снижение спроса.
IEK,240100112_,Дюбель-хомут  5-8мм нейлон чёрный IEK (100) ,408.94407334158564,1073.0,400.0,1473.0,53.23195860257885,10.0,0.0,0,0.0,1064.0559266584144,3.6019595245964657,LOW,LOW,GROWING,1.3751363501140383,False,False,False,Прогноз спроса: 409 шт. Свободный остаток: 1073 шт. В пути: 400 шт. Страховой запас: 53 шт. MOQ: 10 шт. Наблюдается рост спроса.
IEK,030201480_, Розетка 1-я о/у з/к c крышкой  серо-белый IP55 TORS IEK (1/60),0.0,103.0,77.0,180.0,0.0,1.0,0.0,0,0.0,180.0,inf,LOW,LOW,STABLE,0.25,False,True,False,Прогноз спроса: 0 шт. Свободный остаток: 103 шт. В пути: 77 шт. Страховой запас: 0 шт. MOQ: 1 шт. В истории обнаружена аномальная продажа.
IEK,270400043_,Рубильник  трехпозиционный ВРТ-63 4п 63А IEK,0.8899111440266632,16.0,0.0,16.0,0.4449555720133316,3.0,0.0,0,0.0,15.110088855973338,17.979323112646192,LOW,LOW,DECLINING,3.206896551724138,False,True,False,Прогноз спроса: 1 шт. Свободный остаток: 16 шт. В пути: 0 шт. Страховой запас: 0 шт. MOQ: 3 шт. В истории обнаружена аномальная продажа. Наблюдается снижение спроса.
IEK,130300302_,Таймер ТЭМ 181 аналоговый 16А 230В на DIN-рейку IEK (100),13.998154414575428,31.0,0.0,31.0,3.1430246843871052,1.0,0.0,0,0.0,17.001845585424572,2.214577656588899,LOW,LOW,GROWING,1.0922279792746117,False,False,False,Прогноз спроса: 14 шт. Свободный остаток: 31 шт. В пути: 0 шт. Страховой запас: 3 шт. MOQ: 1 шт. Наблюдается рост спроса.
IEK,010300103_, УЗО ВД1-63 (4ф) 40А  300мА  IEK  (24) !!!,4.707134872210177e-06,4.0,0.0,4.0,2.3535674361050887e-06,,0.0,0,0.0,3.999995292865128,849773.8239061438,LOW,LOW,STABLE,0.25,False,False,False,Прогноз спроса: 0 шт. Свободный остаток: 4 шт. В пути: 0 шт. Страховой запас: 0 шт.
IEK,030201128_," Рамка 3-мест. ""BRITE""  металл шамп. RE AL  IEK  (1/50)",0.0,22.0,0.0,22.0,0.0,1.0,0.0,0,0.0,22.0,inf,LOW,LOW,STABLE,0.25,False,False,False,Прогноз спроса: 0 шт. Свободный остаток: 22 шт. В пути: 0 шт. Страховой запас: 0 шт. MOQ: 1 шт.
IEK,030200739_,"Выкл 3-кл. 10А  б/рамки ""BRITE"" жемчуг (1/100)",0.45816371835711645,7.0,0.0,7.0,0.22908185917855822,1.0,0.0,0,0.0,6.541836281642883,15.278381328623317,LOW,LOW,STABLE,3.522727272727273,False,False,False,Прогноз спроса: 0 шт. Свободный остаток: 7 шт. В пути: 0 шт. Страховой запас: 0 шт. MOQ: 1 шт.
IEK,290100036_,ВА 88-33 (3ф)  32А IEK (1/16)*,0.0,0.0,0.0,0.0,0.0,,0.0,0,0.0,0.0,inf,LOW,LOW,STABLE,3.1,True,False,False,Прогноз спроса: 0 шт. Свободный остаток: 0 шт. В пути: 0 шт. Страховой запас: 0 шт. Есть сигнал предыдущего stockout.
IEK,130300527_,ЗОИ 35-150/6-35 IEK (144),204.90309076834578,748.0,288.0,1036.0,48.525578306703316,144.0,0.0,0,0.0,831.0969092316542,5.056048672156219,LOW,LOW,GROWING,0.760967310730344,False,False,False,Прогноз спроса: 205 шт. Свободный остаток: 748 шт. В пути: 288 шт. Страховой запас: 49 шт. MOQ: 144 шт. Наблюдается рост спроса.
IEK,030200742_,"Роз. TV проходная б/рамки ""BRITE"" сталь (1/100)",0.0489442947069616,18.0,0.0,18.0,0.0244721473534808,1.0,0.0,0,0.0,17.951055705293037,367.76502977046204,LOW,LOW,STABLE,0.2980769230769231,False,False,False,Прогноз спроса: 0 шт. Свободный остаток: 18 шт. В пути: 0 шт. Страховой запас: 0 шт. MOQ: 1 шт.
IEK,030201123_," Рамка 3-мест. ""BRITE""  металл черн. RE  IEK  (1/50)",0.00011462948707562937,7.0,0.0,7.0,0.0,1.0,0.0,0,0.0,6.999885370512924,61066.311806678445,LOW,LOW,STABLE,0.25,False,False,False,Прогноз спроса: 0 шт. Свободный остаток: 7 шт. В пути: 0 шт. Страховой запас: 0 шт. MOQ: 1 шт.
IEK,270300300_,Термостат двухканальный от 0 до +60°C NO+NO IEK (100) NEW,0.43438289482713655,2.0,0.0,2.0,0.21719144741356827,1.0,0.0,0,0.0,1.5656171051728633,4.6042328641782815,LOW,LOW,DECLINING,0.25,False,False,False,Прогноз спроса: 0 шт. Свободный остаток: 2 шт. В пути: 0 шт. Страховой запас: 0 шт. MOQ: 1 шт. Наблюдается снижение спроса.
IEK,130300524_,Зажим анкерный ЗАБу 4х10-35 IEK (30),5.755515054722379,67.0,40.0,107.0,1.8073922282301234,1.0,0.0,0,0.0,101.24448494527762,18.590864411379986,LOW,LOW,STABLE,0.8274547187797904,False,False,False,Прогноз спроса: 6 шт. Свободный остаток: 67 шт. В пути: 40 шт. Страховой запас: 2 шт. MOQ: 1 шт.
IEK,030200745_,"Роз. TV проходная б/рамки ""BRITE"" черный (1/100)",0.53691725926232,16.0,0.0,16.0,0.26845862963116,1.0,0.0,0,0.0,15.46308274073768,29.79974981989344,LOW,LOW,DECLINING,0.25,False,False,False,Прогноз спроса: 1 шт. Свободный остаток: 16 шт. В пути: 0 шт. Страховой запас: 0 шт. MOQ: 1 шт. Наблюдается снижение спроса.
IEK,290100017_,У05К-выкл (5места 3метра) IEK,0.0,0.0,0.0,0.0,0.0,,0.0,0,0.0,0.0,inf,LOW,LOW,STABLE,0.25,True,False,False,Прогноз спроса: 0 шт. Свободный остаток: 0 шт. В пути: 0 шт. Страховой запас: 0 шт. Есть сигнал предыдущего stockout.
IEK,080800023_,Индикатор AL-22TE Ø22мм (желтый неон) IEK (10/300) !!!,0.0,0.0,0.0,0.0,0.0,,0.0,0,0.0,0.0,inf,LOW,LOW,STABLE,0.25,True,False,False,Прогноз спроса: 0 шт. Свободный остаток: 0 шт. В пути: 0 шт. Страховой запас: 0 шт. Есть сигнал предыдущего stockout.
IEK,030200505_,"Выкл 1-кл. прох. 10А б/рамки ""BRITE"" сталь (1/100)",11.492618133702294,111.0,0.0,111.0,4.243043326041671,1.0,0.0,0,0.0,99.5073818662977,9.658373636768689,LOW,LOW,DECLINING,1.810848400556328,False,False,False,Прогноз спроса: 11 шт. Свободный остаток: 111 шт. В пути: 0 шт. Страховой запас: 4 шт. MOQ: 1 шт. Наблюдается снижение спроса.
IEK,240200029_,Плоская скоба 12мм IEK (100),0.0002706506833773887,3.0,0.0,3.0,0.00013532534168869434,,0.0,0,0.0,2.9997293493166226,11084.39839339653,LOW,LOW,STABLE,0.25,False,False,False,Прогноз спроса: 0 шт. Свободный остаток: 3 шт. В пути: 0 шт. Страховой запас: 0 шт.
IEK,130300004_,Пост тельф.ПКТ-62 (на 4 кноп.) IP54 IEK (5/40),0.6531053110003759,15.0,0.0,15.0,0.14641550464346342,5.0,0.0,0,0.0,14.346894688999624,22.96719954248139,LOW,LOW,STABLE,2.127450980392157,False,True,False,Прогноз спроса: 1 шт. Свободный остаток: 15 шт. В пути: 0 шт. Страховой запас: 0 шт. MOQ: 5 шт. В истории обнаружена аномальная продажа.
IEK,280100336_,Кабель-канал 16х16 черный ЭЛЕКОР IEK (84м),17.56798333570609,56.0,0.0,56.0,8.783991667853044,84.0,0.0,0,0.0,38.43201666429391,3.1876168669959215,LOW,LOW,GROWING,0.261348897535668,False,False,False,Прогноз спроса: 18 шт. Свободный остаток: 56 шт. В пути: 0 шт. Страховой запас: 9 шт. MOQ: 84 шт. Наблюдается рост спроса.
IEK,010300142_, УЗО ВД1 63 (2ф) 80А 30мА IEK  (48) !!!,0.0,3.0,0.0,3.0,0.0,,0.0,0,0.0,3.0,inf,LOW,LOW,STABLE,0.25,False,False,False,Прогноз спроса: 0 шт. Свободный остаток: 3 шт. В пути: 0 шт. Страховой запас: 0 шт.
IEK,030201120_," Рамка 3-мест. ""BRITE""  стекло черн. RE  IEK  (1/50)",0.0,6.0,0.0,6.0,0.0,1.0,0.0,0,0.0,6.0,inf,LOW,LOW,STABLE,0.25,False,False,False,Прогноз спроса: 0 шт. Свободный остаток: 6 шт. В пути: 0 шт. Страховой запас: 0 шт. MOQ: 1 шт.
IEK,BR-H10-K37,BRITE Розетка HDMI РHDMI-0-БрШ шампань IEK,0.0,0.0,0.0,0.0,0.0,,0.0,0,0.0,0.0,inf,LOW,LOW,STABLE,0.25,True,False,False,Прогноз спроса: 0 шт. Свободный остаток: 0 шт. В пути: 0 шт. Страховой запас: 0 шт. Есть сигнал предыдущего stockout.
IEK,270300301_,"Гигростат электронный УККг от 40 до 0,9 RH IEK (100) NEW",0.0,2.0,0.0,2.0,0.0,1.0,0.0,0,0.0,2.0,inf,LOW,LOW,STABLE,0.25,False,False,False,Прогноз спроса: 0 шт. Свободный остаток: 2 шт. В пути: 0 шт. Страховой запас: 0 шт. MOQ: 1 шт.
IEK,290100029_,Шнур УШ-01РВ (оранж с кругл  вилк и розеткой 5м) IEK,0.45018659277782297,8.0,0.0,8.0,0.22509329638891148,10.0,0.0,0,0.0,7.549813407222177,17.770409266604208,LOW,LOW,STABLE,1.5,False,False,False,Прогноз спроса: 0 шт. Свободный остаток: 8 шт. В пути: 0 шт. Страховой запас: 0 шт. MOQ: 10 шт.
IEK,240200031_,Плоская скоба  6мм IEK (100),5.150433754048255e-06,3.0,0.0,3.0,0.0,,0.0,0,0.0,2.999994849566246,582475.2134015881,LOW,LOW,STABLE,0.25,False,False,False,Прогноз спроса: 0 шт. Свободный остаток: 3 шт. В пути: 0 шт. Страховой запас: 0 шт.
IEK,151000783_,Дальномер лазерный DM60 Professional IEK,0.0,0.0,0.0,0.0,0.0,,0.0,0,0.0,0.0,inf,LOW,LOW,STABLE,0.25,True,False,False,Прогноз спроса: 0 шт. Свободный остаток: 0 шт. В пути: 0 шт. Страховой запас: 0 шт. Есть сигнал предыдущего stockout.
IEK,BR-K20-1-K35,BRITE Розетка компьютерная двойная RJ45 кат.5E РК10-2-БрМ маренго IEK,4.963745275191842e-05,47.0,0.0,47.0,0.0,,0.0,0,0.0,46.999950362547246,946865.6708655042,LOW,LOW,STABLE,4.0,False,False,False,Прогноз спроса: 0 шт. Свободный остаток: 47 шт. В пути: 0 шт. Страховой запас: 0 шт.
IEK,010300156_, УЗО АД 12  (2ф) 16А GENERICA (5/40) !!!,0.0,0.0,0.0,0.0,0.0,,0.0,0,0.0,0.0,inf,LOW,LOW,STABLE,0.25,True,False,False,Прогноз спроса: 0 шт. Свободный остаток: 0 шт. В пути: 0 шт. Страховой запас: 0 шт. Есть сигнал предыдущего stockout.
IEK,030201118_," Рамка 3-мест. ""BRITE""  стекло маренго матовый  IEK  (1/50)",0.0,12.0,0.0,12.0,0.0,1.0,0.0,0,0.0,12.0,inf,LOW,LOW,STABLE,0.25,False,False,False,Прогноз спроса: 0 шт. Свободный остаток: 12 шт. В пути: 0 шт. Страховой запас: 0 шт. MOQ: 1 шт.
IEK,BR-K20-1-K45,BRITE Розетка компьютерная двойная RJ45 кат.5E РК10-2-БрТБ темная бронза IEK,0.0002682551936715399,31.0,0.0,31.0,0.00013412759683576996,1.0,0.0,0,0.0,30.99973174480633,115561.60227770789,LOW,LOW,STABLE,0.25,False,False,False,Прогноз спроса: 0 шт. Свободный остаток: 31 шт. В пути: 0 шт. Страховой запас: 0 шт. MOQ: 1 шт.
IEK,030200746_,"Роз. TV проходная б/рамки ""BRITE"" алюминий (1/100)",5.633615762510908e-06,5.0,0.0,5.0,0.0,1.0,0.0,0,0.0,4.999994366384238,887529.467890351,LOW,LOW,STABLE,0.25,False,False,False,Прогноз спроса: 0 шт. Свободный остаток: 5 шт. В пути: 0 шт. Страховой запас: 0 шт. MOQ: 1 шт.
IEK,240200032_,Плоская скоба 14мм IEK (100),0.023686143732558906,59.0,0.0,59.0,0.011843071866279453,,0.0,0,0.0,58.97631385626744,2490.9077925968495,LOW,LOW,STABLE,2.583333333333333,False,False,False,Прогноз спроса: 0 шт. Свободный остаток: 59 шт. В пути: 0 шт. Страховой запас: 0 шт.
IEK,030201486_, Выключатель кнопочный о/у серо-белый IP55 TORS IEK (1/60),0.0,56.0,0.0,56.0,0.0,1.0,0.0,0,0.0,56.0,inf,LOW,LOW,STABLE,0.25,False,False,False,Прогноз спроса: 0 шт. Свободный остаток: 56 шт. В пути: 0 шт. Страховой запас: 0 шт. MOQ: 1 шт.
IEK,270300299_,Термостат двухканальный УККт от 0 до +60°C NO+NC IEK (100) NEW,3.4962014758145457,24.0,0.0,24.0,1.5756480148391856,1.0,0.0,0,0.0,20.503798524185456,6.864592949240283,LOW,LOW,GROWING,0.5938697318007663,False,False,False,Прогноз спроса: 3 шт. Свободный остаток: 24 шт. В пути: 0 шт. Страховой запас: 2 шт. MOQ: 1 шт. Наблюдается рост спроса.
IEK,290100016_,У05 (5мест 2р+ре.5метра) IEK,0.0,0.0,0.0,0.0,0.0,,0.0,0,0.0,0.0,inf,LOW,LOW,STABLE,0.25,True,False,False,Прогноз спроса: 0 шт. Свободный остаток: 0 шт. В пути: 0 шт. Страховой запас: 0 шт. Есть сигнал предыдущего stockout.
IEK,080800024_,Индикатор AL-22TE Ø22мм (зеленый неон) IEK (10/300),0.15182821630639085,1.0,0.0,1.0,0.07591410815319542,10.0,0.0,0,0.0,0.8481717836936091,6.5863910169503015,LOW,LOW,STABLE,1.319148936170213,False,False,False,Прогноз спроса: 0 шт. Свободный остаток: 1 шт. В пути: 0 шт. Страховой запас: 0 шт. MOQ: 10 шт.
IEK,130300003_,Пост тельф.ПКТ-63 (на 6 кноп.) IP54 IEK (5/30),2.7127908903880686,15.0,0.0,15.0,0.697809071308189,5.0,0.0,0,0.0,12.287209109611931,5.52936094453422,LOW,LOW,GROWING,2.1654411764705883,False,False,False,Прогноз спроса: 3 шт. Свободный остаток: 15 шт. В пути: 0 шт. Страховой запас: 1 шт. MOQ: 5 шт. Наблюдается рост спроса.
IEK,030200504_,"Роз. комп. RJ45 кат.5E б/рамки ""BRITE"" сталь (1/100)",6.4850532811264285,57.0,0.0,57.0,1.6515649144574243,1.0,0.0,0,0.0,50.514946718873574,8.789442049132914,LOW,LOW,DECLINING,1.7325721153846154,False,False,False,Прогноз спроса: 6 шт. Свободный остаток: 57 шт. В пути: 0 шт. Страховой запас: 2 шт. MOQ: 1 шт. Наблюдается снижение спроса.
IEK,280100337_,Кабель-канал 25х16 черный ЭЛЕКОР IEK (50м),33.04015215528429,100.0,0.0,100.0,12.826755890195567,50.0,0.0,0,0.0,66.95984784471571,3.0266204444220897,LOW,LOW,DECLINING,0.4305555555555556,False,False,False,Прогноз спроса: 33 шт. Свободный остаток: 100 шт. В пути: 0 шт. Страховой запас: 13 шт. MOQ: 50 шт. Наблюдается снижение спроса.
IEK,030201119_," Рамка 3-мест. ""BRITE""  стекло бел. RE  IEK  (1/50)",0.199555339391393,19.0,0.0,19.0,0.0997776696956965,1.0,0.0,0,0.0,18.80044466060861,95.21168442772064,LOW,LOW,STABLE,0.25,False,False,False,Прогноз спроса: 0 шт. Свободный остаток: 19 шт. В пути: 0 шт. Страховой запас: 0 шт. MOQ: 1 шт.
IEK,130300526_,ЗОИ 35-150/35-150 IEK  (36),462.9066748012667,1209.0,560.0,1769.0,125.99429616719424,70.0,0.0,0,0.0,1306.0933251987333,3.821504627816093,LOW,LOW,GROWING,0.4302020036130727,False,False,False,Прогноз спроса: 463 шт. Свободный остаток: 1209 шт. В пути: 560 шт. Страховой запас: 126 шт. MOQ: 70 шт. Наблюдается рост спроса.
IEK,AR-M06N-4-C032,ARMAT Автоматический выключатель M06N 4P C 32А IEK,0.0,0.0,0.0,0.0,0.0,,0.0,0,0.0,0.0,inf,LOW,LOW,STABLE,0.25,True,False,False,Прогноз спроса: 0 шт. Свободный остаток: 0 шт. В пути: 0 шт. Страховой запас: 0 шт. Есть сигнал предыдущего stockout.
IEK,030200506_,"Роз. 2-я с з/к без з/ш 16А в сборе ""BRITE"" сталь (1/100)",49.30862214424989,423.0,0.0,423.0,8.870043216730338,1.0,0.0,0,0.0,373.6913778557501,8.578621377059266,LOW,LOW,STABLE,1.703671136513519,False,False,False,Прогноз спроса: 49 шт. Свободный остаток: 423 шт. В пути: 0 шт. Страховой запас: 9 шт. MOQ: 1 шт.
IEK,030201122_," Рамка 3-мест. ""BRITE""  стекло песчаный RE  IEK  (1/50)",0.23758578440062048,7.0,0.0,7.0,0.11879289220031024,1.0,0.0,0,0.0,6.76241421559938,29.463042234027363,LOW,LOW,DECLINING,0.25,False,False,False,Прогноз спроса: 0 шт. Свободный остаток: 7 шт. В пути: 0 шт. Страховой запас: 0 шт. MOQ: 1 шт. Наблюдается снижение спроса.
IEK,BR-AK20-1-K35,"Роз. 2-я TV+RJ45 кат.5E б/рамки ""BRITE"" маренго (1/100)",0.0,0.0,0.0,0.0,0.0,,0.0,0,0.0,0.0,inf,LOW,LOW,STABLE,0.25,True,False,False,Прогноз спроса: 0 шт. Свободный остаток: 0 шт. В пути: 0 шт. Страховой запас: 0 шт. Есть сигнал предыдущего stockout.
IEK,010300127_, УЗО АД 12  (2ф) 50А 300мА IEK (4/32) !!!,0.0,0.0,0.0,0.0,0.0,,0.0,0,0.0,0.0,inf,LOW,LOW,STABLE,1.722222222222222,True,False,False,Прогноз спроса: 0 шт. Свободный остаток: 0 шт. В пути: 0 шт. Страховой запас: 0 шт. Есть сигнал предыдущего stockout.
IEK,030200508_,"Рамка 1-мест. ""BRITE"" сталь (1/100)",307.7062006436158,1427.0,0.0,1427.0,45.66916629412007,1.0,0.0,0,0.0,1119.2937993563842,4.637540605341087,LOW,LOW,STABLE,1.5322290907169651,False,False,False,Прогноз спроса: 308 шт. Свободный остаток: 1427 шт. В пути: 0 шт. Страховой запас: 46 шт. MOQ: 1 шт.
IEK,270300303_,"Гигротерм от 0 до +60°C от 50 до 0,9 RH IEK (60) NEW",0.00029951623647180746,3.0,0.0,3.0,0.00014975811823590373,1.0,0.0,0,0.0,2.999700483763528,10016.151495955315,LOW,LOW,STABLE,0.25,False,False,False,Прогноз спроса: 0 шт. Свободный остаток: 3 шт. В пути: 0 шт. Страховой запас: 0 шт. MOQ: 1 шт.
IEK,130300519_,Гильза изолир. фазная ГИФ 25 IEK  (10)(200) ,1.8745241507959106e-05,5.0,10.0,15.0,0.0,10.0,0.0,0,0.0,14.999981254758492,800203.08053279,LOW,LOW,STABLE,4.0,False,False,False,Прогноз спроса: 0 шт. Свободный остаток: 5 шт. В пути: 10 шт. Страховой запас: 0 шт. MOQ: 10 шт.
IEK,290100032_,"СФ-05К-вык (5 мест/1,5м.) IEK",0.9466622547535003,47.0,0.0,47.0,0.37939095930187905,5.0,0.0,0,0.0,46.0533377452465,49.6481187075936,LOW,LOW,GROWING,0.25,False,False,False,Прогноз спроса: 1 шт. Свободный остаток: 47 шт. В пути: 0 шт. Страховой запас: 0 шт. MOQ: 5 шт. Наблюдается рост спроса.
IEK,030201484_, Выключатель 2-кл. проходной о/у серо-белый IP55 TORS IEK (1/80),0.0,80.0,0.0,80.0,0.0,1.0,0.0,0,0.0,80.0,inf,LOW,LOW,STABLE,1.0,False,False,False,Прогноз спроса: 0 шт. Свободный остаток: 80 шт. В пути: 0 шт. Страховой запас: 0 шт. MOQ: 1 шт.
IEK,130300006_,Отвертка пробник ОП-2Э IEK (120),17.719568436526643,70.0,0.0,70.0,2.009581216738116,1.0,0.0,0,0.0,52.28043156347336,3.950434811702517,LOW,LOW,GROWING,1.4335260115606936,False,False,False,Прогноз спроса: 18 шт. Свободный остаток: 70 шт. В пути: 0 шт. Страховой запас: 2 шт. MOQ: 1 шт. Наблюдается рост спроса.
IEK,200400004_, I4  выкл. 2кл. с инд.10А КВАРТА ВС 10-2-1-КБ (200),0.2895212574010488,14.0,0.0,14.0,0.0,10.0,0.0,0,0.0,13.710478742598951,48.35568940834976,LOW,LOW,STABLE,1.4418604651162792,False,False,False,Прогноз спроса: 0 шт. Свободный остаток: 14 шт. В пути: 0 шт. Страховой запас: 0 шт. MOQ: 10 шт.
IEK,280100240_,Кабель-канал 25х16 дуб ЭЛЕКОР IEK (50),65.1772761184385,136.0,0.0,136.0,21.46007145064215,50.0,0.0,0,0.0,70.8227238815615,2.0866168103261056,LOW,LOW,DECLINING,0.6139760837070254,False,False,False,Прогноз спроса: 65 шт. Свободный остаток: 136 шт. В пути: 0 шт. Страховой запас: 21 шт. MOQ: 50 шт. Наблюдается снижение спроса.
IEK,010300125_, УЗО АВДТ 32  63А 100mA IEK !!!,0.0,0.0,0.0,0.0,0.0,,0.0,0,0.0,0.0,inf,LOW,LOW,STABLE,4.0,True,False,False,Прогноз спроса: 0 шт. Свободный остаток: 0 шт. В пути: 0 шт. Страховой запас: 0 шт. Есть сигнал предыдущего stockout.
IEK,030200509_,"Рамка 2-мест. ""BRITE"" сталь (1/100)",61.29852445485542,118.0,0.0,118.0,12.320795428867356,1.0,0.0,0,0.0,56.70147554514458,1.92500555354972,LOW,LOW,GROWING,1.7301378857518055,False,False,False,Прогноз спроса: 61 шт. Свободный остаток: 118 шт. В пути: 0 шт. Страховой запас: 12 шт. MOQ: 1 шт. Наблюдается рост спроса.
IEK,240200007_,Круглая скоба  8мм IEK (100),0.021027684128158426,2.0,0.0,2.0,0.010513842064079213,,0.0,0,0.0,1.9789723158718415,95.11270893221074,LOW,LOW,DECLINING,0.6326530612244898,False,False,False,Прогноз спроса: 0 шт. Свободный остаток: 2 шт. В пути: 0 шт. Страховой запас: 0 шт. Наблюдается снижение спроса.
IEK,240200011_,Круглая скоба 10мм IEK (100),0.00508521028178165,7.0,0.0,7.0,0.002542605140890825,,0.0,0,0.0,6.9949147897182185,1376.5409121975358,LOW,LOW,DECLINING,0.25,False,False,False,Прогноз спроса: 0 шт. Свободный остаток: 7 шт. В пути: 0 шт. Страховой запас: 0 шт. Наблюдается снижение спроса.
IEK,200400003_, I2  выкл. 2кл. 10А КВАРТА ВС 10-2-0-КБ (200) ,1.9811217856144043,55.0,0.0,55.0,0.9905608928072022,10.0,0.0,0,0.0,53.018878214385595,27.762048955987265,LOW,LOW,STABLE,0.7020905923344947,False,False,False,Прогноз спроса: 2 шт. Свободный остаток: 55 шт. В пути: 0 шт. Страховой запас: 1 шт. MOQ: 10 шт.
IEK,030200743_,"Выкл 3-кл. 10А 10А б/рамки ""BRITE"" графит (1/100)",6.865669418048022,41.0,0.0,41.0,2.768468288903933,1.0,0.0,0,0.0,34.13433058195198,5.971741064639944,LOW,LOW,DECLINING,0.9901719901719902,False,False,False,Прогноз спроса: 7 шт. Свободный остаток: 41 шт. В пути: 0 шт. Страховой запас: 3 шт. MOQ: 1 шт. Наблюдается снижение спроса.
IEK,030200744_,"Выкл 3-кл. 10А  б/рамки ""BRITE"" чёрный (1/100)",31.77522450218213,127.0,0.0,127.0,9.460796301932872,1.0,0.0,0,0.0,95.22477549781787,3.9968246327033317,LOW,LOW,DECLINING,1.2268959801077497,False,False,False,Прогноз спроса: 32 шт. Свободный остаток: 127 шт. В пути: 0 шт. Страховой запас: 9 шт. MOQ: 1 шт. Наблюдается снижение спроса.
IEK,010300131_, УЗО ВД1-63 (4ф) 50А 300мА IEK  (1/24) !!!,0.0,9.0,0.0,9.0,0.0,,0.0,0,0.0,9.0,inf,LOW,LOW,DECLINING,4.0,False,False,False,Прогноз спроса: 0 шт. Свободный остаток: 9 шт. В пути: 0 шт. Страховой запас: 0 шт. Наблюдается снижение спроса.
IEK,130300521_,Гильза изолир. фазная ГИФ 50 IEK  (10)(200) ,0.21517362609468238,13.0,0.0,13.0,0.0,10.0,0.0,0,0.0,12.784826373905318,60.416326275412764,LOW,LOW,STABLE,0.25,False,False,False,Прогноз спроса: 0 шт. Свободный остаток: 13 шт. В пути: 0 шт. Страховой запас: 0 шт. MOQ: 10 шт.
IEK,030201121_," Рамка 3-мест. ""BRITE""  стекло графит RE  IEK  (1/50)",0.0,3.0,0.0,3.0,0.0,1.0,0.0,0,0.0,3.0,inf,LOW,LOW,STABLE,0.25,False,False,False,Прогноз спроса: 0 шт. Свободный остаток: 3 шт. В пути: 0 шт. Страховой запас: 0 шт. MOQ: 1 шт.
IEK,130300005_,Отвертка пробник ОП-1 IEK (120) ,13.092364135932767,45.0,0.0,45.0,4.836674132776221,1.0,0.0,0,0.0,31.90763586406723,3.4371179668380014,LOW,LOW,GROWING,1.4336151168572848,False,False,False,Прогноз спроса: 13 шт. Свободный остаток: 45 шт. В пути: 0 шт. Страховой запас: 5 шт. MOQ: 1 шт. Наблюдается рост спроса.
IEK,280100302_,Угол внутренний КМВ 20х10 дуб ЭЛЕКОР IEK (4шт/компл) ,0.0,0.0,0.0,0.0,0.0,,0.0,0,0.0,0.0,inf,LOW,LOW,STABLE,0.25,True,False,False,Прогноз спроса: 0 шт. Свободный остаток: 0 шт. В пути: 0 шт. Страховой запас: 0 шт. Есть сигнал предыдущего stockout.
IEK,240200012_,Плоская скоба 10мм IEK (100),0.026544817281840084,1.0,0.0,1.0,0.0,,0.0,0,0.0,0.9734551827181599,37.67213725310224,LOW,LOW,STABLE,0.3444444444444444,False,False,False,Прогноз спроса: 0 шт. Свободный остаток: 1 шт. В пути: 0 шт. Страховой запас: 0 шт.
IEK,030200507_,"Роз. 2-я с з/к/ш 16А в сборе ""BRITE"" сталь (1/100)",38.78139900089,212.0,0.0,212.0,14.50945955804926,1.0,0.0,0,0.0,173.21860099911,5.466538223521405,LOW,LOW,DECLINING,0.8970788970788971,False,False,False,Прогноз спроса: 39 шт. Свободный остаток: 212 шт. В пути: 0 шт. Страховой запас: 15 шт. MOQ: 1 шт. Наблюдается снижение спроса.
IEK,010300130_, УЗО АВДТ 34  10А С 30мА  IEK E-PRO,0.0,0.0,0.0,0.0,0.0,,0.0,0,0.0,0.0,inf,LOW,LOW,STABLE,0.25,True,False,False,Прогноз спроса: 0 шт. Свободный остаток: 0 шт. В пути: 0 шт. Страховой запас: 0 шт. Есть сигнал предыдущего stockout.
IEK,290100031_,"СФ-03К-вык (3 мест/1,5м.) IEK",0.03373065977724526,73.0,0.0,73.0,0.01686532988862263,6.0,0.0,0,0.0,72.96626934022275,2164.203145805226,LOW,LOW,STABLE,1.4090909090909092,False,False,False,Прогноз спроса: 0 шт. Свободный остаток: 73 шт. В пути: 0 шт. Страховой запас: 0 шт. MOQ: 6 шт.
IEK,030201485_, Переключатель 1-кл. о/у серо-белый IP55 TORS IEK (1/60),0.0,110.0,0.0,110.0,0.0,1.0,0.0,0,0.0,110.0,inf,LOW,LOW,STABLE,0.25,False,False,False,Прогноз спроса: 0 шт. Свободный остаток: 110 шт. В пути: 0 шт. Страховой запас: 0 шт. MOQ: 1 шт.
IEK,270300302_,"Гигростат механический УККг от 35 до 0,95 RH IEK (100) NEW",0.0,3.0,0.0,3.0,0.0,1.0,0.0,0,0.0,3.0,inf,LOW,LOW,STABLE,0.25,False,False,False,Прогноз спроса: 0 шт. Свободный остаток: 3 шт. В пути: 0 шт. Страховой запас: 0 шт. MOQ: 1 шт.
IEK,130300520_,Гильза изолир. фазная ГИФ 35 IEK  (10)(200),0.00015955397832251994,2.0,0.0,2.0,7.977698916125997e-05,10.0,0.0,0,0.0,1.9998404460216774,12534.942851485852,LOW,LOW,STABLE,1.7884615384615383,False,False,False,Прогноз спроса: 0 шт. Свободный остаток: 2 шт. В пути: 0 шт. Страховой запас: 0 шт. MOQ: 10 шт.
IEK,200400002_, I3  выкл. 1кл. с инд. 10А КВАРТА ВС 10-1-1-КБ (200) ,0.24988122205677243,14.0,0.0,14.0,0.0,10.0,0.0,0,0.0,13.750118777943227,56.02661890623871,LOW,LOW,STABLE,2.401668653158522,False,False,False,Прогноз спроса: 0 шт. Свободный остаток: 14 шт. В пути: 0 шт. Страховой запас: 0 шт. MOQ: 10 шт.
IEK,CLM50D-RP-080-30,Перегородка разделительная h=80мм L3000 IEK,0.0,0.0,0.0,0.0,0.0,,0.0,0,0.0,0.0,inf,LOW,LOW,STABLE,1.0,True,False,False,Прогноз спроса: 0 шт. Свободный остаток: 0 шт. В пути: 0 шт. Страховой запас: 0 шт. Есть сигнал предыдущего stockout.
IEK,030201056_," Рамка 2-мест. ""BRITE""  беж./жемч.  IEK  (1/100)",5.2313785813407534e-06,2.0,0.0,2.0,0.0,1.0,0.0,0,0.0,1.9999947686214186,382308.40473552933,LOW,LOW,STABLE,0.25,False,False,False,Прогноз спроса: 0 шт. Свободный остаток: 2 шт. В пути: 0 шт. Страховой запас: 0 шт. MOQ: 1 шт.
IEK,010400930_,Реле напряжения РН-д однофазное 54мм 25А IEK,0.0,4.0,0.0,4.0,0.0,1.0,0.0,0,0.0,4.0,inf,LOW,LOW,STABLE,0.25,False,False,False,Прогноз спроса: 0 шт. Свободный остаток: 4 шт. В пути: 0 шт. Страховой запас: 0 шт. MOQ: 1 шт.
IEK,010700141_,ARMAT (1ф) 63А C IEK (1),8.150999823066856e-06,5.0,0.0,5.0,4.075499911533428e-06,1.0,0.0,0,0.0,4.999991849000177,613421.6793687433,LOW,LOW,STABLE,0.25,False,False,False,Прогноз спроса: 0 шт. Свободный остаток: 5 шт. В пути: 0 шт. Страховой запас: 0 шт. MOQ: 1 шт.
IEK,ярп6188, BA 47-60M (3ф) 50А 6кА С IEK !!!,9.569986185383531e-07,2.0,0.0,2.0,0.0,,0.0,0,0.0,1.9999990430013814,2089867.1756231454,LOW,LOW,STABLE,4.0,False,False,False,Прогноз спроса: 0 шт. Свободный остаток: 2 шт. В пути: 0 шт. Страховой запас: 0 шт.
IEK,030200858_," Рамка 2-мест. ""BRITE"" стекло черный (1/100)",0.02135603629031447,13.0,0.0,13.0,0.010678018145157234,1.0,0.0,0,0.0,12.978643963709686,608.7271918476673,LOW,LOW,STABLE,0.25,False,False,False,Прогноз спроса: 0 шт. Свободный остаток: 13 шт. В пути: 0 шт. Страховой запас: 0 шт. MOQ: 1 шт.
IEK,251400124_,ЩМП  800х800х300 IP66  TITAN 5 IEK,8.58528700484912e-05,2.0,0.0,2.0,4.29264350242456e-05,1.0,0.0,0,0.0,1.9999141471299515,23295.668495070287,LOW,LOW,DECLINING,0.25,False,False,False,Прогноз спроса: 0 шт. Свободный остаток: 2 шт. В пути: 0 шт. Страховой запас: 0 шт. MOQ: 1 шт. Наблюдается снижение спроса.
IEK,130301692_,Колодка клеммная CP-MC 4 вывода 4мм2 серая IEK,0.0,45.0,0.0,45.0,0.0,50.0,0.0,0,0.0,45.0,inf,LOW,LOW,STABLE,0.25,False,False,False,Прогноз спроса: 0 шт. Свободный остаток: 45 шт. В пути: 0 шт. Страховой запас: 0 шт. MOQ: 50 шт.
IEK,130600165_,Логическое реле PLR-S. CPU1206(R) 220В AC с экраном ONI PLR-S-CPU-1206R-AC-BE NEW,0.0,0.0,0.0,0.0,0.0,,0.0,0,0.0,0.0,inf,LOW,LOW,STABLE,0.25,True,False,False,Прогноз спроса: 0 шт. Свободный остаток: 0 шт. В пути: 0 шт. Страховой запас: 0 шт. Есть сигнал предыдущего stockout.
IEK,251400020_,ЩРВ-П 36 черн. прозр. дверь IP41 TEKFOR IEK,13.143505328663823,107.0,0.0,107.0,6.571752664331911,1.0,0.0,0,0.0,93.85649467133618,8.140902850828585,LOW,LOW,GROWING,0.4417098445595855,False,False,False,Прогноз спроса: 13 шт. Свободный остаток: 107 шт. В пути: 0 шт. Страховой запас: 7 шт. MOQ: 1 шт. Наблюдается рост спроса.
IEK,030200958_,"Термостат с инд. ""BRITE"" графит (1/80)",0.07678974324523014,5.0,0.0,5.0,0.03839487162261507,1.0,0.0,0,0.0,4.9232102567547695,65.11286258676975,LOW,LOW,DECLINING,2.818181818181818,False,False,False,Прогноз спроса: 0 шт. Свободный остаток: 5 шт. В пути: 0 шт. Страховой запас: 0 шт. MOQ: 1 шт. Наблюдается снижение спроса.
IEK,ст-9952496,"Наконечник-гильза НГИ2 4,0-12 с изол. фланцем (серый) IEK (100) !!!",0.0,15.0,0.0,15.0,0.0,,0.0,0,0.0,15.0,inf,LOW,LOW,STABLE,0.25,False,False,False,Прогноз спроса: 0 шт. Свободный остаток: 15 шт. В пути: 0 шт. Страховой запас: 0 шт.
IEK,280100459_,Угол Т-образный КМТ 40х25 черный ЭЛЕКОР IEK (4шт/компл) ,0.0,147.0,0.0,147.0,0.0,,0.0,0,0.0,147.0,inf,LOW,LOW,STABLE,0.25,False,False,False,Прогноз спроса: 0 шт. Свободный остаток: 147 шт. В пути: 0 шт. Страховой запас: 0 шт.
IEK,020100007_,Переносная вилка 034 3р+ре 63А 380В IP 54 IEK,4.204257682045071,41.0,0.0,41.0,2.1021288410225356,2.0,0.0,0,0.0,36.79574231795493,9.752018810620672,LOW,LOW,GROWING,2.679582712369598,False,False,False,Прогноз спроса: 4 шт. Свободный остаток: 41 шт. В пути: 0 шт. Страховой запас: 2 шт. MOQ: 2 шт. Наблюдается рост спроса.
IEK,010700140_,ARMAT (1ф) 50А C IEK (1),0.0,12.0,0.0,12.0,0.0,1.0,0.0,0,0.0,12.0,inf,LOW,LOW,STABLE,0.25,False,False,False,Прогноз спроса: 0 шт. Свободный остаток: 12 шт. В пути: 0 шт. Страховой запас: 0 шт. MOQ: 1 шт.
IEK,280300031_, Лоток перфорированный (50х400х3000) (1 мм) IEK (6),7.098236041065812,120.0,0.0,120.0,3.549118020532906,12.0,0.0,0,0.0,112.90176395893418,16.90560856327649,LOW,LOW,DECLINING,0.5593984962406015,False,False,False,Прогноз спроса: 7 шт. Свободный остаток: 120 шт. В пути: 0 шт. Страховой запас: 4 шт. MOQ: 12 шт. Наблюдается снижение спроса.
IEK,120100005_,Контактор  КМИ-11860 18А 380В  IP54 (1вел в корпусе) IEK (1/20),1.010480635684208,10.0,0.0,10.0,0.505240317842104,1.0,0.0,0,0.0,8.989519364315791,9.896280687485797,LOW,LOW,DECLINING,1.2567567567567568,True,False,False,Прогноз спроса: 1 шт. Свободный остаток: 10 шт. В пути: 0 шт. Страховой запас: 1 шт. MOQ: 1 шт. Есть сигнал предыдущего stockout. Наблюдается снижение спроса.
IEK,130600166_,Логическое реле PLR-S. 8DI/8DO серии ONI,0.0,0.0,0.0,0.0,0.0,,0.0,0,0.0,0.0,inf,LOW,LOW,STABLE,0.25,True,False,False,Прогноз спроса: 0 шт. Свободный остаток: 0 шт. В пути: 0 шт. Страховой запас: 0 шт. Есть сигнал предыдущего stockout.
IEK,251400019_,ЩРВ-П 24 черн. прозр. дверь IP41 TEKFOR IEK,6.79470699780291,22.0,0.0,22.0,1.7288724649319858,1.0,0.0,0,0.0,15.20529300219709,3.237814376265786,LOW,LOW,DECLINING,1.6997389033942558,False,False,False,Прогноз спроса: 7 шт. Свободный остаток: 22 шт. В пути: 0 шт. Страховой запас: 2 шт. MOQ: 1 шт. Наблюдается снижение спроса.
IEK,130301689_,Колодка клеммная CP 10мм2 серая IEK,0.0,58.0,0.0,58.0,0.0,100.0,0.0,0,0.0,58.0,inf,LOW,LOW,STABLE,0.25,False,False,False,Прогноз спроса: 0 шт. Свободный остаток: 58 шт. В пути: 0 шт. Страховой запас: 0 шт. MOQ: 100 шт.
IEK,030200959_,"Термостат с инд. ""BRITE"" сталь (1/80)",0.08151001568028338,11.0,0.0,11.0,0.04075500784014169,1.0,0.0,0,0.0,10.918489984319717,134.9527405705163,LOW,LOW,STABLE,1.087719298245614,False,True,False,Прогноз спроса: 0 шт. Свободный остаток: 11 шт. В пути: 0 шт. Страховой запас: 0 шт. MOQ: 1 шт. В истории обнаружена аномальная продажа.
IEK,ст-9952475,Лоток перфорированный 80х100х3000 (3м)IEK,0.0,0.0,0.0,0.0,0.0,,0.0,0,0.0,0.0,inf,LOW,LOW,STABLE,1.0,True,False,False,Прогноз спроса: 0 шт. Свободный остаток: 0 шт. В пути: 0 шт. Страховой запас: 0 шт. Есть сигнал предыдущего stockout.
IEK,яярп4532, BA 47-60M (2ф) 10А 6кА С IEK !!!,0.0,0.0,0.0,0.0,0.0,,0.0,0,0.0,0.0,inf,LOW,LOW,STABLE,0.25,True,False,False,Прогноз спроса: 0 шт. Свободный остаток: 0 шт. В пути: 0 шт. Страховой запас: 0 шт. Есть сигнал предыдущего stockout.
IEK,010700139_,ARMAT (1ф) 40А C IEK (1),0.0,2.0,0.0,2.0,0.0,1.0,0.0,0,0.0,2.0,inf,LOW,LOW,STABLE,0.25,False,False,False,Прогноз спроса: 0 шт. Свободный остаток: 2 шт. В пути: 0 шт. Страховой запас: 0 шт. MOQ: 1 шт.
IEK,030200857_," Рамка 2-мест. ""BRITE"" стекло белый (1/100)",0.2952808629797244,20.0,0.0,20.0,1.4385448581745053e-07,1.0,0.0,0,0.0,19.704719137020277,67.73212391137352,LOW,LOW,STABLE,0.2657142857142857,False,False,False,Прогноз спроса: 0 шт. Свободный остаток: 20 шт. В пути: 0 шт. Страховой запас: 0 шт. MOQ: 1 шт.
IEK,020100008_,Переносная розетка  213 2р+е 16А 220В IP44 IEK,0.12311049468646999,1.0,0.0,1.0,0.061555247343234996,10.0,0.0,0,0.0,0.87688950531353,8.12278435357389,LOW,LOW,DECLINING,0.25,False,False,False,Прогноз спроса: 0 шт. Свободный остаток: 1 шт. В пути: 0 шт. Страховой запас: 0 шт. MOQ: 10 шт. Наблюдается снижение спроса.
IEK,130200023_,Замок 20-22\45 IEK,6.34684941029818,23.0,0.0,23.0,1.6219394255026858,6.0,0.0,0,0.0,16.65315058970182,3.6238452361388926,LOW,LOW,GROWING,0.5272108843537414,False,True,False,Прогноз спроса: 6 шт. Свободный остаток: 23 шт. В пути: 0 шт. Страховой запас: 2 шт. MOQ: 6 шт. В истории обнаружена аномальная продажа. Наблюдается рост спроса.
IEK,130600201_,Реле фаз ORF-04 3ф. 220-460В AC IEK ORF-04-220-460VAC NEW,0.0,0.0,0.0,0.0,0.0,,0.0,0,0.0,0.0,inf,LOW,LOW,STABLE,0.25,True,False,False,Прогноз спроса: 0 шт. Свободный остаток: 0 шт. В пути: 0 шт. Страховой запас: 0 шт. Есть сигнал предыдущего stockout.
IEK,280300030_," Лоток перфорированный (50х300х3000) (0,8 мм) IEK (6)",40.03879237014911,498.0,180.0,678.0,13.506553964649903,12.0,0.0,0,0.0,637.9612076298508,16.933577659686918,LOW,LOW,STABLE,1.3940287504607445,False,False,False,Прогноз спроса: 40 шт. Свободный остаток: 498 шт. В пути: 180 шт. Страховой запас: 14 шт. MOQ: 12 шт.
IEK,130600149_,Импульсное реле ORM. 2 конт. 12-240 В AC/DC  IEK ORM-02-ACDC12-240V NEW,0.0,0.0,0.0,0.0,0.0,,0.0,0,0.0,0.0,inf,LOW,LOW,STABLE,1.0,True,False,False,Прогноз спроса: 0 шт. Свободный остаток: 0 шт. В пути: 0 шт. Страховой запас: 0 шт. Есть сигнал предыдущего stockout.
IEK,030200956_,"Термостат с инд. ""BRITE"" белый (1/80)",3.4901546211915626,10.0,0.0,10.0,0.8854377448471457,1.0,0.0,0,0.0,6.509845378808437,2.8652025727690917,LOW,LOW,DECLINING,1.2554517133956389,False,False,False,Прогноз спроса: 3 шт. Свободный остаток: 10 шт. В пути: 0 шт. Страховой запас: 1 шт. MOQ: 1 шт. Наблюдается снижение спроса.
IEK,ст-9952498,Наконечник-гильза НГИ2 10-14 с изол. фланцем (слоновая кость) IEK (100) !!! ,0.0,19.0,0.0,19.0,0.0,,0.0,0,0.0,19.0,inf,LOW,LOW,STABLE,4.0,False,False,False,Прогноз спроса: 0 шт. Свободный остаток: 19 шт. В пути: 0 шт. Страховой запас: 0 шт.
IEK,251400121_,ЩМП  800х600х300 IP66  TITAN 5 IEK,0.26247682014719925,10.0,0.0,10.0,0.13123841007359963,1.0,0.0,0,0.0,9.7375231798528,38.09860236188443,LOW,LOW,STABLE,1.4761904761904765,False,False,False,Прогноз спроса: 0 шт. Свободный остаток: 10 шт. В пути: 0 шт. Страховой запас: 0 шт. MOQ: 1 шт.
IEK,130301694_,"Колодка клеммная CP-ML-PEN 2 ур. земля-низ 1,5мм2 серая IEK",0.0,47.0,0.0,47.0,0.0,50.0,0.0,0,0.0,47.0,inf,LOW,LOW,STABLE,0.25,False,False,False,Прогноз спроса: 0 шт. Свободный остаток: 47 шт. В пути: 0 шт. Страховой запас: 0 шт. MOQ: 50 шт.
IEK,130200021_,Замок 18-20\40 IEK,2.3850146989637717,12.0,0.0,12.0,1.1925073494818859,10.0,0.0,0,0.0,9.614985301036228,5.031415531826154,LOW,LOW,STABLE,2.127790178571429,False,True,False,Прогноз спроса: 2 шт. Свободный остаток: 12 шт. В пути: 0 шт. Страховой запас: 1 шт. MOQ: 10 шт. В истории обнаружена аномальная продажа.
IEK,280100461_,Угол Т-образный КМТ 100х60 черный ЭЛЕКОР IEK (2шт/компл) ,5.98359120812935e-07,1.0,0.0,1.0,0.0,,0.0,0,0.0,0.9999994016408792,1671237.1637978759,LOW,LOW,STABLE,0.25,False,False,False,Прогноз спроса: 0 шт. Свободный остаток: 1 шт. В пути: 0 шт. Страховой запас: 0 шт.
IEK,010700143_,ARMAT (2ф) 10А C IEK (1),0.0,2.0,0.0,2.0,0.0,1.0,0.0,0,0.0,2.0,inf,LOW,LOW,STABLE,0.25,False,False,False,Прогноз спроса: 0 шт. Свободный остаток: 2 шт. В пути: 0 шт. Страховой запас: 0 шт. MOQ: 1 шт.
IEK,ярп6182,ЩЭ 5-1 36 УХЛ3 IP31 !!!,1.0292812244182243e-06,1.0,0.0,1.0,0.0,,0.0,0,0.0,0.9999989707187756,971551.7744581663,LOW,LOW,STABLE,4.0,False,False,False,Прогноз спроса: 0 шт. Свободный остаток: 1 шт. В пути: 0 шт. Страховой запас: 0 шт.
IEK,280300028_," Лоток перфорированный (50х500х3000) (1,2 мм) IEK (6)",0.2375588545006652,36.0,0.0,36.0,0.0,6.0,0.0,0,0.0,35.76244114549934,151.54139413439205,LOW,LOW,STABLE,1.5432900432900432,False,False,False,Прогноз спроса: 0 шт. Свободный остаток: 36 шт. В пути: 0 шт. Страховой запас: 0 шт. MOQ: 6 шт.
IEK,120100008_,Контактор  КМИ-22560 25А 380В  IP54 (2вел в корпусе) IEK (1/16),4.475563053663616,31.0,0.0,31.0,1.3219934442600911,1.0,0.0,0,0.0,26.524436946336383,6.926502794910677,LOW,LOW,GROWING,1.3478260869565215,False,False,False,Прогноз спроса: 4 шт. Свободный остаток: 31 шт. В пути: 0 шт. Страховой запас: 1 шт. MOQ: 1 шт. Наблюдается рост спроса.
IEK,030200859_," Рамка 3-мест. ""BRITE"" стекло белый (1/50)",0.11792908679032163,25.0,0.0,25.0,0.058964543395160815,1.0,0.0,0,0.0,24.882070913209677,211.99180524860756,LOW,LOW,DECLINING,0.25,False,False,False,Прогноз спроса: 0 шт. Свободный остаток: 25 шт. В пути: 0 шт. Страховой запас: 0 шт. MOQ: 1 шт. Наблюдается снижение спроса.
IEK,251400022_,КМПн 8  черн. прозр. дверь IP65 TEKFOR IEK,0.100388454600871,10.0,0.0,10.0,0.0501942273004355,,0.0,0,0.0,9.899611545399129,99.61304852991768,LOW,LOW,STABLE,1.7222222222222223,False,False,False,Прогноз спроса: 0 шт. Свободный остаток: 10 шт. В пути: 0 шт. Страховой запас: 0 шт.
IEK,020100005_,Переносная вилка 024 3р+ре 32А 380В IEK,11.489511093216345,17.0,0.0,17.0,3.7102476332447996,10.0,0.0,0,0.0,5.510488906783655,1.4796103909101204,LOW,LOW,STABLE,1.1040939966954286,False,True,False,Прогноз спроса: 11 шт. Свободный остаток: 17 шт. В пути: 0 шт. Страховой запас: 4 шт. MOQ: 10 шт. В истории обнаружена аномальная продажа.
IEK,030200957_,"Термостат с инд. ""BRITE"" черный (1/80)",0.9425513195151559,19.0,0.0,19.0,0.47127565975757796,1.0,0.0,0,0.0,18.057448680484843,20.158053579271964,LOW,LOW,STABLE,1.528169014084507,False,False,False,Прогноз спроса: 1 шт. Свободный остаток: 19 шт. В пути: 0 шт. Страховой запас: 0 шт. MOQ: 1 шт.
IEK,ст-9952497,"Наконечник-гильза НГИ2 6,0-14 с изол. фланцем (черый) IEK (100) !!!",0.001360375908529376,12.0,0.0,12.0,0.000680187954264688,,0.0,0,0.0,11.99863962409147,8821.091232769999,LOW,LOW,STABLE,0.25,False,True,False,Прогноз спроса: 0 шт. Свободный остаток: 12 шт. В пути: 0 шт. Страховой запас: 0 шт. В истории обнаружена аномальная продажа.
IEK,010700142_,ARMAT (2ф) 6А C IEK (1),0.0,2.0,0.0,2.0,0.0,1.0,0.0,0,0.0,2.0,inf,LOW,LOW,STABLE,0.25,False,False,False,Прогноз спроса: 0 шт. Свободный остаток: 2 шт. В пути: 0 шт. Страховой запас: 0 шт. MOQ: 1 шт.
IEK,251400123_,ЩМП  800х800х200 IP66  TITAN 5 IEK,0.0,1.0,0.0,1.0,0.0,1.0,0.0,0,0.0,1.0,inf,LOW,LOW,DECLINING,2.583333333333333,True,False,False,Прогноз спроса: 0 шт. Свободный остаток: 1 шт. В пути: 0 шт. Страховой запас: 0 шт. MOQ: 1 шт. Есть сигнал предыдущего stockout. Наблюдается снижение спроса.
IEK,130301693_,Колодка клеммная CP-MC 3 вывода 10мм2 серая IEK,0.002078038643134467,37.0,0.0,37.0,0.0010390193215672335,50.0,0.0,0,0.0,36.997921961356866,17805.251178673956,LOW,LOW,STABLE,0.25,False,False,False,Прогноз спроса: 0 шт. Свободный остаток: 37 шт. В пути: 0 шт. Страховой запас: 0 шт. MOQ: 50 шт.
IEK,130600154_,Термостат от 0 до 60 °C NO IEK (200) NEW,9.16581384214617,73.0,0.0,73.0,1.9604686939607059,10.0,0.0,0,0.0,63.83418615785383,7.9643773326850695,LOW,LOW,STABLE,0.6418219461697723,False,False,False,Прогноз спроса: 9 шт. Свободный остаток: 73 шт. В пути: 0 шт. Страховой запас: 2 шт. MOQ: 10 шт.
IEK,251400021_,КМПн 6 черн. прозр. дверь IP65 TEKFOR IEK,0.7706083845411201,20.0,0.0,20.0,0.1807392228230131,,0.0,0,0.0,19.22939161545888,25.95351984381736,LOW,LOW,DECLINING,0.25,False,False,False,Прогноз спроса: 1 шт. Свободный остаток: 20 шт. В пути: 0 шт. Страховой запас: 0 шт. Наблюдается снижение спроса.
IEK,130200022_,Замок 20-22\40 IEK,1.7557938517083327,21.0,0.0,21.0,0.8778969258541663,6.0,0.0,0,0.0,19.244206148291667,11.96040183166586,LOW,LOW,DECLINING,0.7774294670846394,False,True,False,Прогноз спроса: 2 шт. Свободный остаток: 21 шт. В пути: 0 шт. Страховой запас: 1 шт. MOQ: 6 шт. В истории обнаружена аномальная продажа. Наблюдается снижение спроса.
IEK,020100006_,Переносная вилка 025 3р+ре+n 32А 380В IEK,33.5372410436118,96.0,60.0,156.0,9.240927983703834,10.0,0.0,0,0.0,122.4627589563882,4.65154542072014,LOW,LOW,GROWING,0.8986336779911374,False,False,False,Прогноз спроса: 34 шт. Свободный остаток: 96 шт. В пути: 60 шт. Страховой запас: 9 шт. MOQ: 10 шт. Наблюдается рост спроса.
IEK,120100006_, Контактор КМИ-22510 25А 230В (2вел) IEK (1/50),127.98502377067992,580.0,0.0,580.0,11.87114147839205,1.0,0.0,0,0.0,452.0149762293201,4.53178022640546,LOW,LOW,DECLINING,1.2182180369431366,False,False,False,Прогноз спроса: 128 шт. Свободный остаток: 580 шт. В пути: 0 шт. Страховой запас: 12 шт. MOQ: 1 шт. Наблюдается снижение спроса.
IEK,251400017_,ЩРВ-П 12 черн. прозр. дверь IP41 TEKFOR IEK,1.7054978476750196,10.0,0.0,10.0,0.40916581805750407,1.0,0.0,0,0.0,8.29450215232498,5.863390571634123,LOW,LOW,DECLINING,0.93,False,False,False,Прогноз спроса: 2 шт. Свободный остаток: 10 шт. В пути: 0 шт. Страховой запас: 0 шт. MOQ: 1 шт. Наблюдается снижение спроса.
IEK,280100455_,Угол Т-образный КМТ 15х10 черный ЭЛЕКОР IEK (4шт/компл) ,0.0,28.0,0.0,28.0,0.0,,0.0,0,0.0,28.0,inf,LOW,LOW,STABLE,0.25,False,False,False,Прогноз спроса: 0 шт. Свободный остаток: 28 шт. В пути: 0 шт. Страховой запас: 0 шт.
IEK,280300034_," Лоток перфорированный (100х200х3000) (0,8 мм) IEK (6)",57.72211869669752,174.0,0.0,174.0,28.86105934834876,6.0,0.0,0,0.0,116.27788130330248,3.01444236505399,LOW,LOW,STABLE,0.955123911587408,False,False,False,Прогноз спроса: 58 шт. Свободный остаток: 174 шт. В пути: 0 шт. Страховой запас: 29 шт. MOQ: 6 шт.
IEK,250600317_,ЩМПп 400х300х220мм серый. IP66 TETRA IEK,0.0,9.0,0.0,9.0,0.0,1.0,0.0,0,0.0,9.0,inf,LOW,LOW,STABLE,1.0,False,False,False,Прогноз спроса: 0 шт. Свободный остаток: 9 шт. В пути: 0 шт. Страховой запас: 0 шт. MOQ: 1 шт.
IEK,280300036_," Лоток перфорированный (100х400х3000) (1,2 мм) IEK (6)",0.8047229372973341,45.0,0.0,45.0,0.40236146864866706,6.0,0.0,0,0.0,44.195277062702665,55.919867465357356,LOW,LOW,STABLE,1.7222222222222223,False,False,False,Прогноз спроса: 1 шт. Свободный остаток: 45 шт. В пути: 0 шт. Страховой запас: 0 шт. MOQ: 6 шт.
IEK,120100002_, Контактор КМИ-11210 12А 230В (1вел) IEK (1/50),55.9459230956574,281.0,0.0,281.0,12.377668062549859,1.0,0.0,0,0.0,225.0540769043426,5.022707365459693,LOW,LOW,DECLINING,0.8808806925103501,False,False,False,Прогноз спроса: 56 шт. Свободный остаток: 281 шт. В пути: 0 шт. Страховой запас: 12 шт. MOQ: 1 шт. Наблюдается снижение спроса.
IEK,020100011_,Переносная розетка  223 2р+ре 32А 220В  IEK,0.6342003803760738,34.0,0.0,34.0,0.3171001901880369,10.0,0.0,0,0.0,33.36579961962393,53.61081615851188,LOW,LOW,STABLE,1.5183673469387755,False,False,False,Прогноз спроса: 1 шт. Свободный остаток: 34 шт. В пути: 0 шт. Страховой запас: 0 шт. MOQ: 10 шт.
IEK,010700135_,ARMAT (1ф) 16А C IEK (1),74.31999236315707,347.0,40.0,387.0,15.947740174290109,1.0,0.0,0,0.0,312.6800076368429,5.2072125910476945,LOW,LOW,DECLINING,1.1118490967056325,False,False,False,Прогноз спроса: 74 шт. Свободный остаток: 347 шт. В пути: 40 шт. Страховой запас: 16 шт. MOQ: 1 шт. Наблюдается снижение спроса.
IEK,030200962_,"Датчик движения ""BRITE"" черный (1/80)",0.21952135261346128,10.0,0.0,10.0,0.10976067630673064,1.0,0.0,0,0.0,9.78047864738654,45.553655172707735,LOW,LOW,DECLINING,0.7828282828282829,False,False,False,Прогноз спроса: 0 шт. Свободный остаток: 10 шт. В пути: 0 шт. Страховой запас: 0 шт. MOQ: 1 шт. Наблюдается снижение спроса.
IEK,ст-9952399," BA 47-100 (2ф) 100А 4,5кА х-ка С IEK !!!",0.00014515871844615033,124.0,0.0,124.0,0.0,,0.0,0,0.0,123.99985484128156,854237.3570623689,LOW,LOW,STABLE,1.55,False,False,False,Прогноз спроса: 0 шт. Свободный остаток: 124 шт. В пути: 0 шт. Страховой запас: 0 шт.
IEK,130600206_,Розетка ORS-M для реле ORM 2C ONI ORS-M-1-2-G NEW,1.2318114097094744e-07,5.0,0.0,5.0,0.0,,0.0,0,0.0,4.999999876818859,40590629.05724555,LOW,LOW,STABLE,0.25,False,False,False,Прогноз спроса: 0 шт. Свободный остаток: 5 шт. В пути: 0 шт. Страховой запас: 0 шт.
IEK,250600316_,ЩМПп 400х300х170мм серый. IP66 TETRA IEK,0.00024508109445282763,8.0,0.0,8.0,0.00012254054722641382,1.0,0.0,0,0.0,7.9997549189055475,32642.256710420446,LOW,LOW,STABLE,0.25,False,False,False,Прогноз спроса: 0 шт. Свободный остаток: 8 шт. В пути: 0 шт. Страховой запас: 0 шт. MOQ: 1 шт.
IEK,251400129_,ЩМП 1000х800х300 IP66  TITAN 5 IEK,0.12087511141411827,3.0,0.0,3.0,0.06043755570705914,1.0,0.0,0,0.0,2.879124888585882,24.819005044983964,LOW,LOW,STABLE,0.25,False,False,False,Прогноз спроса: 0 шт. Свободный остаток: 3 шт. В пути: 0 шт. Страховой запас: 0 шт. MOQ: 1 шт.
IEK,130301681_,"Блок зажимов БЗН TK-010 1,5 мм2 10А на DIN-рейку 10 пар IEK",9.474009428355911e-05,1.0,0.0,1.0,4.737004714177956e-05,1.0,0.0,0,0.0,0.9999052599057164,10555.193211091586,LOW,LOW,STABLE,0.25,False,False,False,Прогноз спроса: 0 шт. Свободный остаток: 1 шт. В пути: 0 шт. Страховой запас: 0 шт. MOQ: 1 шт.
IEK,010700134_,ARMAT (1ф) 10А C IEK (1),50.80017892194289,130.0,20.0,150.0,4.05406174924194,1.0,0.0,0,0.0,99.19982107805711,2.95274550568971,LOW,LOW,DECLINING,1.251279135872655,False,False,False,Прогноз спроса: 51 шт. Свободный остаток: 130 шт. В пути: 20 шт. Страховой запас: 4 шт. MOQ: 1 шт. Наблюдается снижение спроса.
IEK,020100012_,Переносная розетка  224 3р+ре 32А 380В IP44 IEK,6.745593171025017,24.0,40.0,64.0,0.9837428525790274,10.0,0.0,0,0.0,57.254406828974986,9.487675639098018,LOW,LOW,STABLE,1.1431670281995665,False,True,False,Прогноз спроса: 7 шт. Свободный остаток: 24 шт. В пути: 40 шт. Страховой запас: 1 шт. MOQ: 10 шт. В истории обнаружена аномальная продажа.
IEK,280300037_,Крышка на лоток осн. 300мм. IEK (6),14.343062654614153,186.0,0.0,186.0,5.690057117463747,6.0,0.0,0,0.0,171.65693734538584,12.96794167877137,LOW,LOW,DECLINING,0.6618669314796425,False,False,False,Прогноз спроса: 14 шт. Свободный остаток: 186 шт. В пути: 0 шт. Страховой запас: 6 шт. MOQ: 6 шт. Наблюдается снижение спроса.
IEK,яярп4772, BA 47-150 (1ф) 125А 15кА х-ка C IEK !!!,0.0,0.0,0.0,0.0,0.0,,0.0,0,0.0,0.0,inf,LOW,LOW,STABLE,0.25,True,False,False,Прогноз спроса: 0 шт. Свободный остаток: 0 шт. В пути: 0 шт. Страховой запас: 0 шт. Есть сигнал предыдущего stockout.
IEK,030200963_,"Датчик движения ""BRITE"" графит (1/80)",0.6588476152012481,3.0,0.0,3.0,0.32942380760062406,1.0,0.0,0,0.0,2.341152384798752,4.553404961606541,LOW,LOW,STABLE,0.8773584905660378,False,False,False,Прогноз спроса: 1 шт. Свободный остаток: 3 шт. В пути: 0 шт. Страховой запас: 0 шт. MOQ: 1 шт.
IEK,030200854_," Рамка 4-мест. ""BRITE"" металл алюминий (1/50)",0.007424783866136377,17.0,0.0,17.0,0.0037123919330681885,1.0,0.0,0,0.0,16.992575216133865,2289.6289382287787,LOW,LOW,STABLE,0.25,False,False,False,Прогноз спроса: 0 шт. Свободный остаток: 17 шт. В пути: 0 шт. Страховой запас: 0 шт. MOQ: 1 шт.
IEK,130600207_,Розетка ORS-G-2-4 для реле OGR-2 4C ONI ORS-G-2-4-G NEW,0.0,0.0,0.0,0.0,0.0,,0.0,0,0.0,0.0,inf,LOW,LOW,STABLE,4.0,True,False,False,Прогноз спроса: 0 шт. Свободный остаток: 0 шт. В пути: 0 шт. Страховой запас: 0 шт. Есть сигнал предыдущего stockout.
IEK,250600315_,ЩМПп 350х250х150мм серый. IP66 TETRA IEK,0.3794718242985763,10.0,0.0,10.0,0.18973591214928814,1.0,0.0,0,0.0,9.620528175701423,26.352417649147498,LOW,LOW,GROWING,0.25,False,False,False,Прогноз спроса: 0 шт. Свободный остаток: 10 шт. В пути: 0 шт. Страховой запас: 0 шт. MOQ: 1 шт. Наблюдается рост спроса.
IEK,130200036_,DIN-рейка (125cм) IEK (20),77.57289109511204,18.0,500.0,518.0,9.73462569901889,20.0,0.0,0,0.0,440.427108904888,6.677590491823757,LOW,LOW,STABLE,1.3567073170731707,False,True,False,Прогноз спроса: 78 шт. Свободный остаток: 18 шт. В пути: 500 шт. Страховой запас: 10 шт. MOQ: 20 шт. В истории обнаружена аномальная продажа.
IEK,280100450_,Соединитель на стык КМС 20х10 черный ЭЛЕКОР IEK (4шт/компл),0.0,6.0,0.0,6.0,0.0,,0.0,0,0.0,6.0,inf,LOW,LOW,DECLINING,0.25,False,False,False,Прогноз спроса: 0 шт. Свободный остаток: 6 шт. В пути: 0 шт. Страховой запас: 0 шт. Наблюдается снижение спроса.
IEK,130600205_,Реле общ. назнач. OGR-1 2C 24В DC с LED и тест. кнопкой ONI OGR-1-2C-DC24V-L-B NEW,0.0,0.0,0.0,0.0,0.0,,0.0,0,0.0,0.0,inf,LOW,LOW,STABLE,0.25,True,False,False,Прогноз спроса: 0 шт. Свободный остаток: 0 шт. В пути: 0 шт. Страховой запас: 0 шт. Есть сигнал предыдущего stockout.
IEK,030200855_," Рамка 1-мест. ""BRITE"" стекло белый (1/100)",0.7226177824699942,25.0,0.0,25.0,0.28577380332485797,1.0,0.0,0,0.0,24.277382217530004,34.596436188640425,LOW,LOW,DECLINING,0.9064327485380116,False,False,False,Прогноз спроса: 1 шт. Свободный остаток: 25 шт. В пути: 0 шт. Страховой запас: 0 шт. MOQ: 1 шт. Наблюдается снижение спроса.
IEK,120100004_, Контактор КМИ-11810 18А 230В (1вел) IEK (1/50),62.40256332004544,333.0,100.0,433.0,13.84588085557096,5.0,0.0,0,0.0,370.59743667995457,6.938817525479893,LOW,LOW,DECLINING,1.2901641463099391,False,False,False,Прогноз спроса: 62 шт. Свободный остаток: 333 шт. В пути: 100 шт. Страховой запас: 14 шт. MOQ: 5 шт. Наблюдается снижение спроса.
IEK,251400126_,ЩМП 1000х600х200 IP66  TITAN 5 IEK,2.40042969771655e-07,1.0,0.0,1.0,0.0,1.0,0.0,0,0.0,0.9999997599570303,4165920.797227543,LOW,LOW,STABLE,0.25,False,False,False,Прогноз спроса: 0 шт. Свободный остаток: 1 шт. В пути: 0 шт. Страховой запас: 0 шт. MOQ: 1 шт.
IEK,130301688_,Колодка клеммная CTS-MC 4 вывода 4мм2 серая IEK,0.0,33.0,0.0,33.0,0.0,50.0,0.0,0,0.0,33.0,inf,LOW,LOW,STABLE,0.25,False,False,False,Прогноз спроса: 0 шт. Свободный остаток: 33 шт. В пути: 0 шт. Страховой запас: 0 шт. MOQ: 50 шт.
IEK,010700138_,ARMAT (1ф) 32А C IEK (1),0.9451964186698371,14.0,0.0,14.0,0.47259820933491853,1.0,0.0,0,0.0,13.054803581330162,14.811736188867519,LOW,LOW,STABLE,0.953846153846154,False,False,False,Прогноз спроса: 1 шт. Свободный остаток: 14 шт. В пути: 0 шт. Страховой запас: 0 шт. MOQ: 1 шт.
IEK,030200960_,"Термостат с инд. ""BRITE"" алюминий (1/80)",0.0011801951664863488,2.0,0.0,2.0,0.0005900975832431744,1.0,0.0,0,0.0,1.9988198048335137,1694.6349695316549,LOW,LOW,DECLINING,1.9375,False,False,False,Прогноз спроса: 0 шт. Свободный остаток: 2 шт. В пути: 0 шт. Страховой запас: 0 шт. MOQ: 1 шт. Наблюдается снижение спроса.
IEK,ст-9952431,Сиг. лампа AL-22  d22мм красный неон/240В цилиндр IEK (200) !!!,0.08090816624330185,19.0,0.0,19.0,0.04045408312165093,,0.0,0,0.0,18.9190918337567,234.8341444652746,LOW,LOW,STABLE,4.0,False,False,False,Прогноз спроса: 0 шт. Свободный остаток: 19 шт. В пути: 0 шт. Страховой запас: 0 шт.
IEK,020100009_,Переносная розетка  214 3р+ре 16А 380В IP44 IEK,0.9110954509242885,13.0,0.0,13.0,0.0,10.0,0.0,0,0.0,12.088904549075712,14.26853793069843,LOW,LOW,STABLE,2.729559748427673,False,True,False,Прогноз спроса: 1 шт. Свободный остаток: 13 шт. В пути: 0 шт. Страховой запас: 0 шт. MOQ: 10 шт. В истории обнаружена аномальная продажа.
IEK,251000053_,ЩРВ  72 (540x600x120) IP30 TITAN 3 IEK   ,0.700559218405299,5.0,0.0,5.0,0.3502796092026495,1.0,0.0,0,0.0,4.299440781594701,7.137155387636792,LOW,LOW,STABLE,0.4078947368421052,False,False,False,Прогноз спроса: 1 шт. Свободный остаток: 5 шт. В пути: 0 шт. Страховой запас: 0 шт. MOQ: 1 шт.
IEK,яярп4533, BA 47-60M (2ф) 16А 6кА С IEK !!!,0.0,0.0,0.0,0.0,0.0,,0.0,0,0.0,0.0,inf,LOW,LOW,STABLE,0.25,True,False,False,Прогноз спроса: 0 шт. Свободный остаток: 0 шт. В пути: 0 шт. Страховой запас: 0 шт. Есть сигнал предыдущего stockout.
IEK,030200856_," Рамка 1-мест. ""BRITE"" стекло черный (1/100)",0.13377391689461535,19.0,0.0,19.0,0.0,1.0,0.0,0,0.0,18.866226083105385,142.03067713841295,LOW,LOW,STABLE,0.25,False,False,False,Прогноз спроса: 0 шт. Свободный остаток: 19 шт. В пути: 0 шт. Страховой запас: 0 шт. MOQ: 1 шт.
IEK,020100004_,Переносная вилка 023 2р+ре 32А 220В IEK,6.42333742504224,60.0,20.0,80.0,3.21166871252112,10.0,0.0,0,0.0,73.57666257495777,12.454584697373877,LOW,LOW,GROWING,1.915057915057915,False,False,False,Прогноз спроса: 6 шт. Свободный остаток: 60 шт. В пути: 20 шт. Страховой запас: 3 шт. MOQ: 10 шт. Наблюдается рост спроса.
IEK,010700137_,ARMAT (1ф) 25А C IEK (1),26.42527532843324,138.0,0.0,138.0,10.829469823895659,1.0,0.0,0,0.0,111.57472467156676,5.222272929414433,LOW,LOW,STABLE,0.7952879581151833,False,False,False,Прогноз спроса: 26 шт. Свободный остаток: 138 шт. В пути: 0 шт. Страховой запас: 11 шт. MOQ: 1 шт.
IEK,130301686_,Колодка клеммная CTS-MC-PEN земля 4 вывода 4мм2 IEK,3.8067503447801605e-06,45.0,0.0,45.0,0.0,50.0,0.0,0,0.0,44.99999619324966,11821106.173065506,LOW,LOW,STABLE,0.25,False,False,False,Прогноз спроса: 0 шт. Свободный остаток: 45 шт. В пути: 0 шт. Страховой запас: 0 шт. MOQ: 50 шт.
IEK,280300035_, Лоток перфорированный (100х300х3000) (1 мм) IEK (6),9.747431283650037,90.0,0.0,90.0,4.873715641825019,6.0,0.0,0,0.0,80.25256871634997,9.233201792451977,LOW,LOW,DECLINING,0.25,False,False,False,Прогноз спроса: 10 шт. Свободный остаток: 90 шт. В пути: 0 шт. Страховой запас: 5 шт. MOQ: 6 шт. Наблюдается снижение спроса.
IEK,120100003_,Контактор  КМИ-11260 12А 380В  IP54 (1вел в корпусе) IEK (1/20),1.4328523613704038,7.0,0.0,7.0,0.5751086853804237,1.0,0.0,0,0.0,5.567147638629596,4.8853602706876815,LOW,LOW,GROWING,2.194690265486725,False,False,False,Прогноз спроса: 1 шт. Свободный остаток: 7 шт. В пути: 0 шт. Страховой запас: 1 шт. MOQ: 1 шт. Наблюдается рост спроса.
IEK,280100454_,Соединитель на стык КМС 100х60 черный ЭЛЕКОР IEK (2шт/компл),5.98359120812935e-07,1.0,0.0,1.0,0.0,,0.0,0,0.0,0.9999994016408792,1671237.1637978759,LOW,LOW,STABLE,0.25,False,False,False,Прогноз спроса: 0 шт. Свободный остаток: 1 шт. В пути: 0 шт. Страховой запас: 0 шт.
IEK,130600204_,Розетка ORS-G-1-2 для реле OGR-1 2C ONI ORS-G-1-2-G NEW,0.0214578438603447,18.0,0.0,18.0,0.01072892193017235,,0.0,0,0.0,17.978542156139657,838.8540860465954,LOW,LOW,DECLINING,0.25,False,False,False,Прогноз спроса: 0 шт. Свободный остаток: 18 шт. В пути: 0 шт. Страховой запас: 0 шт. Наблюдается снижение спроса.
IEK,250600318_,ЩМПп 500х400х180мм серый. IP66 TETRA IEK,0.0,7.0,0.0,7.0,0.0,1.0,0.0,0,0.0,7.0,inf,LOW,LOW,STABLE,0.25,False,False,False,Прогноз спроса: 0 шт. Свободный остаток: 7 шт. В пути: 0 шт. Страховой запас: 0 шт. MOQ: 1 шт.
IEK,030200961_,"Датчик движения ""BRITE"" белый (1/80)",2.9311700265620555,26.0,0.0,26.0,1.4655850132810277,1.0,0.0,0,0.0,23.068829973437943,8.870178039618937,LOW,LOW,DECLINING,0.5040650406504065,False,False,False,Прогноз спроса: 3 шт. Свободный остаток: 26 шт. В пути: 0 шт. Страховой запас: 1 шт. MOQ: 1 шт. Наблюдается снижение спроса.
IEK,ст-9952430,Сиг. лампа AL-22  d22мм зеленый неон/240В цилиндр IEK (200) !!!,0.11916613474490145,62.0,0.0,62.0,0.059583067372450726,,0.0,0,0.0,61.8808338652551,520.2820426518255,LOW,LOW,STABLE,2.8615384615384616,False,False,False,Прогноз спроса: 0 шт. Свободный остаток: 62 шт. В пути: 0 шт. Страховой запас: 0 шт.
IEK,020100010_,Переносная розетка  215 3р+ре+n 16А 380В IP44 IEK,0.9218039983527425,4.0,0.0,4.0,0.14288690166232096,10.0,0.0,0,0.0,3.0781960016472576,4.339317259577928,LOW,LOW,STABLE,0.7104166666666667,False,True,False,Прогноз спроса: 1 шт. Свободный остаток: 4 шт. В пути: 0 шт. Страховой запас: 0 шт. MOQ: 10 шт. В истории обнаружена аномальная продажа.
IEK,010700136_,ARMAT (1ф) 20А C IEK (1),4.007851325876492,29.0,0.0,29.0,1.1287160847617987,1.0,0.0,0,0.0,24.99214867412351,7.235797349258679,LOW,LOW,GROWING,0.25,False,False,False,Прогноз спроса: 4 шт. Свободный остаток: 29 шт. В пути: 0 шт. Страховой запас: 1 шт. MOQ: 1 шт. Наблюдается рост спроса.
IEK,яярп4610,"ЩРВ-2х36зк-1 36 IP31 ""UNIVERSAL"" !!!",5.98359120812935e-07,1.0,0.0,1.0,0.0,,0.0,0,0.0,0.9999994016408792,1671237.1637978759,LOW,LOW,STABLE,0.25,False,False,False,Прогноз спроса: 0 шт. Свободный остаток: 1 шт. В пути: 0 шт. Страховой запас: 0 шт.
IEK,251400127_,ЩМП 1000х600х300 IP66  TITAN 5 IEK,1.9447427181682835,2.0,2.0,4.0,0.3441172280875613,1.0,0.0,0,0.0,2.0552572818317163,2.0568273441165137,LOW,LOW,DECLINING,0.2767857142857143,False,True,False,Прогноз спроса: 2 шт. Свободный остаток: 2 шт. В пути: 2 шт. Страховой запас: 0 шт. MOQ: 1 шт. В истории обнаружена аномальная продажа. Наблюдается снижение спроса.
IEK,010700144_,ARMAT (2ф) 16А C IEK (1),0.5989984563328438,7.0,0.0,7.0,0.28036434628295276,1.0,0.0,0,0.0,6.401001543667157,11.686173688752096,LOW,LOW,STABLE,0.25,False,False,False,Прогноз спроса: 1 шт. Свободный остаток: 7 шт. В пути: 0 шт. Страховой запас: 0 шт. MOQ: 1 шт.
IEK,030200860_," Рамка 3-мест. ""BRITE"" стекло черный (1/50)",0.17395946826691994,3.0,0.0,3.0,0.08697973413345997,1.0,0.0,0,0.0,2.82604053173308,17.245396470152805,LOW,LOW,STABLE,0.7654320987654322,False,False,False,Прогноз спроса: 0 шт. Свободный остаток: 3 шт. В пути: 0 шт. Страховой запас: 0 шт. MOQ: 1 шт.
IEK,ст-9953247,Индикатор AD-16DS (LED) Ø16мм (зеленый) 12В IEK,5.449347381564257e-07,1.0,0.0,1.0,0.0,,0.0,0,0.0,0.9999994550652619,1835082.1299869968,LOW,LOW,STABLE,0.25,False,False,False,Прогноз спроса: 0 шт. Свободный остаток: 1 шт. В пути: 0 шт. Страховой запас: 0 шт.
IEK,130200013_,Шина соединительная PIN (штырь) 3ф 100А (1м) IEK (10),7.23614315777545,43.0,5.0,48.0,1.1214573851318044,5.0,0.0,0,0.0,40.76385684222455,6.633367935572499,LOW,LOW,GROWING,0.8643852978453739,False,False,False,Прогноз спроса: 7 шт. Свободный остаток: 43 шт. В пути: 5 шт. Страховой запас: 1 шт. MOQ: 5 шт. Наблюдается рост спроса.
IEK,280200035_,Внешний угол КМН 20х10 Белый ЭЛЕКОР IEK (4),10.553042804966788,166.0,0.0,166.0,5.276521402483394,1.0,0.0,0,0.0,155.4469571950332,15.73006033121292,LOW,LOW,STABLE,2.2629198966408266,False,False,False,Прогноз спроса: 11 шт. Свободный остаток: 166 шт. В пути: 0 шт. Страховой запас: 5 шт. MOQ: 1 шт.
IEK,010700152_,ARMAT (3ф) 10А C IEK (1),0.8008306061179882,21.0,0.0,21.0,0.4004153030589941,1.0,0.0,0,0.0,20.199169393882013,26.222774004351706,LOW,LOW,STABLE,0.25,False,True,False,Прогноз спроса: 1 шт. Свободный остаток: 21 шт. В пути: 0 шт. Страховой запас: 0 шт. MOQ: 1 шт. В истории обнаружена аномальная продажа.
IEK,280300013_," Лоток перфорированный (50х200х3000) (0,7 мм) IEK (6)",179.85914212016692,960.0,252.0,1212.0,23.986621271033687,18.0,0.0,0,0.0,1032.140857879833,6.738606587983403,LOW,LOW,STABLE,0.8698609752986692,False,False,False,Прогноз спроса: 180 шт. Свободный остаток: 960 шт. В пути: 252 шт. Страховой запас: 24 шт. MOQ: 18 шт.
IEK,120100031_,  Механизм блокировки для КМИ (40-95А) IEK,0.0,0.0,0.0,0.0,0.0,,0.0,0,0.0,0.0,inf,LOW,LOW,STABLE,0.25,True,False,False,Прогноз спроса: 0 шт. Свободный остаток: 0 шт. В пути: 0 шт. Страховой запас: 0 шт. Есть сигнал предыдущего stockout.
IEK,251400115_,ЩМП  600х500х250 IP66  TITAN 5 IEK,8.0749783548894e-05,6.0,0.0,6.0,0.0,1.0,0.0,0,0.0,5.999919250216451,74303.60474424057,LOW,LOW,STABLE,0.25,False,False,False,Прогноз спроса: 0 шт. Свободный остаток: 6 шт. В пути: 0 шт. Страховой запас: 0 шт. MOQ: 1 шт.
IEK,130301702_,Колодка клеммная CP-MC-PEN земля 4 вывода 4мм2 IEK,0.00014889480493310102,46.0,0.0,46.0,7.444740246655051e-05,50.0,0.0,0,0.0,45.99985110519507,308942.9481483116,LOW,LOW,STABLE,0.25,False,False,False,Прогноз спроса: 0 шт. Свободный остаток: 46 шт. В пути: 0 шт. Страховой запас: 0 шт. MOQ: 50 шт.
IEK,130600136_,Реле фаз ORF 03. 3ф 220-460V IEK (1/200),0.18728328379987172,9.0,0.0,9.0,0.09364164189993586,1.0,0.0,0,0.0,8.812716716200129,48.05554354555889,LOW,LOW,STABLE,2.1379310344827585,False,False,False,Прогноз спроса: 0 шт. Свободный остаток: 9 шт. В пути: 0 шт. Страховой запас: 0 шт. MOQ: 1 шт.
IEK,251400030_,ЩРВ-П 54 черн. прозр. дверь IP41 TEKFOR IEK,10.091308827360702,36.0,20.0,56.0,0.688234456175124,1.0,0.0,0,0.0,45.908691172639294,5.549329721053273,LOW,LOW,DECLINING,0.9393939393939394,False,False,False,Прогноз спроса: 10 шт. Свободный остаток: 36 шт. В пути: 20 шт. Страховой запас: 1 шт. MOQ: 1 шт. Наблюдается снижение спроса.
IEK,ярп5867,Сальник MG 32 диаметр проводника 16-24мм IP68 IEK,0.0,0.0,0.0,0.0,0.0,,0.0,0,0.0,0.0,inf,LOW,LOW,STABLE,1.0,True,False,False,Прогноз спроса: 0 шт. Свободный остаток: 0 шт. В пути: 0 шт. Страховой запас: 0 шт. Есть сигнал предыдущего stockout.
IEK,030200864_," Рамка 1-мест. ""BRITE"" стекло ванильный (1/100)",4.72584872425455,40.0,0.0,40.0,2.362924362127275,1.0,0.0,0,0.0,35.27415127574545,8.464088110714876,LOW,LOW,DECLINING,0.6719653179190751,False,False,False,Прогноз спроса: 5 шт. Свободный остаток: 40 шт. В пути: 0 шт. Страховой запас: 2 шт. MOQ: 1 шт. Наблюдается снижение спроса.
IEK,011100249_,Стаб электрон СНР 1-0-5 кВА (1ф) IEK (1),0.0,0.0,0.0,0.0,0.0,,0.0,0,0.0,0.0,inf,LOW,LOW,STABLE,0.25,True,False,False,Прогноз спроса: 0 шт. Свободный остаток: 0 шт. В пути: 0 шт. Страховой запас: 0 шт. Есть сигнал предыдущего stockout.
IEK,010700151_,ARMAT (3ф) 6А C IEK (1),9.100633046242043e-08,7.0,0.0,7.0,0.0,1.0,0.0,0,0.0,6.9999999089936695,76917726.10137857,LOW,LOW,STABLE,0.25,False,False,False,Прогноз спроса: 0 шт. Свободный остаток: 7 шт. В пути: 0 шт. Страховой запас: 0 шт. MOQ: 1 шт.
IEK,030200951_,"Подсветка LED встр. ""BRITE"" белый (1/100)",2.5955143580162305,42.0,0.0,42.0,1.2977571790081153,1.0,0.0,0,0.0,39.40448564198377,16.181763691764314,LOW,LOW,STABLE,0.4428571428571428,False,False,False,Прогноз спроса: 3 шт. Свободный остаток: 42 шт. В пути: 0 шт. Страховой запас: 1 шт. MOQ: 1 шт.
IEK,130200015_,Шина соединительная PIN (штырь) 3ф  63А (1м) IEK (10),66.48523943252958,155.2,80.0,235.2,7.793822339947647,10.0,0.0,0,0.0,168.71476056747042,3.537627329125966,LOW,LOW,GROWING,1.1966031909418424,False,False,False,Прогноз спроса: 66 шт. Свободный остаток: 155 шт. В пути: 80 шт. Страховой запас: 8 шт. MOQ: 10 шт. Наблюдается рост спроса.
IEK,280200034_,Внешний угол КМН 16х16 Белый ЭЛЕКОР IEK (4),3.68985297594931,177.0,0.0,177.0,1.844926487974655,1.0,0.0,0,0.0,173.31014702405068,47.969390963189305,LOW,LOW,DECLINING,2.130198915009041,False,False,False,Прогноз спроса: 4 шт. Свободный остаток: 177 шт. В пути: 0 шт. Страховой запас: 2 шт. MOQ: 1 шт. Наблюдается снижение спроса.
IEK,130600137_,Реле фаз ORF 05. 3ф 220-460V IEK (1/200),4.150785211710221,47.0,20.0,67.0,1.0480537518021993,1.0,0.0,0,0.0,62.84921478828978,16.14152421353415,LOW,LOW,GROWING,1.212290502793296,False,False,False,Прогноз спроса: 4 шт. Свободный остаток: 47 шт. В пути: 20 шт. Страховой запас: 1 шт. MOQ: 1 шт. Наблюдается рост спроса.
IEK,251400029_,ЩРН-П 36 бел. дверь IP41 TEKFOR IEK,1.1988253460614529,12.0,2.0,14.0,0.4484463921882595,1.0,0.0,0,0.0,12.801174653938547,11.678098103276461,LOW,LOW,DECLINING,0.25,False,False,False,Прогноз спроса: 1 шт. Свободный остаток: 12 шт. В пути: 2 шт. Страховой запас: 0 шт. MOQ: 1 шт. Наблюдается снижение спроса.
IEK,251400116_,ЩМП  600х600х250 IP66  TITAN 5 IEK,1.9727594245554543e-06,3.0,1.0,4.0,9.863797122777272e-07,1.0,0.0,0,0.0,3.9999980272405753,2027616.7231599302,LOW,LOW,STABLE,0.25,False,False,False,Прогноз спроса: 0 шт. Свободный остаток: 3 шт. В пути: 1 шт. Страховой запас: 0 шт. MOQ: 1 шт.
IEK,130301700_,"Колодка клеммная CP-MC-PEN земля 4 вывода 2,5мм2 IEK",0.0,79.0,0.0,79.0,0.0,100.0,0.0,0,0.0,79.0,inf,LOW,LOW,STABLE,0.25,False,False,False,Прогноз спроса: 0 шт. Свободный остаток: 79 шт. В пути: 0 шт. Страховой запас: 0 шт. MOQ: 100 шт.
IEK,010700150_,ARMAT (2ф) 63А C IEK (1),0.10971665218554681,4.0,0.0,4.0,0.054858326092773406,1.0,0.0,0,0.0,3.8902833478144534,36.45754696593748,LOW,LOW,STABLE,0.25,False,False,False,Прогноз спроса: 0 шт. Свободный остаток: 4 шт. В пути: 0 шт. Страховой запас: 0 шт. MOQ: 1 шт.
IEK,011100251_,Стаб электрон СНР 1-0-8 кВА (1ф) IEK (1),0.0,0.0,0.0,0.0,0.0,,0.0,0,0.0,0.0,inf,LOW,LOW,STABLE,0.25,True,False,False,Прогноз спроса: 0 шт. Свободный остаток: 0 шт. В пути: 0 шт. Страховой запас: 0 шт. Есть сигнал предыдущего stockout.
IEK,030200950_,"Роз. с з/к с з/ш 16А с USB A+C 18Вт б/рамки ""BRITE"" алюминий (1/80)",0.0,3.0,0.0,3.0,0.0,1.0,0.0,0,0.0,3.0,inf,LOW,LOW,DECLINING,0.25,False,False,False,Прогноз спроса: 0 шт. Свободный остаток: 3 шт. В пути: 0 шт. Страховой запас: 0 шт. MOQ: 1 шт. Наблюдается снижение спроса.
IEK,251400031_,ЩРН-П  8  бел. дверь IP41 TEKFOR IEK,3.995362652582577e-06,1.0,0.0,1.0,0.0,1.0,0.0,0,0.0,0.9999960046373474,250290.1706190817,LOW,LOW,STABLE,4.0,False,False,False,Прогноз спроса: 0 шт. Свободный остаток: 1 шт. В пути: 0 шт. Страховой запас: 0 шт. MOQ: 1 шт.
IEK,130600135_,"Реле тока ORI 1,6-16А 24-240В AC/24В DC IEK  ORI-01-16 NEW",0.0,0.0,0.0,0.0,0.0,,0.0,0,0.0,0.0,inf,LOW,LOW,STABLE,0.25,True,False,False,Прогноз спроса: 0 шт. Свободный остаток: 0 шт. В пути: 0 шт. Страховой запас: 0 шт. Есть сигнал предыдущего stockout.
IEK,010700155_,ARMAT (3ф) 25А C IEK (1),4.66879412228773,26.0,11.0,37.0,1.5162178823199075,1.0,0.0,0,0.0,32.33120587771227,7.924958571929882,LOW,LOW,GROWING,1.170863309352518,False,False,False,Прогноз спроса: 5 шт. Свободный остаток: 26 шт. В пути: 11 шт. Страховой запас: 2 шт. MOQ: 1 шт. Наблюдается рост спроса.
IEK,011100126_,Доп. контакт ДК-250(400)А (АК-35/37)  TDM !!!,0.0077545670702343986,182.0,0.0,182.0,0.0038772835351171993,,0.0,0,0.0,181.99224543292976,23470.040087550453,LOW,LOW,DECLINING,0.25,False,False,False,Прогноз спроса: 0 шт. Свободный остаток: 182 шт. В пути: 0 шт. Страховой запас: 0 шт. Наблюдается снижение спроса.
IEK,280300011_,Крышка на лоток осн.  50мм. IEK (6),54.556599589015924,384.0,0.0,384.0,16.527635947104013,6.0,0.0,0,0.0,329.44340041098405,7.038561840230821,LOW,LOW,DECLINING,1.1295093795093796,False,False,False,Прогноз спроса: 55 шт. Свободный остаток: 384 шт. В пути: 0 шт. Страховой запас: 17 шт. MOQ: 6 шт. Наблюдается снижение спроса.
IEK,120100033_, Контактор КМИ-11210 12А 400В (1вел) IEK (1/50),5.1840087094997855,55.0,20.0,75.0,1.0640038377123782,1.0,0.0,0,0.0,69.81599129050022,14.467568286017961,LOW,LOW,DECLINING,1.4307692307692308,False,False,False,Прогноз спроса: 5 шт. Свободный остаток: 55 шт. В пути: 20 шт. Страховой запас: 1 шт. MOQ: 1 шт. Наблюдается снижение спроса.
IEK,130600131_,Реле циклическое ORT 2 конт. 230В AC IEK ORT-S2-AC230V NEW,0.0,0.0,0.0,0.0,0.0,,0.0,0,0.0,0.0,inf,LOW,LOW,STABLE,0.25,True,False,False,Прогноз спроса: 0 шт. Свободный остаток: 0 шт. В пути: 0 шт. Страховой запас: 0 шт. Есть сигнал предыдущего stockout.
IEK,251400033_,ЩРН-П 54 бел. дверь IP41 TEKFOR IEK,3.8600040660082913,23.0,0.0,23.0,1.6773242580570595,1.0,0.0,0,0.0,19.13999593399171,5.9585429462474035,LOW,LOW,DECLINING,1.0628571428571427,True,False,False,Прогноз спроса: 4 шт. Свободный остаток: 23 шт. В пути: 0 шт. Страховой запас: 2 шт. MOQ: 1 шт. Есть сигнал предыдущего stockout. Наблюдается снижение спроса.
IEK,130200012_,Шина соединительная PIN (штырь) 1ф 63А (1м) IEK (40),112.41998438499944,225.0,0.0,225.0,11.764200638660805,40.0,0.0,0,0.0,112.58001561500056,2.0014235122952257,LOW,LOW,STABLE,0.993561931420574,False,True,False,Прогноз спроса: 112 шт. Свободный остаток: 225 шт. В пути: 0 шт. Страховой запас: 12 шт. MOQ: 40 шт. В истории обнаружена аномальная продажа.
IEK,280200036_,Внешний угол КМН 60х40 Белый ЭЛЕКОР IEK (4),54.41659068967193,290.0,0.0,290.0,21.889601793241166,1.0,0.0,0,0.0,235.58340931032808,5.329257057903868,LOW,LOW,GROWING,1.3976441917140536,False,False,False,Прогноз спроса: 54 шт. Свободный остаток: 290 шт. В пути: 0 шт. Страховой запас: 22 шт. MOQ: 1 шт. Наблюдается рост спроса.
IEK,251400112_,ЩМП  600х400х250 IP66  TITAN 5 IEK,0.253308993648493,3.0,0.0,3.0,0.1266544968242465,1.0,0.0,0,0.0,2.746691006351507,11.843243134758108,LOW,LOW,STABLE,0.25,False,False,False,Прогноз спроса: 0 шт. Свободный остаток: 3 шт. В пути: 0 шт. Страховой запас: 0 шт. MOQ: 1 шт.
IEK,130301704_,"Колодка клеммная CP-DT измерит. нож. разм. 2,5мм2 серая IEK",0.0,100.0,0.0,100.0,0.0,100.0,0.0,0,0.0,100.0,inf,LOW,LOW,STABLE,1.0,False,False,False,Прогноз спроса: 0 шт. Свободный остаток: 100 шт. В пути: 0 шт. Страховой запас: 0 шт. MOQ: 100 шт.
IEK,010700154_,ARMAT (3ф) 20А C IEK (1),0.0,7.0,0.0,7.0,0.0,1.0,0.0,0,0.0,7.0,inf,LOW,LOW,STABLE,0.25,False,False,False,Прогноз спроса: 0 шт. Свободный остаток: 7 шт. В пути: 0 шт. Страховой запас: 0 шт. MOQ: 1 шт.
IEK,030200949_,"Роз. с з/к с з/ш 16А с USB A+C 18Вт б/рамки ""BRITE"" сталь (1/80)",0.0,3.0,0.0,3.0,0.0,1.0,0.0,0,0.0,3.0,inf,LOW,LOW,STABLE,0.25,False,False,False,Прогноз спроса: 0 шт. Свободный остаток: 3 шт. В пути: 0 шт. Страховой запас: 0 шт. MOQ: 1 шт.
IEK,ст-9953354, УЗО ВД1-63 (4ф) 25А 100мА IEK !!!,4.481416019390761e-06,30.0,0.0,30.0,0.0,,0.0,0,0.0,29.99999551858398,6694312.661487393,LOW,LOW,STABLE,0.25,False,False,False,Прогноз спроса: 0 шт. Свободный остаток: 30 шт. В пути: 0 шт. Страховой запас: 0 шт.
IEK,130600132_,Реле циклическое ORT 2 конт. 12-240В AC/DC IEK ORT-S2-ACDC12-240V NEW,0.0,0.0,0.0,0.0,0.0,,0.0,0,0.0,0.0,inf,LOW,LOW,STABLE,0.25,True,False,False,Прогноз спроса: 0 шт. Свободный остаток: 0 шт. В пути: 0 шт. Страховой запас: 0 шт. Есть сигнал предыдущего stockout.
IEK,251400032_,ЩРН-П 12 бел. дверь IP41 TEKFOR IEK,2.2640034769787354,9.0,0.0,9.0,0.5422176684690383,1.0,0.0,0,0.0,6.735996523021265,3.975258912592444,LOW,LOW,GROWING,1.793388429752066,False,False,False,Прогноз спроса: 2 шт. Свободный остаток: 9 шт. В пути: 0 шт. Страховой запас: 1 шт. MOQ: 1 шт. Наблюдается рост спроса.
IEK,030200865_," Рамка 1-мест. ""BRITE"" стекло дымчатый (1/100)",0.40270797506078626,17.0,0.0,17.0,0.0,1.0,0.0,0,0.0,16.597292024939215,42.21421241393085,LOW,LOW,STABLE,0.4547677261613692,False,False,False,Прогноз спроса: 0 шт. Свободный остаток: 17 шт. В пути: 0 шт. Страховой запас: 0 шт. MOQ: 1 шт.
IEK,280300012_," Лоток перфорированный (50х100х3000) (0,7 мм) IEK (6)",342.54379185883835,946.0,0.0,946.0,58.48949264611894,12.0,0.0,0,0.0,603.4562081411616,2.761690687390548,LOW,LOW,GROWING,1.0516946905001856,False,False,False,Прогноз спроса: 343 шт. Свободный остаток: 946 шт. В пути: 0 шт. Страховой запас: 58 шт. MOQ: 12 шт. Наблюдается рост спроса.
IEK,120100032_, Контактор КМИ-10910  9А  400В (1вел) IEK (1/50),6.703167514368718,41.0,0.0,41.0,1.857529721610577,1.0,0.0,0,0.0,34.296832485631285,6.116511322761005,LOW,LOW,DECLINING,1.1638225255972696,False,False,False,Прогноз спроса: 7 шт. Свободный остаток: 41 шт. В пути: 0 шт. Страховой запас: 2 шт. MOQ: 1 шт. Наблюдается снижение спроса.
IEK,010700153_,ARMAT (3ф) 16А C IEK (1),2.5910810993492874,23.0,0.0,23.0,1.2955405496746437,1.0,0.0,0,0.0,20.40891890065071,8.876603671639655,LOW,LOW,STABLE,0.9079497907949792,False,False,False,Прогноз спроса: 3 шт. Свободный остаток: 23 шт. В пути: 0 шт. Страховой запас: 1 шт. MOQ: 1 шт.
IEK,251400114_,ЩМП  600х500х150 IP66  TITAN 5 IEK,0.0005456319439525132,3.0,0.0,3.0,0.0002728159719762566,1.0,0.0,0,0.0,2.9994543680560475,5498.211813385127,LOW,LOW,STABLE,0.25,False,False,False,Прогноз спроса: 0 шт. Свободный остаток: 3 шт. В пути: 0 шт. Страховой запас: 0 шт. MOQ: 1 шт.
IEK,130301703_,"Колодка клеммная CP-ML 2 ур. нож. разм. 2,5мм2 серая IEK",0.0,49.0,0.0,49.0,0.0,50.0,0.0,0,0.0,49.0,inf,LOW,LOW,STABLE,0.25,False,False,False,Прогноз спроса: 0 шт. Свободный остаток: 49 шт. В пути: 0 шт. Страховой запас: 0 шт. MOQ: 50 шт.
IEK,011100245_,Аварийный контакт АК-800/1600 (АК 40/43)   ТДМ !!!,4.8063965090187145e-06,34.0,0.0,34.0,0.0,,0.0,0,0.0,33.99999519360349,7073906.602628904,LOW,LOW,STABLE,0.25,False,False,False,Прогноз спроса: 0 шт. Свободный остаток: 34 шт. В пути: 0 шт. Страховой запас: 0 шт.
IEK,011100210_,Расцепитель независимый РН-800/1600  TDM !!!,0.0,32.0,0.0,32.0,0.0,,0.0,0,0.0,32.0,inf,LOW,LOW,STABLE,4.0,False,False,False,Прогноз спроса: 0 шт. Свободный остаток: 32 шт. В пути: 0 шт. Страховой запас: 0 шт.
IEK,010700133_,ARMAT (1ф) 6А C IEK (1),33.42136793950221,86.0,0.0,86.0,5.779417502367058,1.0,0.0,0,0.0,52.57863206049779,2.573204069793707,LOW,LOW,STABLE,1.0233352305065453,True,False,False,Прогноз спроса: 33 шт. Свободный остаток: 86 шт. В пути: 0 шт. Страховой запас: 6 шт. MOQ: 1 шт. Есть сигнал предыдущего stockout.
IEK,120100030_, Контактор КМИ-23210 32А 230В (2вел) IEK (1/50),89.80614575134781,407.0,100.0,507.0,12.99705415340982,1.0,0.0,0,0.0,417.1938542486522,5.645493365273288,LOW,LOW,DECLINING,1.1083608360836084,False,False,False,Прогноз спроса: 90 шт. Свободный остаток: 407 шт. В пути: 100 шт. Страховой запас: 13 шт. MOQ: 1 шт. Наблюдается снижение спроса.
IEK,ст-9953168, УЗО ВД1 63 (2ф) 40А 300мА  IEK  (48) !!!,0.0,0.0,0.0,0.0,0.0,,0.0,0,0.0,0.0,inf,LOW,LOW,STABLE,0.25,True,False,False,Прогноз спроса: 0 шт. Свободный остаток: 0 шт. В пути: 0 шт. Страховой запас: 0 шт. Есть сигнал предыдущего stockout.
IEK,030200954_,"Подсветка LED встр. ""BRITE"" сталь (1/100)",5.186477774450202e-06,1.0,0.0,1.0,0.0,1.0,0.0,0,0.0,0.9999948135222255,192809.07843203977,LOW,LOW,STABLE,0.25,False,False,False,Прогноз спроса: 0 шт. Свободный остаток: 1 шт. В пути: 0 шт. Страховой запас: 0 шт. MOQ: 1 шт.
IEK,ст-9952711,ВА47-29 (4ф) 10А IEK (36) !!!,0.0,0.0,0.0,0.0,0.0,,0.0,0,0.0,0.0,inf,LOW,LOW,STABLE,0.25,True,False,False,Прогноз спроса: 0 шт. Свободный остаток: 0 шт. В пути: 0 шт. Страховой запас: 0 шт. Есть сигнал предыдущего stockout.
IEK,ярп6060,Тепловое реле РТИ-5371 (90-120А) IEK !!!,0.0,0.0,0.0,0.0,0.0,,0.0,0,0.0,0.0,inf,LOW,LOW,STABLE,0.25,True,False,False,Прогноз спроса: 0 шт. Свободный остаток: 0 шт. В пути: 0 шт. Страховой запас: 0 шт. Есть сигнал предыдущего stockout.
IEK,130600147_,Импульсное реле ORM. 2 конт. 230 В AC IEK ORM-02-AC230 NEW,0.0,0.0,0.0,0.0,0.0,,0.0,0,0.0,0.0,inf,LOW,LOW,STABLE,0.25,True,False,False,Прогноз спроса: 0 шт. Свободный остаток: 0 шт. В пути: 0 шт. Страховой запас: 0 шт. Есть сигнал предыдущего stockout.
IEK,020100002_,Переносная вилка 014 3р+ре 16А 380В IEK,1.494060440553605,35.0,0.0,35.0,0.26347042844824686,10.0,0.0,0,0.0,33.5059395594464,23.42609378441959,LOW,LOW,STABLE,0.6232517482517482,False,True,False,Прогноз спроса: 1 шт. Свободный остаток: 35 шт. В пути: 0 шт. Страховой запас: 0 шт. MOQ: 10 шт. В истории обнаружена аномальная продажа.
IEK,010700146_,ARMAT (2ф) 25А C IEK (1),2.6693606431110473,22.0,0.0,22.0,1.0244103995307088,1.0,0.0,0,0.0,19.330639356888952,8.24167392172223,LOW,LOW,STABLE,0.656084656084656,False,False,False,Прогноз спроса: 3 шт. Свободный остаток: 22 шт. В пути: 0 шт. Страховой запас: 1 шт. MOQ: 1 шт.
IEK,030200861_," Рамка 4-мест. ""BRITE"" стекло белый (1/50)",0.10926253159680052,20.0,0.0,20.0,0.0,1.0,0.0,0,0.0,19.8907374684032,183.04536521086473,LOW,LOW,STABLE,0.25,False,False,False,Прогноз спроса: 0 шт. Свободный остаток: 20 шт. В пути: 0 шт. Страховой запас: 0 шт. MOQ: 1 шт.
IEK,251400025_,КМПн-24  черн. прозр. дверь IP65 TEKFOR IEK,0.1338153213236029,5.0,0.0,5.0,0.06690766066180145,,0.0,0,0.0,4.866184678676397,37.36492914670511,LOW,LOW,STABLE,1.2916666666666667,False,False,False,Прогноз спроса: 0 шт. Свободный остаток: 5 шт. В пути: 0 шт. Страховой запас: 0 шт.
IEK,251400119_,ЩМП  700х500х250 IP66  TITAN 5 IEK,0.3283239311993255,4.0,0.0,4.0,0.16416196559966276,1.0,0.0,0,0.0,3.6716760688006747,12.18308999099916,LOW,LOW,STABLE,0.6458333333333334,False,False,False,Прогноз спроса: 0 шт. Свободный остаток: 4 шт. В пути: 0 шт. Страховой запас: 0 шт. MOQ: 1 шт.
IEK,130301696_,Колодка клеммная CP-ML 2 ур. 4мм2 серая IEK,0.00017484130616652113,43.0,0.0,43.0,8.742065308326057e-05,50.0,0.0,0,0.0,42.99982515869383,245937.3070517229,LOW,LOW,STABLE,0.25,False,False,False,Прогноз спроса: 0 шт. Свободный остаток: 43 шт. В пути: 0 шт. Страховой запас: 0 шт. MOQ: 50 шт.
IEK,280300022_,Разветвитель Т-образный  50х200 IEK,3.3729389975802286,22.0,0.0,22.0,0.9391485505499059,1.0,0.0,0,0.0,18.627061002419772,6.522501597503828,LOW,LOW,STABLE,0.6595744680851063,False,False,False,Прогноз спроса: 3 шт. Свободный остаток: 22 шт. В пути: 0 шт. Страховой запас: 1 шт. MOQ: 1 шт.
IEK,120100011_, Контактор КМИ-34012 40А 230В (3вел) IEK (1/20),36.422387319113916,199.0,0.0,199.0,7.6342266580621425,1.0,0.0,0,0.0,162.5776126808861,5.4636726103774045,LOW,LOW,DECLINING,1.0785098522167489,False,False,False,Прогноз спроса: 36 шт. Свободный остаток: 199 шт. В пути: 0 шт. Страховой запас: 8 шт. MOQ: 1 шт. Наблюдается снижение спроса.
IEK,130200020_,Замок 18-18\34 IEK,2.00188929284448,8.0,0.0,8.0,0.4781910357447883,10.0,0.0,0,0.0,5.99811070715552,3.9962249803698273,LOW,LOW,GROWING,1.0580204778156996,False,True,False,Прогноз спроса: 2 шт. Свободный остаток: 8 шт. В пути: 0 шт. Страховой запас: 0 шт. MOQ: 10 шт. В истории обнаружена аномальная продажа. Наблюдается рост спроса.
IEK,280200031_,Внешний угол КМН 100х40 Белый ЭЛЕКОР IEK (2) ,4.709383869485556,47.0,0.0,47.0,2.354691934742778,11.0,0.0,0,0.0,42.290616130514444,9.980074103650036,LOW,LOW,DECLINING,0.256198347107438,False,False,False,Прогноз спроса: 5 шт. Свободный остаток: 47 шт. В пути: 0 шт. Страховой запас: 2 шт. MOQ: 11 шт. Наблюдается снижение спроса.
IEK,030200955_,"Подсветка LED встр. ""BRITE"" алюминий (1/100)",0.00019985043611143704,3.0,0.0,3.0,9.992521805571852e-05,1.0,0.0,0,0.0,2.9998001495638884,15011.225686428792,LOW,LOW,STABLE,0.25,False,False,False,Прогноз спроса: 0 шт. Свободный остаток: 3 шт. В пути: 0 шт. Страховой запас: 0 шт. MOQ: 1 шт.
IEK,020100003_,Переносная вилка 015 3р+ре+n 16А 380В IP 44 IEK,1.3954981254778394,28.0,0.0,28.0,0.28577380332473934,10.0,0.0,0,0.0,26.60450187452216,20.064519965164685,LOW,LOW,STABLE,0.25,False,True,False,Прогноз спроса: 1 шт. Свободный остаток: 28 шт. В пути: 0 шт. Страховой запас: 0 шт. MOQ: 10 шт. В истории обнаружена аномальная продажа.
IEK,010700145_,ARMAT (2ф) 20А C IEK (1),1.872629209130967e-07,7.0,0.0,7.0,0.0,1.0,0.0,0,0.0,6.999999812737079,37380598.17644571,LOW,LOW,STABLE,0.25,False,False,False,Прогноз спроса: 0 шт. Свободный остаток: 7 шт. В пути: 0 шт. Страховой запас: 0 шт. MOQ: 1 шт.
IEK,ст-9952644,Стойка настенная СНП100  IEK !,0.0,8.0,0.0,8.0,0.0,,0.0,0,0.0,8.0,inf,LOW,LOW,STABLE,0.25,False,False,False,Прогноз спроса: 0 шт. Свободный остаток: 8 шт. В пути: 0 шт. Страховой запас: 0 шт.
IEK,130600148_,Реле промежут. OIR 3 конт. 8А 230В AC IEK OIR-308-AC230V NEW,0.0,0.0,0.0,0.0,0.0,1.0,0.0,0,0.0,0.0,inf,LOW,LOW,STABLE,0.25,True,False,False,Прогноз спроса: 0 шт. Свободный остаток: 0 шт. В пути: 0 шт. Страховой запас: 0 шт. MOQ: 1 шт. Есть сигнал предыдущего stockout.
IEK,251400024_,КМПн-18  черн. прозр. дверь IP65 TEKFOR IEK,0.02129055149236979,12.0,0.0,12.0,0.010645275746184894,,0.0,0,0.0,11.97870944850763,563.6303035316214,LOW,LOW,DECLINING,3.229166666666667,False,False,False,Прогноз спроса: 0 шт. Свободный остаток: 12 шт. В пути: 0 шт. Страховой запас: 0 шт. Наблюдается снижение спроса.
IEK,251400120_,ЩМП  800х600х200 IP66  TITAN 5 IEK,0.01730070349635945,2.0,0.0,2.0,0.008650351748179725,1.0,0.0,0,0.0,1.9826992965036405,115.602235505675,LOW,LOW,STABLE,2.583333333333333,False,False,False,Прогноз спроса: 0 шт. Свободный остаток: 2 шт. В пути: 0 шт. Страховой запас: 0 шт. MOQ: 1 шт.
IEK,130301695_,"Колодка клеммная CP-ML 2 ур. 1,5мм2 серая IEK",0.0,51.0,0.0,51.0,0.0,50.0,0.0,0,0.0,51.0,inf,LOW,LOW,STABLE,0.25,False,False,False,Прогноз спроса: 0 шт. Свободный остаток: 51 шт. В пути: 0 шт. Страховой запас: 0 шт. MOQ: 50 шт.
IEK,280300024_,Скоба потолочная IEK (40),4.852998442764779e-06,9.0,0.0,9.0,0.0,32.0,0.0,0,0.0,8.999995147001558,1854523.570560359,LOW,LOW,STABLE,0.25,False,False,False,Прогноз спроса: 0 шт. Свободный остаток: 9 шт. В пути: 0 шт. Страховой запас: 0 шт. MOQ: 32 шт.
IEK,120100010_,Контактор  КМИ-23260 32А 380В  IP54 (2вел в корпусе) IEK (1/16),0.9465948780913748,4.0,2.0,6.0,0.4732974390456874,1.0,0.0,0,0.0,5.053405121908625,6.338508837167847,LOW,LOW,STABLE,0.768595041322314,False,False,False,Прогноз спроса: 1 шт. Свободный остаток: 4 шт. В пути: 2 шт. Страховой запас: 0 шт. MOQ: 1 шт.
IEK,ярп6181, BA 47-60M (2ф) 25А 6кА С IEK !!!,0.0013116318266324367,2.0,0.0,2.0,0.0006558159133162184,,0.0,0,0.0,1.9986883681733676,1524.8181382842176,LOW,LOW,STABLE,0.25,False,False,False,Прогноз спроса: 0 шт. Свободный остаток: 2 шт. В пути: 0 шт. Страховой запас: 0 шт.
IEK,130200019_,Свет. индикатор фаз (3-х фазн. на DIN-рейку) IEK (24/480),2.0082860159297464,18.0,0.0,18.0,0.5607286925659044,24.0,0.0,0,0.0,15.991713984070254,8.962866771577257,LOW,LOW,STABLE,0.4946808510638298,False,False,False,Прогноз спроса: 2 шт. Свободный остаток: 18 шт. В пути: 0 шт. Страховой запас: 1 шт. MOQ: 24 шт.
IEK,010700147_,ARMAT (2ф) 32А C IEK (1),2.794337405384188,14.0,0.0,14.0,0.5856620185738528,1.0,0.0,0,0.0,11.205662594615813,5.01013226714301,LOW,LOW,DECLINING,0.496,False,False,False,Прогноз спроса: 3 шт. Свободный остаток: 14 шт. В пути: 0 шт. Страховой запас: 1 шт. MOQ: 1 шт. Наблюдается снижение спроса.
IEK,ярп5962,Распред. блок на DIN-рейку РБД-400А IEK !!!,3.5309610588823116e-07,1.0,0.0,1.0,0.0,,0.0,0,0.0,0.9999996469038941,2832090.140117658,LOW,LOW,STABLE,0.25,False,False,False,Прогноз спроса: 0 шт. Свободный остаток: 1 шт. В пути: 0 шт. Страховой запас: 0 шт.
IEK,030200863_," Рамка 1-мест. ""BRITE"" стекло серый (1/100)",0.20653563889803128,14.0,0.0,14.0,0.10326781944901564,1.0,0.0,0,0.0,13.793464361101968,67.78491147918515,LOW,LOW,STABLE,2.2827687776141383,False,False,False,Прогноз спроса: 0 шт. Свободный остаток: 14 шт. В пути: 0 шт. Страховой запас: 0 шт. MOQ: 1 шт.
IEK,130600138_,Реле фаз ORF 06. 3ф 220-460V IEK (1/200),5.213413076029087,27.0,6.0,33.0,0.9899494936611658,1.0,0.0,0,0.0,27.786586923970912,6.329826453179342,LOW,LOW,DECLINING,0.8,False,False,False,Прогноз спроса: 5 шт. Свободный остаток: 27 шт. В пути: 6 шт. Страховой запас: 1 шт. MOQ: 1 шт. Наблюдается снижение спроса.
IEK,251400028_,ЩРН-П 24 бел. дверь IP41 TEKFOR IEK,2.2374309775746677,11.0,12.0,23.0,0.6493105317694043,1.0,0.0,0,0.0,20.762569022425332,10.279646715596813,LOW,LOW,GROWING,0.25,False,False,False,Прогноз спроса: 2 шт. Свободный остаток: 11 шт. В пути: 12 шт. Страховой запас: 1 шт. MOQ: 1 шт. Наблюдается рост спроса.
IEK,251400117_,ЩМП  600х600х400 IP66  TITAN 5 IEK,0.0,0.0,0.0,0.0,0.0,1.0,0.0,0,0.0,0.0,inf,LOW,LOW,STABLE,0.25,True,False,False,Прогноз спроса: 0 шт. Свободный остаток: 0 шт. В пути: 0 шт. Страховой запас: 0 шт. MOQ: 1 шт. Есть сигнал предыдущего stockout.
IEK,010700149_,ARMAT (2ф) 50А C IEK (1),0.015136026632148766,6.0,0.0,6.0,0.007568013316074383,1.0,0.0,0,0.0,5.984863973367851,396.40522217740164,LOW,LOW,STABLE,0.25,False,False,False,Прогноз спроса: 0 шт. Свободный остаток: 6 шт. В пути: 0 шт. Страховой запас: 0 шт. MOQ: 1 шт.
IEK,130200016_,Ограничитель на DIN-рейку (металл) IEK (900),222.71006068806713,558.0,0.0,558.0,25.423270180420754,150.0,0.0,0,0.0,335.28993931193287,2.505499743819601,LOW,LOW,DECLINING,1.6383243674038652,False,False,False,Прогноз спроса: 223 шт. Свободный остаток: 558 шт. В пути: 0 шт. Страховой запас: 25 шт. MOQ: 150 шт. Наблюдается снижение спроса.
IEK,011100354_,"Стабилизатор напряжения серии HOME 0,5 кВА (СНР1-0-0,5) IEK E-PRO",0.0,0.0,0.0,0.0,0.0,,0.0,0,0.0,0.0,inf,LOW,LOW,STABLE,0.25,True,False,False,Прогноз спроса: 0 шт. Свободный остаток: 0 шт. В пути: 0 шт. Страховой запас: 0 шт. Есть сигнал предыдущего stockout.
IEK,280300020_,Поворот 90º вертикальный внешний  50х100 IEK,1.2914233519452492,9.0,0.0,9.0,0.6457116759726246,1.0,0.0,0,0.0,7.708576648054751,6.969054715050222,LOW,LOW,DECLINING,2.0,False,False,False,Прогноз спроса: 1 шт. Свободный остаток: 9 шт. В пути: 0 шт. Страховой запас: 1 шт. MOQ: 1 шт. Наблюдается снижение спроса.
IEK,120100016_, Контактор КМИ-49512 95А 230В (4вел) IEK (1/16),17.798395721576778,129.0,20.0,149.0,1.121457385131776,1.0,0.0,0,0.0,131.20160427842322,8.371541027114546,LOW,LOW,STABLE,1.2905911740216487,False,False,False,Прогноз спроса: 18 шт. Свободный остаток: 129 шт. В пути: 20 шт. Страховой запас: 1 шт. MOQ: 1 шт.
IEK,280200033_,Внешний угол КМН 15х10 Белый ЭЛЕКОР IEK (4),21.940452844459028,151.0,0.0,151.0,7.0433242624961325,1.0,0.0,0,0.0,129.05954715554097,6.882264512518229,LOW,LOW,DECLINING,3.1131276467029645,False,False,False,Прогноз спроса: 22 шт. Свободный остаток: 151 шт. В пути: 0 шт. Страховой запас: 7 шт. MOQ: 1 шт. Наблюдается снижение спроса.
IEK,030200952_,"Подсветка LED встр. ""BRITE"" черный (1/100)",1.4521392374200877,157.0,0.0,157.0,0.7260696187100438,1.0,0.0,0,0.0,155.54786076257992,108.11635410315799,LOW,LOW,STABLE,0.25,False,False,False,Прогноз спроса: 1 шт. Свободный остаток: 157 шт. В пути: 0 шт. Страховой запас: 1 шт. MOQ: 1 шт.
IEK,251400027_,КМПн-54 черн. прозр. дверь IP65 TEKFOR IEK,0.5255471931351618,17.0,0.0,17.0,0.2627735965675809,,0.0,0,0.0,16.47445280686484,32.34723774012791,LOW,LOW,STABLE,1.2653061224489797,False,False,False,Прогноз спроса: 1 шт. Свободный остаток: 17 шт. В пути: 0 шт. Страховой запас: 0 шт.
IEK,010700148_,ARMAT (2ф) 40А C IEK (1),0.10304036801248737,8.0,0.0,8.0,0.05152018400624368,1.0,0.0,0,0.0,7.896959631987513,77.6394742595493,LOW,LOW,STABLE,1.55,False,False,False,Прогноз спроса: 0 шт. Свободный остаток: 8 шт. В пути: 0 шт. Страховой запас: 0 шт. MOQ: 1 шт.
IEK,ярп6058, BA 47-60M (1ф) 16А 6кА С IEK !!!,3.7778027977906904e-06,3.0,0.0,3.0,0.0,,0.0,0,0.0,2.9999962221972023,794112.387696478,LOW,LOW,STABLE,4.0,False,False,False,Прогноз спроса: 0 шт. Свободный остаток: 3 шт. В пути: 0 шт. Страховой запас: 0 шт.
IEK,030200953_,"Подсветка LED встр. ""BRITE"" графит (1/100)",7.028316333403232e-08,2.0,0.0,2.0,0.0,1.0,0.0,0,0.0,1.9999999297168367,28456317.34722398,LOW,LOW,STABLE,0.25,False,False,False,Прогноз спроса: 0 шт. Свободный остаток: 2 шт. В пути: 0 шт. Страховой запас: 0 шт. MOQ: 1 шт.
IEK,ст-9953087,ЩРН-12з-1 38 IP31 MKM13-N-12-31-Z EK !!!,0.0,0.0,0.0,0.0,0.0,,0.0,0,0.0,0.0,inf,LOW,LOW,STABLE,0.25,True,False,False,Прогноз спроса: 0 шт. Свободный остаток: 0 шт. В пути: 0 шт. Страховой запас: 0 шт. Есть сигнал предыдущего stockout.
IEK,020100001_,Переносная вилка 013  2р+ре 16А 220В IEK,0.8539785126685853,12.0,0.0,12.0,0.28036434628281093,10.0,0.0,0,0.0,11.146021487331415,14.051875804815475,LOW,LOW,STABLE,0.6905940594059407,False,True,False,Прогноз спроса: 1 шт. Свободный остаток: 12 шт. В пути: 0 шт. Страховой запас: 0 шт. MOQ: 10 шт. В истории обнаружена аномальная продажа.
IEK,130600145_,Термостат от 0 до 60 °C NC IEK (200) NEW,7.514836341106899,92.0,0.0,92.0,2.6876414691447663,10.0,0.0,0,0.0,84.4851636588931,12.242448913591224,LOW,LOW,DECLINING,0.25,False,False,False,Прогноз спроса: 8 шт. Свободный остаток: 92 шт. В пути: 0 шт. Страховой запас: 3 шт. MOQ: 10 шт. Наблюдается снижение спроса.
IEK,251400026_,КМПн-36  черн. прозр. дверь IP65 TEKFOR IEK,0.21587131232454787,6.0,0.0,6.0,0.10793565616227394,,0.0,0,0.0,5.7841286876754525,27.79433698433911,LOW,LOW,DECLINING,1.1923076923076923,False,False,False,Прогноз спроса: 0 шт. Свободный остаток: 6 шт. В пути: 0 шт. Страховой запас: 0 шт. Наблюдается снижение спроса.
IEK,280300021_,Разветвитель Т-образный  50х100 IEK,2.709074653442091,29.0,0.0,29.0,0.49187142628943176,1.0,0.0,0,0.0,26.29092534655791,10.704762219510354,LOW,LOW,GROWING,1.5459317585301835,False,False,False,Прогноз спроса: 3 шт. Свободный остаток: 29 шт. В пути: 0 шт. Страховой запас: 0 шт. MOQ: 1 шт. Наблюдается рост спроса.
IEK,120100013_, Контактор КМИ-35012 50А 230В (3вел) IEK (1/20),22.52659960373719,108.0,20.0,128.0,2.7291024165465005,1.0,0.0,0,0.0,105.4734003962628,5.6821713996623195,LOW,LOW,DECLINING,1.7312108559498958,False,False,False,Прогноз спроса: 23 шт. Свободный остаток: 108 шт. В пути: 20 шт. Страховой запас: 3 шт. MOQ: 1 шт. Наблюдается снижение спроса.
IEK,251400118_,ЩМП  700х500х200 IP66  TITAN 5 IEK,0.17547379636729105,13.0,0.0,13.0,0.08773689818364552,1.0,0.0,0,0.0,12.82452620363271,74.08513561072785,LOW,LOW,STABLE,0.25,False,False,False,Прогноз спроса: 0 шт. Свободный остаток: 13 шт. В пути: 0 шт. Страховой запас: 0 шт. MOQ: 1 шт.
IEK,130301697_,Колодка клеммная CP-PEN земля 4мм2 желто-зеленая IEK,0.0004778860832480587,47.0,0.0,47.0,0.00023894304162402934,100.0,0.0,0,0.0,46.999522113916754,98349.79851380916,LOW,LOW,STABLE,0.25,False,False,False,Прогноз спроса: 0 шт. Свободный остаток: 47 шт. В пути: 0 шт. Страховой запас: 0 шт. MOQ: 100 шт.
IEK,130301698_,"Колодка клеммная CP-MC-PEN земля 3 вывода 1,5мм2 IEK",0.00031943953587928537,94.0,0.0,94.0,0.00015971976793964268,100.0,0.0,0,0.0,93.99968056046411,294265.3912304773,LOW,LOW,STABLE,0.25,False,False,False,Прогноз спроса: 0 шт. Свободный остаток: 94 шт. В пути: 0 шт. Страховой запас: 0 шт. MOQ: 100 шт.
IEK,251400130_,ЩМП 1200х600х200 IP66  TITAN 5 IEK,0.0,1.0,0.0,1.0,0.0,1.0,0.0,0,0.0,1.0,inf,LOW,LOW,STABLE,0.25,True,False,False,Прогноз спроса: 0 шт. Свободный остаток: 1 шт. В пути: 0 шт. Страховой запас: 0 шт. MOQ: 1 шт. Есть сигнал предыдущего stockout.
IEK,120100001_, Контактор КМИ-10910  9А  230В (1вел) IEK (1/50),51.984235914120795,405.0,100.0,505.0,6.314243158658585,5.0,0.0,0,0.0,453.0157640858792,9.714483460606637,LOW,LOW,GROWING,1.1634382566585957,False,False,False,Прогноз спроса: 52 шт. Свободный остаток: 405 шт. В пути: 100 шт. Страховой запас: 6 шт. MOQ: 5 шт. Наблюдается рост спроса.
IEK,130301679_,"Блок зажимов БЗН ТВ-4512 4,5 мм2 45А 12 пар IEK",0.33795939688731724,10.0,0.0,10.0,0.16897969844365862,20.0,0.0,0,0.0,9.662040603112683,29.589353313156167,LOW,LOW,STABLE,0.25,False,False,False,Прогноз спроса: 0 шт. Свободный остаток: 10 шт. В пути: 0 шт. Страховой запас: 0 шт. MOQ: 20 шт.
IEK,130600222_,Реле фаз ORF-10 3ф. 2 конт. 127-265В AC с контр. нейтр. ONI ORF-10-127-265VAC NEW,0.0,0.0,0.0,0.0,0.0,,0.0,0,0.0,0.0,inf,LOW,LOW,STABLE,0.25,True,False,False,Прогноз спроса: 0 шт. Свободный остаток: 0 шт. В пути: 0 шт. Страховой запас: 0 шт. Есть сигнал предыдущего stockout.
IEK,250600277_,ЩРН  72 (2х36мод) 585х570х140 IP54 TITAN 5 IEK,0.0749154804119645,6.0,0.0,6.0,0.03745774020598225,1.0,0.0,0,0.0,5.925084519588036,80.09025593916849,LOW,LOW,STABLE,1.0333333333333332,False,False,False,Прогноз спроса: 0 шт. Свободный остаток: 6 шт. В пути: 0 шт. Страховой запас: 0 шт. MOQ: 1 шт.
IEK,280300058_,Поворот 90º вертикальный внутренний  50х300 IEK,0.0,0.0,0.0,0.0,0.0,,0.0,0,0.0,0.0,inf,LOW,LOW,STABLE,0.25,True,False,False,Прогноз спроса: 0 шт. Свободный остаток: 0 шт. В пути: 0 шт. Страховой запас: 0 шт. Есть сигнал предыдущего stockout.
IEK,251400141_,ЩРН-П 24 белая дверь IP40 KREPTA 5 IEK,0.0,0.0,0.0,0.0,0.0,1.0,0.0,0,0.0,0.0,inf,LOW,LOW,STABLE,0.25,True,False,False,Прогноз спроса: 0 шт. Свободный остаток: 0 шт. В пути: 0 шт. Страховой запас: 0 шт. MOQ: 1 шт. Есть сигнал предыдущего stockout.
IEK,130301648_,"Разделитель для CTS большой 2,5/4мм2 серый IEK",0.0,273.0,0.0,273.0,0.0,100.0,0.0,0,0.0,273.0,inf,LOW,LOW,STABLE,2.980769230769231,False,False,False,Прогноз спроса: 0 шт. Свободный остаток: 273 шт. В пути: 0 шт. Страховой запас: 0 шт. MOQ: 100 шт.
IEK,030200974_,"Выкл. 1-кл. самовозвратн. 10А ""BRITE"" алюминий (1/100)",0.00015433633765379816,2.0,0.0,2.0,7.716816882689908e-05,1.0,0.0,0,0.0,1.9998456636623463,12958.71102297587,LOW,LOW,STABLE,0.25,False,False,False,Прогноз спроса: 0 шт. Свободный остаток: 2 шт. В пути: 0 шт. Страховой запас: 0 шт. MOQ: 1 шт.
IEK,ст-9951101,Кабель-канал 100х60 парапетный  ПРАЙМЕР (12) ,0.0,0.0,0.0,0.0,0.0,,0.0,0,0.0,0.0,inf,LOW,LOW,STABLE,0.25,True,False,False,Прогноз спроса: 0 шт. Свободный остаток: 0 шт. В пути: 0 шт. Страховой запас: 0 шт. Есть сигнал предыдущего stockout.
IEK,130600223_,Реле фаз ORF-08D 3ф. 2 конт. 220-460В AC ONI ORF-08D-220-460VAC NEW,0.0,0.0,0.0,0.0,0.0,1.0,0.0,0,0.0,0.0,inf,LOW,LOW,STABLE,0.25,True,False,False,Прогноз спроса: 0 шт. Свободный остаток: 0 шт. В пути: 0 шт. Страховой запас: 0 шт. MOQ: 1 шт. Есть сигнал предыдущего stockout.
IEK,250600276_,ЩРН  48 (2х24мод) 460х570х140 IP54 TITAN 5 IEK,2.1940319140428264e-06,3.0,0.0,3.0,1.0970159570214132e-06,1.0,0.0,0,0.0,2.999997805968086,1367345.6529044097,LOW,LOW,STABLE,0.25,False,False,False,Прогноз спроса: 0 шт. Свободный остаток: 3 шт. В пути: 0 шт. Страховой запас: 0 шт. MOQ: 1 шт.
IEK,яяярп5542, УЗО АД 12  (2ф) 50А 100мА IEK !!!,4.6930201989699743e-07,1.0,0.0,1.0,0.0,,0.0,0,0.0,0.9999995306979801,2130823.984562181,LOW,LOW,STABLE,0.25,False,False,False,Прогноз спроса: 0 шт. Свободный остаток: 1 шт. В пути: 0 шт. Страховой запас: 0 шт.
IEK,030200845_,"Роз. HDMI б/рамки ""BRITE"" бежевый (1/100)",0.0,28.0,0.0,28.0,0.0,1.0,0.0,0,0.0,28.0,inf,LOW,LOW,STABLE,4.0,False,False,False,Прогноз спроса: 0 шт. Свободный остаток: 28 шт. В пути: 0 шт. Страховой запас: 0 шт. MOQ: 1 шт.
IEK,010700042_,"ВА47-29 (3ф) 20А 4,5кА х-ка D IEK !!!",0.0,0.0,0.0,0.0,0.0,,0.0,0,0.0,0.0,inf,LOW,LOW,STABLE,0.25,True,False,False,Прогноз спроса: 0 шт. Свободный остаток: 0 шт. В пути: 0 шт. Страховой запас: 0 шт. Есть сигнал предыдущего stockout.
IEK,130301647_,"Разделитель для CTS малый 2,5/4мм2 серый IEK",0.0,457.0,0.0,457.0,0.0,50.0,0.0,0,0.0,457.0,inf,LOW,LOW,STABLE,2.952380952380953,False,False,False,Прогноз спроса: 0 шт. Свободный остаток: 457 шт. В пути: 0 шт. Страховой запас: 0 шт. MOQ: 50 шт.
IEK,280300071_,Поворот 90º   50х50 IEK,1.9810875435270368,3.0,0.0,3.0,0.9905437717635184,1.0,0.0,0,0.0,1.0189124564729632,1.5143197532093602,LOW,LOW,DECLINING,2.092827004219409,False,False,False,Прогноз спроса: 2 шт. Свободный остаток: 3 шт. В пути: 0 шт. Страховой запас: 1 шт. MOQ: 1 шт. Наблюдается снижение спроса.
IEK,130200122_,"Шина ""N"" нулевая 8х12мм комб с изол ""Стойка"" ШНИ 10 КС IEK (20)",101.71466759101439,154.0,120.0,274.0,11.993651098254642,20.0,0.0,0,0.0,172.2853324089856,2.6938101110621484,LOW,LOW,DECLINING,1.9399577167019024,False,True,False,Прогноз спроса: 102 шт. Свободный остаток: 154 шт. В пути: 120 шт. Страховой запас: 12 шт. MOQ: 20 шт. В истории обнаружена аномальная продажа. Наблюдается снижение спроса.
IEK,250600275_,ЩРН  36 (1х36мод) 585х310х140 IP54 TITAN 5 IEK,1.4317017052083774,19.0,0.0,19.0,0.7158508526041887,1.0,0.0,0,0.0,17.568298294791624,13.270920842574984,LOW,LOW,DECLINING,2.2962962962962963,False,False,False,Прогноз спроса: 1 шт. Свободный остаток: 19 шт. В пути: 0 шт. Страховой запас: 1 шт. MOQ: 1 шт. Наблюдается снижение спроса.
IEK,030200975_,"Роз. аудио 4-мест. ""BRITE"" белый (1/100)",0.004553088699590557,42.0,0.0,42.0,0.0022765443497952784,1.0,0.0,0,0.0,41.99544691130041,9224.50731165789,LOW,LOW,STABLE,0.25,False,False,False,Прогноз спроса: 0 шт. Свободный остаток: 42 шт. В пути: 0 шт. Страховой запас: 0 шт. MOQ: 1 шт.
IEK,ст-9950706,"Амперметр Э47 300/5А кл. точн. 1,5 72х72мм IEK",0.0,0.0,0.0,0.0,0.0,,0.0,0,0.0,0.0,inf,LOW,LOW,STABLE,0.25,True,False,False,Прогноз спроса: 0 шт. Свободный остаток: 0 шт. В пути: 0 шт. Страховой запас: 0 шт. Есть сигнал предыдущего stockout.
IEK,280100440_,Заглушка КМЗ 100х60 черный ЭЛЕКОР IEK (2шт/компл)  ,0.0,0.0,0.0,0.0,0.0,,0.0,0,0.0,0.0,inf,LOW,LOW,STABLE,0.25,True,False,False,Прогноз спроса: 0 шт. Свободный остаток: 0 шт. В пути: 0 шт. Страховой запас: 0 шт. Есть сигнал предыдущего stockout.
IEK,130200121_,"Шина ""N"" нулевая 8х12мм комб с изол ""Стойка"" ШНИ  8 КС IEK (20)",77.91005644450895,368.0,0.0,368.0,22.676831054330894,20.0,0.0,0,0.0,290.08994355549106,4.723395371457678,LOW,LOW,DECLINING,1.5790060726236212,False,False,False,Прогноз спроса: 78 шт. Свободный остаток: 368 шт. В пути: 0 шт. Страховой запас: 23 шт. MOQ: 20 шт. Наблюдается снижение спроса.
IEK,020300080_,Распред. блок на DIN-рейку РБД-250А IEK,0.0,1.0,0.0,1.0,0.0,,0.0,0,0.0,1.0,inf,LOW,LOW,DECLINING,1.0508474576271185,False,True,False,Прогноз спроса: 0 шт. Свободный остаток: 1 шт. В пути: 0 шт. Страховой запас: 0 шт. В истории обнаружена аномальная продажа. Наблюдается снижение спроса.
IEK,280300056_,Поворот 90º вертикальный внутренний  50х100 IEK,0.43188777023115166,3.0,0.0,3.0,0.17205861404377978,1.0,0.0,0,0.0,2.5681122297688486,6.946249018337248,LOW,LOW,DECLINING,0.25,True,False,False,Прогноз спроса: 0 шт. Свободный остаток: 3 шт. В пути: 0 шт. Страховой запас: 0 шт. MOQ: 1 шт. Есть сигнал предыдущего stockout. Наблюдается снижение спроса.
IEK,081100777_,Датчик движения ДД 031 белый 500Вт 190гр 9м IP20 IEK E-PRO,0.02377531360090751,67.0,0.0,67.0,0.011887656800453755,,0.0,0,0.0,66.97622468639909,2818.0490539330926,LOW,LOW,DECLINING,0.25,False,False,False,Прогноз спроса: 0 шт. Свободный остаток: 67 шт. В пути: 0 шт. Страховой запас: 0 шт. Наблюдается снижение спроса.
IEK,яярп6001,Шина АД 31Т 8х60 L4000 IEK,0.0,0.0,0.0,0.0,0.0,,0.0,0,0.0,0.0,inf,LOW,LOW,STABLE,1.0,True,False,False,Прогноз спроса: 0 шт. Свободный остаток: 0 шт. В пути: 0 шт. Страховой запас: 0 шт. Есть сигнал предыдущего stockout.
IEK,010700046_,ВА47-29 (3ф) 63А D IEK !!!,4.1964260787610355e-06,1.0,0.0,1.0,0.0,,0.0,0,0.0,0.9999958035739213,238298.0138888191,LOW,LOW,STABLE,0.25,False,False,False,Прогноз спроса: 0 шт. Свободный остаток: 1 шт. В пути: 0 шт. Страховой запас: 0 шт.
IEK,030200847_," Рамка 1-мест. ""BRITE"" металл черный (1/100) ",0.020572716400928684,13.0,0.0,13.0,0.010286358200464342,1.0,0.0,0,0.0,12.97942728359907,631.9048854147992,LOW,LOW,DECLINING,0.606145251396648,False,False,False,Прогноз спроса: 0 шт. Свободный остаток: 13 шт. В пути: 0 шт. Страховой запас: 0 шт. MOQ: 1 шт. Наблюдается снижение спроса.
IEK,251400139_,ЩРВ-П 24 прозр. дверь IP40 KREPTA 5 IEK,0.0,0.0,0.0,0.0,0.0,,0.0,0,0.0,0.0,inf,LOW,LOW,STABLE,0.25,True,False,False,Прогноз спроса: 0 шт. Свободный остаток: 0 шт. В пути: 0 шт. Страховой запас: 0 шт. Есть сигнал предыдущего stockout.
IEK,130301661_,"Перемычка для КПИ-2,5мм2 10PIN IEK",0.05720579216272688,10.0,0.0,10.0,0.02860289608136344,10.0,0.0,0,0.0,9.942794207837274,174.80747354313573,LOW,LOW,DECLINING,0.25,True,False,False,Прогноз спроса: 0 шт. Свободный остаток: 10 шт. В пути: 0 шт. Страховой запас: 0 шт. MOQ: 10 шт. Есть сигнал предыдущего stockout. Наблюдается снижение спроса.
IEK,ст-9951104,Внешний изменяемый угол 100х60  ПРАЙМЕР (108)!!!,0.0,0.0,0.0,0.0,0.0,,0.0,0,0.0,0.0,inf,LOW,LOW,STABLE,0.25,True,False,False,Прогноз спроса: 0 шт. Свободный остаток: 0 шт. В пути: 0 шт. Страховой запас: 0 шт. Есть сигнал предыдущего stockout.
IEK,250600279_,ЩРН 144 (2х72мод) 960х570х140 IP54 TITAN 5 IEK,0.0,3.0,0.0,3.0,0.0,1.0,0.0,0,0.0,3.0,inf,LOW,LOW,DECLINING,0.25,False,False,False,Прогноз спроса: 0 шт. Свободный остаток: 3 шт. В пути: 0 шт. Страховой запас: 0 шт. MOQ: 1 шт. Наблюдается снижение спроса.
IEK,130200120_,"Шина ""N"" нулевая 8х12мм комб с изол ""Стойка"" ШНИ  6 КС IEK (20)",35.13170745910904,230.0,80.0,310.0,9.427070948426495,20.0,0.0,0,0.0,274.86829254089093,8.823937759382156,LOW,LOW,GROWING,1.2622890682318415,False,False,False,Прогноз спроса: 35 шт. Свободный остаток: 230 шт. В пути: 80 шт. Страховой запас: 9 шт. MOQ: 20 шт. Наблюдается рост спроса.
IEK,280100441_,Поворот 90град КМП 15х10 черный ЭЛЕКОР IEK (4шт/компл),0.0,0.0,0.0,0.0,0.0,,0.0,0,0.0,0.0,inf,LOW,LOW,DECLINING,0.25,True,False,False,Прогноз спроса: 0 шт. Свободный остаток: 0 шт. В пути: 0 шт. Страховой запас: 0 шт. Есть сигнал предыдущего stockout. Наблюдается снижение спроса.
IEK,020100045_,Стационарная розетка  135 3р+ре+n 63А 380В IP 54 IEK,0.9785654311399309,17.0,0.0,17.0,0.26540064054180545,2.0,0.0,0,0.0,16.02143456886007,17.372369244841092,LOW,LOW,DECLINING,1.1204819277108435,False,True,False,Прогноз спроса: 1 шт. Свободный остаток: 17 шт. В пути: 0 шт. Страховой запас: 0 шт. MOQ: 2 шт. В истории обнаружена аномальная продажа. Наблюдается снижение спроса.
IEK,010700045_,ВА47-29 (3ф) 40А D IEK !!!,0.0,2.0,0.0,2.0,0.0,,0.0,0,0.0,2.0,inf,LOW,LOW,STABLE,0.25,False,False,False,Прогноз спроса: 0 шт. Свободный остаток: 2 шт. В пути: 0 шт. Страховой запас: 0 шт.
IEK,280300057_,Поворот 90º вертикальный внутренний  50х200 IEK,1.217544053905762,4.0,0.0,4.0,0.48244170632315553,1.0,0.0,0,0.0,2.782455946094238,3.285302069496699,LOW,LOW,DECLINING,1.0628571428571427,False,False,False,Прогноз спроса: 1 шт. Свободный остаток: 4 шт. В пути: 0 шт. Страховой запас: 0 шт. MOQ: 1 шт. Наблюдается снижение спроса.
IEK,081100776_,Датчик движения ДД 030 белый 500Вт 160гр 9м IP20 IEK E-PRO,0.0040750101384882725,76.0,0.0,76.0,0.0020375050692441363,,0.0,0,0.0,75.9959249898615,18650.260347129864,LOW,LOW,DECLINING,0.25,False,False,False,Прогноз спроса: 0 шт. Свободный остаток: 76 шт. В пути: 0 шт. Страховой запас: 0 шт. Наблюдается снижение спроса.
IEK,130301649_,Разделитель для CTS малый 6/10мм2 серый IEK,0.00011306865641208481,132.0,0.0,132.0,0.0,50.0,0.0,0,0.0,131.99988693134358,1167432.2857337128,LOW,LOW,STABLE,4.0,False,False,False,Прогноз спроса: 0 шт. Свободный остаток: 132 шт. В пути: 0 шт. Страховой запас: 0 шт. MOQ: 50 шт.
IEK,130600220_,Реле твердотельное OSS-2 25А 380В AC 3-32В DC ONI OSS-2-3-25-B NEW,1.0042207711144745e-06,1.0,0.0,1.0,0.0,,0.0,0,0.0,0.9999989957792289,995796.9689177108,LOW,LOW,STABLE,4.0,False,False,False,Прогноз спроса: 0 шт. Свободный остаток: 1 шт. В пути: 0 шт. Страховой запас: 0 шт.
IEK,250600278_,ЩРН 120 (2х60мод) 835х570х140 IP54 TITAN 5 IEK,0.21160257132469526,8.0,0.0,8.0,0.10580128566234763,1.0,0.0,0,0.0,7.788397428675305,37.80672394440962,LOW,LOW,DECLINING,0.6739130434782609,False,False,False,Прогноз спроса: 0 шт. Свободный остаток: 8 шт. В пути: 0 шт. Страховой запас: 0 шт. MOQ: 1 шт. Наблюдается снижение спроса.
IEK,яяярп5300,Светильник светодиодный консольный ДКУ 1013-150Д 5000К IP65 IEK,0.0,0.0,0.0,0.0,0.0,,0.0,0,0.0,0.0,inf,LOW,LOW,STABLE,0.25,True,False,False,Прогноз спроса: 0 шт. Свободный остаток: 0 шт. В пути: 0 шт. Страховой запас: 0 шт. Есть сигнал предыдущего stockout.
IEK,030200846_,"Выкл жалюзи 10А б/рамки ""BRITE"" бежевый (1/100)",4.197878034194221e-06,11.0,0.0,11.0,0.0,1.0,0.0,0,0.0,10.999995802121965,2620371.50922405,LOW,LOW,STABLE,0.25,False,False,False,Прогноз спроса: 0 шт. Свободный остаток: 11 шт. В пути: 0 шт. Страховой запас: 0 шт. MOQ: 1 шт.
IEK,010700044_,ВА47-29 (3ф) 32А D IEK !!!,0.0,0.0,0.0,0.0,0.0,,0.0,0,0.0,0.0,inf,LOW,LOW,STABLE,4.0,True,False,False,Прогноз спроса: 0 шт. Свободный остаток: 0 шт. В пути: 0 шт. Страховой запас: 0 шт. Есть сигнал предыдущего stockout.
IEK,030200973_,"Выкл. 1-кл. самовозвратн. 10А ""BRITE"" сталь (1/100)",4.5272996549661805e-06,1.0,0.0,1.0,0.0,1.0,0.0,0,0.0,0.9999954727003451,220882.22035470064,LOW,LOW,STABLE,4.0,False,False,False,Прогноз спроса: 0 шт. Свободный остаток: 1 шт. В пути: 0 шт. Страховой запас: 0 шт. MOQ: 1 шт.
IEK,ст-9951102,Заглушка 100х60  ПРАЙМЕР (216),0.0,0.0,0.0,0.0,0.0,,0.0,0,0.0,0.0,inf,LOW,LOW,STABLE,0.25,True,False,False,Прогноз спроса: 0 шт. Свободный остаток: 0 шт. В пути: 0 шт. Страховой запас: 0 шт. Есть сигнал предыдущего stockout.
IEK,яяяярп5518, Контактор КМИ-10910  9А  110В (1вел) IEK (1/50),1.8363698180241252e-05,4.0,0.0,4.0,0.0,,0.0,0,0.0,3.9999816363018197,217821.04893794603,LOW,LOW,STABLE,4.0,False,False,False,Прогноз спроса: 0 шт. Свободный остаток: 4 шт. В пути: 0 шт. Страховой запас: 0 шт.
IEK,250600244_,ЩРВ-П 12 черный прозрачная дв. IP41 IEK,0.0,0.0,0.0,0.0,0.0,,0.0,0,0.0,0.0,inf,LOW,LOW,STABLE,0.25,True,False,False,Прогноз спроса: 0 шт. Свободный остаток: 0 шт. В пути: 0 шт. Страховой запас: 0 шт. Есть сигнал предыдущего stockout.
IEK,030200407_,"Выкл 1-кл. 10А б/рамки ""BRITE"" алюминий (1/100)",100.38297889200152,499.0,0.0,499.0,21.491729029249058,1.0,0.0,0,0.0,398.6170211079985,4.970962263800284,LOW,LOW,DECLINING,1.0617004264392325,False,False,False,Прогноз спроса: 100 шт. Свободный остаток: 499 шт. В пути: 0 шт. Страховой запас: 21 шт. MOQ: 1 шт. Наблюдается снижение спроса.
IEK,280300074_,Поворот 90º  50х300 IEK,0.0,0.0,0.0,0.0,0.0,,0.0,0,0.0,0.0,inf,LOW,LOW,STABLE,0.25,True,False,False,Прогноз спроса: 0 шт. Свободный остаток: 0 шт. В пути: 0 шт. Страховой запас: 0 шт. Есть сигнал предыдущего stockout.
IEK,081100768_,"Светильник аварийный ДПА 5030-1, NI-CD, пост.,1ч,IP20, IEK",1.2542647241393194,18.0,3.0,21.0,0.6271323620696597,1.0,0.0,0,0.0,19.74573527586068,16.74287699864179,LOW,LOW,STABLE,0.3406593406593406,False,False,False,Прогноз спроса: 1 шт. Свободный остаток: 18 шт. В пути: 3 шт. Страховой запас: 1 шт. MOQ: 1 шт.
IEK,030200842_,"Роз. 2-я с кр. 16А в сб IP44 ""BRITE"" бежевый (1/100)",0.005816122657889286,193.0,0.0,193.0,0.002908061328944643,1.0,0.0,0,0.0,192.99418387734212,33183.619285986846,LOW,LOW,STABLE,0.25,False,False,False,Прогноз спроса: 0 шт. Свободный остаток: 193 шт. В пути: 0 шт. Страховой запас: 0 шт. MOQ: 1 шт.
IEK,030200978_,"Роз. аудио 4-мест. ""BRITE"" сталь (1/100)",1.0252128831649281e-07,3.0,0.0,3.0,0.0,1.0,0.0,0,0.0,2.9999998974787117,29262215.187334746,LOW,LOW,STABLE,0.25,False,False,False,Прогноз спроса: 0 шт. Свободный остаток: 3 шт. В пути: 0 шт. Страховой запас: 0 шт. MOQ: 1 шт.
IEK,010700031_, BA 47-100 (3ф)  40А IEK (4/40),17.918148729587898,65.0,0.0,65.0,4.498214923722521,4.0,0.0,0,0.0,47.0818512704121,3.6276069018596067,LOW,LOW,GROWING,1.5623342175066313,False,False,False,Прогноз спроса: 18 шт. Свободный остаток: 65 шт. В пути: 0 шт. Страховой запас: 4 шт. MOQ: 4 шт. Наблюдается рост спроса.
IEK,ст-9950070,Шина соединительная PIN (штырь) 2ф 63А (1м) IEK ,0.0,0.0,0.0,0.0,0.0,,0.0,0,0.0,0.0,inf,LOW,LOW,STABLE,0.25,True,False,False,Прогноз спроса: 0 шт. Свободный остаток: 0 шт. В пути: 0 шт. Страховой запас: 0 шт. Есть сигнал предыдущего stockout.
IEK,130600229_,Реле задержки выключения ORT 1 конт. 12-240В AC/DC IEK  ORT-B1-ACDC12-240V NEW,0.0,0.0,0.0,0.0,0.0,,0.0,0,0.0,0.0,inf,LOW,LOW,STABLE,0.25,True,False,False,Прогноз спроса: 0 шт. Свободный остаток: 0 шт. В пути: 0 шт. Страховой запас: 0 шт. Есть сигнал предыдущего stockout.
IEK,251400146_,ЩРН 48 (670х330х120) IP54 TITAN 3 IEK,1.672671442855644,24.0,0.0,24.0,0.836335721427822,1.0,0.0,0,0.0,22.327328557144355,14.348304983928195,LOW,LOW,STABLE,0.4281767955801105,False,False,False,Прогноз спроса: 2 шт. Свободный остаток: 24 шт. В пути: 0 шт. Страховой запас: 1 шт. MOQ: 1 шт.
IEK,130301642_,"Колодка клеммная CP-MC-PEN земля 3 вывода 2,5мм2 IEK",0.0,290.0,0.0,290.0,0.0,100.0,0.0,0,0.0,290.0,inf,LOW,LOW,STABLE,0.25,False,False,False,Прогноз спроса: 0 шт. Свободный остаток: 290 шт. В пути: 0 шт. Страховой запас: 0 шт. MOQ: 100 шт.
IEK,030200408_,"Выкл 1-кл. с инд. б/рамки ""BRITE"" алюминий (1/100)",12.110733797613964,91.0,0.0,91.0,5.571123465394268,1.0,0.0,0,0.0,78.88926620238604,7.513995561353076,LOW,LOW,DECLINING,2.3001939864209504,False,False,False,Прогноз спроса: 12 шт. Свободный остаток: 91 шт. В пути: 0 шт. Страховой запас: 6 шт. MOQ: 1 шт. Наблюдается снижение спроса.
IEK,010700030_, BA 47-100 (3ф)  32А IEK (4/40),17.919300188011913,32.0,0.0,32.0,3.6130896289279413,4.0,0.0,0,0.0,14.080699811988087,1.7857840241667549,LOW,LOW,GROWING,1.5651846269781462,False,False,False,Прогноз спроса: 18 шт. Свободный остаток: 32 шт. В пути: 0 шт. Страховой запас: 4 шт. MOQ: 4 шт. Наблюдается рост спроса.
IEK,030200841_,"Выкл 3-кл. 10А б/рамки ""BRITE"" бежевый (1/100)",0.12478658954745889,35.0,0.0,35.0,0.062393294773729444,1.0,0.0,0,0.0,34.87521341045254,280.47885695833355,LOW,LOW,STABLE,1.885135135135135,False,False,False,Прогноз спроса: 0 шт. Свободный остаток: 35 шт. В пути: 0 шт. Страховой запас: 0 шт. MOQ: 1 шт.
IEK,130600230_,Реле задержки выключения ORT 1 конт. 230В AC IEK ORT-B1-AC230V NEW,0.0,0.0,0.0,0.0,0.0,,0.0,0,0.0,0.0,inf,LOW,LOW,STABLE,0.25,True,False,False,Прогноз спроса: 0 шт. Свободный остаток: 0 шт. В пути: 0 шт. Страховой запас: 0 шт. Есть сигнал предыдущего stockout.
IEK,251400147_,ЩРН 54 (540х440х120) IP54 TITAN 3 IEK,0.19430342281470792,4.0,0.0,4.0,0.09715171140735396,1.0,0.0,0,0.0,3.805696577185292,20.586358912547254,LOW,LOW,GROWING,1.409090909090909,False,False,False,Прогноз спроса: 0 шт. Свободный остаток: 4 шт. В пути: 0 шт. Страховой запас: 0 шт. MOQ: 1 шт. Наблюдается рост спроса.
IEK,030200980_,"Роз. 2-я TV+SAT б/рамки ""BRITE"" белый (1/100)",1.4969533171877862e-05,4.0,0.0,4.0,0.0,1.0,0.0,0,0.0,3.9999850304668283,267209.40152726334,LOW,LOW,STABLE,1.722222222222222,False,False,False,Прогноз спроса: 0 шт. Свободный остаток: 4 шт. В пути: 0 шт. Страховой запас: 0 шт. MOQ: 1 шт.
IEK,ст-9949234, УЗО ВД1-63 (4ф) 100А 30мА IEK  (24),9.335021382825993e-05,14.0,0.0,14.0,0.0,,0.0,0,0.0,13.999906649786173,149972.87553895006,LOW,LOW,STABLE,0.25,False,False,False,Прогноз спроса: 0 шт. Свободный остаток: 14 шт. В пути: 0 шт. Страховой запас: 0 шт.
IEK,130200124_,"Шина ""N"" нулевая 8х12мм комб с изол ""Стойка"" ШНИ 14 КС IEK (20)",126.8122683176375,458.0,160.0,618.0,11.34345626341454,20.0,0.0,0,0.0,491.1877316823625,4.873345522469819,LOW,LOW,GROWING,1.9313047962867456,False,False,False,Прогноз спроса: 127 шт. Свободный остаток: 458 шт. В пути: 160 шт. Страховой запас: 11 шт. MOQ: 20 шт. Наблюдается рост спроса.
IEK,010700032_, BA 47-100 (3ф)  50А IEK (4/40),18.31236173607696,44.0,0.0,44.0,4.523561005078484,4.0,0.0,0,0.0,25.68763826392304,2.402748516774663,LOW,LOW,GROWING,1.115530303030303,False,False,False,Прогноз спроса: 18 шт. Свободный остаток: 44 шт. В пути: 0 шт. Страховой запас: 5 шт. MOQ: 4 шт. Наблюдается рост спроса.
IEK,130301644_,"Заглушка для CTS 2,5/4мм2 серая IEK",2.1895783894401912,314.0,0.0,314.0,1.0947891947200956,50.0,0.0,0,0.0,311.8104216105598,143.4066035335142,LOW,LOW,DECLINING,0.3163265306122449,False,False,False,Прогноз спроса: 2 шт. Свободный остаток: 314 шт. В пути: 0 шт. Страховой запас: 1 шт. MOQ: 50 шт. Наблюдается снижение спроса.
IEK,030200844_,"Роз. TV окон б/рамки ""BRITE"" бежевый (1/100)",0.20261256270718064,22.0,0.0,22.0,0.10130628135359032,1.0,0.0,0,0.0,21.79738743729282,108.5816185632813,LOW,LOW,DECLINING,0.2897196261682243,False,False,False,Прогноз спроса: 0 шт. Свободный остаток: 22 шт. В пути: 0 шт. Страховой запас: 0 шт. MOQ: 1 шт. Наблюдается снижение спроса.
IEK,251400143_,ЩРН 12  (240х330х120) IP54 TITAN 3 IEK      ,5.341300125848199,40.0,0.0,40.0,1.4288690166235203,1.0,0.0,0,0.0,34.6586998741518,7.488813408261345,LOW,LOW,DECLINING,1.183206106870229,False,False,False,Прогноз спроса: 5 шт. Свободный остаток: 40 шт. В пути: 0 шт. Страховой запас: 1 шт. MOQ: 1 шт. Наблюдается снижение спроса.
IEK,130301646_,Заглушка для CTS 6/10мм2 серая IEK,0.30085029953592923,45.0,0.0,45.0,0.15042514976796462,50.0,0.0,0,0.0,44.69914970046407,149.57605184177604,LOW,LOW,STABLE,1.3025210084033614,False,True,False,Прогноз спроса: 0 шт. Свободный остаток: 45 шт. В пути: 0 шт. Страховой запас: 0 шт. MOQ: 50 шт. В истории обнаружена аномальная продажа.
IEK,081100771_,"Датчик движения ДД 018В белый, макс. нагрузка 1100Вт, угол обзора 270град., дальность 12м, IP44, IEK",0.0912530493924816,57.0,0.0,57.0,0.0456265246962408,1.0,0.0,0,0.0,56.908746950607515,624.6366601387928,LOW,LOW,STABLE,0.3974358974358974,False,False,False,Прогноз спроса: 0 шт. Свободный остаток: 57 шт. В пути: 0 шт. Страховой запас: 0 шт. MOQ: 1 шт.
IEK,130600225_,Реле пуска звезда-треугольник ORT 400В AC IEK ORT-ST-AC400V NEW,0.0,0.0,0.0,0.0,0.0,,0.0,0,0.0,0.0,inf,LOW,LOW,STABLE,0.25,True,False,False,Прогноз спроса: 0 шт. Свободный остаток: 0 шт. В пути: 0 шт. Страховой запас: 0 шт. Есть сигнал предыдущего stockout.
IEK,010700037_,ВА47-29 (1ф) 10А IEK (12/144) D !!!,0.000407433283970345,19.0,0.0,19.0,0.0002037166419851725,,0.0,0,0.0,18.99959256671603,46633.40170653047,LOW,LOW,STABLE,0.25,False,False,False,Прогноз спроса: 0 шт. Свободный остаток: 19 шт. В пути: 0 шт. Страховой запас: 0 шт.
IEK,020300150_,Распред. блок на DIN-рейку РБД-500А IEK,3.0092210995991508e-05,34.0,0.0,34.0,1.5046105497995754e-05,,0.0,0,0.0,33.999969907789,1129860.4813228592,LOW,LOW,STABLE,0.25,False,False,False,Прогноз спроса: 0 шт. Свободный остаток: 34 шт. В пути: 0 шт. Страховой запас: 0 шт.
IEK,030200976_,"Роз. аудио 4-мест. ""BRITE"" черный (1/100)",4.547328576062812e-05,2.0,0.0,2.0,2.273664288031406e-05,1.0,0.0,0,0.0,1.9999545267142393,43981.86685976514,LOW,LOW,STABLE,0.25,False,False,False,Прогноз спроса: 0 шт. Свободный остаток: 2 шт. В пути: 0 шт. Страховой запас: 0 шт. MOQ: 1 шт.
IEK,ст-9950702,"Трансформатор тока ТТИ-А   30\5А 5ВА кл.т.0,5 IEK (36) !!!",0.0,0.0,0.0,0.0,0.0,,0.0,0,0.0,0.0,inf,LOW,LOW,STABLE,0.25,True,False,False,Прогноз спроса: 0 шт. Свободный остаток: 0 шт. В пути: 0 шт. Страховой запас: 0 шт. Есть сигнал предыдущего stockout.
IEK,130200123_,"Шина ""N"" нулевая 8х12мм комб с изол ""Стойка"" ШНИ 12 КС IEK (20)",167.8324101705274,701.0,260.0,961.0,17.67358492685242,20.0,0.0,0,0.0,793.1675898294726,5.725950065446648,LOW,LOW,STABLE,1.138645857964846,False,True,False,Прогноз спроса: 168 шт. Свободный остаток: 701 шт. В пути: 260 шт. Страховой запас: 18 шт. MOQ: 20 шт. В истории обнаружена аномальная продажа.
IEK,280100438_,Заглушка КМЗ 40х25 черный ЭЛЕКОР IEK (4шт/компл)  ,0.0,0.0,0.0,0.0,0.0,,0.0,0,0.0,0.0,inf,LOW,LOW,STABLE,0.25,True,False,False,Прогноз спроса: 0 шт. Свободный остаток: 0 шт. В пути: 0 шт. Страховой запас: 0 шт. Есть сигнал предыдущего stockout.
IEK,130301645_,"Заглушка для CTS 2,5/4мм2 синяя IEK",0.0,121.0,0.0,121.0,0.0,50.0,0.0,0,0.0,121.0,inf,LOW,LOW,DECLINING,2.2962962962962963,False,False,False,Прогноз спроса: 0 шт. Свободный остаток: 121 шт. В пути: 0 шт. Страховой запас: 0 шт. MOQ: 50 шт. Наблюдается снижение спроса.
IEK,010700036_,ВА47-29 (1ф)  6А IEK (12/144) D !!!,0.0,1.0,0.0,1.0,0.0,,0.0,0,0.0,1.0,inf,LOW,LOW,STABLE,0.25,False,False,False,Прогноз спроса: 0 шт. Свободный остаток: 1 шт. В пути: 0 шт. Страховой запас: 0 шт.
IEK,030200406_,"Роз. с з/к/ш 16А б/рамки ""BRITE"" алюминий (1/100)",165.89477914273706,739.0,0.0,739.0,20.81455620473333,1.0,0.0,0,0.0,573.1052208572629,4.454630843832398,LOW,LOW,STABLE,1.199394968686976,False,False,False,Прогноз спроса: 166 шт. Свободный остаток: 739 шт. В пути: 0 шт. Страховой запас: 21 шт. MOQ: 1 шт.
IEK,280300073_,Поворот 90º  50х200 IEK,9.965631667451634,14.0,0.0,14.0,2.7350807422572836,1.0,0.0,0,0.0,4.034368332548366,1.4048281601380936,LOW,LOW,GROWING,0.8938869665513264,False,False,False,Прогноз спроса: 10 шт. Свободный остаток: 14 шт. В пути: 0 шт. Страховой запас: 3 шт. MOQ: 1 шт. Наблюдается рост спроса.
IEK,081100769_,"Светильник аварийный ДПА 5030-3, NI-CD, пост.,3ч,IP20, IEK",2.9219291963125977,14.0,0.0,14.0,1.4609645981562989,1.0,0.0,0,0.0,11.078070803687403,4.791354977960333,LOW,LOW,STABLE,2.425427872860636,False,True,False,Прогноз спроса: 3 шт. Свободный остаток: 14 шт. В пути: 0 шт. Страховой запас: 1 шт. MOQ: 1 шт. В истории обнаружена аномальная продажа.
IEK,250600250_,ЩРН-П 12 IEK черный прозрачная дв. IP41,0.0,0.0,0.0,0.0,0.0,,0.0,0,0.0,0.0,inf,LOW,LOW,STABLE,0.7045454545454545,True,False,False,Прогноз спроса: 0 шт. Свободный остаток: 0 шт. В пути: 0 шт. Страховой запас: 0 шт. Есть сигнал предыдущего stockout.
IEK,030200843_,"Роз. комп. 2-ая RJ45 кат.5E б/рамки ""BRITE"" бежевый (1/100)",0.2386033411422738,20.0,0.0,20.0,0.1193016705711369,1.0,0.0,0,0.0,19.761396658857727,83.82112297444506,LOW,LOW,STABLE,2.3846153846153846,False,True,False,Прогноз спроса: 0 шт. Свободный остаток: 20 шт. В пути: 0 шт. Страховой запас: 0 шт. MOQ: 1 шт. В истории обнаружена аномальная продажа.
IEK,030200977_,"Роз. аудио 4-мест. ""BRITE"" графит (1/100)",0.0,8.0,0.0,8.0,0.0,1.0,0.0,0,0.0,8.0,inf,LOW,LOW,STABLE,0.25,False,False,False,Прогноз спроса: 0 шт. Свободный остаток: 8 шт. В пути: 0 шт. Страховой запас: 0 шт. MOQ: 1 шт.
IEK,ст-9950184, BA 47-100 (4ф) 100А 10кА х-ка С IEK !!!,0.0,0.0,0.0,0.0,0.0,,0.0,0,0.0,0.0,inf,LOW,LOW,STABLE,4.0,True,False,False,Прогноз спроса: 0 шт. Свободный остаток: 0 шт. В пути: 0 шт. Страховой запас: 0 шт. Есть сигнал предыдущего stockout.
IEK,251400145_,ЩРН 36 (540х330х120) IP54 TITAN 3 IEK,1.892313639028548,5.0,3.0,8.0,0.8404859705353008,1.0,0.0,0,0.0,6.107686360971452,4.227628990777099,LOW,LOW,GROWING,0.25,True,False,False,Прогноз спроса: 2 шт. Свободный остаток: 5 шт. В пути: 3 шт. Страховой запас: 1 шт. MOQ: 1 шт. Есть сигнал предыдущего stockout. Наблюдается рост спроса.
IEK,251400144_,ЩРН 24  (410х330х120) IP54 TITAN 3 IEK,5.84068989047282,32.0,5.0,37.0,2.1651019991369145,1.0,0.0,0,0.0,31.15931010952718,6.3348680881608574,LOW,LOW,DECLINING,0.9575289575289576,False,False,False,Прогноз спроса: 6 шт. Свободный остаток: 32 шт. В пути: 5 шт. Страховой запас: 2 шт. MOQ: 1 шт. Наблюдается снижение спроса.
IEK,020100044_,Переносная вилка 035 3р+ре+n63А 380В IP 54 IEK,1.0578151675964271,8.0,0.0,8.0,0.5289075837982136,2.0,0.0,0,0.0,6.942184832403573,7.562757885366344,LOW,LOW,STABLE,0.25,False,False,False,Прогноз спроса: 1 шт. Свободный остаток: 8 шт. В пути: 0 шт. Страховой запас: 1 шт. MOQ: 2 шт.
IEK,130600218_,Реле промежут. OIR 1 конт. 16А 230В AC IEK OIR-116-AC230V NEW,3.468395082038554e-07,1.0,0.0,1.0,0.0,,0.0,0,0.0,0.9999996531604918,2883177.885871781,LOW,LOW,STABLE,0.25,False,False,False,Прогноз спроса: 0 шт. Свободный остаток: 1 шт. В пути: 0 шт. Страховой запас: 0 шт.
IEK,250600311_,ЩМПп 400х300х170мм прозр. IP66 TETRA IEK,0.0,6.0,0.0,6.0,0.0,1.0,0.0,0,0.0,6.0,inf,LOW,LOW,STABLE,0.25,False,False,False,Прогноз спроса: 0 шт. Свободный остаток: 6 шт. В пути: 0 шт. Страховой запас: 0 шт. MOQ: 1 шт.
IEK,130200073_,Замок-защелка с трехгранным ключом IP54 (22-25/44),12.752643079467752,40.0,0.0,40.0,2.7523815445295026,6.0,0.0,0,0.0,27.247356920532248,3.1366046827109546,LOW,LOW,STABLE,0.7890909090909091,False,True,False,Прогноз спроса: 13 шт. Свободный остаток: 40 шт. В пути: 0 шт. Страховой запас: 3 шт. MOQ: 6 шт. В истории обнаружена аномальная продажа.
IEK,280100447_,Поворот 90град КМП 100х60 черный ЭЛЕКОР IEK (2шт/компл) ,0.0,0.0,0.0,0.0,0.0,,0.0,0,0.0,0.0,inf,LOW,LOW,STABLE,0.25,True,False,False,Прогноз спроса: 0 шт. Свободный остаток: 0 шт. В пути: 0 шт. Страховой запас: 0 шт. Есть сигнал предыдущего stockout.
IEK,030200966_,"Роз. с з/к с з/ш 16А USB A+A 2,1А б/рамки ""BRITE"" белый (1/80)",0.13709323235799867,2.0,0.0,2.0,0.06854661617899933,1.0,0.0,0,0.0,1.8629067676420012,14.588612184570106,LOW,LOW,STABLE,0.25,False,False,False,Прогноз спроса: 0 шт. Свободный остаток: 2 шт. В пути: 0 шт. Страховой запас: 0 шт. MOQ: 1 шт.
IEK,ст-9951729,"Трансформатор тока ТТИ-А  125\5А 5ВА кл.т.0,5 IEK (36) !!!",1.2738026697606964e-06,1.0,0.0,1.0,0.0,,0.0,0,0.0,0.9999987261973302,785050.9531337891,LOW,LOW,STABLE,4.0,False,False,False,Прогноз спроса: 0 шт. Свободный остаток: 1 шт. В пути: 0 шт. Страховой запас: 0 шт.
IEK,251400133_,ЩМП 1200х800х300 IP66  TITAN 5 IEK,0.055330560902511275,6.0,0.0,6.0,0.027665280451255637,1.0,0.0,0,0.0,5.944669439097488,108.43916819443773,LOW,LOW,STABLE,4.0,False,False,False,Прогноз спроса: 0 шт. Свободный остаток: 6 шт. В пути: 0 шт. Страховой запас: 0 шт. MOQ: 1 шт.
IEK,010700084_,Распределительное устройство  РУСп – 3х16/3+1х16/5+1х32/5 У1 IP44,0.7829362881420343,3.0,0.0,3.0,0.39146814407101715,1.0,0.0,0,0.0,2.217063711857966,3.8317294081734565,LOW,LOW,DECLINING,1.55,False,False,False,Прогноз спроса: 1 шт. Свободный остаток: 3 шт. В пути: 0 шт. Страховой запас: 0 шт. MOQ: 1 шт. Наблюдается снижение спроса.
IEK,020100018_,Стационарная розетка  115 3р+ре+n 16А 380В IP 44 IEK,1.106009342062042,24.0,0.0,24.0,0.553004671031021,10.0,0.0,0,0.0,22.89399065793796,21.699635877626893,LOW,LOW,STABLE,1.8689384010484928,False,False,False,Прогноз спроса: 1 шт. Свободный остаток: 24 шт. В пути: 0 шт. Страховой запас: 1 шт. MOQ: 10 шт.
IEK,130600211_,Реле интерфейсное ORM-1 2C 220В AC с LED и тест. кнопкой ONI ORM-1-2C-AC220V-L-B NEW,5.587568785381198e-06,3.0,0.0,3.0,0.0,20.0,0.0,0,0.0,2.9999944124312146,536906.1420503537,LOW,LOW,STABLE,0.25,False,False,False,Прогноз спроса: 0 шт. Свободный остаток: 3 шт. В пути: 0 шт. Страховой запас: 0 шт. MOQ: 20 шт.
IEK,250600310_,ЩМПп 350х250х150мм прозр. IP66 TETRA IEK,0.0,5.0,0.0,5.0,0.0,1.0,0.0,0,0.0,5.0,inf,LOW,LOW,DECLINING,0.25,False,False,False,Прогноз спроса: 0 шт. Свободный остаток: 5 шт. В пути: 0 шт. Страховой запас: 0 шт. MOQ: 1 шт. Наблюдается снижение спроса.
IEK,114001002_,Мультиметр цифровой Universal M830B IEK (60),1.36575722920437,14.0,0.0,14.0,0.17205861404374284,1.0,0.0,0,0.0,12.63424277079563,10.25072370157307,LOW,LOW,STABLE,1.311178247734139,False,False,False,Прогноз спроса: 1 шт. Свободный остаток: 14 шт. В пути: 0 шт. Страховой запас: 0 шт. MOQ: 1 шт.
IEK,130301676_,"Блок зажимов БЗН ТВ-2506 2,5 мм2 25А 6 пар IEK",0.34882639673348625,39.0,0.0,39.0,0.17441319836674313,50.0,0.0,0,0.0,38.651173603266514,111.80346546364483,LOW,LOW,STABLE,0.25,False,False,False,Прогноз спроса: 0 шт. Свободный остаток: 39 шт. В пути: 0 шт. Страховой запас: 0 шт. MOQ: 50 шт.
IEK,яярп4811,LED G45 5w 230v 3000К E27 IEK,0.026108271477771453,176.0,0.0,176.0,0.013054135738885727,,0.0,0,0.0,175.97389172852223,6741.158645827862,LOW,LOW,STABLE,0.25,False,False,False,Прогноз спроса: 0 шт. Свободный остаток: 176 шт. В пути: 0 шт. Страховой запас: 0 шт.
IEK,030200851_," Рамка 3-мест. ""BRITE"" металл черный (1/50)",0.0,18.0,0.0,18.0,0.0,1.0,0.0,0,0.0,18.0,inf,LOW,LOW,DECLINING,2.2142857142857144,False,False,False,Прогноз спроса: 0 шт. Свободный остаток: 18 шт. В пути: 0 шт. Страховой запас: 0 шт. MOQ: 1 шт. Наблюдается снижение спроса.
IEK,130200074_,"Шина ""N"" нулевая 6х9мм  8/1 (крепеж по центру) IEK (10/960)",7.266797490486769,125.0,0.0,125.0,3.6333987452433845,10.0,0.0,0,0.0,117.73320250951323,17.20152517854558,LOW,LOW,DECLINING,0.401264298615292,False,False,False,Прогноз спроса: 7 шт. Свободный остаток: 125 шт. В пути: 0 шт. Страховой запас: 4 шт. MOQ: 10 шт. Наблюдается снижение спроса.
IEK,030200967_,"Роз. с з/к с з/ш 16А с USB A+A 2,1А б/рамки ""BRITE"" черный (1/80)",0.031193952708868145,4.0,0.0,4.0,0.015596976354434073,1.0,0.0,0,0.0,3.9688060472911317,128.22998218057944,LOW,LOW,STABLE,1.3478260869565215,False,False,False,Прогноз спроса: 0 шт. Свободный остаток: 4 шт. В пути: 0 шт. Страховой запас: 0 шт. MOQ: 1 шт.
IEK,130600212_,Реле общ. назнач. OGR-2 4C 24В DC ONI OGR-2-4C-DC24V NEW,0.0,3.0,0.0,3.0,0.0,,0.0,0,0.0,3.0,inf,LOW,LOW,STABLE,0.25,False,False,False,Прогноз спроса: 0 шт. Свободный остаток: 3 шт. В пути: 0 шт. Страховой запас: 0 шт.
IEK,250600309_,ЩМПп 300х200х130мм прозр. IP66 TETRA IEK,0.0,7.0,0.0,7.0,0.0,1.0,0.0,0,0.0,7.0,inf,LOW,LOW,STABLE,0.25,False,False,False,Прогноз спроса: 0 шт. Свободный остаток: 7 шт. В пути: 0 шт. Страховой запас: 0 шт. MOQ: 1 шт.
IEK,020100019_,Стационарная розетка  123 2р+е 32А 220В IP44 IEK,5.6732635305438315,61.0,0.0,61.0,2.8366317652719157,10.0,0.0,0,0.0,55.326736469456165,10.752188695551856,LOW,LOW,STABLE,0.9616788321167884,False,False,False,Прогноз спроса: 6 шт. Свободный остаток: 61 шт. В пути: 0 шт. Страховой запас: 3 шт. MOQ: 10 шт.
IEK,280100446_,Поворот 90град КМП 60х40 черный ЭЛЕКОР IEK (4шт/компл) ,0.0,2.0,0.0,2.0,0.0,,0.0,0,0.0,2.0,inf,LOW,LOW,STABLE,0.25,False,False,False,Прогноз спроса: 0 шт. Свободный остаток: 2 шт. В пути: 0 шт. Страховой запас: 0 шт.
IEK,020100017_,Стационарная розетка  114 3р+е 16А 380В IP 44 IEK,0.5300204063173751,17.0,0.0,17.0,0.26501020315868756,10.0,0.0,0,0.0,16.469979593682623,32.074236760273784,LOW,LOW,STABLE,0.4613095238095238,False,False,False,Прогноз спроса: 1 шт. Свободный остаток: 17 шт. В пути: 0 шт. Страховой запас: 0 шт. MOQ: 10 шт.
IEK,010700102_, BA 47-150 (3ф) 125А IEK (4/40),31.849862779759402,110.0,0.0,110.0,2.759604440253464,1.0,0.0,0,0.0,78.1501372202406,3.453704047664062,LOW,LOW,STABLE,0.6711074104912573,False,False,False,Прогноз спроса: 32 шт. Свободный остаток: 110 шт. В пути: 0 шт. Страховой запас: 3 шт. MOQ: 1 шт.
IEK,114001003_,Мультиметр цифровой  Professional MY64 IEK E-PRO,0.0,0.0,0.0,0.0,0.0,,0.0,0,0.0,0.0,inf,LOW,LOW,STABLE,1.722222222222222,True,False,False,Прогноз спроса: 0 шт. Свободный остаток: 0 шт. В пути: 0 шт. Страховой запас: 0 шт. Есть сигнал предыдущего stockout.
IEK,020100013_,Переносная розетка  225 3р+ре+n 32А 380В IEK,21.21375157411292,88.0,0.0,88.0,7.599649114706993,10.0,0.0,0,0.0,66.78624842588708,4.148252594198668,LOW,LOW,GROWING,0.5570530098831985,False,False,False,Прогноз спроса: 21 шт. Свободный остаток: 88 шт. В пути: 0 шт. Страховой запас: 8 шт. MOQ: 10 шт. Наблюдается рост спроса.
IEK,130600208_,Розетка ORS-G-2-2 для реле OGR-2 2C ONI ORS-G-2-2-G NEW,0.0,2.0,0.0,2.0,0.0,,0.0,0,0.0,2.0,inf,LOW,LOW,STABLE,0.25,False,False,False,Прогноз спроса: 0 шт. Свободный остаток: 2 шт. В пути: 0 шт. Страховой запас: 0 шт.
IEK,250600314_,ЩМПп 300х200х130мм серый. IP66 TETRA IEK,0.001983162319158177,6.0,0.0,6.0,0.0009915811595790885,1.0,0.0,0,0.0,5.998016837680842,3025.470957186657,LOW,LOW,STABLE,0.25,False,False,False,Прогноз спроса: 0 шт. Свободный остаток: 6 шт. В пути: 0 шт. Страховой запас: 0 шт. MOQ: 1 шт.
IEK,030200964_,"Датчик движения ""BRITE"" сталь (1/80)",7.554764723484408e-05,2.0,0.0,2.0,3.777382361742204e-05,1.0,0.0,0,0.0,1.999924452352765,26473.359174017536,LOW,LOW,STABLE,0.25,False,False,False,Прогноз спроса: 0 шт. Свободный остаток: 2 шт. В пути: 0 шт. Страховой запас: 0 шт. MOQ: 1 шт.
IEK,яярп4773, BA 47-60M (3ф) 32А 6кА B IEK !!!,0.0,0.0,0.0,0.0,0.0,,0.0,0,0.0,0.0,inf,LOW,LOW,STABLE,0.25,True,False,False,Прогноз спроса: 0 шт. Свободный остаток: 0 шт. В пути: 0 шт. Страховой запас: 0 шт. Есть сигнал предыдущего stockout.
IEK,010700118_, BA 47-100 (1ф) 100А IEK (4/40) E-PRO,0.3950462399094319,3.0,0.0,3.0,0.19752311995471594,,0.0,0,0.0,2.6049537600905683,7.594047726382052,LOW,LOW,STABLE,1.8736263736263736,False,False,False,Прогноз спроса: 0 шт. Свободный остаток: 3 шт. В пути: 0 шт. Страховой запас: 0 шт.
IEK,030200853_," Рамка 4-мест. ""BRITE"" металл черный (1/50)",5.768381332526372e-06,7.0,0.0,7.0,0.0,1.0,0.0,0,0.0,6.999994231618667,1213512.0056173918,LOW,LOW,STABLE,0.96875,False,False,False,Прогноз спроса: 0 шт. Свободный остаток: 7 шт. В пути: 0 шт. Страховой запас: 0 шт. MOQ: 1 шт.
IEK,ст-9951998,ВА47-29 (1ф) 13А IEK (144) !!!,4.885668725241114e-06,115.0,0.0,115.0,0.0,,0.0,0,0.0,114.99999511433127,23538231.195633225,LOW,LOW,STABLE,0.25,False,False,False,Прогноз спроса: 0 шт. Свободный остаток: 115 шт. В пути: 0 шт. Страховой запас: 0 шт.
IEK,251400131_,ЩМП 1200х600х300 IP66  TITAN 5 IEK,0.041978417225374355,3.0,0.0,3.0,0.020989208612687178,1.0,0.0,0,0.0,2.9580215827746255,71.46529569930078,LOW,LOW,STABLE,0.25,False,False,False,Прогноз спроса: 0 шт. Свободный остаток: 3 шт. В пути: 0 шт. Страховой запас: 0 шт. MOQ: 1 шт.
IEK,130301678_,"Блок зажимов БЗН ТВ-2512 2,5 мм2 25А 12 пар IEK",0.0,26.0,0.0,26.0,0.0,25.0,0.0,0,0.0,26.0,inf,LOW,LOW,DECLINING,0.25,False,False,False,Прогноз спроса: 0 шт. Свободный остаток: 26 шт. В пути: 0 шт. Страховой запас: 0 шт. MOQ: 25 шт. Наблюдается снижение спроса.
IEK,280300038_,Крышка на лоток осн. 500мм. IEK (6),0.14144954934350662,12.0,0.0,12.0,0.0,6.0,0.0,0,0.0,11.858550450656493,84.83590125026349,LOW,LOW,STABLE,0.8157894736842105,False,False,False,Прогноз спроса: 0 шт. Свободный остаток: 12 шт. В пути: 0 шт. Страховой запас: 0 шт. MOQ: 6 шт.
IEK,114001010_,Мультиметр цифровой Compact M182 IEK (100),1.1095487411716947,5.0,3.0,8.0,0.4238710495736498,1.0,0.0,0,0.0,6.890451258828305,7.2101384131641835,LOW,LOW,GROWING,1.907692307692308,False,False,False,Прогноз спроса: 1 шт. Свободный остаток: 5 шт. В пути: 3 шт. Страховой запас: 0 шт. MOQ: 1 шт. Наблюдается рост спроса.
IEK,020100015_,Стационарная розетка  113 2р+ре 16А 220В IP44 IEK,1.532115924131759,32.0,0.0,32.0,0.7660579620658795,10.0,0.0,0,0.0,30.46788407586824,20.88614803617697,LOW,LOW,STABLE,3.0016694490818026,False,True,False,Прогноз спроса: 2 шт. Свободный остаток: 32 шт. В пути: 0 шт. Страховой запас: 1 шт. MOQ: 10 шт. В истории обнаружена аномальная продажа.
IEK,250600313_,ЩМПп 500х400х180мм прозр. IP66 TETRA IEK,0.00024508109445282763,8.0,0.0,8.0,0.00012254054722641382,1.0,0.0,0,0.0,7.9997549189055475,32642.256710420446,LOW,LOW,STABLE,0.25,False,False,False,Прогноз спроса: 0 шт. Свободный остаток: 8 шт. В пути: 0 шт. Страховой запас: 0 шт. MOQ: 1 шт.
IEK,130200063_,"Шина ""N"" нулевая 8х12мм 14/2 (крепеж по краям) IEK (10)",8.26622142341959,73.0,0.0,73.0,2.8405398547928624,10.0,0.0,0,0.0,64.7337785765804,8.831120806076978,LOW,LOW,DECLINING,1.3352059925093631,False,False,False,Прогноз спроса: 8 шт. Свободный остаток: 73 шт. В пути: 0 шт. Страховой запас: 3 шт. MOQ: 10 шт. Наблюдается снижение спроса.
IEK,010700103_, BA 47-150 (3ф) 100А IEK (4/40) ,3.7021472986512745,10.0,4.0,14.0,1.1448799063657285,1.0,0.0,0,0.0,10.297852701348726,3.7815891347976147,LOW,LOW,GROWING,0.8346153846153846,False,False,False,Прогноз спроса: 4 шт. Свободный остаток: 10 шт. В пути: 4 шт. Страховой запас: 1 шт. MOQ: 1 шт. Наблюдается рост спроса.
IEK,280100448_,Соединитель на стык КМС 15х10 черный ЭЛЕКОР IEK (4шт/компл),0.0,0.0,0.0,0.0,0.0,,0.0,0,0.0,0.0,inf,LOW,LOW,STABLE,0.25,True,False,False,Прогноз спроса: 0 шт. Свободный остаток: 0 шт. В пути: 0 шт. Страховой запас: 0 шт. Есть сигнал предыдущего stockout.
IEK,030200965_,"Датчик движения ""BRITE"" алюминий (1/80)",5.774809550280759e-06,9.0,0.0,9.0,2.8874047751403793e-06,1.0,0.0,0,0.0,8.99999422519045,1558492.9548996883,LOW,LOW,STABLE,1.55,False,False,False,Прогноз спроса: 0 шт. Свободный остаток: 9 шт. В пути: 0 шт. Страховой запас: 0 шт. MOQ: 1 шт.
IEK,ст-9951895,"Самоклеящаяся этикетка ""Молния"" 50х50х50 IEK !!!",0.0,0.0,0.0,0.0,0.0,,0.0,0,0.0,0.0,inf,LOW,LOW,STABLE,1.0,True,False,False,Прогноз спроса: 0 шт. Свободный остаток: 0 шт. В пути: 0 шт. Страховой запас: 0 шт. Есть сигнал предыдущего stockout.
IEK,251400132_,ЩМП 1200х600х400 IP66  TITAN 5 IEK,0.0,0.0,0.0,0.0,0.0,,0.0,0,0.0,0.0,inf,LOW,LOW,STABLE,0.25,True,False,False,Прогноз спроса: 0 шт. Свободный остаток: 0 шт. В пути: 0 шт. Страховой запас: 0 шт. Есть сигнал предыдущего stockout.
IEK,130301677_,"Блок зажимов БЗН ТВ-4506 4,5 мм2 45А 6 пар IEK",0.00011205383903828422,25.0,0.0,25.0,0.0,25.0,0.0,0,0.0,24.99988794616096,223107.03689017313,LOW,LOW,STABLE,0.25,False,False,False,Прогноз спроса: 0 шт. Свободный остаток: 25 шт. В пути: 0 шт. Страховой запас: 0 шт. MOQ: 25 шт.
IEK,яярп4792, BA 47-60M (3ф) 40А 6кА С IEK !!!,0.0,0.0,0.0,0.0,0.0,,0.0,0,0.0,0.0,inf,LOW,LOW,STABLE,0.25,True,False,False,Прогноз спроса: 0 шт. Свободный остаток: 0 шт. В пути: 0 шт. Страховой запас: 0 шт. Есть сигнал предыдущего stockout.
IEK,030200852_," Рамка 3-мест. ""BRITE"" металл алюминий (1/50)",0.007677863913970124,19.0,0.0,19.0,0.003838931956985062,1.0,0.0,0,0.0,18.99232213608603,2474.646622145631,LOW,LOW,STABLE,0.25,False,False,False,Прогноз спроса: 0 шт. Свободный остаток: 19 шт. В пути: 0 шт. Страховой запас: 0 шт. MOQ: 1 шт.
IEK,280300039_,Поворот 90º вертикальный внешний   50х50 IEK,2.6934009327256924e-07,8.0,0.0,8.0,0.0,,0.0,0,0.0,7.999999730659907,29702224.80729628,LOW,LOW,STABLE,1.0,False,False,False,Прогноз спроса: 0 шт. Свободный остаток: 8 шт. В пути: 0 шт. Страховой запас: 0 шт.
IEK,130600209_,Реле интерфейсное ORM-1 4C 24В DC с LED и тест. кнопкой ONI ORM-1-4C-DC24V-L-B NEW,0.0,14.0,0.0,14.0,0.0,20.0,0.0,0,0.0,14.0,inf,LOW,LOW,STABLE,0.25,False,False,False,Прогноз спроса: 0 шт. Свободный остаток: 14 шт. В пути: 0 шт. Страховой запас: 0 шт. MOQ: 20 шт.
IEK,250600287_,ЩРВ-П 36 IP41 KREPTA 3 черный IEK E-PRO,0.08400480224622306,6.0,0.0,6.0,0.04200240112311153,,0.0,0,0.0,5.915995197753777,71.42448811930589,LOW,LOW,STABLE,2.3484848484848486,False,False,False,Прогноз спроса: 0 шт. Свободный остаток: 6 шт. В пути: 0 шт. Страховой запас: 0 шт.
IEK,251400134_,ЩМП 1200х800х400 IP66  TITAN 5 IEK,0.2198817501063943,4.0,0.0,4.0,0.10994087505319715,1.0,0.0,0,0.0,3.7801182498936057,18.19159615595436,LOW,LOW,STABLE,4.0,False,False,False,Прогноз спроса: 0 шт. Свободный остаток: 4 шт. В пути: 0 шт. Страховой запас: 0 шт. MOQ: 1 шт.
IEK,280100444_,Поворот 90град КМП 25х16 черный ЭЛЕКОР IEK (4шт/компл) ,0.0,0.0,0.0,0.0,0.0,,0.0,0,0.0,0.0,inf,LOW,LOW,STABLE,0.25,True,False,False,Прогноз спроса: 0 шт. Свободный остаток: 0 шт. В пути: 0 шт. Страховой запас: 0 шт. Есть сигнал предыдущего stockout.
IEK,010700049_, BA 47-100 (3ф)  10А IEK (4/40) !!!,0.0,0.0,0.0,0.0,0.0,,0.0,0,0.0,0.0,inf,LOW,LOW,STABLE,0.25,True,False,False,Прогноз спроса: 0 шт. Свободный остаток: 0 шт. В пути: 0 шт. Страховой запас: 0 шт. Есть сигнал предыдущего stockout.
IEK,130600216_,Реле промежут. OIR 3 конт. 16А 24В AC/DC IEK OIR-316-ACDC24V NEW,0.0,0.0,0.0,0.0,0.0,1.0,0.0,0,0.0,0.0,inf,LOW,LOW,STABLE,0.25,True,False,False,Прогноз спроса: 0 шт. Свободный остаток: 0 шт. В пути: 0 шт. Страховой запас: 0 шт. MOQ: 1 шт. Есть сигнал предыдущего stockout.
IEK,250600290_,ЩМП  400х300х200 IP66  TITAN 5 IEK,6.620370304652654,13.0,0.0,13.0,1.2716131487209466,1.0,0.0,0,0.0,6.379629695347346,1.9636363831285812,LOW,LOW,GROWING,2.162790697674419,False,False,False,Прогноз спроса: 7 шт. Свободный остаток: 13 шт. В пути: 0 шт. Страховой запас: 1 шт. MOQ: 1 шт. Наблюдается рост спроса.
IEK,030200970_,"Выкл. 1-кл. самовозвратн. 10А ""BRITE"" белый (1/100)",9.64757034460734,71.0,0.0,71.0,3.1611607836362947,1.0,0.0,0,0.0,61.35242965539266,7.359365878030271,LOW,LOW,STABLE,0.4386792452830189,False,True,False,Прогноз спроса: 10 шт. Свободный остаток: 71 шт. В пути: 0 шт. Страховой запас: 3 шт. MOQ: 1 шт. В истории обнаружена аномальная продажа.
IEK,ст-9951106,Плоский изменяемый угол 100х60  ПРАЙМЕР (96)!!!,0.0,0.0,0.0,0.0,0.0,,0.0,0,0.0,0.0,inf,LOW,LOW,STABLE,0.25,True,False,False,Прогноз спроса: 0 шт. Свободный остаток: 0 шт. В пути: 0 шт. Страховой запас: 0 шт. Есть сигнал предыдущего stockout.
IEK,яярп4849," Трансформатор тока ТТИ-85 1000/5А 15ВА 0,5 IEK !!!",5.308152225465498e-06,3.0,0.0,3.0,0.0,,0.0,0,0.0,2.9999946918477747,565168.4187969789,LOW,LOW,STABLE,0.25,False,False,False,Прогноз спроса: 0 шт. Свободный остаток: 3 шт. В пути: 0 шт. Страховой запас: 0 шт.
IEK,010700048_, BA 47-100 (1ф)  16А IEK (12/120) !!!,1.3484295545193497e-06,1.0,0.0,1.0,0.0,,0.0,0,0.0,0.9999986515704454,741603.4427964254,LOW,LOW,STABLE,4.0,False,False,False,Прогноз спроса: 0 шт. Свободный остаток: 1 шт. В пути: 0 шт. Страховой запас: 0 шт.
IEK,030200848_," Рамка 1-мест. ""BRITE"" металл алюминий (1/100)",1.1623604299073747e-06,5.0,0.0,5.0,5.811802149536874e-07,1.0,0.0,0,0.0,4.99999883763957,4301591.719186824,LOW,LOW,STABLE,0.25,False,False,False,Прогноз спроса: 0 шт. Свободный остаток: 5 шт. В пути: 0 шт. Страховой запас: 0 шт. MOQ: 1 шт.
IEK,280300055_,Поворот 90º вертикальный внутренний  50х50 IEK,0.0,0.0,0.0,0.0,0.0,,0.0,0,0.0,0.0,inf,LOW,LOW,STABLE,0.25,True,False,False,Прогноз спроса: 0 шт. Свободный остаток: 0 шт. В пути: 0 шт. Страховой запас: 0 шт. Есть сигнал предыдущего stockout.
IEK,081100778_,"Датчик движения ДД 035 белый, макс. нагрузка 500Вт, угол обзора 140град., дальность 12м, IP20, IEK E",2.774370519347209,23.0,0.0,23.0,0.28577380332470304,1.0,0.0,0,0.0,20.225629480652792,8.290168829148223,LOW,LOW,GROWING,0.58125,False,False,False,Прогноз спроса: 3 шт. Свободный остаток: 23 шт. В пути: 0 шт. Страховой запас: 0 шт. MOQ: 1 шт. Наблюдается рост спроса.
IEK,020100023_,Стационарная розетка  414 скрытая 3р+ре 16А 380В IP44 IEK,2.5358521720985505e-05,8.0,0.0,8.0,1.2679260860492753e-05,10.0,0.0,0,0.0,7.999974641478279,315475.8028887615,LOW,LOW,DECLINING,0.25,False,False,False,Прогноз спроса: 0 шт. Свободный остаток: 8 шт. В пути: 0 шт. Страховой запас: 0 шт. MOQ: 10 шт. Наблюдается снижение спроса.
IEK,250600289_,ЩРН  24 (1х24мод) 460х310х140 IP54 TITAN 5 IEK,1.4874741988623987,21.0,0.0,21.0,0.7437370994311994,1.0,0.0,0,0.0,19.512525801137603,14.117891937931113,LOW,LOW,STABLE,0.775,False,False,False,Прогноз спроса: 1 шт. Свободный остаток: 21 шт. В пути: 0 шт. Страховой запас: 1 шт. MOQ: 1 шт.
IEK,030200971_,"Выкл. 1-кл. самовозвратн. 10А ""BRITE"" черный (1/100)",0.06092699169949075,11.0,0.0,11.0,0.030463495849745375,1.0,0.0,0,0.0,10.93907300830051,180.54395421745306,LOW,LOW,STABLE,0.25,False,False,False,Прогноз спроса: 0 шт. Свободный остаток: 11 шт. В пути: 0 шт. Страховой запас: 0 шт. MOQ: 1 шт.
IEK,130301665_,Клемма вводная силовая КВС 16-95 кв.мм. синяя IEK,3.3652786380543825e-06,9.0,0.0,9.0,0.0,8.0,0.0,0,0.0,8.999996634721361,2674369.9312825105,LOW,LOW,STABLE,0.25,False,False,False,Прогноз спроса: 0 шт. Свободный остаток: 9 шт. В пути: 0 шт. Страховой запас: 0 шт. MOQ: 8 шт.
IEK,010700047_, BA 47-100 (3ф)  16А IEK (4) !!!,0.0,0.0,0.0,0.0,0.0,,0.0,0,0.0,0.0,inf,LOW,LOW,STABLE,0.25,True,False,False,Прогноз спроса: 0 шт. Свободный остаток: 0 шт. В пути: 0 шт. Страховой запас: 0 шт. Есть сигнал предыдущего stockout.
IEK,ст-9951105,Внутренний изменяемый угол 100х60  ПРАЙМЕР (72),0.0,0.0,0.0,0.0,0.0,,0.0,0,0.0,0.0,inf,LOW,LOW,STABLE,0.25,True,False,False,Прогноз спроса: 0 шт. Свободный остаток: 0 шт. В пути: 0 шт. Страховой запас: 0 шт. Есть сигнал предыдущего stockout.
IEK,130200089_,"Шина ""N"" нулевая 6х9мм с изол  12-Д-С IEK (20)",25.363333600132734,159.0,60.0,219.0,6.9698935907707185,20.0,0.0,0,0.0,193.63666639986727,8.63451167155937,LOW,LOW,GROWING,0.72073533387402,False,False,False,Прогноз спроса: 25 шт. Свободный остаток: 159 шт. В пути: 60 шт. Страховой запас: 7 шт. MOQ: 20 шт. Наблюдается рост спроса.
IEK,280100442_,Поворот 90град КМП 16х16 черный ЭЛЕКОР IEK (4шт/компл) ,0.0,0.0,0.0,0.0,0.0,,0.0,0,0.0,0.0,inf,LOW,LOW,STABLE,0.25,True,False,False,Прогноз спроса: 0 шт. Свободный остаток: 0 шт. В пути: 0 шт. Страховой запас: 0 шт. Есть сигнал предыдущего stockout.
IEK,130200085_, Кнопка управления модульная КМУ-11 IEK (12/144),1.330178155715029,12.0,0.0,12.0,0.6650890778575145,12.0,0.0,0,0.0,10.669821844284971,9.021347966392874,LOW,LOW,STABLE,0.5740740740740741,False,False,False,Прогноз спроса: 1 шт. Свободный остаток: 12 шт. В пути: 0 шт. Страховой запас: 1 шт. MOQ: 12 шт.
IEK,081100779_,"Датчик движения ДД 017 белый, макс. нагрузка 1100Вт, угол обзора 120град., дальность 12м, IP44 IEK",0.7827498067180091,9.0,0.0,9.0,0.39137490335900454,,0.0,0,0.0,8.217250193281991,11.49792682509382,LOW,LOW,GROWING,0.543859649122807,False,False,False,Прогноз спроса: 1 шт. Свободный остаток: 9 шт. В пути: 0 шт. Страховой запас: 0 шт. Наблюдается рост спроса.
IEK,280300054_,Разветвитель Т-образный 100х400 IEK,0.0,0.0,0.0,0.0,0.0,1.0,0.0,0,0.0,0.0,inf,LOW,LOW,STABLE,0.25,True,False,False,Прогноз спроса: 0 шт. Свободный остаток: 0 шт. В пути: 0 шт. Страховой запас: 0 шт. MOQ: 1 шт. Есть сигнал предыдущего stockout.
IEK,130301673_,"Блок зажимов БЗН ТВ-1504 1,5 мм2 15А 4 пары IEK",0.0026894674800241134,98.0,0.0,98.0,0.0013447337400120567,100.0,0.0,0,0.0,97.99731053251998,36438.44022204773,LOW,LOW,STABLE,0.25,False,False,False,Прогноз спроса: 0 шт. Свободный остаток: 98 шт. В пути: 0 шт. Страховой запас: 0 шт. MOQ: 100 шт.
IEK,010700068_,ВА47-29 (3ф) 16А IEK (48) B !!!,0.0,1.0,0.0,1.0,0.0,,0.0,0,0.0,1.0,inf,LOW,LOW,STABLE,2.8181818181818183,False,False,False,Прогноз спроса: 0 шт. Свободный остаток: 1 шт. В пути: 0 шт. Страховой запас: 0 шт.
IEK,яярп4814, BA 47-60M (1ф) 40А 6кА С IEK !!!,0.0,12.0,0.0,12.0,0.0,,0.0,0,0.0,12.0,inf,LOW,LOW,STABLE,0.25,False,False,False,Прогноз спроса: 0 шт. Свободный остаток: 12 шт. В пути: 0 шт. Страховой запас: 0 шт.
IEK,030200850_," Рамка 2-мест. ""BRITE"" металл алюминий (1/100)",0.0,10.0,0.0,10.0,0.0,1.0,0.0,0,0.0,10.0,inf,LOW,LOW,STABLE,0.25,False,False,False,Прогноз спроса: 0 шт. Свободный остаток: 10 шт. В пути: 0 шт. Страховой запас: 0 шт. MOQ: 1 шт.
IEK,250600293_,ЩМП  800х600х250 IP66  TITAN 5 IEK,1.0354170791914292,19.0,0.0,19.0,0.30645826251981945,1.0,0.0,0,0.0,17.96458292080857,18.350093292682935,LOW,LOW,DECLINING,0.6940298507462687,False,False,False,Прогноз спроса: 1 шт. Свободный остаток: 19 шт. В пути: 0 шт. Страховой запас: 0 шт. MOQ: 1 шт. Наблюдается снижение спроса.
IEK,030200968_,"Роз. с з/к с з/ш 16А с USB A+A 2,1А б/рамки ""BRITE"" сталь (1/80)",0.0,6.0,0.0,6.0,0.0,1.0,0.0,0,0.0,6.0,inf,LOW,LOW,STABLE,0.25,False,False,False,Прогноз спроса: 0 шт. Свободный остаток: 6 шт. В пути: 0 шт. Страховой запас: 0 шт. MOQ: 1 шт.
IEK,ст-9951436,"Трансформатор тока ТТИ-А  800\5А 5ВА кл.т.0,5 IEK (36) !!!",0.0,0.0,0.0,0.0,0.0,,0.0,0,0.0,0.0,inf,LOW,LOW,STABLE,0.25,True,False,False,Прогноз спроса: 0 шт. Свободный остаток: 0 шт. В пути: 0 шт. Страховой запас: 0 шт. Есть сигнал предыдущего stockout.
IEK,020100020_,Стационарная розетка  124 3р+ре 32А 380В IP 44 IEK,9.275336517473077,62.0,30.0,92.0,1.840136996711642,10.0,0.0,0,0.0,82.72466348252692,9.918777591162158,LOW,LOW,STABLE,0.6108798223702471,False,True,False,Прогноз спроса: 9 шт. Свободный остаток: 62 шт. В пути: 30 шт. Страховой запас: 2 шт. MOQ: 10 шт. В истории обнаружена аномальная продажа.
IEK,251400135_,ЩМП 1400х600х300 IP66  TITAN 5 IEK,0.13418985375660952,1.0,0.0,1.0,0.06709492687830476,1.0,0.0,0,0.0,0.8658101462433905,7.45212824967957,LOW,LOW,STABLE,3.875,False,False,False,Прогноз спроса: 0 шт. Свободный остаток: 1 шт. В пути: 0 шт. Страховой запас: 0 шт. MOQ: 1 шт.
IEK,130301674_,Блок зажимов БЗН ТВ-1004 10 мм2 100А 4 пары IEK,0.03437845717535633,18.0,0.0,18.0,0.017189228587678164,10.0,0.0,0,0.0,17.965621542824643,523.5837055801045,LOW,LOW,STABLE,0.25,False,False,False,Прогноз спроса: 0 шт. Свободный остаток: 18 шт. В пути: 0 шт. Страховой запас: 0 шт. MOQ: 10 шт.
IEK,010700058_,ВА 44-33 (3ф) 160А IEK (1/20)*,0.0,0.0,0.0,0.0,0.0,,0.0,0,0.0,0.0,inf,LOW,LOW,STABLE,0.25,True,False,False,Прогноз спроса: 0 шт. Свободный остаток: 0 шт. В пути: 0 шт. Страховой запас: 0 шт. Есть сигнал предыдущего stockout.
IEK,280300049_,Разветвитель Т-образный  50х300 IEK,0.0,0.0,0.0,0.0,0.0,,0.0,0,0.0,0.0,inf,LOW,LOW,STABLE,0.25,True,False,False,Прогноз спроса: 0 шт. Свободный остаток: 0 шт. В пути: 0 шт. Страховой запас: 0 шт. Есть сигнал предыдущего stockout.
IEK,130301675_,"Блок зажимов БЗН ТВ-1506 1,5 мм2 15А 6 пар IEK",0.4814125049403033,9.0,0.0,9.0,0.24070625247015165,100.0,0.0,0,0.0,8.518587495059696,18.694985916736893,LOW,LOW,STABLE,0.25,False,True,False,Прогноз спроса: 0 шт. Свободный остаток: 9 шт. В пути: 0 шт. Страховой запас: 0 шт. MOQ: 100 шт. В истории обнаружена аномальная продажа.
IEK,250600292_,ЩМП  600х500х200 IP66  TITAN 5 IEK,0.006933461765100584,6.0,0.0,6.0,0.003466730882550292,1.0,0.0,0,0.0,5.993066538234899,865.3685854591221,LOW,LOW,STABLE,0.9393939393939394,False,False,False,Прогноз спроса: 0 шт. Свободный остаток: 6 шт. В пути: 0 шт. Страховой запас: 0 шт. MOQ: 1 шт.
IEK,130200075_,"Шина ""N"" нулевая 6х9мм  8/2 (крепеж по краям) IEK (10/960)",13.84383037413394,82.0,0.0,82.0,2.987156535347053,10.0,0.0,0,0.0,68.15616962586606,5.923216175287026,LOW,LOW,GROWING,1.4925925925925927,False,False,False,Прогноз спроса: 14 шт. Свободный остаток: 82 шт. В пути: 0 шт. Страховой запас: 3 шт. MOQ: 10 шт. Наблюдается рост спроса.
IEK,280100445_,Поворот 90град КМП 40х25 черный ЭЛЕКОР IEK (4шт/компл) ,0.0,0.0,0.0,0.0,0.0,,0.0,0,0.0,0.0,inf,LOW,LOW,STABLE,0.25,True,False,False,Прогноз спроса: 0 шт. Свободный остаток: 0 шт. В пути: 0 шт. Страховой запас: 0 шт. Есть сигнал предыдущего stockout.
IEK,020100021_,Стационарная розетка  125 3р+ре+n 32А 380В IP 44 IEK,18.99839067741229,89.0,0.0,89.0,1.3675403711288616,10.0,0.0,0,0.0,70.00160932258771,4.684607318124822,LOW,LOW,STABLE,1.5082664147378364,False,True,False,Прогноз спроса: 19 шт. Свободный остаток: 89 шт. В пути: 0 шт. Страховой запас: 1 шт. MOQ: 10 шт. В истории обнаружена аномальная продажа.
IEK,030200969_,"Роз. с з/к с з/ш 16А с USB A+A 2,1А б/рамки ""BRITE"" алюминий (1/80)",0.0,4.0,0.0,4.0,0.0,1.0,0.0,0,0.0,4.0,inf,LOW,LOW,STABLE,0.25,False,False,False,Прогноз спроса: 0 шт. Свободный остаток: 4 шт. В пути: 0 шт. Страховой запас: 0 шт. MOQ: 1 шт.
IEK,ст-9951312,"Вольтметр Э47 100В кл.точн. 1,5 96*96мм !!!",5.388722756464652e-06,9.0,0.0,9.0,0.0,,0.0,0,0.0,8.999994611277243,1670154.5814735098,LOW,LOW,STABLE,0.25,False,False,False,Прогноз спроса: 0 шт. Свободный остаток: 9 шт. В пути: 0 шт. Страховой запас: 0 шт.
IEK,010700055_,ВА 44-33 (3ф)  80А IEK (1/20) ,0.10040579341201948,4.0,0.0,4.0,0.0,1.0,0.0,0,0.0,3.8995942065879805,39.83833864631524,LOW,LOW,STABLE,0.96875,False,False,False,Прогноз спроса: 0 шт. Свободный остаток: 4 шт. В пути: 0 шт. Страховой запас: 0 шт. MOQ: 1 шт.
IEK,яярп4829, BA 47-60M (3ф) 20А 6кА С IEK !!!,0.0,0.0,0.0,0.0,0.0,,0.0,0,0.0,0.0,inf,LOW,LOW,STABLE,0.25,True,False,False,Прогноз спроса: 0 шт. Свободный остаток: 0 шт. В пути: 0 шт. Страховой запас: 0 шт. Есть сигнал предыдущего stockout.
IEK,030200849_," Рамка 2-мест. ""BRITE"" металл черный (1/100)",0.041178250274291284,3.0,0.0,3.0,0.020589125137145642,1.0,0.0,0,0.0,2.9588217497257085,72.85399403852239,LOW,LOW,DECLINING,0.25,False,False,False,Прогноз спроса: 0 шт. Свободный остаток: 3 шт. В пути: 0 шт. Страховой запас: 0 шт. MOQ: 1 шт. Наблюдается снижение спроса.
IEK,130600215_,Реле общ. назнач. OGR-2 2C 220В AC ONI OGR-2-2C-AC220V NEW,0.0008679926843998613,8.0,0.0,8.0,0.00043399634219993063,,0.0,0,0.0,7.9991320073156,9216.667540846014,LOW,LOW,STABLE,0.25,False,False,False,Прогноз спроса: 0 шт. Свободный остаток: 8 шт. В пути: 0 шт. Страховой запас: 0 шт.
IEK,250600291_,ЩМП  500х400х250 IP66  TITAN 5 IEK,0.0,0.0,0.0,0.0,0.0,1.0,0.0,0,0.0,0.0,inf,LOW,LOW,STABLE,0.25,False,False,False,Прогноз спроса: 0 шт. Свободный остаток: 0 шт. В пути: 0 шт. Страховой запас: 0 шт. MOQ: 1 шт.
IEK,030200948_,"Роз. с з/к с з/ш 16А с USB A+C 18Вт б/рамки ""BRITE"" графит (1/80)",0.0,21.0,0.0,21.0,0.0,1.0,0.0,0,0.0,21.0,inf,LOW,LOW,STABLE,3.875,False,False,False,Прогноз спроса: 0 шт. Свободный остаток: 21 шт. В пути: 0 шт. Страховой запас: 0 шт. MOQ: 1 шт.
IEK,ярп5628,Предохранитель ППНИ-37  (355А) габарит 2 IEK !!!,4.689309205964466e-06,12.0,0.0,12.0,0.0,,0.0,0,0.0,11.999995310690794,2559012.3135273014,LOW,LOW,STABLE,0.25,False,False,False,Прогноз спроса: 0 шт. Свободный остаток: 12 шт. В пути: 0 шт. Страховой запас: 0 шт.
IEK,130301706_,Заглушка для CTS 6/10мм2 синяя IEK,0.04061098424162859,20.0,0.0,20.0,0.020305492120814294,50.0,0.0,0,0.0,19.959389015758372,492.4775986960408,LOW,LOW,STABLE,0.25,False,False,False,Прогноз спроса: 0 шт. Свободный остаток: 20 шт. В пути: 0 шт. Страховой запас: 0 шт. MOQ: 50 шт.
IEK,010800018_,ВА 88-32 (3ф)  25А IEK (1/20),6.533883177187561,40.0,40.0,80.0,0.4695742752749433,1.0,0.0,0,0.0,73.46611682281244,12.243867518065288,LOW,LOW,GROWING,1.1772151898734178,False,False,False,Прогноз спроса: 7 шт. Свободный остаток: 40 шт. В пути: 40 шт. Страховой запас: 0 шт. MOQ: 1 шт. Наблюдается рост спроса.
IEK,280200073_,Т-образный угол КМТ 60х40 Белый ЭЛЕКОР IEK (4),13.923443336899659,67.0,0.0,67.0,3.7832663356769722,1.0,0.0,0,0.0,53.07655666310034,4.812028057918533,LOW,LOW,GROWING,0.6492146596858639,False,False,False,Прогноз спроса: 14 шт. Свободный остаток: 67 шт. В пути: 0 шт. Страховой запас: 4 шт. MOQ: 1 шт. Наблюдается рост спроса.
IEK,120100060_,Контактор  КМИ-35062 50А 220В  IP54 (3вел в корпусе) IEK (1/6),2.7263559685742725e-05,3.0,0.0,3.0,1.3631779842871362e-05,1.0,0.0,0,0.0,2.999972736440314,110036.98836762052,LOW,LOW,STABLE,0.25,False,False,False,Прогноз спроса: 0 шт. Свободный остаток: 3 шт. В пути: 0 шт. Страховой запас: 0 шт. MOQ: 1 шт.
IEK,251400088_,ЩРВ 144 (3х48мод) 755х885х130 IP31 TITAN 5 IEK,0.0003534232482493883,1.0,0.0,1.0,0.00017671162412469414,1.0,0.0,0,0.0,0.9996465767517506,2829.4686468796294,LOW,LOW,STABLE,0.25,False,False,False,Прогноз спроса: 0 шт. Свободный остаток: 1 шт. В пути: 0 шт. Страховой запас: 0 шт. MOQ: 1 шт.
IEK,130500003_,Изолятор SM40 IEK (10),0.008263058415436545,3.0,0.0,3.0,0.004131529207718272,,0.0,0,0.0,2.9917369415845636,363.0616957028383,LOW,LOW,STABLE,0.25,False,False,False,Прогноз спроса: 0 шт. Свободный остаток: 3 шт. В пути: 0 шт. Страховой запас: 0 шт.
IEK,130600025_,Тепловое реле РТИ-3355 (30-40А) IEK (50),12.77299122717306,63.0,0.0,63.0,4.192701992748828,1.0,0.0,0,0.0,50.22700877282694,4.932282413689817,LOW,LOW,DECLINING,1.395303326810176,False,False,False,Прогноз спроса: 13 шт. Свободный остаток: 63 шт. В пути: 0 шт. Страховой запас: 4 шт. MOQ: 1 шт. Наблюдается снижение спроса.
IEK,251400063_,ЩРВ-П 12  бел. дв. IP41 UNION Compact IEK,0.23405756652725548,12.0,0.0,12.0,0.11702878326362774,8.0,0.0,0,0.0,11.765942433472745,51.269438446471355,LOW,LOW,STABLE,0.25,False,False,False,Прогноз спроса: 0 шт. Свободный остаток: 12 шт. В пути: 0 шт. Страховой запас: 0 шт. MOQ: 8 шт.
IEK,030200890_,"Заглушка c суппортом ""BRITE"" сталь (1/200)",0.0,14.0,0.0,14.0,0.0,1.0,0.0,0,0.0,14.0,inf,LOW,LOW,STABLE,4.0,False,False,False,Прогноз спроса: 0 шт. Свободный остаток: 14 шт. В пути: 0 шт. Страховой запас: 0 шт. MOQ: 1 шт.
IEK,030200911_,"Вывод кабеля ""BRITE"" черный (1/200)",4.578400745381739,27.0,0.0,27.0,1.8175303757204888,1.0,0.0,0,0.0,22.42159925461826,5.897255723460876,LOW,LOW,DECLINING,1.2771535580524345,False,False,False,Прогноз спроса: 5 шт. Свободный остаток: 27 шт. В пути: 0 шт. Страховой запас: 2 шт. MOQ: 1 шт. Наблюдается снижение спроса.
IEK,120100119_, Контактор КМИ-46512 65А 400В (4вел) IEK (1/20),16.554495853893297,61.0,0.0,61.0,3.290744596592085,1.0,0.0,0,0.0,44.4455041461067,3.6847996180840497,LOW,LOW,STABLE,1.8836251287332648,False,False,False,Прогноз спроса: 17 шт. Свободный остаток: 61 шт. В пути: 0 шт. Страховой запас: 3 шт. MOQ: 1 шт.
IEK,010800017_,ВА 88-32 (3ф)  80А IEK (1/20),15.780553167858985,70.0,20.0,90.0,2.4888585067590063,1.0,0.0,0,0.0,74.21944683214102,5.703222126795108,LOW,LOW,STABLE,0.8314176245210728,False,False,False,Прогноз спроса: 16 шт. Свободный остаток: 70 шт. В пути: 20 шт. Страховой запас: 2 шт. MOQ: 1 шт.
IEK,щщ11503042,"ВА47-29 (3ф) 50А 4,5кА х-ка D IEK !!!",0.0,0.0,0.0,0.0,0.0,,0.0,0,0.0,0.0,inf,LOW,LOW,STABLE,4.0,True,False,False,Прогноз спроса: 0 шт. Свободный остаток: 0 шт. В пути: 0 шт. Страховой запас: 0 шт. Есть сигнал предыдущего stockout.
IEK,010800054_,Контакт состояния КС47 на DIN-рейку  НОВЫЕ IEK (320) !!!,0.0,0.0,0.0,0.0,0.0,,0.0,0,0.0,0.0,inf,LOW,LOW,STABLE,3.321428571428572,True,False,False,Прогноз спроса: 0 шт. Свободный остаток: 0 шт. В пути: 0 шт. Страховой запас: 0 шт. Есть сигнал предыдущего stockout.
IEK,280200052_,Поворот 90° КМП 15х10 Белый ЭЛЕКОР IEK (4),19.27590867068898,140.0,0.0,140.0,4.817641193225853,1.0,0.0,0,0.0,120.72409132931102,7.262952029487695,LOW,LOW,DECLINING,0.7231237322515213,False,False,False,Прогноз спроса: 19 шт. Свободный остаток: 140 шт. В пути: 0 шт. Страховой запас: 5 шт. MOQ: 1 шт. Наблюдается снижение спроса.
IEK,130600027_,Реле РЭК78/3(MY3)  5А 220В АC IEK (20/500),8.853828643327608,55.0,0.0,55.0,3.881293276731358,20.0,0.0,0,0.0,46.14617135667239,6.212001859946647,LOW,LOW,GROWING,0.25,False,False,False,Прогноз спроса: 9 шт. Свободный остаток: 55 шт. В пути: 0 шт. Страховой запас: 4 шт. MOQ: 20 шт. Наблюдается рост спроса.
IEK,251400062_,ЩРВ-П  8  бел. дв. IP41 UNION Compact IEK,0.0,7.0,0.0,7.0,0.0,8.0,0.0,0,0.0,7.0,inf,LOW,LOW,STABLE,2.2142857142857144,False,False,False,Прогноз спроса: 0 шт. Свободный остаток: 7 шт. В пути: 0 шт. Страховой запас: 0 шт. MOQ: 8 шт.
IEK,251400089_,ЩРВ 180 (3х60мод) 880х885х130 IP31 TITAN 5 IEK,3.8711977901430695e-07,1.0,0.0,1.0,0.0,1.0,0.0,0,0.0,0.999999612880221,2583179.817229237,LOW,LOW,STABLE,0.25,False,False,False,Прогноз спроса: 0 шт. Свободный остаток: 1 шт. В пути: 0 шт. Страховой запас: 0 шт. MOQ: 1 шт.
IEK,280200080_,Заглушка КМЗ 25х16 Белый ЭЛЕКОР IEK (4),42.904030378436225,252.0,0.0,252.0,21.452015189218113,1.0,0.0,0,0.0,209.09596962156377,5.873574062325306,LOW,LOW,DECLINING,0.4352786309784993,False,False,False,Прогноз спроса: 43 шт. Свободный остаток: 252 шт. В пути: 0 шт. Страховой запас: 21 шт. MOQ: 1 шт. Наблюдается снижение спроса.
IEK,120100059_,Контактор  КМИ-23260 32А 220В  IP54 (2вел в корпусе) IEK (1/16),2.442762560956344,5.0,0.0,5.0,0.5856620185738524,1.0,0.0,0,0.0,2.557237439043656,2.046862875629834,LOW,LOW,GROWING,0.6,True,False,False,Прогноз спроса: 2 шт. Свободный остаток: 5 шт. В пути: 0 шт. Страховой запас: 1 шт. MOQ: 1 шт. Есть сигнал предыдущего stockout. Наблюдается рост спроса.
IEK,010800016_,ВА 88-32 (3ф)  63А IEK (1/20),18.698852320095845,75.0,30.0,105.0,3.8260619440882047,1.0,0.0,0,0.0,86.30114767990415,5.615317892379707,LOW,LOW,GROWING,0.6012121212121212,False,False,False,Прогноз спроса: 19 шт. Свободный остаток: 75 шт. В пути: 30 шт. Страховой запас: 4 шт. MOQ: 1 шт. Наблюдается рост спроса.
IEK,ярп40257,Выключатель 1кл о/у 10А IP54 AQUATIC ВС-20-1-0-А IEK,44.091019124829046,156.0,100.0,256.0,8.426209112050318,10.0,0.0,0,0.0,211.90898087517095,5.806171077044539,LOW,LOW,GROWING,0.5428743961352657,False,False,False,Прогноз спроса: 44 шт. Свободный остаток: 156 шт. В пути: 100 шт. Страховой запас: 8 шт. MOQ: 10 шт. Наблюдается рост спроса.
IEK,030200889_,"Заглушка c суппортом ""BRITE"" алюминий (1/200)",0.0,88.0,0.0,88.0,0.0,1.0,0.0,0,0.0,88.0,inf,LOW,LOW,STABLE,0.25,False,False,False,Прогноз спроса: 0 шт. Свободный остаток: 88 шт. В пути: 0 шт. Страховой запас: 0 шт. MOQ: 1 шт.
IEK,010800053_,Расцепитель независимый РН-800/1600 IEK !!!,4.933401814321392e-06,71.0,0.0,71.0,0.0,,0.0,0,0.0,70.99999506659819,14391692.116764326,LOW,LOW,STABLE,0.25,False,False,False,Прогноз спроса: 0 шт. Свободный остаток: 71 шт. В пути: 0 шт. Страховой запас: 0 шт.
IEK,щщщ0115439,"Трансформатор тока ТТИ-А   80\5А 5ВА кл.т.0,5 IEK (36) !!!",0.0,0.0,0.0,0.0,0.0,,0.0,0,0.0,0.0,inf,LOW,LOW,STABLE,0.25,True,False,False,Прогноз спроса: 0 шт. Свободный остаток: 0 шт. В пути: 0 шт. Страховой запас: 0 шт. Есть сигнал предыдущего stockout.
IEK,030200910_,"Вывод кабеля ""BRITE"" графит (1/200)",0.22982296344067107,8.0,0.0,8.0,0.11491148172033554,1.0,0.0,0,0.0,7.770177036559329,34.80940233400656,LOW,LOW,STABLE,0.6458333333333334,False,False,False,Прогноз спроса: 0 шт. Свободный остаток: 8 шт. В пути: 0 шт. Страховой запас: 0 шт. MOQ: 1 шт.
IEK,251400064_,ЩРВ-П 18  бел. дв. IP41 UNION Compact IEK,0.00016496769480897253,17.0,0.0,17.0,8.248384740448627e-05,4.0,0.0,0,0.0,16.999835032305192,103050.4791843365,LOW,LOW,STABLE,4.0,False,False,False,Прогноз спроса: 0 шт. Свободный остаток: 17 шт. В пути: 0 шт. Страховой запас: 0 шт. MOQ: 4 шт.
IEK,010800021_,Привод ручной ПРП-1  160A для ВА88-33 IEK (12) !!!,0.0,3.0,0.0,3.0,0.0,,0.0,0,0.0,3.0,inf,LOW,LOW,STABLE,0.25,False,False,False,Прогноз спроса: 0 шт. Свободный остаток: 3 шт. В пути: 0 шт. Страховой запас: 0 шт.
IEK,251400086_,ЩРВ 168 (2х84мод) 1130х625х130 IP31 TITAN 5 IEK,7.906776422750643e-05,4.0,0.0,4.0,0.0,1.0,0.0,0,0.0,3.9999209322357725,50589.51696788289,LOW,LOW,STABLE,1.722222222222222,False,False,False,Прогноз спроса: 0 шт. Свободный остаток: 4 шт. В пути: 0 шт. Страховой запас: 0 шт. MOQ: 1 шт.
IEK,280200071_,Т-образный угол КМТ 40х16 Белый ЭЛЕКОР IEK (4),0.05201616509347179,86.0,0.0,86.0,0.026008082546735894,1.0,0.0,0,0.0,85.94798383490652,1653.3321871279838,LOW,LOW,STABLE,0.25,False,False,False,Прогноз спроса: 0 шт. Свободный остаток: 86 шт. В пути: 0 шт. Страховой запас: 0 шт. MOQ: 1 шт.
IEK,120100067_,"  Пускатель ПРК32 1,6 In=1,6А Ir=1-1,6А Ue 660В IEK (1/50) !!!",0.0,0.0,0.0,0.0,0.0,,0.0,0,0.0,0.0,inf,LOW,LOW,STABLE,0.25,True,False,False,Прогноз спроса: 0 шт. Свободный остаток: 0 шт. В пути: 0 шт. Страховой запас: 0 шт. Есть сигнал предыдущего stockout.
IEK,130600022_,Тепловое реле РТИ-1316 (9-13А) IEK (1/100),9.174079243133269,65.0,0.0,65.0,2.53357454991954,1.0,0.0,0,0.0,55.82592075686673,7.085179697859273,LOW,LOW,GROWING,1.950503355704698,False,False,False,Прогноз спроса: 9 шт. Свободный остаток: 65 шт. В пути: 0 шт. Страховой запас: 3 шт. MOQ: 1 шт. Наблюдается рост спроса.
IEK,251400066_,ЩРН  48 (1х48мод) 710х310х140 IP54 TITAN 5 IEK,0.07712813087753041,4.0,0.0,4.0,0.038564065438765206,1.0,0.0,0,0.0,3.9228718691224698,51.86175205453231,LOW,LOW,DECLINING,3.5769230769230766,False,False,False,Прогноз спроса: 0 шт. Свободный остаток: 4 шт. В пути: 0 шт. Страховой запас: 0 шт. MOQ: 1 шт. Наблюдается снижение спроса.
IEK,120100089_,Контактор  КТИ 5265  265А 400В IEK (1/2) ,0.061330771544594716,3.0,3.0,6.0,0.030665385772297358,1.0,0.0,0,0.0,5.938669228455406,97.83017315601991,LOW,LOW,DECLINING,1.55,True,False,False,Прогноз спроса: 0 шт. Свободный остаток: 3 шт. В пути: 3 шт. Страховой запас: 0 шт. MOQ: 1 шт. Есть сигнал предыдущего stockout. Наблюдается снижение спроса.
IEK,030200909_,"Вывод кабеля ""BRITE"" сталь (1/200)",0.5359753665759867,10.0,0.0,10.0,0.26798768328799333,1.0,0.0,0,0.0,9.464024633424014,18.65757388046354,LOW,LOW,STABLE,0.8794326241134751,False,False,False,Прогноз спроса: 1 шт. Свободный остаток: 10 шт. В пути: 0 шт. Страховой запас: 0 шт. MOQ: 1 шт.
IEK,010800020_,Привод ручной ПРП-1  125A для ВА88-32 IEK (12) !!!,6.520805248293314e-07,2.0,0.0,2.0,0.0,,0.0,0,0.0,1.999999347919475,3067105.8616931685,LOW,LOW,STABLE,4.0,False,False,False,Прогноз спроса: 0 шт. Свободный остаток: 2 шт. В пути: 0 шт. Страховой запас: 0 шт.
IEK,030200912_,"Роз. USB A+A 3,1А б/рамки ""BRITE"" белый (1/80)",0.09465289896587176,4.0,0.0,4.0,0.0,1.0,0.0,0,0.0,3.905347101034128,42.259667096326844,LOW,LOW,STABLE,0.25,False,False,False,Прогноз спроса: 0 шт. Свободный остаток: 4 шт. В пути: 0 шт. Страховой запас: 0 шт. MOQ: 1 шт.
IEK,щщщ0115997,Зажим анкерный ЗАС 4х95-150/43200 (PA4120) IEK,0.0,0.0,0.0,0.0,0.0,,0.0,0,0.0,0.0,inf,LOW,LOW,STABLE,0.25,True,False,False,Прогноз спроса: 0 шт. Свободный остаток: 0 шт. В пути: 0 шт. Страховой запас: 0 шт. Есть сигнал предыдущего stockout.
IEK,130600023_,Тепловое реле РТИ-1322 (17-25А) IEK (1/100),30.009213858645282,130.0,40.0,170.0,6.8254487031989335,1.0,0.0,0,0.0,139.9907861413547,5.66492680550594,LOW,LOW,DECLINING,0.980185497470489,False,False,False,Прогноз спроса: 30 шт. Свободный остаток: 130 шт. В пути: 40 шт. Страховой запас: 7 шт. MOQ: 1 шт. Наблюдается снижение спроса.
IEK,251400065_,ЩРН  12 (1х12мод) 335х310х140 IP54 TITAN 5 IEK,1.0032329509127458,17.0,0.0,17.0,0.42024298526765047,1.0,0.0,0,0.0,15.996767049087254,16.945216945409662,LOW,LOW,GROWING,1.5121951219512195,False,False,False,Прогноз спроса: 1 шт. Свободный остаток: 17 шт. В пути: 0 шт. Страховой запас: 0 шт. MOQ: 1 шт. Наблюдается рост спроса.
IEK,030200891_,"Заглушка c суппортом ""BRITE"" графит (1/200)",0.15772532969379494,5.0,0.0,5.0,0.07886266484689747,1.0,0.0,0,0.0,4.842274670306205,31.700678703331345,LOW,LOW,STABLE,0.8857142857142857,False,False,False,Прогноз спроса: 0 шт. Свободный остаток: 5 шт. В пути: 0 шт. Страховой запас: 0 шт. MOQ: 1 шт.
IEK,280200072_,Т-образный угол КМТ 40х25 Белый ЭЛЕКОР IEK (4),23.359153396468972,224.0,0.0,224.0,7.5827051021826435,1.0,0.0,0,0.0,200.64084660353103,9.589388630576842,LOW,LOW,GROWING,2.320108205590622,False,False,False,Прогноз спроса: 23 шт. Свободный остаток: 224 шт. В пути: 0 шт. Страховой запас: 8 шт. MOQ: 1 шт. Наблюдается рост спроса.
IEK,120100066_,"  Пускатель ПРК32 0,63-1А 380В IEK (1) !!!",0.0,1.0,0.0,1.0,0.0,,0.0,0,0.0,1.0,inf,LOW,LOW,STABLE,4.0,False,False,False,Прогноз спроса: 0 шт. Свободный остаток: 1 шт. В пути: 0 шт. Страховой запас: 0 шт.
IEK,010800019_,ВА 88-40 (3ф) 400А IEK (1/4) E-PRO,0.0,0.0,0.0,0.0,0.0,,0.0,0,0.0,0.0,inf,LOW,LOW,STABLE,0.25,True,False,False,Прогноз спроса: 0 шт. Свободный остаток: 0 шт. В пути: 0 шт. Страховой запас: 0 шт. Есть сигнал предыдущего stockout.
IEK,251400087_,ЩРВ 108 (3х36мод) 630х885х130 IP31 TITAN 5 IEK,5.152396522635394e-06,2.0,0.0,2.0,0.0,1.0,0.0,0,0.0,1.9999948476034775,388168.88242464344,LOW,LOW,STABLE,0.25,False,False,False,Прогноз спроса: 0 шт. Свободный остаток: 2 шт. В пути: 0 шт. Страховой запас: 0 шт. MOQ: 1 шт.
IEK,130500004_,Изолятор SM51 IEK (10),8.344115652189977e-05,5.0,0.0,5.0,0.0,,0.0,0,0.0,4.999916558843478,59922.46762169112,LOW,LOW,STABLE,1.9375,False,False,False,Прогноз спроса: 0 шт. Свободный остаток: 5 шт. В пути: 0 шт. Страховой запас: 0 шт.
IEK,120100118_, Контактор КМИ-46512 65А 230В (4вел) IEK (1/20),54.41214704726516,226.0,3.0,229.0,15.408615014551653,1.0,0.0,0,0.0,174.58785295273483,4.208619075462671,LOW,LOW,DECLINING,0.9660364145658265,False,False,False,Прогноз спроса: 54 шт. Свободный остаток: 226 шт. В пути: 3 шт. Страховой запас: 15 шт. MOQ: 1 шт. Наблюдается снижение спроса.
IEK,280200053_,Поворот 90° КМП 16х16 Белый ЭЛЕКОР IEK (4),16.264715316820425,68.0,0.0,68.0,6.201028140558626,1.0,0.0,0,0.0,51.73528468317957,4.180829401279263,LOW,LOW,GROWING,0.60546875,False,False,False,Прогноз спроса: 16 шт. Свободный остаток: 68 шт. В пути: 0 шт. Страховой запас: 6 шт. MOQ: 1 шт. Наблюдается рост спроса.
IEK,130600024_,Тепловое реле РТИ-2355 (28-36А) IEK (60),2.5745619731383576,23.0,0.0,23.0,0.14288690166234613,1.0,0.0,0,0.0,20.42543802686164,8.93355850042456,LOW,LOW,DECLINING,0.7602179836512262,False,False,False,Прогноз спроса: 3 шт. Свободный остаток: 23 шт. В пути: 0 шт. Страховой запас: 0 шт. MOQ: 1 шт. Наблюдается снижение спроса.
IEK,щщ0001050,"Наконечник НВИ 2-5 вилка 1,5-2,5мм (100 шт) IEK !",5.239683669284038e-05,7.0,0.0,7.0,2.619841834642019e-05,,0.0,0,0.0,6.999947603163307,133595.85123497533,LOW,LOW,STABLE,0.25,False,False,False,Прогноз спроса: 0 шт. Свободный остаток: 7 шт. В пути: 0 шт. Страховой запас: 0 шт.
IEK,130600031_,"Тепловое реле РТИ-1307 (1,6-2,5А) IEK (1/100)",3.0040323689731734,17.0,15.0,32.0,0.9304120950775954,1.0,0.0,0,0.0,28.995967631026826,10.652348600004638,LOW,LOW,GROWING,2.2868852459016398,False,False,False,Прогноз спроса: 3 шт. Свободный остаток: 17 шт. В пути: 15 шт. Страховой запас: 1 шт. MOQ: 1 шт. Наблюдается рост спроса.
IEK,251400092_,ЩМП  300х300х150 IP66  TITAN 5 IEK,1.99911463370597,17.0,0.0,17.0,0.949956139338373,1.0,0.0,0,0.0,15.00088536629403,8.503764473218478,LOW,LOW,STABLE,0.3039215686274509,False,False,False,Прогноз спроса: 2 шт. Свободный остаток: 17 шт. В пути: 0 шт. Страховой запас: 1 шт. MOQ: 1 шт.
IEK,130400069_,Изолятор ступенчатый ИС4-20 (М6) силовой с болтом IEK,0.0019623045276600413,12.0,0.0,12.0,0.0009811522638300207,2.0,0.0,0,0.0,11.99803769547234,6115.258784175285,LOW,LOW,STABLE,0.25,False,False,False,Прогноз спроса: 0 шт. Свободный остаток: 12 шт. В пути: 0 шт. Страховой запас: 0 шт. MOQ: 2 шт.
IEK,130600052_,"Тепловое реле РТИ-1308 (2,5-4,0А) IEK (1/100)",5.574799809827674,74.0,0.0,74.0,1.6626535016853776,1.0,0.0,0,0.0,68.42520019017232,13.274019251695329,LOW,LOW,STABLE,1.6475054229934925,False,False,False,Прогноз спроса: 6 шт. Свободный остаток: 74 шт. В пути: 0 шт. Страховой запас: 2 шт. MOQ: 1 шт.
IEK,251400058_,ЩРН-П  6  бел. дв. IP41 UNION Compact IEK,0.3288081684802348,13.0,0.0,13.0,0.1644040842401174,8.0,0.0,0,0.0,12.671191831519765,39.53673067213186,LOW,LOW,STABLE,0.25,False,False,False,Прогноз спроса: 0 шт. Свободный остаток: 13 шт. В пути: 0 шт. Страховой запас: 0 шт. MOQ: 8 шт.
IEK,ярп40267,LED ДБА ОСНОВАНИЕ без пиктограммы (белый) 220В 301х101х20 IP52 IEK !,0.0,0.0,0.0,0.0,0.0,,0.0,0,0.0,0.0,inf,LOW,LOW,STABLE,0.25,True,False,False,Прогноз спроса: 0 шт. Свободный остаток: 0 шт. В пути: 0 шт. Страховой запас: 0 шт. Есть сигнал предыдущего stockout.
IEK,030200885_,"Светорег. пов-наж. 600Вт ""BRITE"" черный (1/80)",0.821625769479589,6.0,0.0,6.0,0.3455973090173219,1.0,0.0,0,0.0,5.1783742305204115,7.3025947126760045,LOW,LOW,DECLINING,0.4790286975717439,False,False,False,Прогноз спроса: 1 шт. Свободный остаток: 6 шт. В пути: 0 шт. Страховой запас: 0 шт. MOQ: 1 шт. Наблюдается снижение спроса.
IEK,010800010_,ВА 88-32 (3ф)  32А IEK (1/20),17.182143171042497,57.0,50.0,107.0,4.099634130016968,1.0,0.0,0,0.0,89.8178568289575,6.227395438092369,LOW,LOW,GROWING,1.1124401913875597,False,False,False,Прогноз спроса: 17 шт. Свободный остаток: 57 шт. В пути: 50 шт. Страховой запас: 4 шт. MOQ: 1 шт. Наблюдается рост спроса.
IEK,010800058_,Доп. контакт ДК32-20 IEK !!! (200),0.0,0.0,0.0,0.0,0.0,,0.0,0,0.0,0.0,inf,LOW,LOW,STABLE,0.25,True,False,False,Прогноз спроса: 0 шт. Свободный остаток: 0 шт. В пути: 0 шт. Страховой запас: 0 шт. Есть сигнал предыдущего stockout.
IEK,030200920_,"Роз. с з/к с з/ш с кр. 16А IP20 б/рамки ""BRITE"" белый (1/100)",11.753488343446813,41.0,0.0,41.0,2.7706798203088536,1.0,0.0,0,0.0,29.24651165655319,3.488326086855708,LOW,LOW,GROWING,1.888015717092338,False,False,False,Прогноз спроса: 12 шт. Свободный остаток: 41 шт. В пути: 0 шт. Страховой запас: 3 шт. MOQ: 1 шт. Наблюдается рост спроса.
IEK,щт02229866,Совмещенный контакт АКДК-250/400А IEK !!!,0.0,45.0,0.0,45.0,0.0,,0.0,0,0.0,45.0,inf,LOW,LOW,STABLE,0.25,False,False,False,Прогноз спроса: 0 шт. Свободный остаток: 45 шт. В пути: 0 шт. Страховой запас: 0 шт.
IEK,130600053_,Тепловое реле РТИ-1321 (12-18А) IEK (1/100),16.08609714372711,67.0,0.0,67.0,6.436257970798455,1.0,0.0,0,0.0,50.91390285627289,4.165087367144686,LOW,LOW,GROWING,0.7581521739130435,False,False,False,Прогноз спроса: 16 шт. Свободный остаток: 67 шт. В пути: 0 шт. Страховой запас: 6 шт. MOQ: 1 шт. Наблюдается рост спроса.
IEK,251400057_,ЩРН-П  4  бел. дв. IP41 UNION Compact IEK,0.012406708621619788,9.0,0.0,9.0,0.006203354310809894,8.0,0.0,0,0.0,8.98759329137838,725.4139896794791,LOW,LOW,STABLE,3.1,False,False,False,Прогноз спроса: 0 шт. Свободный остаток: 9 шт. В пути: 0 шт. Страховой запас: 0 шт. MOQ: 8 шт.
IEK,251400093_,ЩМП  300х300х200 IP66  TITAN 5 IEK,0.7690228305542934,13.0,0.0,13.0,0.34411722808756146,1.0,0.0,0,0.0,12.230977169445707,16.904569647990694,LOW,LOW,STABLE,0.9253731343283582,False,False,False,Прогноз спроса: 1 шт. Свободный остаток: 13 шт. В пути: 0 шт. Страховой запас: 0 шт. MOQ: 1 шт.
IEK,130301739_,Вилка закорачивающая для CTS-DT 6мм2 2PIN IEK,0.0001821259502230998,20.0,0.0,20.0,0.0,25.0,0.0,0,0.0,19.99981787404978,109814.11476783233,LOW,LOW,STABLE,0.25,False,False,False,Прогноз спроса: 0 шт. Свободный остаток: 20 шт. В пути: 0 шт. Страховой запас: 0 шт. MOQ: 25 шт.
IEK,010800009_,ВА 88-32 (3ф)  16А IEK (1/20),1.2752892257094721,10.0,3.0,13.0,0.4918714262894321,1.0,0.0,0,0.0,11.724710774290529,10.193766039831322,LOW,LOW,DECLINING,0.7848101265822784,False,False,False,Прогноз спроса: 1 шт. Свободный остаток: 10 шт. В пути: 3 шт. Страховой запас: 0 шт. MOQ: 1 шт. Наблюдается снижение спроса.
IEK,120100219_,Контактор КМ 63-11 АС IEK (6/90) !!!,0.0,0.0,0.0,0.0,0.0,,0.0,0,0.0,0.0,inf,LOW,LOW,STABLE,0.25,True,False,False,Прогноз спроса: 0 шт. Свободный остаток: 0 шт. В пути: 0 шт. Страховой запас: 0 шт. Есть сигнал предыдущего stockout.
IEK,280200049_,Заглушка КМЗ 60х40 Белый ЭЛЕКОР IEK (4),55.684843204917264,79.0,15.0,94.0,14.053564197977199,1.0,0.0,0,0.0,38.315156795082736,1.6880715575346956,LOW,LOW,GROWING,0.9728583545377438,False,False,False,Прогноз спроса: 56 шт. Свободный остаток: 79 шт. В пути: 15 шт. Страховой запас: 14 шт. MOQ: 1 шт. Наблюдается рост спроса.
IEK,010800060_,Аварийно-доп. контакт ДК/АК32-11 IEK !!! (150),0.0,0.0,0.0,0.0,0.0,,0.0,0,0.0,0.0,inf,LOW,LOW,STABLE,0.25,True,False,False,Прогноз спроса: 0 шт. Свободный остаток: 0 шт. В пути: 0 шт. Страховой запас: 0 шт. Есть сигнал предыдущего stockout.
IEK,030200879_,"Роз 2-ая комп. RJ45 кат.5E ""BRITE"" сталь (1/100)",0.0,0.0,0.0,0.0,0.0,1.0,0.0,0,0.0,0.0,inf,LOW,LOW,STABLE,0.25,True,False,False,Прогноз спроса: 0 шт. Свободный остаток: 0 шт. В пути: 0 шт. Страховой запас: 0 шт. MOQ: 1 шт. Есть сигнал предыдущего stockout.
IEK,130600057_,Тепловое реле РТИ-3359 (48-65А) IEK (50) !!!,0.0,0.0,0.0,0.0,0.0,,0.0,0,0.0,0.0,inf,LOW,LOW,STABLE,1.409090909090909,True,False,False,Прогноз спроса: 0 шт. Свободный остаток: 0 шт. В пути: 0 шт. Страховой запас: 0 шт. Есть сигнал предыдущего stockout.
IEK,030200923_,"Роз. с з/к с з/ш с кр. 16А IP20 б/рамки ""BRITE"" алюминий (1/100)",0.31610424848298124,15.0,0.0,15.0,0.15805212424149062,1.0,0.0,0,0.0,14.683895751517019,47.45269977226385,LOW,LOW,DECLINING,0.9959839357429716,False,False,False,Прогноз спроса: 0 шт. Свободный остаток: 15 шт. В пути: 0 шт. Страховой запас: 0 шт. MOQ: 1 шт. Наблюдается снижение спроса.
IEK,щт02230193,"ВА47-29 (3ф)  4А 4,5кА х-ка D IEK !!!",1.0252128831649281e-07,3.0,0.0,3.0,0.0,,0.0,0,0.0,2.9999998974787117,29262215.187334746,LOW,LOW,STABLE,0.25,False,False,False,Прогноз спроса: 0 шт. Свободный остаток: 3 шт. В пути: 0 шт. Страховой запас: 0 шт.
IEK,030200918_,"Роз. USB A+A 3,1А б/рамки ""BRITE"" черный (1/80)",0.03059835853789769,10.0,0.0,10.0,0.015299179268948845,1.0,0.0,0,0.0,9.969401641462103,326.8149168072029,LOW,LOW,STABLE,1.441860465116279,False,False,False,Прогноз спроса: 0 шт. Свободный остаток: 10 шт. В пути: 0 шт. Страховой запас: 0 шт. MOQ: 1 шт.
IEK,280200050_,Поворот 90° КМП 100х40 Белый ЭЛЕКОР IEK (2),7.407885032386377,25.0,0.0,25.0,0.9899494936611671,6.0,0.0,0,0.0,17.59211496761362,3.3747823961499166,LOW,LOW,GROWING,0.25,False,False,False,Прогноз спроса: 7 шт. Свободный остаток: 25 шт. В пути: 0 шт. Страховой запас: 1 шт. MOQ: 6 шт. Наблюдается рост спроса.
IEK,251400090_,ЩРВ 216 (3х72мод) 1005х885х130 IP31 TITAN 5 IEK,7.973515067151722e-05,1.0,0.0,1.0,3.986757533575861e-05,1.0,0.0,0,0.0,0.9999202648493285,12541.520164922913,LOW,LOW,STABLE,0.25,True,False,False,Прогноз спроса: 0 шт. Свободный остаток: 1 шт. В пути: 0 шт. Страховой запас: 0 шт. MOQ: 1 шт. Есть сигнал предыдущего stockout.
IEK,130500001_,Изолятор SM25 IEK (10),5.673950729196089e-06,1.0,0.0,1.0,0.0,,0.0,0,0.0,0.9999943260492709,176244.0401278713,LOW,LOW,STABLE,0.25,False,False,False,Прогноз спроса: 0 шт. Свободный остаток: 1 шт. В пути: 0 шт. Страховой запас: 0 шт.
IEK,010800015_,ВА 88-32 (3ф)  50А IEK (1/20),14.801637258706368,46.0,40.0,86.0,4.069643719049616,1.0,0.0,0,0.0,71.19836274129364,5.810168057551508,LOW,LOW,DECLINING,1.9520676691729324,False,False,False,Прогноз спроса: 15 шт. Свободный остаток: 46 шт. В пути: 40 шт. Страховой запас: 4 шт. MOQ: 1 шт. Наблюдается снижение спроса.
IEK,120100122_,Контактор  КМИ-46562 65А 380В  IP54 (3вел в корпусе) IEK (1/6),0.07659778902553797,5.0,1.0,6.0,0.03829889451276899,1.0,0.0,0,0.0,5.923402210974462,78.33124266810859,LOW,LOW,STABLE,0.25,False,False,False,Прогноз спроса: 0 шт. Свободный остаток: 5 шт. В пути: 1 шт. Страховой запас: 0 шт. MOQ: 1 шт.
IEK,280200081_,Заглушка КМЗ 40х25 Белый ЭЛЕКОР IEK (4) ,82.99827423058274,281.0,0.0,281.0,26.407184944000875,1.0,0.0,0,0.0,198.00172576941725,3.3856125636942305,LOW,LOW,DECLINING,1.0207034173110503,False,False,False,Прогноз спроса: 83 шт. Свободный остаток: 281 шт. В пути: 0 шт. Страховой запас: 26 шт. MOQ: 1 шт. Наблюдается снижение спроса.
IEK,120100058_,Контактор  КМИ-22560 25А 220В  IP54 (2вел в корпусе) IEK (1/16),5.418517173619687,31.0,0.0,31.0,2.2209607530676125,1.0,0.0,0,0.0,25.581482826380313,5.7211224042852535,LOW,LOW,STABLE,0.4769230769230769,False,False,False,Прогноз спроса: 5 шт. Свободный остаток: 31 шт. В пути: 0 шт. Страховой запас: 2 шт. MOQ: 1 шт.
IEK,010800056_,Доп. контакт поперечный ДКП32-20 IEK !!! (1000),0.0033861697252524003,790.0,0.0,790.0,0.0016930848626262002,,0.0,0,0.0,789.9966138302748,233301.95001997854,LOW,LOW,STABLE,0.25,False,False,False,Прогноз спроса: 0 шт. Свободный остаток: 790 шт. В пути: 0 шт. Страховой запас: 0 шт.
IEK,130600032_,Тепловое реле РТИ-1310 (4-6А) IEK (1/100),9.049340213628483,63.0,0.0,63.0,2.408820596612927,1.0,0.0,0,0.0,53.95065978637152,6.961833516339762,LOW,LOW,DECLINING,2.6165951359084407,False,False,False,Прогноз спроса: 9 шт. Свободный остаток: 63 шт. В пути: 0 шт. Страховой запас: 2 шт. MOQ: 1 шт. Наблюдается снижение спроса.
IEK,251400060_,ЩРН-П 12  бел. дв. IP41 UNION Compact IEK,0.14138250722235376,5.0,0.0,5.0,0.07069125361117688,8.0,0.0,0,0.0,4.858617492777646,35.36505398179456,LOW,LOW,STABLE,0.25,False,False,False,Прогноз спроса: 0 шт. Свободный остаток: 5 шт. В пути: 0 шт. Страховой запас: 0 шт. MOQ: 8 шт.
IEK,010800055_,ВА 88-37 (3ф) 250А IEK (1/4),11.35697379070243,40.0,0.0,40.0,1.7347670352720768,1.0,0.0,0,0.0,28.64302620929757,3.5220650093202335,LOW,LOW,GROWING,1.0751445086705202,False,False,False,Прогноз спроса: 11 шт. Свободный остаток: 40 шт. В пути: 0 шт. Страховой запас: 2 шт. MOQ: 1 шт. Наблюдается рост спроса.
IEK,030200917_,"Роз. USB A+A 3,1А б/рамки ""BRITE"" графит (1/80)",5.751472973865583e-06,9.0,0.0,9.0,0.0,1.0,0.0,0,0.0,8.999994248527026,1564816.5332421048,LOW,LOW,STABLE,2.90625,False,False,False,Прогноз спроса: 0 шт. Свободный остаток: 9 шт. В пути: 0 шт. Страховой запас: 0 шт. MOQ: 1 шт.
IEK,010800012_,ВА 88-35 (3ф) 200А IEK (1/6),32.18945227240328,116.0,18.0,134.0,5.141149352690183,1.0,0.0,0,0.0,101.81054772759671,4.162854306001383,LOW,LOW,GROWING,1.2045556051808843,False,False,False,Прогноз спроса: 32 шт. Свободный остаток: 116 шт. В пути: 18 шт. Страховой запас: 5 шт. MOQ: 1 шт. Наблюдается рост спроса.
IEK,ярп40260,Выключатель 2кл. о/у 10А IP54 AQUATIC ВС-20-2-0-А IEK,4.369786592640584,47.0,0.0,47.0,1.4807937060914325,10.0,0.0,0,0.0,42.63021340735941,10.755673990843277,LOW,LOW,GROWING,0.9033112582781456,False,False,False,Прогноз спроса: 4 шт. Свободный остаток: 47 шт. В пути: 0 шт. Страховой запас: 1 шт. MOQ: 10 шт. Наблюдается рост спроса.
IEK,030200886_,"Заглушка с суппортом ""BRITE"" белый (1/200)",4.087325514482918,19.0,0.0,19.0,1.3048946317615076,1.0,0.0,0,0.0,14.912674485517082,4.648516476770914,LOW,LOW,GROWING,2.085626911314985,False,False,False,Прогноз спроса: 4 шт. Свободный остаток: 19 шт. В пути: 0 шт. Страховой запас: 1 шт. MOQ: 1 шт. Наблюдается рост спроса.
IEK,251400091_,ЩРВ 252 (3х84мод) 1130х885х130 IP31 TITAN 5 IEK,0.0,1.0,0.0,1.0,0.0,1.0,0.0,0,0.0,1.0,inf,LOW,LOW,STABLE,0.25,True,False,False,Прогноз спроса: 0 шт. Свободный остаток: 1 шт. В пути: 0 шт. Страховой запас: 0 шт. MOQ: 1 шт. Есть сигнал предыдущего stockout.
IEK,130600051_,Тепловое реле РТИ-3357 (37-50А) IEK (50),3.2243177198098816,33.0,0.0,33.0,1.4627599484080331,1.0,0.0,0,0.0,29.775682280190118,10.234723395046133,LOW,LOW,DECLINING,0.8157894736842106,False,False,False,Прогноз спроса: 3 шт. Свободный остаток: 33 шт. В пути: 0 шт. Страховой запас: 1 шт. MOQ: 1 шт. Наблюдается снижение спроса.
IEK,251400059_,ЩРН-П  8  бел. дв. IP41 UNION Compact IEK,0.0688761872944242,9.0,0.0,9.0,0.0344380936472121,8.0,0.0,0,0.0,8.931123812705575,130.66925382393495,LOW,LOW,STABLE,3.321428571428572,False,False,False,Прогноз спроса: 0 шт. Свободный остаток: 9 шт. В пути: 0 шт. Страховой запас: 0 шт. MOQ: 8 шт.
IEK,120100216_,Контактор КМИ-11211 12А 230В/АС3 1Н3 IEK !!!,0.0,40.0,0.0,40.0,0.0,,0.0,0,0.0,40.0,inf,LOW,LOW,STABLE,0.25,False,False,False,Прогноз спроса: 0 шт. Свободный остаток: 40 шт. В пути: 0 шт. Страховой запас: 0 шт.
IEK,280200082_,Поворот 90° КМП 20х10 Белый ЭЛЕКОР IEK (4),1.2992002495651669,83.0,0.0,83.0,0.6496001247825834,1.0,0.0,0,0.0,81.70079975043484,63.88545570844796,LOW,LOW,STABLE,0.25,False,False,False,Прогноз спроса: 1 шт. Свободный остаток: 83 шт. В пути: 0 шт. Страховой запас: 1 шт. MOQ: 1 шт.
IEK,120100057_,Контактор  КМИ-11860 18А 220В  IP54 (1вел в корпусе) IEK (1/20),4.408121357933816,37.0,10.0,47.0,1.389754174905286,1.0,0.0,0,0.0,42.591878642066185,10.662138399481346,LOW,LOW,DECLINING,1.851948051948052,False,False,False,Прогноз спроса: 4 шт. Свободный остаток: 37 шт. В пути: 10 шт. Страховой запас: 1 шт. MOQ: 1 шт. Наблюдается снижение спроса.
IEK,010800057_,Доп. контакт поперечный ДКП32-11 IEK !!! (1000),0.0,0.0,0.0,0.0,0.0,,0.0,0,0.0,0.0,inf,LOW,LOW,STABLE,0.25,True,False,False,Прогноз спроса: 0 шт. Свободный остаток: 0 шт. В пути: 0 шт. Страховой запас: 0 шт. Есть сигнал предыдущего stockout.
IEK,010800011_,ВА 88-32 (3ф)  40А IEK (1/20),15.941194680708119,49.0,50.0,99.0,2.6439868885201894,1.0,0.0,0,0.0,83.05880531929188,6.2103250090665325,LOW,LOW,GROWING,1.044041450777202,False,False,False,Прогноз спроса: 16 шт. Свободный остаток: 49 шт. В пути: 50 шт. Страховой запас: 3 шт. MOQ: 1 шт. Наблюдается рост спроса.
IEK,щщ0001047,ВА47-29 (3ф) 63А IEK (4/48) D !!!,0.0,0.0,0.0,0.0,0.0,,0.0,0,0.0,0.0,inf,LOW,LOW,STABLE,0.25,True,False,False,Прогноз спроса: 0 шт. Свободный остаток: 0 шт. В пути: 0 шт. Страховой запас: 0 шт. Есть сигнал предыдущего stockout.
IEK,010800006_,ВА 88-40 (3ф) 630А IEK (1/2),11.151968396336482,53.0,0.0,53.0,1.3930556940290166,1.0,0.0,0,0.0,41.848031603663514,4.752524228584701,LOW,LOW,DECLINING,1.0755885997521686,False,False,False,Прогноз спроса: 11 шт. Свободный остаток: 53 шт. В пути: 0 шт. Страховой запас: 1 шт. MOQ: 1 шт. Наблюдается снижение спроса.
IEK,030200892_,"Заглушка c суппортом ""BRITE"" черный (1/200)",1.4545635089639875,23.0,0.0,23.0,0.23260302376940029,1.0,0.0,0,0.0,21.545436491036014,15.812303731159696,LOW,LOW,GROWING,0.3054187192118226,False,False,False,Прогноз спроса: 1 шт. Свободный остаток: 23 шт. В пути: 0 шт. Страховой запас: 0 шт. MOQ: 1 шт. Наблюдается рост спроса.
IEK,280200059_,Соединитель на стык КМС 100х60 Белый ЭЛЕКОР IEK (2),30.97622903591848,0.0,52.0,52.0,15.48811451795924,26.0,0.0,0,0.0,21.02377096408152,1.6787065959417917,LOW,LOW,GROWING,0.4645776566757493,False,False,False,Прогноз спроса: 31 шт. Свободный остаток: 0 шт. В пути: 52 шт. Страховой запас: 15 шт. MOQ: 26 шт. Наблюдается рост спроса.
IEK,130500080_,ОПС1-C 4Р In=20kA Un=400B Im=40kA IEK,0.3453838739196508,12.0,0.0,12.0,0.1726919369598254,1.0,0.0,0,0.0,11.654616126080349,34.74394986603123,LOW,LOW,DECLINING,0.25,False,False,False,Прогноз спроса: 0 шт. Свободный остаток: 12 шт. В пути: 0 шт. Страховой запас: 0 шт. MOQ: 1 шт. Наблюдается снижение спроса.
IEK,251400074_,ЩРВ  12 (1х12мод) 380х365х130 IP31 TITAN 5 IEK,0.00016430728773533617,1.0,0.0,1.0,8.215364386766808e-05,1.0,0.0,0,0.0,0.9998356927122647,6086.157307950854,LOW,LOW,STABLE,0.25,False,False,False,Прогноз спроса: 0 шт. Свободный остаток: 1 шт. В пути: 0 шт. Страховой запас: 0 шт. MOQ: 1 шт.
IEK,010800040_,ВА 88-33 (3ф)  40А IEK (16),0.0,0.0,0.0,0.0,0.0,,0.0,0,0.0,0.0,inf,LOW,LOW,STABLE,0.25,True,False,False,Прогноз спроса: 0 шт. Свободный остаток: 0 шт. В пути: 0 шт. Страховой запас: 0 шт. Есть сигнал предыдущего stockout.
IEK,010800033_,ВА 88-33 (3ф)  80А IEK (1/16),12.188309401312859,54.0,8.0,62.0,1.540265128692679,1.0,0.0,0,0.0,49.81169059868714,5.086841657738168,LOW,LOW,DECLINING,1.5240585774058577,False,False,False,Прогноз спроса: 12 шт. Свободный остаток: 54 шт. В пути: 8 шт. Страховой запас: 2 шт. MOQ: 1 шт. Наблюдается снижение спроса.
IEK,251400080_,ЩРВ  84 (1х84мод) 1130х365х130 IP31 TITAN 5 IEK,8.406336192317939e-05,4.0,0.0,4.0,0.0,1.0,0.0,0,0.0,3.999915936638077,47583.15523539693,LOW,LOW,STABLE,0.25,False,False,False,Прогноз спроса: 0 шт. Свободный остаток: 4 шт. В пути: 0 шт. Страховой запас: 0 шт. MOQ: 1 шт.
IEK,030200901_," Рамка 4-мест. ""BRITE"" стекло серый (1/50)",0.09201338000057276,10.0,0.0,10.0,0.04600669000028638,1.0,0.0,0,0.0,9.907986619999427,108.67984634340955,LOW,LOW,STABLE,0.5,False,False,False,Прогноз спроса: 0 шт. Свободный остаток: 10 шт. В пути: 0 шт. Страховой запас: 0 шт. MOQ: 1 шт.
IEK,ярп40167,"Блок аварийного питания БАП200-1,0 универс. для LED IP65 IEK",0.0,0.0,0.0,0.0,0.0,,0.0,0,0.0,0.0,inf,LOW,LOW,STABLE,0.25,True,False,False,Прогноз спроса: 0 шт. Свободный остаток: 0 шт. В пути: 0 шт. Страховой запас: 0 шт. Есть сигнал предыдущего stockout.
IEK,130500011_, Сальник PG 21 (15-18мм) IEK (20),0.0,0.0,0.0,0.0,0.0,,0.0,0,0.0,0.0,inf,LOW,LOW,STABLE,0.25,True,False,False,Прогноз спроса: 0 шт. Свободный остаток: 0 шт. В пути: 0 шт. Страховой запас: 0 шт. Есть сигнал предыдущего stockout.
IEK,ярп40240,ЩРН-П 18 IEK черный IP41,0.0,0.0,0.0,0.0,0.0,,0.0,0,0.0,0.0,inf,LOW,LOW,STABLE,0.25,True,False,False,Прогноз спроса: 0 шт. Свободный остаток: 0 шт. В пути: 0 шт. Страховой запас: 0 шт. Есть сигнал предыдущего stockout.
IEK,130500085_,ОПС1-D 2Р In=5kA Un=230B Im=10kA IEK,0.00010718092068984599,43.0,0.0,43.0,5.3590460344922995e-05,1.0,0.0,0,0.0,42.99989281907931,401190.8063789724,LOW,LOW,STABLE,0.25,False,False,False,Прогноз спроса: 0 шт. Свободный остаток: 43 шт. В пути: 0 шт. Страховой запас: 0 шт. MOQ: 1 шт.
IEK,251400073_,ЩРН 216 (3х72мод) 960х830х140 IP54 TITAN 5 IEK,6.329082000179791e-05,1.0,0.0,1.0,0.0,1.0,0.0,0,0.0,0.9999367091799982,15800.07969515315,LOW,LOW,STABLE,0.25,False,False,False,Прогноз спроса: 0 шт. Свободный остаток: 1 шт. В пути: 0 шт. Страховой запас: 0 шт. MOQ: 1 шт.
IEK,030200896_," Рамка 2-мест. ""BRITE"" стекло темная бронза (1/100)",0.303617609899154,3.0,0.0,3.0,0.151808804949577,1.0,0.0,0,0.0,2.696382390100846,9.88084979984015,LOW,LOW,STABLE,0.25,False,False,False,Прогноз спроса: 0 шт. Свободный остаток: 3 шт. В пути: 0 шт. Страховой запас: 0 шт. MOQ: 1 шт.
IEK,280200064_,Соединитель на стык КМС 40х25 Белый ЭЛЕКОР IEK (4),78.0271057207728,535.0,0.0,535.0,16.143943652858397,1.0,0.0,0,0.0,456.9728942792272,6.856591630023378,LOW,LOW,GROWING,0.25,False,False,False,Прогноз спроса: 78 шт. Свободный остаток: 535 шт. В пути: 0 шт. Страховой запас: 16 шт. MOQ: 1 шт. Наблюдается рост спроса.
IEK,010800031_,ВА 88-40 (3ф) 800А IEK (1/2),2.3128334945559805,8.0,0.0,8.0,0.7587819186037578,1.0,0.0,0,0.0,5.6871665054440195,3.4589606293884314,LOW,LOW,DECLINING,0.5254237288135593,False,False,False,Прогноз спроса: 2 шт. Свободный остаток: 8 шт. В пути: 0 шт. Страховой запас: 1 шт. MOQ: 1 шт. Наблюдается снижение спроса.
IEK,010800041_,ВА 88-33 (3ф)  50А  35кА  IEK !!!,0.0,0.0,0.0,0.0,0.0,,0.0,0,0.0,0.0,inf,LOW,LOW,STABLE,4.0,True,False,False,Прогноз спроса: 0 шт. Свободный остаток: 0 шт. В пути: 0 шт. Страховой запас: 0 шт. Есть сигнал предыдущего stockout.
IEK,120100072_, Пускатель ПРК32-18 In=18A Ir=13-18A Ue 660В IEK (1/50),2.8164208471318264,21.0,4.0,25.0,0.46520604753879313,1.0,0.0,0,0.0,22.183579152868173,8.876514326848342,LOW,LOW,GROWING,0.6138613861386139,False,False,False,Прогноз спроса: 3 шт. Свободный остаток: 21 шт. В пути: 4 шт. Страховой запас: 0 шт. MOQ: 1 шт. Наблюдается рост спроса.
IEK,120100085_,Контактор  КТИ 5185  185А 230В IEK (1/4) ,3.3527116693226855,12.0,4.0,16.0,1.66388100536066,1.0,0.0,0,0.0,12.647288330677315,4.772256483132747,LOW,LOW,DECLINING,1.5403726708074534,False,False,False,Прогноз спроса: 3 шт. Свободный остаток: 12 шт. В пути: 4 шт. Страховой запас: 2 шт. MOQ: 1 шт. Наблюдается снижение спроса.
IEK,280200058_,Соединитель на стык КМС 100х40 Белый ЭЛЕКОР IEK (2),1.6676684535517285,39.0,0.0,39.0,0.5422176684690382,39.0,0.0,0,0.0,37.33233154644827,23.38594336118758,LOW,LOW,DECLINING,0.25,False,True,False,Прогноз спроса: 2 шт. Свободный остаток: 39 шт. В пути: 0 шт. Страховой запас: 1 шт. MOQ: 39 шт. В истории обнаружена аномальная продажа. Наблюдается снижение спроса.
IEK,030200902_," Рамка 4-мест. ""BRITE"" стекло ванильный (1/50)",0.07151233456066934,12.0,0.0,12.0,0.03575616728033467,1.0,0.0,0,0.0,11.92848766543933,167.80321987418114,LOW,LOW,STABLE,0.7209302325581395,False,False,False,Прогноз спроса: 0 шт. Свободный остаток: 12 шт. В пути: 0 шт. Страховой запас: 0 шт. MOQ: 1 шт.
IEK,ярп40134,LED ДПО 4012 12Вт IP54 4000K овал белый IEK!!!,0.0,0.0,0.0,0.0,0.0,,0.0,0,0.0,0.0,inf,LOW,LOW,STABLE,0.25,True,False,False,Прогноз спроса: 0 шт. Свободный остаток: 0 шт. В пути: 0 шт. Страховой запас: 0 шт. Есть сигнал предыдущего stockout.
IEK,130500088_,ОПС1-C 3Р In=20kA Un=400B Im=40kA IEK,0.1714126850402972,81.0,0.0,81.0,0.0857063425201486,1.0,0.0,0,0.0,80.8285873149597,472.54379091581126,LOW,LOW,STABLE,0.25,False,True,False,Прогноз спроса: 0 шт. Свободный остаток: 81 шт. В пути: 0 шт. Страховой запас: 0 шт. MOQ: 1 шт. В истории обнаружена аномальная продажа.
IEK,251400072_,ЩРН 180 (3х60мод) 835х830х140 IP54 TITAN 5 IEK,0.0008353633095755158,4.0,0.0,4.0,0.0,1.0,0.0,0,0.0,3.9991646366904243,4788.335750623968,LOW,LOW,STABLE,0.25,False,False,False,Прогноз спроса: 0 шт. Свободный остаток: 4 шт. В пути: 0 шт. Страховой запас: 0 шт. MOQ: 1 шт.
IEK,251400081_,ЩРВ  48 (2х24мод) 505х625х130 IP31 TITAN 5 IEK,4.8272385975304663e-05,2.0,0.0,2.0,0.0,1.0,0.0,0,0.0,1.9999517276140246,41431.55469926774,LOW,LOW,STABLE,4.0,False,False,False,Прогноз спроса: 0 шт. Свободный остаток: 2 шт. В пути: 0 шт. Страховой запас: 0 шт. MOQ: 1 шт.
IEK,120100073_, Пускатель ПРК32-25 In=25A Ir=20-25A Ue 660В IEK (1/50),1.7456816740013477,18.0,0.0,18.0,0.8728408370006738,1.0,0.0,0,0.0,16.254318325998653,10.311158253005814,LOW,LOW,DECLINING,0.9587628865979382,False,False,False,Прогноз спроса: 2 шт. Свободный остаток: 18 шт. В пути: 0 шт. Страховой запас: 1 шт. MOQ: 1 шт. Наблюдается снижение спроса.
IEK,280200063_,Соединитель на стык КМС 40х16 Белый ЭЛЕКОР IEK (4),0.0,334.0,0.0,334.0,0.0,1.0,0.0,0,0.0,334.0,inf,LOW,LOW,STABLE,0.25,False,False,False,Прогноз спроса: 0 шт. Свободный остаток: 334 шт. В пути: 0 шт. Страховой запас: 0 шт. MOQ: 1 шт.
IEK,130500012_, Сальник PG 29 (18-24мм) IEK (20),0.0,0.0,0.0,0.0,0.0,,0.0,0,0.0,0.0,inf,LOW,LOW,STABLE,0.25,True,False,False,Прогноз спроса: 0 шт. Свободный остаток: 0 шт. В пути: 0 шт. Страховой запас: 0 шт. Есть сигнал предыдущего stockout.
IEK,251400079_,ЩРВ  72 (1х72мод) 1005х365х130 IP31 TITAN 5 IEK,0.01256384697458742,2.0,0.0,2.0,0.00628192348729371,1.0,0.0,0,0.0,1.9874361530254125,159.18691178309876,LOW,LOW,DECLINING,1.722222222222222,False,False,False,Прогноз спроса: 0 шт. Свободный остаток: 2 шт. В пути: 0 шт. Страховой запас: 0 шт. MOQ: 1 шт. Наблюдается снижение спроса.
IEK,120100080_,Контактор  КМИ-34062 40А 220В  IP54 (3вел в корпусе) IEK (1/6),0.4330269788016426,7.0,0.0,7.0,0.2165134894008213,1.0,0.0,0,0.0,6.566973021198358,16.165274550264225,LOW,LOW,DECLINING,0.4492753623188406,False,False,False,Прогноз спроса: 0 шт. Свободный остаток: 7 шт. В пути: 0 шт. Страховой запас: 0 шт. MOQ: 1 шт. Наблюдается снижение спроса.
IEK,280200061_,Соединитель на стык КМС 16х16 Белый ЭЛЕКОР IEK (4),1.2660409146933522,100.0,0.0,100.0,0.6330204573466761,1.0,0.0,0,0.0,98.73395908530665,78.98638885949511,LOW,LOW,DECLINING,1.7392739273927391,False,True,False,Прогноз спроса: 1 шт. Свободный остаток: 100 шт. В пути: 0 шт. Страховой запас: 1 шт. MOQ: 1 шт. В истории обнаружена аномальная продажа. Наблюдается снижение спроса.
IEK,010800036_,Электропривод ЭП-32/33 230В IEK (1/16),1.1912142860070821e-07,7.0,0.0,7.0,0.0,,0.0,0,0.0,6.999999880878572,58763566.57427111,LOW,LOW,STABLE,0.25,False,False,False,Прогноз спроса: 0 шт. Свободный остаток: 7 шт. В пути: 0 шт. Страховой запас: 0 шт.
IEK,ярп40223,ВА 88-32 (3ф)  80А 690В MASTER IEK!!!,0.0,0.0,0.0,0.0,0.0,,0.0,0,0.0,0.0,inf,LOW,LOW,STABLE,0.25,True,False,False,Прогноз спроса: 0 шт. Свободный остаток: 0 шт. В пути: 0 шт. Страховой запас: 0 шт. Есть сигнал предыдущего stockout.
IEK,010800037_,Электропривод ЭП-35/37 230В IEK (1/12) !!!,0.0,0.0,0.0,0.0,0.0,,0.0,0,0.0,0.0,inf,LOW,LOW,STABLE,0.25,True,False,False,Прогноз спроса: 0 шт. Свободный остаток: 0 шт. В пути: 0 шт. Страховой запас: 0 шт. Есть сигнал предыдущего stockout.
IEK,030200899_," Рамка 3-мест. ""BRITE"" стекло дымчатый (1/50)",0.0625057271028919,8.0,0.0,8.0,0.03125286355144595,1.0,0.0,0,0.0,7.9374942728971085,127.98827196795973,LOW,LOW,STABLE,0.8051948051948052,False,False,False,Прогноз спроса: 0 шт. Свободный остаток: 8 шт. В пути: 0 шт. Страховой запас: 0 шт. MOQ: 1 шт.
IEK,130500027_,Изолятор SM35 IEK (10),0.010577497768616238,54.0,0.0,54.0,0.005288748884308119,,0.0,0,0.0,53.989422502231385,5105.1771582708025,LOW,LOW,STABLE,1.878787878787879,False,False,False,Прогноз спроса: 0 шт. Свободный остаток: 54 шт. В пути: 0 шт. Страховой запас: 0 шт.
IEK,251400076_,ЩРВ  36 (1х36мод) 630х365х130 IP31 TITAN 5 IEK,4.969655444547066e-06,2.0,0.0,2.0,0.0,1.0,0.0,0,0.0,1.9999950303445555,402442.3870661882,LOW,LOW,STABLE,0.25,False,False,False,Прогноз спроса: 0 шт. Свободный остаток: 2 шт. В пути: 0 шт. Страховой запас: 0 шт. MOQ: 1 шт.
IEK,251400078_,ЩРВ  60 (1х60мод) 880х365х130 IP31 TITAN 5 IEK,0.03294990664155416,3.0,0.0,3.0,0.01647495332077708,1.0,0.0,0,0.0,2.967050093358446,91.04729893882632,LOW,LOW,STABLE,3.875,False,False,False,Прогноз спроса: 0 шт. Свободный остаток: 3 шт. В пути: 0 шт. Страховой запас: 0 шт. MOQ: 1 шт.
IEK,010800035_,ВА 88-35 (3ф) 160А IEK (1/6),32.0241519681634,119.0,30.0,149.0,2.9317941037301125,1.0,0.0,0,0.0,116.97584803183659,4.652738350359047,LOW,LOW,GROWING,0.7601674641148325,False,False,False,Прогноз спроса: 32 шт. Свободный остаток: 119 шт. В пути: 30 шт. Страховой запас: 3 шт. MOQ: 1 шт. Наблюдается рост спроса.
IEK,280200062_,Соединитель на стык КМС 20х10 Белый ЭЛЕКОР IEK (4),0.08366517130335034,73.0,0.0,73.0,0.04183258565167517,1.0,0.0,0,0.0,72.91633482869665,872.5255546937098,LOW,LOW,STABLE,1.0608365019011403,False,False,False,Прогноз спроса: 0 шт. Свободный остаток: 73 шт. В пути: 0 шт. Страховой запас: 0 шт. MOQ: 1 шт.
IEK,120100081_, Контактор КМИ-49512 95А 400В (4вел) IEK (1/16),13.232334285810683,61.0,16.0,77.0,4.71873040834785,1.0,0.0,0,0.0,63.76766571418932,5.819079108556739,LOW,LOW,DECLINING,1.7083333333333333,False,False,False,Прогноз спроса: 13 шт. Свободный остаток: 61 шт. В пути: 16 шт. Страховой запас: 5 шт. MOQ: 1 шт. Наблюдается снижение спроса.
IEK,010800039_,Электропривод ЭП-43 230В IEK (1/4) !!!,0.0,0.0,0.0,0.0,0.0,,0.0,0,0.0,0.0,inf,LOW,LOW,STABLE,0.25,True,False,False,Прогноз спроса: 0 шт. Свободный остаток: 0 шт. В пути: 0 шт. Страховой запас: 0 шт. Есть сигнал предыдущего stockout.
IEK,130500046_, Сальник PGL 11 (5-8мм) IEK (20) !!!,0.0,1497.0,0.0,1497.0,0.0,,0.0,0,0.0,1497.0,inf,LOW,LOW,STABLE,0.25,False,False,False,Прогноз спроса: 0 шт. Свободный остаток: 1497 шт. В пути: 0 шт. Страховой запас: 0 шт.
IEK,030200900_," Рамка 3-мест. ""BRITE"" стекло темная бронза (1/50)",0.0848510953996632,2.0,0.0,2.0,0.0424255476998316,1.0,0.0,0,0.0,1.9151489046003367,23.570703366640785,LOW,LOW,DECLINING,0.25,False,False,False,Прогноз спроса: 0 шт. Свободный остаток: 2 шт. В пути: 0 шт. Страховой запас: 0 шт. MOQ: 1 шт. Наблюдается снижение спроса.
IEK,030200897_," Рамка 3-мест. ""BRITE"" стекло серый (1/50)",0.3704896516565557,5.0,0.0,5.0,0.18524482582827784,1.0,0.0,0,0.0,4.6295103483434445,13.49565359691883,LOW,LOW,DECLINING,1.339506172839506,False,False,False,Прогноз спроса: 0 шт. Свободный остаток: 5 шт. В пути: 0 шт. Страховой запас: 0 шт. MOQ: 1 шт. Наблюдается снижение спроса.
IEK,010800034_,ВА 88-35 (3ф) 125А IEK (1/6),19.770554643672625,119.0,0.0,119.0,5.269408568963566,1.0,0.0,0,0.0,99.22944535632737,6.0190521785935225,LOW,LOW,DECLINING,1.0467532467532468,False,False,False,Прогноз спроса: 20 шт. Свободный остаток: 119 шт. В пути: 0 шт. Страховой запас: 5 шт. MOQ: 1 шт. Наблюдается снижение спроса.
IEK,ярп40219,ВА 88-32 (3ф)  32А 690В MASTER IEK!!!,0.0,0.0,0.0,0.0,0.0,,0.0,0,0.0,0.0,inf,LOW,LOW,STABLE,0.25,True,False,False,Прогноз спроса: 0 шт. Свободный остаток: 0 шт. В пути: 0 шт. Страховой запас: 0 шт. Есть сигнал предыдущего stockout.
IEK,ярп40246,ЩРВ-П 12 IEK черный IP41,0.0,0.0,0.0,0.0,0.0,,0.0,0,0.0,0.0,inf,LOW,LOW,STABLE,0.25,True,False,False,Прогноз спроса: 0 шт. Свободный остаток: 0 шт. В пути: 0 шт. Страховой запас: 0 шт. Есть сигнал предыдущего stockout.
IEK,010800030_,ВА 88-40 (3ф) 500А IEK (1/2),3.55623916657104,14.0,0.0,14.0,1.7098732896523843,1.0,0.0,0,0.0,10.44376083342896,3.936743099733344,LOW,LOW,GROWING,1.0,False,False,False,Прогноз спроса: 4 шт. Свободный остаток: 14 шт. В пути: 0 шт. Страховой запас: 2 шт. MOQ: 1 шт. Наблюдается рост спроса.
IEK,130500136_,ОПС1-C 1Р In=20kA Un=400B Im=40kA IEK,0.0,85.0,0.0,85.0,0.0,1.0,0.0,0,0.0,85.0,inf,LOW,LOW,GROWING,0.25,False,False,False,Прогноз спроса: 0 шт. Свободный остаток: 85 шт. В пути: 0 шт. Страховой запас: 0 шт. MOQ: 1 шт. Наблюдается рост спроса.
IEK,251400069_,ЩРН  84 (1х84мод) 1085х310х140 IP54 TITAN 5 IEK,2.934023408526052e-05,2.0,0.0,2.0,0.0,1.0,0.0,0,0.0,1.9999706597659148,68165.78198347532,LOW,LOW,STABLE,2.2142857142857144,False,False,False,Прогноз спроса: 0 шт. Свободный остаток: 2 шт. В пути: 0 шт. Страховой запас: 0 шт. MOQ: 1 шт.
IEK,280200069_,Т-образный угол КМТ 16х16 Белый ЭЛЕКОР IEK (4),0.0,98.0,0.0,98.0,0.0,1.0,0.0,0,0.0,98.0,inf,LOW,LOW,STABLE,2.714535901926445,False,False,False,Прогноз спроса: 0 шт. Свободный остаток: 98 шт. В пути: 0 шт. Страховой запас: 0 шт. MOQ: 1 шт.
IEK,120100069_," Пускатель ПРК32-6,3 In=6,3A Ir=4-6,3A Ue 660В IEK (1/50)",3.094493489290811,23.0,0.0,23.0,0.539386225259782,1.0,0.0,0,0.0,19.905506510709188,7.432557243890368,LOW,LOW,STABLE,1.8653295128939829,False,False,False,Прогноз спроса: 3 шт. Свободный остаток: 23 шт. В пути: 0 шт. Страховой запас: 1 шт. MOQ: 1 шт.
IEK,251400084_,ЩРВ 120 (2х60мод) 880х625х130 IP31 TITAN 5 IEK,0.5025189448536616,2.0,1.0,3.0,0.19170289512680805,1.0,0.0,0,0.0,2.4974810551463387,5.969924180417973,LOW,LOW,STABLE,0.25,False,False,False,Прогноз спроса: 1 шт. Свободный остаток: 2 шт. В пути: 1 шт. Страховой запас: 0 шт. MOQ: 1 шт.
IEK,030200905_,"Вывод кабеля ""BRITE"" белый (1/200)",3.391530732137757,19.0,0.0,19.0,0.4392465139303909,1.0,0.0,0,0.0,15.608469267862244,5.602190132012715,LOW,LOW,DECLINING,0.8512585812356979,False,False,False,Прогноз спроса: 3 шт. Свободный остаток: 19 шт. В пути: 0 шт. Страховой запас: 0 шт. MOQ: 1 шт. Наблюдается снижение спроса.
IEK,010800049_,Доп. контакт ДК-250(400)А IEK !!!,2.3795808048822309e-07,5.0,0.0,5.0,0.0,,0.0,0,0.0,4.999999762041919,21012104.273750257,LOW,LOW,STABLE,0.25,False,False,False,Прогноз спроса: 0 шт. Свободный остаток: 5 шт. В пути: 0 шт. Страховой запас: 0 шт.
IEK,010800025_,Скоба RCS-2 на ДИН-рейку для ВА88-33 IEK !!!,0.0,3.0,0.0,3.0,0.0,,0.0,0,0.0,3.0,inf,LOW,LOW,STABLE,1.9375,False,False,False,Прогноз спроса: 0 шт. Свободный остаток: 3 шт. В пути: 0 шт. Страховой запас: 0 шт.
IEK,щщщ0116826, BA 47-60M (3ф) 16А 6кА C IEK !!!,0.0,0.0,0.0,0.0,0.0,,0.0,0,0.0,0.0,inf,LOW,LOW,STABLE,0.25,True,False,False,Прогноз спроса: 0 шт. Свободный остаток: 0 шт. В пути: 0 шт. Страховой запас: 0 шт. Есть сигнал предыдущего stockout.
IEK,ярп40244,ЩРВ-П  6 IEK черный IP41,2.1610239918368042e-07,3.0,0.0,3.0,0.0,,0.0,0,0.0,2.999999783897601,13882307.6991852,LOW,LOW,STABLE,1.722222222222222,False,False,False,Прогноз спроса: 0 шт. Свободный остаток: 3 шт. В пути: 0 шт. Страховой запас: 0 шт.
IEK,030200893_," Рамка 2-мест. ""BRITE"" стекло серый (1/100)",0.11683046037276698,12.0,0.0,12.0,0.05841523018638349,1.0,0.0,0,0.0,11.883169539627232,102.71293943130934,LOW,LOW,STABLE,2.421875,False,False,False,Прогноз спроса: 0 шт. Свободный остаток: 12 шт. В пути: 0 шт. Страховой запас: 0 шт. MOQ: 1 шт.
IEK,130600007_,Реле РЭК77/4(LY4) 10A 24B DC IEK (200),0.0,0.0,0.0,0.0,0.0,,0.0,0,0.0,0.0,inf,LOW,LOW,STABLE,0.25,True,False,False,Прогноз спроса: 0 шт. Свободный остаток: 0 шт. В пути: 0 шт. Страховой запас: 0 шт. Есть сигнал предыдущего stockout.
IEK,251400068_,ЩРН  72 (1х72мод) 960х310х140 IP54 TITAN 5 IEK,0.01881323896369887,3.0,0.0,3.0,0.009406619481849435,1.0,0.0,0,0.0,2.981186761036301,159.46217479024517,LOW,LOW,STABLE,0.25,False,False,False,Прогноз спроса: 0 шт. Свободный остаток: 3 шт. В пути: 0 шт. Страховой запас: 0 шт. MOQ: 1 шт.
IEK,120100088_,Контактор  КТИ 5185  185А 400В IEK (1/4) ,0.3772172520744456,7.0,2.0,9.0,0.1886086260372228,1.0,0.0,0,0.0,8.622782747925555,23.858929968091193,LOW,LOW,STABLE,2.583333333333333,False,False,False,Прогноз спроса: 0 шт. Свободный остаток: 7 шт. В пути: 2 шт. Страховой запас: 0 шт. MOQ: 1 шт.
IEK,280200055_,Поворот 90° КМП 40х16 Белый ЭЛЕКОР IEK (4),2.1258694065114825,146.0,0.0,146.0,1.0629347032557412,1.0,0.0,0,0.0,143.87413059348853,68.67778404111081,LOW,LOW,STABLE,1.5835336538461535,False,False,False,Прогноз спроса: 2 шт. Свободный остаток: 146 шт. В пути: 0 шт. Страховой запас: 1 шт. MOQ: 1 шт.
IEK,280200070_,Т-образный угол КМТ 20х10 Белый ЭЛЕКОР IEK (4),0.20122837416378553,67.0,0.0,67.0,0.10061418708189276,1.0,0.0,0,0.0,66.79877162583621,332.95503319758865,LOW,LOW,STABLE,0.6492146596858639,False,False,False,Прогноз спроса: 0 шт. Свободный остаток: 67 шт. В пути: 0 шт. Страховой запас: 0 шт. MOQ: 1 шт.
IEK,120100068_," Пускатель ПРК32  2,5-4А 660В IEK (1) !!!",0.0,0.0,0.0,0.0,0.0,,0.0,0,0.0,0.0,inf,LOW,LOW,STABLE,0.25,True,False,False,Прогноз спроса: 0 шт. Свободный остаток: 0 шт. В пути: 0 шт. Страховой запас: 0 шт. Есть сигнал предыдущего stockout.
IEK,010800023_,Привод ручной ПРП-1  400A для ВА88-37 IEK (12) !!!,0.0,9.0,0.0,9.0,0.0,,0.0,0,0.0,9.0,inf,LOW,LOW,STABLE,0.25,False,False,False,Прогноз спроса: 0 шт. Свободный остаток: 9 шт. В пути: 0 шт. Страховой запас: 0 шт.
IEK,010800050_,Доп. контакт ДК-630/800/1600 А IEK !!!,0.0,5.0,0.0,5.0,0.0,,0.0,0,0.0,5.0,inf,LOW,LOW,STABLE,0.25,False,False,False,Прогноз спроса: 0 шт. Свободный остаток: 5 шт. В пути: 0 шт. Страховой запас: 0 шт.
IEK,130600021_,Тепловое реле РТИ-1314 (7-10А) IEK (1/100),8.566587226171292,93.0,0.0,93.0,4.283293613085646,1.0,0.0,0,0.0,84.4334127738287,10.85613179959004,LOW,LOW,DECLINING,1.088628762541806,False,False,False,Прогноз спроса: 9 шт. Свободный остаток: 93 шт. В пути: 0 шт. Страховой запас: 4 шт. MOQ: 1 шт. Наблюдается снижение спроса.
IEK,251400067_,ЩРН  60 (1х60мод) 835х310х140 IP54 TITAN 5 IEK,0.4403237938587553,3.0,0.0,3.0,0.1917028951268076,1.0,0.0,0,0.0,2.5596762061412446,6.8131680409765085,LOW,LOW,STABLE,0.25,False,False,False,Прогноз спроса: 0 шт. Свободный остаток: 3 шт. В пути: 0 шт. Страховой запас: 0 шт. MOQ: 1 шт.
IEK,030200908_,"Вывод кабеля ""BRITE"" алюминий (1/200)",0.07933005685302619,5.0,0.0,5.0,0.039665028426513094,1.0,0.0,0,0.0,4.920669943146974,63.02781314355337,LOW,LOW,STABLE,0.25,False,False,False,Прогноз спроса: 0 шт. Свободный остаток: 5 шт. В пути: 0 шт. Страховой запас: 0 шт. MOQ: 1 шт.
IEK,280200056_,Поворот 90° КМП 40х25 Белый ЭЛЕКОР IEK (4),56.49029038234831,87.0,0.0,87.0,17.771937148212068,1.0,0.0,0,0.0,30.509709617651687,1.5400876754420993,LOW,LOW,GROWING,0.2584871947587849,False,False,False,Прогноз спроса: 56 шт. Свободный остаток: 87 шт. В пути: 0 шт. Страховой запас: 18 шт. MOQ: 1 шт. Наблюдается рост спроса.
IEK,120100087_,Контактор КТИ 6400  400А 230В IEK (1/4) ,3.029771325832303,14.0,0.0,14.0,1.159058525988514,1.0,0.0,0,0.0,10.970228674167696,4.620810778897343,LOW,LOW,DECLINING,1.117117117117117,False,False,False,Прогноз спроса: 3 шт. Свободный остаток: 14 шт. В пути: 0 шт. Страховой запас: 1 шт. MOQ: 1 шт. Наблюдается снижение спроса.
IEK,010800027_,ВА 88-33 (3ф) 100А IEK (1/16),25.61087902314345,104.0,16.0,120.0,4.927008896548349,1.0,0.0,0,0.0,94.38912097685655,4.685508837535844,LOW,LOW,GROWING,1.8517699115044248,False,False,False,Прогноз спроса: 26 шт. Свободный остаток: 104 шт. В пути: 16 шт. Страховой запас: 5 шт. MOQ: 1 шт. Наблюдается рост спроса.
IEK,280200065_,Соединитель на стык КМС 60х40 Белый ЭЛЕКОР IEK (4),22.972137420328682,18.0,30.0,48.0,11.486068710164341,1.0,0.0,0,0.0,25.027862579671318,2.0894877617057728,LOW,LOW,STABLE,2.5357142857142856,False,False,False,Прогноз спроса: 23 шт. Свободный остаток: 18 шт. В пути: 30 шт. Страховой запас: 11 шт. MOQ: 1 шт.
IEK,120100071_,Пускатель ПРК32-14 In=14A Ir=9-14A Ue 660В IEK (1/50),1.774770420803583,9.0,0.0,9.0,0.8873852104017915,1.0,0.0,0,0.0,7.225229579196417,5.071078430485092,LOW,LOW,DECLINING,3.2254335260115603,False,False,False,Прогноз спроса: 2 шт. Свободный остаток: 9 шт. В пути: 0 шт. Страховой запас: 1 шт. MOQ: 1 шт. Наблюдается снижение спроса.
IEK,ярп40241,ЩРН-П 24 IEK черный IP41,0.0,0.0,0.0,0.0,0.0,,0.0,0,0.0,0.0,inf,LOW,LOW,STABLE,0.25,True,False,False,Прогноз спроса: 0 шт. Свободный остаток: 0 шт. В пути: 0 шт. Страховой запас: 0 шт. Есть сигнал предыдущего stockout.
IEK,030200895_," Рамка 2-мест. ""BRITE"" стекло дымчатый (1/100)",0.5113247123065586,21.0,0.0,21.0,0.2556623561532793,1.0,0.0,0,0.0,20.488675287693443,41.06979282356629,LOW,LOW,STABLE,1.7162629757785468,False,False,False,Прогноз спроса: 1 шт. Свободный остаток: 21 шт. В пути: 0 шт. Страховой запас: 0 шт. MOQ: 1 шт.
IEK,130500094_,ОПС1-B 4Р In=30kA Un=400B Im=60kA IEK,1.2346749069031955,25.0,0.0,25.0,0.1464155046434632,1.0,0.0,0,0.0,23.765325093096806,20.24824499163497,LOW,LOW,STABLE,0.25,False,False,False,Прогноз спроса: 1 шт. Свободный остаток: 25 шт. В пути: 0 шт. Страховой запас: 0 шт. MOQ: 1 шт.
IEK,251400082_,ЩРВ  72 (2х36мод) 630х625х130 IP31 TITAN 5 IEK,5.9376386621259674e-05,1.0,0.0,1.0,2.9688193310629837e-05,1.0,0.0,0,0.0,0.9999406236133788,16841.711948196436,LOW,LOW,STABLE,0.25,False,False,False,Прогноз спроса: 0 шт. Свободный остаток: 1 шт. В пути: 0 шт. Страховой запас: 0 шт. MOQ: 1 шт.
IEK,010800029_,ВА 88-37 (3ф) 315А IEK (1/4),13.80654846785486,46.0,0.0,46.0,1.87067278449938,1.0,0.0,0,0.0,32.19345153214514,3.33175232804199,LOW,LOW,GROWING,1.1492985971943888,False,False,False,Прогноз спроса: 14 шт. Свободный остаток: 46 шт. В пути: 0 шт. Страховой запас: 2 шт. MOQ: 1 шт. Наблюдается рост спроса.
IEK,030200903_," Рамка 4-мест. ""BRITE"" стекло дымчатый (1/50)",0.03361504333979353,26.0,0.0,26.0,0.016807521669896765,1.0,0.0,0,0.0,25.966384956660207,773.4632300539433,LOW,LOW,STABLE,2.0,False,False,False,Прогноз спроса: 0 шт. Свободный остаток: 26 шт. В пути: 0 шт. Страховой запас: 0 шт. MOQ: 1 шт.
IEK,ярп40132,"LED C35 ""Свеча"" 7w 230v 4000К E27 IEK",0.005862744775716128,10.0,0.0,10.0,0.002931372387858064,,0.0,0,0.0,9.994137255224285,1705.6857125046024,LOW,LOW,STABLE,1.823529411764706,False,False,False,Прогноз спроса: 0 шт. Свободный остаток: 10 шт. В пути: 0 шт. Страховой запас: 0 шт.
IEK,251400071_,ЩРН 168 (2х84мод) 1085х570х140 IP54 TITAN 5 IEK,0.0,3.0,0.0,3.0,0.0,1.0,0.0,0,0.0,3.0,inf,LOW,LOW,STABLE,0.25,False,False,False,Прогноз спроса: 0 шт. Свободный остаток: 3 шт. В пути: 0 шт. Страховой запас: 0 шт. MOQ: 1 шт.
IEK,120100086_,Контактор  КТИ 5265  265А 230В IEK (1/2) ,1.4755534059544138,11.0,2.0,13.0,0.5240268759010992,1.0,0.0,0,0.0,11.524446594045585,8.81025379870366,LOW,LOW,STABLE,1.1576763485477175,False,False,False,Прогноз спроса: 1 шт. Свободный остаток: 11 шт. В пути: 2 шт. Страховой запас: 1 шт. MOQ: 1 шт.
IEK,010800042_,ВА 88-33 (3ф)  63А IEK (16) !!!,0.0,0.0,0.0,0.0,0.0,,0.0,0,0.0,0.0,inf,LOW,LOW,STABLE,0.25,True,False,False,Прогноз спроса: 0 шт. Свободный остаток: 0 шт. В пути: 0 шт. Страховой запас: 0 шт. Есть сигнал предыдущего stockout.
IEK,010800045_,ВА 88-43 (3ф) 1250А 50кА с эл расц МР 211 IEK (1) ,0.6960101604477088,4.0,0.0,4.0,0.3480050802238544,1.0,0.0,0,0.0,3.3039898395522913,5.7470425394752835,LOW,LOW,STABLE,0.25,False,False,False,Прогноз спроса: 1 шт. Свободный остаток: 4 шт. В пути: 0 шт. Страховой запас: 0 шт. MOQ: 1 шт.
IEK,120100070_, Пускатель ПРК32-10 In=10A Ir=6-10A Ue 660В IEK (1/50),5.574362359257957,23.0,0.0,23.0,2.7871811796289787,1.0,0.0,0,0.0,17.425637640742043,4.126032453165045,LOW,LOW,DECLINING,1.3042071197411005,False,False,False,Прогноз спроса: 6 шт. Свободный остаток: 23 шт. В пути: 0 шт. Страховой запас: 3 шт. MOQ: 1 шт. Наблюдается снижение спроса.
IEK,010800028_,ВА 88-33 (3ф) 125А IEK (1/16),11.67974369924867,78.0,0.0,78.0,2.692953768633994,1.0,0.0,0,0.0,66.32025630075132,6.678228735876932,LOW,LOW,GROWING,1.0698438783894824,False,False,False,Прогноз спроса: 12 шт. Свободный остаток: 78 шт. В пути: 0 шт. Страховой запас: 3 шт. MOQ: 1 шт. Наблюдается рост спроса.
IEK,ярп40242,ЩРН-П 36 IEK черный IP41,0.0,0.0,0.0,0.0,0.0,,0.0,0,0.0,0.0,inf,LOW,LOW,STABLE,3.875,True,False,False,Прогноз спроса: 0 шт. Свободный остаток: 0 шт. В пути: 0 шт. Страховой запас: 0 шт. Есть сигнал предыдущего stockout.
IEK,030200894_," Рамка 2-мест. ""BRITE"" стекло ванильный (1/100)",2.136361910592156,33.0,0.0,33.0,0.8108123498483903,1.0,0.0,0,0.0,30.863638089407843,15.44682098870274,LOW,LOW,STABLE,1.77363184079602,False,False,False,Прогноз спроса: 2 шт. Свободный остаток: 33 шт. В пути: 0 шт. Страховой запас: 1 шт. MOQ: 1 шт.
IEK,251400083_,ЩРВ  96 (2х48мод) 755х625х130 IP31 TITAN 5 IEK,0.08599160267737802,4.0,1.0,5.0,0.04299580133868901,1.0,0.0,0,0.0,4.914008397322622,58.1452123733398,LOW,LOW,STABLE,0.911764705882353,False,False,False,Прогноз спроса: 0 шт. Свободный остаток: 4 шт. В пути: 1 шт. Страховой запас: 0 шт. MOQ: 1 шт.
IEK,130500102_,ОПС1-B 3Р In=30kA Un=400B Im=60kA IEK,0.0,26.0,0.0,26.0,0.0,1.0,0.0,0,0.0,26.0,inf,LOW,LOW,DECLINING,0.25,False,False,False,Прогноз спроса: 0 шт. Свободный остаток: 26 шт. В пути: 0 шт. Страховой запас: 0 шт. MOQ: 1 шт. Наблюдается снижение спроса.
IEK,251400070_,ЩРН  96 (2х48мод) 710х570х140 IP54 TITAN 5 IEK,1.8089456052350872,6.0,0.0,6.0,0.46520604753879413,1.0,0.0,0,0.0,4.191054394764913,3.316849319645657,LOW,LOW,GROWING,0.6813186813186813,False,False,False,Прогноз спроса: 2 шт. Свободный остаток: 6 шт. В пути: 0 шт. Страховой запас: 0 шт. MOQ: 1 шт. Наблюдается рост спроса.
IEK,130500008_, Сальник PG 11 (7-9мм) IEK (20),0.3068668665507241,1.0,0.0,1.0,0.0,,0.0,0,0.0,0.6931331334492759,3.258742174547226,LOW,LOW,STABLE,3.1,False,False,False,Прогноз спроса: 0 шт. Свободный остаток: 1 шт. В пути: 0 шт. Страховой запас: 0 шт.
IEK,030200904_," Рамка 4-мест. ""BRITE"" стекло темная бронза (1/50)",8.143783825281251e-06,4.0,0.0,4.0,4.071891912640626e-06,1.0,0.0,0,0.0,3.999991856216175,491172.1732571723,LOW,LOW,STABLE,0.25,False,False,False,Прогноз спроса: 0 шт. Свободный остаток: 4 шт. В пути: 0 шт. Страховой запас: 0 шт. MOQ: 1 шт.
IEK,ярп40100,"Профиль перфорированный П-образный 2000-1,5 IEK E-PRO",0.0,0.0,0.0,0.0,0.0,,0.0,0,0.0,0.0,inf,LOW,LOW,STABLE,0.25,True,False,False,Прогноз спроса: 0 шт. Свободный остаток: 0 шт. В пути: 0 шт. Страховой запас: 0 шт. Есть сигнал предыдущего stockout.
IEK,010800046_,ВА 88-43 (3ф) 1600А 50 кА с эл расц МР 211 IEK (1),0.21043422425004688,1.0,0.0,1.0,0.10521711212502344,1.0,0.0,0,0.0,0.7895657757499531,4.752078724664851,LOW,LOW,STABLE,1.148148148148148,False,False,False,Прогноз спроса: 0 шт. Свободный остаток: 1 шт. В пути: 0 шт. Страховой запас: 0 шт. MOQ: 1 шт.
IEK,130301641_,"Колодка клеммная CP-PEN земля 2,5мм2 желто-зеленая IEK",2.279188649913126,71.0,0.0,71.0,1.139594324956563,100.0,0.0,0,0.0,68.72081135008688,31.15143628093543,LOW,LOW,STABLE,0.25,False,False,False,Прогноз спроса: 2 шт. Свободный остаток: 71 шт. В пути: 0 шт. Страховой запас: 1 шт. MOQ: 100 шт.
IEK,251400094_,ЩМП  300х400х150 IP66  TITAN 5 IEK,4.603951353136094e-07,1.0,0.0,1.0,0.0,1.0,0.0,0,0.0,0.9999995396048647,2172047.276995717,LOW,LOW,STABLE,0.25,False,False,False,Прогноз спроса: 0 шт. Свободный остаток: 1 шт. В пути: 0 шт. Страховой запас: 0 шт. MOQ: 1 шт.
IEK,130301738_,Перемычка гребенчатая для CP 4мм2 10PIN IEK,0.0,3.0,0.0,3.0,0.0,10.0,0.0,0,0.0,3.0,inf,LOW,LOW,STABLE,0.25,False,False,False,Прогноз спроса: 0 шт. Свободный остаток: 3 шт. В пути: 0 шт. Страховой запас: 0 шт. MOQ: 10 шт.
IEK,030200941_,"Роз. HDMI б/рамки ""BRITE"" черный (1/100)",0.46419164100987037,14.0,0.0,14.0,0.23209582050493519,1.0,0.0,0,0.0,13.53580835899013,30.159957145161755,LOW,LOW,DECLINING,0.905109489051095,False,False,False,Прогноз спроса: 0 шт. Свободный остаток: 14 шт. В пути: 0 шт. Страховой запас: 0 шт. MOQ: 1 шт. Наблюдается снижение спроса.
IEK,щт-0001014, BA 47-100 (2ф)  80A IEK !!!,0.0011552182471687318,1.0,0.0,1.0,0.0005776091235843659,,0.0,0,0.0,0.9988447817528313,865.6372961999616,LOW,LOW,STABLE,1.722222222222222,False,False,False,Прогноз спроса: 0 шт. Свободный остаток: 1 шт. В пути: 0 шт. Страховой запас: 0 шт.
IEK,280200041_,Внутренний угол КМВ 40х25 Белый ЭЛЕКОР IEK (4),125.76607927312253,495.0,0.0,495.0,29.94474494798714,1.0,0.0,0,0.0,369.2339207268775,3.935878440839544,LOW,LOW,GROWING,1.5026929982046675,False,False,False,Прогноз спроса: 126 шт. Свободный остаток: 495 шт. В пути: 0 шт. Страховой запас: 30 шт. MOQ: 1 шт. Наблюдается рост спроса.
IEK,130600086_,"Тепловое реле РТИ-1312  (5,5-8А) IEK (1/100)",4.132306055035254,33.0,0.0,33.0,1.9873611062579122,1.0,0.0,0,0.0,28.867693944964746,7.9858557329724364,LOW,LOW,DECLINING,1.4356775300171527,False,False,False,Прогноз спроса: 4 шт. Свободный остаток: 33 шт. В пути: 0 шт. Страховой запас: 2 шт. MOQ: 1 шт. Наблюдается снижение спроса.
IEK,251400042_,ЩРН-П 24 черн. прозр. дверь IP41 TEKFOR IEK,6.153363837888805,16.0,10.0,26.0,1.2603240324085971,1.0,0.0,0,0.0,19.846636162111196,4.225331166005048,LOW,LOW,STABLE,0.6567796610169491,False,True,False,Прогноз спроса: 6 шт. Свободный остаток: 16 шт. В пути: 10 шт. Страховой запас: 1 шт. MOQ: 1 шт. В истории обнаружена аномальная продажа.
IEK,251400105_,ЩМП  500х400х150 IP66  TITAN 5 IEK,0.0,2.0,0.0,2.0,0.0,1.0,0.0,0,0.0,2.0,inf,LOW,LOW,STABLE,0.25,False,False,False,Прогноз спроса: 0 шт. Свободный остаток: 2 шт. В пути: 0 шт. Страховой запас: 0 шт. MOQ: 1 шт.
IEK,130301719_,"Заглушка для CP-ML 2 ур. 1,5мм2 серая IEK",0.0,50.0,0.0,50.0,0.0,50.0,0.0,0,0.0,50.0,inf,LOW,LOW,STABLE,1.0,False,False,False,Прогноз спроса: 0 шт. Свободный остаток: 50 шт. В пути: 0 шт. Страховой запас: 0 шт. MOQ: 50 шт.
IEK,010700164_,УЗО АВДТ 4(ф) 25А 30мА ARMAT IEK (3),0.0,1.0,0.0,1.0,0.0,3.0,0.0,0,0.0,1.0,inf,LOW,LOW,STABLE,3.1,False,False,False,Прогноз спроса: 0 шт. Свободный остаток: 1 шт. В пути: 0 шт. Страховой запас: 0 шт. MOQ: 3 шт.
IEK,ярп4673, BA 47-60M (3ф) 32А 6кА С IEK !!!,0.0,0.0,0.0,0.0,0.0,,0.0,0,0.0,0.0,inf,LOW,LOW,STABLE,0.25,True,False,False,Прогноз спроса: 0 шт. Свободный остаток: 0 шт. В пути: 0 шт. Страховой запас: 0 шт. Есть сигнал предыдущего stockout.
IEK,030200870_,"Выкл 1-кл. прох. с инд б/рамки 10А ""BRITE"" жемчуг (1/100)",0.0,153.0,0.0,153.0,0.0,1.0,0.0,0,0.0,153.0,inf,LOW,LOW,STABLE,1.1923076923076923,False,False,False,Прогноз спроса: 0 шт. Свободный остаток: 153 шт. В пути: 0 шт. Страховой запас: 0 шт. MOQ: 1 шт.
IEK,280300003_,Кронштейн настенный осн.100мм. IEK (4),26.992585557047867,176.0,0.0,176.0,5.104083332652988,4.0,0.0,0,0.0,149.00741444295213,6.520309054055984,LOW,LOW,DECLINING,1.289299309178063,False,False,False,Прогноз спроса: 27 шт. Свободный остаток: 176 шт. В пути: 0 шт. Страховой запас: 5 шт. MOQ: 4 шт. Наблюдается снижение спроса.
IEK,120100038_, Контактор КМИ-35012 50А 400В (3вел) IEK (1/20),3.127735644597559,14.0,0.0,14.0,1.321993444260094,1.0,0.0,0,0.0,10.872264355402441,4.476081610088042,LOW,LOW,DECLINING,0.7622950819672131,False,False,False,Прогноз спроса: 3 шт. Свободный остаток: 14 шт. В пути: 0 шт. Страховой запас: 1 шт. MOQ: 1 шт. Наблюдается снижение спроса.
IEK,130600098_,Разъем РРМ77/3(PTF11A) для РЭК77/3(LY3) модульный IEK,0.48210934686896667,27.0,0.0,27.0,0.24105467343448334,10.0,0.0,0,0.0,26.517890653131033,56.00389242679084,LOW,LOW,STABLE,1.5667870036101084,False,False,False,Прогноз спроса: 0 шт. Свободный остаток: 27 шт. В пути: 0 шт. Страховой запас: 0 шт. MOQ: 10 шт.
IEK,030200943_,"Выкл. жалюзи 10А ""BRITE"" черный (1/100)",0.025774343783960787,37.0,0.0,37.0,0.012887171891980393,1.0,0.0,0,0.0,36.97422565621604,1435.5360629210227,LOW,LOW,STABLE,0.25,False,False,False,Прогноз спроса: 0 шт. Свободный остаток: 37 шт. В пути: 0 шт. Страховой запас: 0 шт. MOQ: 1 шт.
IEK,щт-0000861,Распред. блок на DIN-рейку РБД-125А IEK !!!,0.0,0.0,0.0,0.0,0.0,,0.0,0,0.0,0.0,inf,LOW,LOW,STABLE,0.25,True,False,False,Прогноз спроса: 0 шт. Свободный остаток: 0 шт. В пути: 0 шт. Страховой запас: 0 шт. Есть сигнал предыдущего stockout.
IEK,010700163_,УЗО АВДТ 2(ф) 63А 30мА ARMAT IEK (6),0.13830767005623085,14.0,0.0,14.0,0.06915383502811542,6.0,0.0,0,0.0,13.86169232994377,101.22359804274132,LOW,LOW,STABLE,0.25,False,False,False,Прогноз спроса: 0 шт. Свободный остаток: 14 шт. В пути: 0 шт. Страховой запас: 0 шт. MOQ: 6 шт.
IEK,251400106_,ЩМП  500х400х200 IP66  TITAN 5 IEK,2.0317168950664155,17.0,0.0,17.0,0.5308012810836085,1.0,0.0,0,0.0,14.968283104933585,8.367307493126045,LOW,LOW,GROWING,0.25,False,False,False,Прогноз спроса: 2 шт. Свободный остаток: 17 шт. В пути: 0 шт. Страховой запас: 1 шт. MOQ: 1 шт. Наблюдается рост спроса.
IEK,130301717_,Заглушка для CP-MC 3 вывода 4мм2 серая IEK,0.0026993719044475003,47.0,0.0,47.0,0.0013496859522237501,50.0,0.0,0,0.0,46.99730062809555,17411.457799706124,LOW,LOW,STABLE,0.25,False,False,False,Прогноз спроса: 0 шт. Свободный остаток: 47 шт. В пути: 0 шт. Страховой запас: 0 шт. MOQ: 50 шт.
IEK,251400041_,ЩРН-П 12 черн. прозр. дверь IP41 TEKFOR IEK,3.8857828878285883,25.0,0.0,25.0,0.48244170632315825,1.0,0.0,0,0.0,21.11421711217141,6.433709942546542,LOW,LOW,DECLINING,1.2025862068965518,False,False,False,Прогноз спроса: 4 шт. Свободный остаток: 25 шт. В пути: 0 шт. Страховой запас: 0 шт. MOQ: 1 шт. Наблюдается снижение спроса.
IEK,120300023_,Контактор  КТИ 5115  115А 400В IEK (1/4) ,0.12099840258761953,6.0,0.0,6.0,0.060499201293809764,1.0,0.0,0,0.0,5.879001597412381,49.58743150063632,LOW,LOW,STABLE,2.039473684210526,False,False,False,Прогноз спроса: 0 шт. Свободный остаток: 6 шт. В пути: 0 шт. Страховой запас: 0 шт. MOQ: 1 шт.
IEK,280200040_,Внутренний угол КМВ 40х16 Белый ЭЛЕКОР IEK (4),1.5543277401653224,237.0,0.0,237.0,0.7771638700826612,1.0,0.0,0,0.0,235.44567225983468,152.4774948523997,LOW,LOW,STABLE,0.5023148148148148,False,False,False,Прогноз спроса: 2 шт. Свободный остаток: 237 шт. В пути: 0 шт. Страховой запас: 1 шт. MOQ: 1 шт.
IEK,280300004_,Кронштейн настенный осн.200мм. IEK (4),9.556837461372874,201.0,0.0,201.0,4.115539656796864,4.0,0.0,0,0.0,191.44316253862712,21.032062208069156,LOW,LOW,STABLE,0.4255543822597676,False,False,False,Прогноз спроса: 10 шт. Свободный остаток: 201 шт. В пути: 0 шт. Страховой запас: 4 шт. MOQ: 4 шт.
IEK,120100037_, Контактор КМИ-34012 40А 400В (3вел) IEK (1/20),12.399866633934192,33.0,0.0,33.0,1.1851863425920226,1.0,0.0,0,0.0,20.60013336606581,2.6613189459385227,LOW,LOW,GROWING,0.8315450643776824,False,False,False,Прогноз спроса: 12 шт. Свободный остаток: 33 шт. В пути: 0 шт. Страховой запас: 1 шт. MOQ: 1 шт. Наблюдается рост спроса.
IEK,011100071_,Стабилизатор СНИ 10 кВА (1ф) IEK (1),0.0,0.0,0.0,0.0,0.0,,0.0,0,0.0,0.0,inf,LOW,LOW,STABLE,3.875,True,False,False,Прогноз спроса: 0 шт. Свободный остаток: 0 шт. В пути: 0 шт. Страховой запас: 0 шт. Есть сигнал предыдущего stockout.
IEK,120300008_,Контактор  КТИ 5115  115А 230В IEK (1/4) ,3.991323553635005,26.0,0.0,26.0,0.1565247584250479,1.0,0.0,0,0.0,22.008676446364994,6.514129874617933,LOW,LOW,GROWING,2.539249146757679,False,True,False,Прогноз спроса: 4 шт. Свободный остаток: 26 шт. В пути: 0 шт. Страховой запас: 0 шт. MOQ: 1 шт. В истории обнаружена аномальная продажа. Наблюдается рост спроса.
IEK,010700165_,УЗО АВДТ 4(ф) 40А 30мА ARMAT IEK (3),0.17225805127587332,2.0,0.0,2.0,0.08612902563793666,3.0,0.0,0,0.0,1.8277419487241267,11.610487783801618,LOW,LOW,STABLE,1.2653061224489797,False,False,False,Прогноз спроса: 0 шт. Свободный остаток: 2 шт. В пути: 0 шт. Страховой запас: 0 шт. MOQ: 3 шт.
IEK,251400045_,КМПн 2 белый IP41 TEKFOR Mini  IEK,5.473090281922185,67.0,0.0,67.0,1.445913782584101,12.0,0.0,0,0.0,61.52690971807782,12.241712916979173,LOW,LOW,STABLE,1.930795847750865,False,False,False,Прогноз спроса: 5 шт. Свободный остаток: 67 шт. В пути: 0 шт. Страховой запас: 1 шт. MOQ: 12 шт.
IEK,011100065_,Стабилизатор СНИ  5 кВА (1ф) IEK (1),0.0,0.0,0.0,0.0,0.0,,0.0,0,0.0,0.0,inf,LOW,LOW,STABLE,0.25,True,False,False,Прогноз спроса: 0 шт. Свободный остаток: 0 шт. В пути: 0 шт. Страховой запас: 0 шт. Есть сигнал предыдущего stockout.
IEK,010700167_,УЗО АВДТ 1P+NP 6 А 30мА ARMAT IEK (12),0.0,9.0,0.0,9.0,0.0,12.0,0.0,0,0.0,9.0,inf,LOW,LOW,STABLE,0.25,False,False,False,Прогноз спроса: 0 шт. Свободный остаток: 9 шт. В пути: 0 шт. Страховой запас: 0 шт. MOQ: 12 шт.
IEK,ярп4522,Контактор КМИ-22510 25А 24В/АС3 1НО IEK,0.0,0.0,0.0,0.0,0.0,,0.0,0,0.0,0.0,inf,LOW,LOW,STABLE,1.0,True,False,False,Прогноз спроса: 0 шт. Свободный остаток: 0 шт. В пути: 0 шт. Страховой запас: 0 шт. Есть сигнал предыдущего stockout.
IEK,251400103_,ЩМП  500х300х150 IP66  TITAN 5 IEK,5.126126833308506e-06,2.0,0.0,2.0,0.0,1.0,0.0,0,0.0,1.9999948738731668,390158.1184071405,LOW,LOW,STABLE,0.25,False,False,False,Прогноз спроса: 0 шт. Свободный остаток: 2 шт. В пути: 0 шт. Страховой запас: 0 шт. MOQ: 1 шт.
IEK,130301725_,Дополнительная вводная клемма для CTS 70/120мм2 серая IEK,5.9395421447879795e-06,1.0,0.0,1.0,0.0,10.0,0.0,0,0.0,0.9999940604578552,168363.14578178592,LOW,LOW,STABLE,0.25,False,False,False,Прогноз спроса: 0 шт. Свободный остаток: 1 шт. В пути: 0 шт. Страховой запас: 0 шт. MOQ: 10 шт.
IEK,280200167_,Внутренний изменяемый угол 100х40  ПРАЙМЕР (108),19.947854237229027,79.0,0.0,79.0,5.792121085290491,12.0,0.0,0,0.0,59.05214576277098,3.960325710249122,LOW,LOW,DECLINING,0.9309799789251844,False,False,False,Прогноз спроса: 20 шт. Свободный остаток: 79 шт. В пути: 0 шт. Страховой запас: 6 шт. MOQ: 12 шт. Наблюдается снижение спроса.
IEK,120100042_, Контактор КМИ-48012 80А 400В (4вел) IEK (1/16),3.63720803584385,54.0,0.0,54.0,1.1287160847617983,1.0,0.0,0,0.0,50.36279196415615,14.846552484169836,LOW,LOW,DECLINING,1.616564417177914,False,False,False,Прогноз спроса: 4 шт. Свободный остаток: 54 шт. В пути: 0 шт. Страховой запас: 1 шт. MOQ: 1 шт. Наблюдается снижение спроса.
IEK,130600079_,"Тепловое реле РТИ-1305 (0,63-1,0А) IEK (1/100)",1.0943925930192997,13.0,4.0,17.0,0.5471962965096498,1.0,0.0,0,0.0,15.9056074069807,15.533730864441445,LOW,LOW,DECLINING,2.1088435374149657,False,False,False,Прогноз спроса: 1 шт. Свободный остаток: 13 шт. В пути: 4 шт. Страховой запас: 1 шт. MOQ: 1 шт. Наблюдается снижение спроса.
IEK,280200042_,Внутренний угол КМВ 60х40 Белый ЭЛЕКОР IEK (4),31.877729012268443,17.0,20.0,37.0,1.249341493214137,1.0,0.0,0,0.0,5.122270987731557,1.160684940441027,LOW,LOW,GROWING,1.4561018437225637,True,True,False,Прогноз спроса: 32 шт. Свободный остаток: 17 шт. В пути: 20 шт. Страховой запас: 1 шт. MOQ: 1 шт. Есть сигнал предыдущего stockout. В истории обнаружена аномальная продажа. Наблюдается рост спроса.
IEK,010700166_,УЗО АВДТ 4(ф) 63А 30мА ARMAT IEK (3),0.04369993445736063,15.0,0.0,15.0,0.021849967228680316,3.0,0.0,0,0.0,14.956300065542639,343.2499427347188,LOW,LOW,STABLE,3.369565217391304,False,False,False,Прогноз спроса: 0 шт. Свободный остаток: 15 шт. В пути: 0 шт. Страховой запас: 0 шт. MOQ: 3 шт.
IEK,030200940_,"Роз. HDMI б/рамки ""BRITE"" графит (1/100)",0.0057959430151659054,7.0,0.0,7.0,0.0028979715075829527,1.0,0.0,0,0.0,6.9942040569848345,1207.741342812293,LOW,LOW,STABLE,0.7380952380952381,False,False,False,Прогноз спроса: 0 шт. Свободный остаток: 7 шт. В пути: 0 шт. Страховой запас: 0 шт. MOQ: 1 шт.
IEK,щт-0001387,Совмещенный контакт АКДК-630/800/1600А IEK !!!,0.0,0.0,0.0,0.0,0.0,,0.0,0,0.0,0.0,inf,LOW,LOW,STABLE,0.25,True,False,False,Прогноз спроса: 0 шт. Свободный остаток: 0 шт. В пути: 0 шт. Страховой запас: 0 шт. Есть сигнал предыдущего stockout.
IEK,251400104_,ЩМП  500х300х200 IP66  TITAN 5 IEK,0.0001382907660854374,2.0,0.0,2.0,6.91453830427187e-05,1.0,0.0,0,0.0,1.9998617092339146,14462.281586930978,LOW,LOW,DECLINING,0.25,False,False,False,Прогноз спроса: 0 шт. Свободный остаток: 2 шт. В пути: 0 шт. Страховой запас: 0 шт. MOQ: 1 шт. Наблюдается снижение спроса.
IEK,130301721_,Заглушка для CP-ML 2 ур. 4мм2 серая IEK,0.00012730618317845243,44.0,0.0,44.0,6.365309158922622e-05,50.0,0.0,0,0.0,43.99987269381682,345623.4324323639,LOW,LOW,STABLE,0.25,False,False,False,Прогноз спроса: 0 шт. Свободный остаток: 44 шт. В пути: 0 шт. Страховой запас: 0 шт. MOQ: 50 шт.
IEK,251400043_,ЩРН-П 36 черн. прозр. дверь IP41 TEKFOR IEK,5.068641519370364,14.0,0.0,14.0,0.7036363881058642,1.0,0.0,0,0.0,8.931358480629637,2.7620813084723945,LOW,LOW,STABLE,0.7345971563981043,False,True,False,Прогноз спроса: 5 шт. Свободный остаток: 14 шт. В пути: 0 шт. Страховой запас: 1 шт. MOQ: 1 шт. В истории обнаружена аномальная продажа.
IEK,280200252_,Разъём RJ-45 UTP для кабеля кат.5Е ITK ,1287.6984079910862,5081.0,3000.0,8081.0,196.30314057599804,20.0,0.0,0,0.0,6793.301592008914,6.275537773326143,LOW,LOW,DECLINING,0.9360720444013364,False,False,False,Прогноз спроса: 1288 шт. Свободный остаток: 5081 шт. В пути: 3000 шт. Страховой запас: 196 шт. MOQ: 20 шт. Наблюдается снижение спроса.
IEK,120100041_, Контактор КМИ-48012 80А 230В (4вел) IEK (1/16),18.314904265582516,73.0,0.0,73.0,1.8245376126569721,1.0,0.0,0,0.0,54.68509573441749,3.985824820126527,LOW,LOW,STABLE,1.1684831970935514,False,False,False,Прогноз спроса: 18 шт. Свободный остаток: 73 шт. В пути: 0 шт. Страховой запас: 2 шт. MOQ: 1 шт.
IEK,ярп4665,ВА47-29 (2ф)  5А IEK (6/72) !!!,4.057086603027472e-06,3.0,0.0,3.0,0.0,,0.0,0,0.0,2.999995942913397,739446.8724826691,LOW,LOW,STABLE,4.0,False,False,False,Прогноз спроса: 0 шт. Свободный остаток: 3 шт. В пути: 0 шт. Страховой запас: 0 шт.
IEK,030200871_,"Роз 2-я с кр. 16А в сб IP44 ""BRITE"" жемчуг (1/100)",0.0,37.0,0.0,37.0,0.0,1.0,0.0,0,0.0,37.0,inf,LOW,LOW,STABLE,0.25,False,False,False,Прогноз спроса: 0 шт. Свободный остаток: 37 шт. В пути: 0 шт. Страховой запас: 0 шт. MOQ: 1 шт.
IEK,011100067_,Стабилизатор СНИ  3 кВА (3ф) IEK (1),0.0,0.0,0.0,0.0,0.0,,0.0,0,0.0,0.0,inf,LOW,LOW,STABLE,0.25,True,False,False,Прогноз спроса: 0 шт. Свободный остаток: 0 шт. В пути: 0 шт. Страховой запас: 0 шт. Есть сигнал предыдущего stockout.
IEK,130600078_,"Тепловое реле РТИ-1304 (0,4-0,63А) IEK (1/100)",0.3918912515154125,9.0,0.0,9.0,0.19594562575770624,1.0,0.0,0,0.0,8.608108748484588,22.96555476856835,LOW,LOW,DECLINING,1.4276315789473684,False,False,False,Прогноз спроса: 0 шт. Свободный остаток: 9 шт. В пути: 0 шт. Страховой запас: 0 шт. MOQ: 1 шт. Наблюдается снижение спроса.
IEK,010700162_,УЗО АВДТ 2(ф) 40А 30мА ARMAT IEK (6),0.05938612990830006,3.0,0.0,3.0,0.0,6.0,0.0,0,0.0,2.9406138700917,50.51684635170521,LOW,LOW,STABLE,2.3846153846153846,False,False,False,Прогноз спроса: 0 шт. Свободный остаток: 3 шт. В пути: 0 шт. Страховой запас: 0 шт. MOQ: 6 шт.
IEK,030200869_,"Роз 2-ая комп. RJ45 кат.5E б/рамки ""BRITE"" алюминий (1/100)",0.16017658136848276,39.0,0.0,39.0,0.0,1.0,0.0,0,0.0,38.83982341863152,243.48128588336735,LOW,LOW,STABLE,0.25,False,False,False,Прогноз спроса: 0 шт. Свободный остаток: 39 шт. В пути: 0 шт. Страховой запас: 0 шт. MOQ: 1 шт.
IEK,130301712_,Заглушка для CP 4мм2 серая IEK,0.02102767201124751,24.0,0.0,24.0,0.010513836005623755,50.0,0.0,0,0.0,23.978972327988753,1141.3531648754374,LOW,LOW,STABLE,0.25,False,False,False,Прогноз спроса: 0 шт. Свободный остаток: 24 шт. В пути: 0 шт. Страховой запас: 0 шт. MOQ: 50 шт.
IEK,щт-0000139,"Индикатор, CHINT, ND 16-22DS/2, желтый AC/DC 24В",0.0,0.0,0.0,0.0,0.0,,0.0,0,0.0,0.0,inf,LOW,LOW,STABLE,1.0,True,False,False,Прогноз спроса: 0 шт. Свободный остаток: 0 шт. В пути: 0 шт. Страховой запас: 0 шт. Есть сигнал предыдущего stockout.
IEK,130200007_,"Шина ""N"" нулевая 6х9мм 14/2 (крепеж по краям) IEK (10)",4.549127295791655,43.0,0.0,43.0,1.4277969626899947,10.0,0.0,0,0.0,38.450872704208344,9.452362443183072,LOW,LOW,STABLE,1.7383177570093458,False,True,False,Прогноз спроса: 5 шт. Свободный остаток: 43 шт. В пути: 0 шт. Страховой запас: 1 шт. MOQ: 10 шт. В истории обнаружена аномальная продажа.
IEK,280200038_,Внутренний угол КМВ 16х16 Белый ЭЛЕКОР IEK (4),2.691021263306037,87.0,0.0,87.0,1.3455106316530185,1.0,0.0,0,0.0,84.30897873669396,32.32973339389994,LOW,LOW,DECLINING,0.4238728750923872,False,False,False,Прогноз спроса: 3 шт. Свободный остаток: 87 шт. В пути: 0 шт. Страховой запас: 1 шт. MOQ: 1 шт. Наблюдается снижение спроса.
IEK,251400037_,ЩРВ-П 36 бел. дверь IP41 TEKFOR IEK,3.7077349951390812,26.0,0.0,26.0,1.5282888034225295,1.0,0.0,0,0.0,22.29226500486092,7.012367397909114,LOW,LOW,DECLINING,0.6813186813186813,False,False,False,Прогноз спроса: 4 шт. Свободный остаток: 26 шт. В пути: 0 шт. Страховой запас: 2 шт. MOQ: 1 шт. Наблюдается снижение спроса.
IEK,011100123_,Аварийный контакт АК-125/160 (АК 32/33)   ТДМ !!!,0.00042132051638424573,381.0,0.0,381.0,0.0,,0.0,0,0.0,380.9995786794836,904299.6606709907,LOW,LOW,STABLE,0.25,False,False,False,Прогноз спроса: 0 шт. Свободный остаток: 381 шт. В пути: 0 шт. Страховой запас: 0 шт.
IEK,ярп5605,"Шина N ""ноль"" на DIN-изол тип ""Стойка"" ШНИ-6х9-14-С-С IEK !!!",0.0004429049892464923,59.0,0.0,59.0,0.0,,0.0,0,0.0,58.99955709501075,133211.41425924288,LOW,LOW,STABLE,2.583333333333333,False,False,False,Прогноз спроса: 0 шт. Свободный остаток: 59 шт. В пути: 0 шт. Страховой запас: 0 шт.
IEK,030200867_,"Выкл 1-кл. прох. с инд б/рамки 10А ""BRITE"" алюминий (1/100)",1.1295253847032051e-05,111.0,0.0,111.0,0.0,1.0,0.0,0,0.0,110.99998870474616,9827136.37986688,LOW,LOW,STABLE,4.0,False,False,False,Прогноз спроса: 0 шт. Свободный остаток: 111 шт. В пути: 0 шт. Страховой запас: 0 шт. MOQ: 1 шт.
IEK,010700158_,ARMAT (3ф) 40А C IEK (1),3.110223076732698,15.0,0.0,15.0,0.9059525373881345,1.0,0.0,0,0.0,11.889776923267302,4.822805191117533,LOW,LOW,GROWING,0.6,False,False,False,Прогноз спроса: 3 шт. Свободный остаток: 15 шт. В пути: 0 шт. Страховой запас: 1 шт. MOQ: 1 шт. Наблюдается рост спроса.
IEK,280300009_,Крышка на лоток осн. 400мм. IEK (6),5.516286055271457,63.0,0.0,63.0,2.7581430276357284,6.0,0.0,0,0.0,57.48371394472854,11.420727527318155,LOW,LOW,DECLINING,0.25,False,False,False,Прогноз спроса: 6 шт. Свободный остаток: 63 шт. В пути: 0 шт. Страховой запас: 3 шт. MOQ: 6 шт. Наблюдается снижение спроса.
IEK,251400110_,ЩМП  500х600х300 IP66  TITAN 5 IEK,2.458220051443009e-07,1.0,0.0,1.0,0.0,1.0,0.0,0,0.0,0.9999997541779948,4067984.0660033114,LOW,LOW,STABLE,0.25,False,False,False,Прогноз спроса: 0 шт. Свободный остаток: 1 шт. В пути: 0 шт. Страховой запас: 0 шт. MOQ: 1 шт.
IEK,130301708_,Заглушка для CTS-ML 2 ур. 4мм2 серая IEK,0.00013180286908869238,43.0,0.0,43.0,6.590143454434619e-05,50.0,0.0,0,0.0,42.99986819713091,326244.79495256336,LOW,LOW,STABLE,0.25,False,False,False,Прогноз спроса: 0 шт. Свободный остаток: 43 шт. В пути: 0 шт. Страховой запас: 0 шт. MOQ: 50 шт.
IEK,130600129_,Реле циклическое ORT 1 конт. 230В AC ИЭК ORT-S1-AC230V NEW,0.0,0.0,0.0,0.0,0.0,,0.0,0,0.0,0.0,inf,LOW,LOW,STABLE,0.25,True,False,False,Прогноз спроса: 0 шт. Свободный остаток: 0 шт. В пути: 0 шт. Страховой запас: 0 шт. Есть сигнал предыдущего stockout.
IEK,251400036_,ЩРВ-П 24 бел. дверь IP41 TEKFOR IEK,2.648871774883618,13.0,14.0,27.0,0.36147844564602616,1.0,0.0,0,0.0,24.351128225116383,10.193018875436612,LOW,LOW,DECLINING,0.3563218390804597,False,False,False,Прогноз спроса: 3 шт. Свободный остаток: 13 шт. В пути: 14 шт. Страховой запас: 0 шт. MOQ: 1 шт. Наблюдается снижение спроса.
IEK,030200947_,"Роз. с з/к с з/ш 16А с USB A+C 18Вт б/рамки ""BRITE"" черный (1/80)",1.7182061931263193,28.0,0.0,28.0,0.722956891292051,1.0,0.0,0,0.0,26.28179380687368,16.29606511256562,LOW,LOW,DECLINING,0.25,False,False,False,Прогноз спроса: 2 шт. Свободный остаток: 28 шт. В пути: 0 шт. Страховой запас: 1 шт. MOQ: 1 шт. Наблюдается снижение спроса.
IEK,ст-9953508,Соединитель безвинтовой CF IEK !!!,8.043387685059194e-05,22.0,0.0,22.0,0.0,,0.0,0,0.0,21.99991956612315,273516.59352272155,LOW,LOW,STABLE,0.25,False,False,False,Прогноз спроса: 0 шт. Свободный остаток: 22 шт. В пути: 0 шт. Страховой запас: 0 шт.
IEK,011100124_,Аварийный контакт АК-250/400 (АК 35/37)   ТДМ !!!,6.428159218213973e-05,169.0,0.0,169.0,0.0,,0.0,0,0.0,168.9999357184078,2629057.468289587,LOW,LOW,STABLE,0.25,False,False,False,Прогноз спроса: 0 шт. Свободный остаток: 169 шт. В пути: 0 шт. Страховой запас: 0 шт.
IEK,120100034_, Контактор КМИ-11810 18А 400В (1вел) IEK (1/50),16.466867990396164,45.0,0.0,45.0,5.137574005955208,1.0,0.0,0,0.0,28.533132009603836,2.7327601111665545,LOW,LOW,GROWING,1.135135135135135,False,False,False,Прогноз спроса: 16 шт. Свободный остаток: 45 шт. В пути: 0 шт. Страховой запас: 5 шт. MOQ: 1 шт. Наблюдается рост спроса.
IEK,010700156_,ARMAT (3ф) 32А C IEK (1),4.038980430699722,21.0,0.0,21.0,1.4948592464398334,1.0,0.0,0,0.0,16.961019569300277,5.199331950306557,LOW,LOW,STABLE,0.4661654135338346,False,False,False,Прогноз спроса: 4 шт. Свободный остаток: 21 шт. В пути: 0 шт. Страховой запас: 1 шт. MOQ: 1 шт.
IEK,130200008_,"Шина ""N"" нулевая 8х12мм 14/1 (крепеж по центру) IEK (10)",0.012770091185282554,5.0,0.0,5.0,0.006385045592641277,10.0,0.0,0,0.0,4.987229908814718,391.5398823277368,LOW,LOW,STABLE,0.25,False,False,False,Прогноз спроса: 0 шт. Свободный остаток: 5 шт. В пути: 0 шт. Страховой запас: 0 шт. MOQ: 10 шт.
IEK,280200037_,Внутренний угол КМВ 100х60 Белый ЭЛЕКОР IEK (2) ,16.3273856850655,59.0,30.0,89.0,7.612801718158699,5.0,0.0,0,0.0,72.67261431493449,5.4509645154893,LOW,LOW,DECLINING,1.524590163934426,False,False,False,Прогноз спроса: 16 шт. Свободный остаток: 59 шт. В пути: 30 шт. Страховой запас: 8 шт. MOQ: 5 шт. Наблюдается снижение спроса.
IEK,251400111_,ЩМП  600х400х200 IP66  TITAN 5 IEK,0.08808128410817397,2.0,0.0,2.0,0.04404064205408698,1.0,0.0,0,0.0,1.911918715891826,22.70629930353615,LOW,LOW,STABLE,1.1923076923076923,False,False,False,Прогноз спроса: 0 шт. Свободный остаток: 2 шт. В пути: 0 шт. Страховой запас: 0 шт. MOQ: 1 шт.
IEK,130600130_,Реле циклическое ORT 1 конт. 12-240В AC/DC IEK ORT-S1-ACDC12-240V NEW,0.0,0.0,0.0,0.0,0.0,,0.0,0,0.0,0.0,inf,LOW,LOW,STABLE,2.2142857142857144,True,False,False,Прогноз спроса: 0 шт. Свободный остаток: 0 шт. В пути: 0 шт. Страховой запас: 0 шт. Есть сигнал предыдущего stockout.
IEK,251400035_,ЩРВ-П 12 бел. дверь IP41 TEKFOR IEK,0.0,3.0,0.0,3.0,0.0,1.0,0.0,0,0.0,3.0,inf,LOW,LOW,STABLE,1.2916666666666667,False,False,False,Прогноз спроса: 0 шт. Свободный остаток: 3 шт. В пути: 0 шт. Страховой запас: 0 шт. MOQ: 1 шт.
IEK,010700159_,ARMAT (3ф) 50А C IEK (1),1.1364099064194761,10.0,0.0,10.0,0.442718872423573,1.0,0.0,0,0.0,8.863590093580523,8.799641699276739,LOW,LOW,STABLE,0.62,False,False,False,Прогноз спроса: 1 шт. Свободный остаток: 10 шт. В пути: 0 шт. Страховой запас: 0 шт. MOQ: 1 шт.
IEK,251400109_,ЩМП  500х600х200 IP66  TITAN 5 IEK,0.014637323691565486,2.0,0.0,2.0,0.007318661845782743,1.0,0.0,0,0.0,1.9853626763084344,136.6370001882562,LOW,LOW,STABLE,3.1,False,False,False,Прогноз спроса: 0 шт. Свободный остаток: 2 шт. В пути: 0 шт. Страховой запас: 0 шт. MOQ: 1 шт.
IEK,030200946_,"Выкл. жалюзи 10А ""BRITE"" алюминий (1/100)",0.0,2.0,0.0,2.0,0.0,1.0,0.0,0,0.0,2.0,inf,LOW,LOW,DECLINING,0.25,False,False,False,Прогноз спроса: 0 шт. Свободный остаток: 2 шт. В пути: 0 шт. Страховой запас: 0 шт. MOQ: 1 шт. Наблюдается снижение спроса.
IEK,251400040_,ЩРН-П  8  черн. прозр. дверь IP41 TEKFOR IEK,1.839812400632039,79.0,0.0,79.0,0.9199062003160196,1.0,0.0,0,0.0,77.16018759936796,42.93916052139923,LOW,LOW,GROWING,2.735294117647059,False,False,False,Прогноз спроса: 2 шт. Свободный остаток: 79 шт. В пути: 0 шт. Страховой запас: 1 шт. MOQ: 1 шт. Наблюдается рост спроса.
IEK,030200944_,"Выкл. жалюзи 10А ""BRITE"" графит (1/100)",0.07977231872539137,4.0,0.0,4.0,0.0,1.0,0.0,0,0.0,3.920227681274609,50.14270694286348,LOW,LOW,STABLE,0.25,False,False,False,Прогноз спроса: 0 шт. Свободный остаток: 4 шт. В пути: 0 шт. Страховой запас: 0 шт. MOQ: 1 шт.
IEK,щт-0000417,Полка кабельная К1161,0.0,0.0,0.0,0.0,0.0,,0.0,0,0.0,0.0,inf,LOW,LOW,STABLE,0.25,True,False,False,Прогноз спроса: 0 шт. Свободный остаток: 0 шт. В пути: 0 шт. Страховой запас: 0 шт. Есть сигнал предыдущего stockout.
IEK,251400107_,ЩМП  500х500х200 IP66  TITAN 5 IEK,0.0011958830940313706,3.0,0.0,3.0,0.0005979415470156853,1.0,0.0,0,0.0,2.9988041169059687,2508.6064139320492,LOW,LOW,STABLE,0.25,False,False,False,Прогноз спроса: 0 шт. Свободный остаток: 3 шт. В пути: 0 шт. Страховой запас: 0 шт. MOQ: 1 шт.
IEK,130301716_,"Заглушка для CP-MC 4 вывода 2,5мм2 серая IEK",0.0,40.0,0.0,40.0,0.0,50.0,0.0,0,0.0,40.0,inf,LOW,LOW,STABLE,0.25,False,False,False,Прогноз спроса: 0 шт. Свободный остаток: 40 шт. В пути: 0 шт. Страховой запас: 0 шт. MOQ: 50 шт.
IEK,011100098_,"Стаб электрон СНР 1-0-1,5 кВА (1ф) переносной IEK (4)",0.0,0.0,0.0,0.0,0.0,,0.0,0,0.0,0.0,inf,LOW,LOW,STABLE,0.25,True,False,False,Прогноз спроса: 0 шт. Свободный остаток: 0 шт. В пути: 0 шт. Страховой запас: 0 шт. Есть сигнал предыдущего stockout.
IEK,010700161_,УЗО АВДТ 2(ф) 25А 30мА ARMAT IEK (1),0.2923277068326757,7.0,0.0,7.0,0.14616385341633786,1.0,0.0,0,0.0,6.707672293167324,23.945728839198612,LOW,LOW,STABLE,0.7560975609756098,False,False,False,Прогноз спроса: 0 шт. Свободный остаток: 7 шт. В пути: 0 шт. Страховой запас: 0 шт. MOQ: 1 шт.
IEK,280300005_,Крышка на лоток осн. 100мм. IEK (6),167.51491928379372,738.0,0.0,738.0,30.22407566824778,6.0,0.0,0,0.0,570.4850807162063,4.405577742897782,LOW,LOW,GROWING,1.6187459034301943,False,False,False,Прогноз спроса: 168 шт. Свободный остаток: 738 шт. В пути: 0 шт. Страховой запас: 30 шт. MOQ: 6 шт. Наблюдается рост спроса.
IEK,120100036_, Контактор КМИ-23210 32А 400В (2вел) IEK (1/50),31.23180313210974,116.0,0.0,116.0,4.4748929223688325,1.0,0.0,0,0.0,84.76819686789025,3.714162756127878,LOW,LOW,GROWING,0.8866886688668867,False,False,False,Прогноз спроса: 31 шт. Свободный остаток: 116 шт. В пути: 0 шт. Страховой запас: 4 шт. MOQ: 1 шт. Наблюдается рост спроса.
IEK,251400039_,ЩРВ-П  8 черн. прозр. дверь IP41 TEKFOR IEK,0.20831579419696383,5.0,0.0,5.0,0.10415789709848192,1.0,0.0,0,0.0,4.791684205803036,24.002020678626366,LOW,LOW,DECLINING,0.25,False,False,False,Прогноз спроса: 0 шт. Свободный остаток: 5 шт. В пути: 0 шт. Страховой запас: 0 шт. MOQ: 1 шт. Наблюдается снижение спроса.
IEK,ярп4795,Приставка ПКИ-40 доп.контакты 4з   IEK KPK10-40,0.0,0.0,0.0,0.0,0.0,,0.0,0,0.0,0.0,inf,LOW,LOW,STABLE,1.0,True,False,False,Прогноз спроса: 0 шт. Свободный остаток: 0 шт. В пути: 0 шт. Страховой запас: 0 шт. Есть сигнал предыдущего stockout.
IEK,130200006_,"Шина ""N"" нулевая 6х9мм 14/1 (крепеж по центру) IEK (10)",5.839787315429302,233.0,0.0,233.0,1.028884914199186,10.0,0.0,0,0.0,227.1602126845707,39.898713328889684,LOW,LOW,DECLINING,1.1137724550898205,False,True,False,Прогноз спроса: 6 шт. Свободный остаток: 233 шт. В пути: 0 шт. Страховой запас: 1 шт. MOQ: 10 шт. В истории обнаружена аномальная продажа. Наблюдается снижение спроса.
IEK,030200945_,"Выкл. жалюзи 10А ""BRITE"" сталь (1/100)",0.46982251823146776,9.0,0.0,9.0,0.1720586140437818,1.0,0.0,0,0.0,8.530177481768533,19.156169938125366,LOW,LOW,DECLINING,3.701492537313433,False,True,False,Прогноз спроса: 0 шт. Свободный остаток: 9 шт. В пути: 0 шт. Страховой запас: 0 шт. MOQ: 1 шт. В истории обнаружена аномальная продажа. Наблюдается снижение спроса.
IEK,щт-0000350,Шайба плоская M8 IEK,0.0,0.0,0.0,0.0,0.0,,0.0,0,0.0,0.0,inf,LOW,LOW,STABLE,1.0,True,False,False,Прогноз спроса: 0 шт. Свободный остаток: 0 шт. В пути: 0 шт. Страховой запас: 0 шт. Есть сигнал предыдущего stockout.
IEK,251400108_,ЩМП  500х500х300 IP66  TITAN 5 IEK,0.0035073535344814035,2.0,2.0,4.0,0.0017536767672407018,1.0,0.0,0,0.0,3.9964926464655184,1140.4610230121666,LOW,LOW,STABLE,0.25,True,False,False,Прогноз спроса: 0 шт. Свободный остаток: 2 шт. В пути: 2 шт. Страховой запас: 0 шт. MOQ: 1 шт. Есть сигнал предыдущего stockout.
IEK,130301715_,"Заглушка для CP-MC 3 вывода 2,5мм2 серая IEK",0.5539716733009629,2.0,0.0,2.0,0.27698583665048143,50.0,0.0,0,0.0,1.4460283266990372,3.610292901950306,LOW,LOW,STABLE,0.25,False,False,False,Прогноз спроса: 1 шт. Свободный остаток: 2 шт. В пути: 0 шт. Страховой запас: 0 шт. MOQ: 50 шт.
IEK,010700160_,ARMAT (3ф) 63А C IEK (1),4.279477295742971,18.0,0.0,18.0,1.3033290707517677,1.0,0.0,0,0.0,13.720522704257029,4.206121158279208,LOW,LOW,DECLINING,0.9029126213592232,False,False,False,Прогноз спроса: 4 шт. Свободный остаток: 18 шт. В пути: 0 шт. Страховой запас: 1 шт. MOQ: 1 шт. Наблюдается снижение спроса.
IEK,ярп5549,Изолятор ступенчатый ИС4-50 (М10) силовой IEK !!!,0.0,22.0,0.0,22.0,0.0,,0.0,0,0.0,22.0,inf,LOW,LOW,STABLE,0.25,False,False,False,Прогноз спроса: 0 шт. Свободный остаток: 22 шт. В пути: 0 шт. Страховой запас: 0 шт.
IEK,030200868_,"Роз 2-я с кр.  16А в сб IP44 ""BRITE"" алюминий (1/100)",5.456774849710734e-06,46.0,0.0,46.0,0.0,1.0,0.0,0,0.0,45.99999454322515,8429887.848944047,LOW,LOW,STABLE,4.0,False,False,False,Прогноз спроса: 0 шт. Свободный остаток: 46 шт. В пути: 0 шт. Страховой запас: 0 шт. MOQ: 1 шт.
IEK,130600125_,Реле времени ORT многофункц. 1 конт. 230В AC IEK ORT-M1-AC230V NEW,0.0,0.0,0.0,0.0,0.0,1.0,0.0,0,0.0,0.0,inf,LOW,LOW,STABLE,0.25,True,False,False,Прогноз спроса: 0 шт. Свободный остаток: 0 шт. В пути: 0 шт. Страховой запас: 0 шт. MOQ: 1 шт. Есть сигнал предыдущего stockout.
IEK,251400038_,ЩРВ-П 54 бел. дверь IP41 TEKFOR IEK,4.1859999011422255,13.0,0.0,13.0,1.5872670432749072,1.0,0.0,0,0.0,8.814000098857775,3.105590135454307,LOW,LOW,GROWING,0.6108374384236452,False,False,False,Прогноз спроса: 4 шт. Свободный остаток: 13 шт. В пути: 0 шт. Страховой запас: 2 шт. MOQ: 1 шт. Наблюдается рост спроса.
IEK,011100121_,Расцепитель независимый РН-125/160 (РН-32/33) TDM !!!,0.0,168.0,0.0,168.0,0.0,,0.0,0,0.0,168.0,inf,LOW,LOW,STABLE,4.0,False,False,False,Прогноз спроса: 0 шт. Свободный остаток: 168 шт. В пути: 0 шт. Страховой запас: 0 шт.
IEK,280300007_,Крышка на лоток осн. 200мм. IEK (6),80.77993786682728,344.0,0.0,344.0,11.72090724588616,6.0,0.0,0,0.0,263.22006213317275,4.258483097215471,LOW,LOW,GROWING,0.8920173267326733,False,False,False,Прогноз спроса: 81 шт. Свободный остаток: 344 шт. В пути: 0 шт. Страховой запас: 12 шт. MOQ: 6 шт. Наблюдается рост спроса.
IEK,120100035_, Контактор КМИ-22510 25А 400В (2вел) IEK (1/50),33.2164806837133,170.0,0.0,170.0,3.6417944294903166,1.0,0.0,0,0.0,136.7835193162867,5.117941350221199,LOW,LOW,DECLINING,1.257900897385876,False,False,False,Прогноз спроса: 33 шт. Свободный остаток: 170 шт. В пути: 0 шт. Страховой запас: 4 шт. MOQ: 1 шт. Наблюдается снижение спроса.
IEK,280200039_,Внутренний угол КМВ 20х10 Белый ЭЛЕКОР IEK (4),9.156181320876113,123.0,0.0,123.0,4.578090660438057,1.0,0.0,0,0.0,113.84381867912388,13.433547861220237,LOW,LOW,STABLE,2.4486196319018405,False,False,False,Прогноз спроса: 9 шт. Свободный остаток: 123 шт. В пути: 0 шт. Страховой запас: 5 шт. MOQ: 1 шт.
IEK,щт00222756,ВА 44-33 (3ф)  25А IEK (20) !!!,0.0,0.0,0.0,0.0,0.0,,0.0,0,0.0,0.0,inf,LOW,LOW,STABLE,0.25,True,False,False,Прогноз спроса: 0 шт. Свободный остаток: 0 шт. В пути: 0 шт. Страховой запас: 0 шт. Есть сигнал предыдущего stockout.
IEK,щт-0001406,Гайка со стопорным буртом М8,0.0,0.0,0.0,0.0,0.0,,0.0,0,0.0,0.0,inf,LOW,LOW,STABLE,1.0,True,False,False,Прогноз спроса: 0 шт. Свободный остаток: 0 шт. В пути: 0 шт. Страховой запас: 0 шт. Есть сигнал предыдущего stockout.
IEK,130301726_,Перемычка в сборе для CTS 4мм2 4PIN IEK,0.0,93.0,0.0,93.0,0.0,100.0,0.0,0,0.0,93.0,inf,LOW,LOW,DECLINING,0.25,False,False,False,Прогноз спроса: 0 шт. Свободный остаток: 93 шт. В пути: 0 шт. Страховой запас: 0 шт. MOQ: 100 шт. Наблюдается снижение спроса.
IEK,251400053_,ЩРВ-П  6  черн. пр. дв. IP41 UNION Compact IEK,0.0,4.0,0.0,4.0,0.0,8.0,0.0,0,0.0,4.0,inf,LOW,LOW,STABLE,0.25,False,False,False,Прогноз спроса: 0 шт. Свободный остаток: 4 шт. В пути: 0 шт. Страховой запас: 0 шт. MOQ: 8 шт.
IEK,280200086_,Внутренний угол КМВ 25х16 Белый ЭЛЕКОР IEK (4),100.71608354002754,441.0,0.0,441.0,21.54033667718932,1.0,0.0,0,0.0,340.2839164599725,4.378645242144802,LOW,LOW,DECLINING,1.4670535138620244,False,False,False,Прогноз спроса: 101 шт. Свободный остаток: 441 шт. В пути: 0 шт. Страховой запас: 22 шт. MOQ: 1 шт. Наблюдается снижение спроса.
IEK,120100050_,Контактор КТИ 6400  400А 400В IEK (1/2) ,0.0,1.0,1.0,2.0,0.0,1.0,0.0,0,0.0,2.0,inf,LOW,LOW,STABLE,0.25,False,False,False,Прогноз спроса: 0 шт. Свободный остаток: 1 шт. В пути: 1 шт. Страховой запас: 0 шт. MOQ: 1 шт.
IEK,ярп40277," Хомут 2,5х 80 нейлон (100шт) IEK!!!",0.0,64.0,0.0,64.0,0.0,,0.0,0,0.0,64.0,inf,LOW,LOW,STABLE,0.25,False,False,False,Прогноз спроса: 0 шт. Свободный остаток: 64 шт. В пути: 0 шт. Страховой запас: 0 шт.
IEK,030200877_,"Роз 2-ая комп. RJ45 кат.5E ""BRITE"" чёрный (1/100)",4.4854539544907785,31.0,0.0,31.0,1.1524340183570723,1.0,0.0,0,0.0,26.51454604550922,6.911229122966072,LOW,LOW,DECLINING,2.727109515260323,False,True,False,Прогноз спроса: 4 шт. Свободный остаток: 31 шт. В пути: 0 шт. Страховой запас: 1 шт. MOQ: 1 шт. В истории обнаружена аномальная продажа. Наблюдается снижение спроса.
IEK,251400097_,ЩМП  400х400х150 IP66  TITAN 5 IEK,5.961327731428814e-06,3.0,0.0,3.0,0.0,1.0,0.0,0,0.0,2.9999940386722685,503243.5952453429,LOW,LOW,STABLE,2.583333333333333,False,False,False,Прогноз спроса: 0 шт. Свободный остаток: 3 шт. В пути: 0 шт. Страховой запас: 0 шт. MOQ: 1 шт.
IEK,130301735_,"Перемычка гребенчатая для CP 1,5мм2 4PIN IEK",0.0,39.0,0.0,39.0,0.0,50.0,0.0,0,0.0,39.0,inf,LOW,LOW,STABLE,1.0,False,False,False,Прогноз спроса: 0 шт. Свободный остаток: 39 шт. В пути: 0 шт. Страховой запас: 0 шт. MOQ: 50 шт.
IEK,010800002_,ВА 88-32 (3ф) 125А IEK (1/20),14.347737524660566,53.0,40.0,93.0,3.1745340865498104,1.0,0.0,0,0.0,78.65226247533943,6.481858191241212,LOW,LOW,GROWING,1.5207547169811322,False,False,False,Прогноз спроса: 14 шт. Свободный остаток: 53 шт. В пути: 40 шт. Страховой запас: 3 шт. MOQ: 1 шт. Наблюдается рост спроса.
IEK,030200926_,"Роз. с з/к с з/ш с кр. 16А IP20 б/рамки ""BRITE"" черный (1/100)черный ",28.51191453755993,150.0,0.0,150.0,8.772836865385488,1.0,0.0,0,0.0,121.48808546244007,5.260958530245269,LOW,LOW,GROWING,0.8455354579385587,False,False,False,Прогноз спроса: 29 шт. Свободный остаток: 150 шт. В пути: 0 шт. Страховой запас: 9 шт. MOQ: 1 шт. Наблюдается рост спроса.
IEK,щт-0001802,Сиг. лампа ENR-22  d22мм белый неон/240В цилиндр IEK !!!,0.00014972685038690663,3.0,0.0,3.0,7.486342519345331e-05,,0.0,0,0.0,2.999850273149613,20036.48639003459,LOW,LOW,STABLE,0.25,False,False,False,Прогноз спроса: 0 шт. Свободный остаток: 3 шт. В пути: 0 шт. Страховой запас: 0 шт.
IEK,130600064_,Тепловое реле РТИ-3363 (63-80А) IEK (50),4.269066528460087,51.0,0.0,51.0,2.0931833810411034,1.0,0.0,0,0.0,46.73093347153991,11.94640553385717,LOW,LOW,DECLINING,1.516304347826087,False,False,False,Прогноз спроса: 4 шт. Свободный остаток: 51 шт. В пути: 0 шт. Страховой запас: 2 шт. MOQ: 1 шт. Наблюдается снижение спроса.
IEK,251400052_,ЩРН-П 18  черн. пр. дв. IP41 UNION Compact IEK,3.0407812071199287,9.0,0.0,9.0,0.6792765759737828,4.0,0.0,0,0.0,5.959218792880071,2.959765726954205,LOW,LOW,GROWING,1.653333333333333,False,False,False,Прогноз спроса: 3 шт. Свободный остаток: 9 шт. В пути: 0 шт. Страховой запас: 1 шт. MOQ: 4 шт. Наблюдается рост спроса.
IEK,010800106_,ВА 88-35 (3ф)  80 А  35кА  IEK ,0.0,0.0,0.0,0.0,0.0,,0.0,0,0.0,0.0,inf,LOW,LOW,STABLE,3.875,True,False,False,Прогноз спроса: 0 шт. Свободный остаток: 0 шт. В пути: 0 шт. Страховой запас: 0 шт. Есть сигнал предыдущего stockout.
IEK,120100307_,Контактор КМ 20-40М AC IEK,0.6610143186093443,0.0,11.0,11.0,0.33050715930467217,1.0,0.0,0,0.0,10.338985681390655,16.641091864911534,LOW,LOW,STABLE,2.012987012987013,True,False,False,Прогноз спроса: 1 шт. Свободный остаток: 0 шт. В пути: 11 шт. Страховой запас: 0 шт. MOQ: 1 шт. Есть сигнал предыдущего stockout.
IEK,280200087_,Внешний угол КМН 25х16 Белый ЭЛЕКОР IEK (4),69.18694279211616,179.0,5.0,184.0,12.2922604376358,1.0,0.0,0,0.0,114.81305720788384,2.659461345948744,LOW,LOW,STABLE,0.4827968200182457,False,False,False,Прогноз спроса: 69 шт. Свободный остаток: 179 шт. В пути: 5 шт. Страховой запас: 12 шт. MOQ: 1 шт.
IEK,120100047_,Контактор  КТИ 5225  225А 230В IEK (1/2) ,1.88217315454216,4.0,4.0,8.0,0.722956891292051,1.0,0.0,0,0.0,6.11782684545784,4.250405963284503,LOW,LOW,DECLINING,1.915730337078652,False,False,False,Прогноз спроса: 2 шт. Свободный остаток: 4 шт. В пути: 4 шт. Страховой запас: 1 шт. MOQ: 1 шт. Наблюдается снижение спроса.
IEK,010800001_,ВА 88-32 (3ф) 100А IEK (1/20),32.20979301616892,145.0,50.0,195.0,5.571123465394276,1.0,0.0,0,0.0,162.79020698383107,6.054059394362217,LOW,LOW,STABLE,1.7824397824397824,False,False,False,Прогноз спроса: 32 шт. Свободный остаток: 145 шт. В пути: 50 шт. Страховой запас: 6 шт. MOQ: 1 шт.
IEK,ярп40309,"Клещи обжимные КО-02 1,5-2,5мм IEK!!!",0.0,0.0,0.0,0.0,0.0,,0.0,0,0.0,0.0,inf,LOW,LOW,STABLE,0.25,True,False,False,Прогноз спроса: 0 шт. Свободный остаток: 0 шт. В пути: 0 шт. Страховой запас: 0 шт. Есть сигнал предыдущего stockout.
IEK,030200876_,"Выкл 1-кл. прох. с инд.  10А ""BRITE"" чёрный (1/100)",0.007355920213523986,78.0,0.0,78.0,0.003677960106761993,1.0,0.0,0,0.0,77.99264407978647,10603.703919544378,LOW,LOW,DECLINING,0.25,False,False,False,Прогноз спроса: 0 шт. Свободный остаток: 78 шт. В пути: 0 шт. Страховой запас: 0 шт. MOQ: 1 шт. Наблюдается снижение спроса.
IEK,251400098_,ЩМП  400х400х200 IP66  TITAN 5 IEK,0.35088806648218374,8.0,0.0,8.0,0.14641550464346312,1.0,0.0,0,0.0,7.649111933517816,22.799293461882947,LOW,LOW,DECLINING,2.268292682926829,False,False,False,Прогноз спроса: 0 шт. Свободный остаток: 8 шт. В пути: 0 шт. Страховой запас: 0 шт. MOQ: 1 шт. Наблюдается снижение спроса.
IEK,130301734_,"Перемычка гребенчатая для CP 1,5мм2 3PIN IEK",0.0,44.0,0.0,44.0,0.0,50.0,0.0,0,0.0,44.0,inf,LOW,LOW,STABLE,1.0,False,False,False,Прогноз спроса: 0 шт. Свободный остаток: 44 шт. В пути: 0 шт. Страховой запас: 0 шт. MOQ: 50 шт.
IEK,130600066_,Тепловое реле РТИ-3353 (23-32А) IEK (50),4.925877883132149,49.0,0.0,49.0,2.4629389415660743,1.0,0.0,0,0.0,44.074122116867855,9.947465439164127,LOW,LOW,DECLINING,1.402919708029197,False,False,False,Прогноз спроса: 5 шт. Свободный остаток: 49 шт. В пути: 0 шт. Страховой запас: 2 шт. MOQ: 1 шт. Наблюдается снижение спроса.
IEK,251400051_,ЩРН-П 12  черн. пр. дв. IP41 UNION Compact IEK,5.365876559279214,85.0,0.0,85.0,2.682938279639607,8.0,0.0,0,0.0,79.63412344072078,15.840841484325509,LOW,LOW,STABLE,0.2792792792792792,False,False,False,Прогноз спроса: 5 шт. Свободный остаток: 85 шт. В пути: 0 шт. Страховой запас: 3 шт. MOQ: 8 шт.
IEK,010800070_,Держатель потолочный DR IEK (50),0.0,29.0,0.0,29.0,0.0,50.0,0.0,0,0.0,29.0,inf,LOW,LOW,STABLE,1.0,False,False,False,Прогноз спроса: 0 шт. Свободный остаток: 29 шт. В пути: 0 шт. Страховой запас: 0 шт. MOQ: 50 шт.
IEK,010800003_,ВА 88-33 (3ф) 160А IEK (1/16),43.65668904485653,168.0,48.0,216.0,4.351369516217472,1.0,0.0,0,0.0,172.34331095514347,4.947695409930505,LOW,LOW,STABLE,1.3044554455445545,False,False,False,Прогноз спроса: 44 шт. Свободный остаток: 168 шт. В пути: 48 шт. Страховой запас: 4 шт. MOQ: 1 шт.
IEK,251400056_,ЩРВ-П 18 черн. пр. дв.   IP41 UNION Compact IEK,2.1446517455562595,52.0,0.0,52.0,1.0480537518021986,4.0,0.0,0,0.0,49.85534825444374,24.24636079388858,LOW,LOW,GROWING,0.9171597633136096,False,False,False,Прогноз спроса: 2 шт. Свободный остаток: 52 шт. В пути: 0 шт. Страховой запас: 1 шт. MOQ: 4 шт. Наблюдается рост спроса.
IEK,280200084_,Т-образный угол КМТ 25х16 Белый ЭЛЕКОР IEK (4) ,38.60910842864574,85.0,15.0,100.0,5.07037145253349,1.0,0.0,0,0.0,61.39089157135426,2.590062399001313,LOW,LOW,GROWING,1.118032786885246,False,False,False,Прогноз спроса: 39 шт. Свободный остаток: 85 шт. В пути: 15 шт. Страховой запас: 5 шт. MOQ: 1 шт. Наблюдается рост спроса.
IEK,120100055_,Контактор  КМИ-10960 9А 220В  IP54  (1вел в корпусе) IEK (1/20),23.64820749117942,94.0,30.0,124.0,8.202255787281937,1.0,0.0,0,0.0,100.35179250882058,5.243526387623711,LOW,LOW,DECLINING,0.8448637316561846,False,False,False,Прогноз спроса: 24 шт. Свободный остаток: 94 шт. В пути: 30 шт. Страховой запас: 8 шт. MOQ: 1 шт. Наблюдается снижение спроса.
IEK,010800061_,Аварийно-доп. контакт ДК/АК32-02 IEK!!! (150),0.0,94.0,0.0,94.0,0.0,,0.0,0,0.0,94.0,inf,LOW,LOW,STABLE,0.25,False,False,False,Прогноз спроса: 0 шт. Свободный остаток: 94 шт. В пути: 0 шт. Страховой запас: 0 шт.
IEK,280200048_,Заглушка КМЗ 40х16 Белый ЭЛЕКОР IEK (4),2.6228974199834725,193.0,0.0,193.0,1.3114487099917362,1.0,0.0,0,0.0,190.37710258001653,73.58274804403756,LOW,LOW,STABLE,2.1050443458980044,False,False,False,Прогноз спроса: 3 шт. Свободный остаток: 193 шт. В пути: 0 шт. Страховой запас: 1 шт. MOQ: 1 шт.
IEK,010800005_,ВА 88-37 (3ф) 400А IEK (1/4),25.57063292849248,123.0,24.0,147.0,2.0853656753672722,1.0,0.0,0,0.0,121.42936707150753,5.748782222602044,LOW,LOW,GROWING,1.0440748440748442,False,False,False,Прогноз спроса: 26 шт. Свободный остаток: 123 шт. В пути: 24 шт. Страховой запас: 2 шт. MOQ: 1 шт. Наблюдается рост спроса.
IEK,251400095_,ЩМП  300х400х200 IP66  TITAN 5 IEK,0.011603259379382738,3.0,0.0,3.0,0.005801629689691369,1.0,0.0,0,0.0,2.988396740620617,258.54804257246485,LOW,LOW,DECLINING,0.25,False,False,False,Прогноз спроса: 0 шт. Свободный остаток: 3 шт. В пути: 0 шт. Страховой запас: 0 шт. MOQ: 1 шт. Наблюдается снижение спроса.
IEK,130301737_,Перемычка гребенчатая для CP 4мм2 2PIN IEK,0.9431374364954024,60.0,0.0,60.0,0.4715687182477012,100.0,0.0,0,0.0,59.056862563504595,63.61745136843848,LOW,LOW,STABLE,0.25,False,False,False,Прогноз спроса: 1 шт. Свободный остаток: 60 шт. В пути: 0 шт. Страховой запас: 0 шт. MOQ: 100 шт.
IEK,251400055_,ЩРВ-П 12  черн. пр. дв. IP41 UNION Compact IEK,0.017957966365424138,14.0,0.0,14.0,0.008978983182712069,8.0,0.0,0,0.0,13.982042033634576,779.5982972189593,LOW,LOW,STABLE,1.148148148148148,False,False,False,Прогноз спроса: 0 шт. Свободный остаток: 14 шт. В пути: 0 шт. Страховой запас: 0 шт. MOQ: 8 шт.
IEK,030200924_,"Роз. с з/к с з/ш с кр. 16А IP20 б/рамки ""BRITE"" сталь (1/100)",2.309960275153466,5.0,0.0,5.0,1.154980137576733,1.0,0.0,0,0.0,2.690039724846534,2.1645393878766233,LOW,LOW,STABLE,0.84765625,False,False,False,Прогноз спроса: 2 шт. Свободный остаток: 5 шт. В пути: 0 шт. Страховой запас: 1 шт. MOQ: 1 шт.
IEK,030200931_,"Роз. 1-мест. с/з з/ш 16А IP44 б/рамки ""BRITE"" маренго (1/100)",0.01837231594994264,115.0,0.0,115.0,0.00918615797497132,,0.0,0,0.0,114.98162768405005,6259.417719210247,LOW,LOW,STABLE,1.823529411764706,False,False,False,Прогноз спроса: 0 шт. Свободный остаток: 115 шт. В пути: 0 шт. Страховой запас: 0 шт.
IEK,щт-0002147,Подвес V-образный M10 IEK !!!,0.0,490.0,0.0,490.0,0.0,,0.0,0,0.0,490.0,inf,LOW,LOW,STABLE,1.0,False,False,False,Прогноз спроса: 0 шт. Свободный остаток: 490 шт. В пути: 0 шт. Страховой запас: 0 шт.
IEK,030200878_,"Выкл 1-кл. прох. с инд. 10А ""BRITE"" сталь (1/100)",0.0,123.0,0.0,123.0,0.0,1.0,0.0,0,0.0,123.0,inf,LOW,LOW,STABLE,0.25,False,False,False,Прогноз спроса: 0 шт. Свободный остаток: 123 шт. В пути: 0 шт. Страховой запас: 0 шт. MOQ: 1 шт.
IEK,280200085_,Внутренний угол КМВ 15х10 Белый ЭЛЕКОР IEK (4),9.025771892936675,73.0,5.0,78.0,4.512885946468337,1.0,0.0,0,0.0,68.97422810706333,8.641920151011206,LOW,LOW,DECLINING,0.3171355498721228,False,False,False,Прогноз спроса: 9 шт. Свободный остаток: 73 шт. В пути: 5 шт. Страховой запас: 5 шт. MOQ: 1 шт. Наблюдается снижение спроса.
IEK,120100054_,Контактор КТИ-7630  630А  400В/АС3 IEK,0.0,0.0,0.0,0.0,0.0,,0.0,0,0.0,0.0,inf,LOW,LOW,STABLE,0.25,True,False,False,Прогноз спроса: 0 шт. Свободный остаток: 0 шт. В пути: 0 шт. Страховой запас: 0 шт. Есть сигнал предыдущего stockout.
IEK,010800004_,ВА 88-35 (3ф) 250А IEK (1/6),41.51996090627644,220.0,30.0,250.0,6.220751562311386,1.0,0.0,0,0.0,208.48003909372358,6.02120027435306,LOW,LOW,STABLE,0.920444242973708,False,False,False,Прогноз спроса: 42 шт. Свободный остаток: 220 шт. В пути: 30 шт. Страховой запас: 6 шт. MOQ: 1 шт.
IEK,010800062_,Аварийно-доп. контакт ДК/АК32-20 IEK !!! (150),4.319087524175982e-05,102.0,0.0,102.0,2.159543762087991e-05,,0.0,0,0.0,101.99995680912475,2361609.933326371,LOW,LOW,STABLE,0.25,False,False,False,Прогноз спроса: 0 шт. Свободный остаток: 102 шт. В пути: 0 шт. Страховой запас: 0 шт.
IEK,130600061_,Реле РЭК78/4(MY4)  3А 220В АC IEK (20/500),29.573314034754304,54.0,40.0,94.0,6.755695128309643,20.0,0.0,0,0.0,64.4266859652457,3.178541298737504,LOW,LOW,STABLE,0.5447845804988661,False,False,False,Прогноз спроса: 30 шт. Свободный остаток: 54 шт. В пути: 40 шт. Страховой запас: 7 шт. MOQ: 20 шт.
IEK,251400054_,ЩРВ-П  8  черн. пр. дв. IP41 UNION Compact IEK,0.0,8.0,0.0,8.0,0.0,8.0,0.0,0,0.0,8.0,inf,LOW,LOW,STABLE,0.25,False,False,False,Прогноз спроса: 0 шт. Свободный остаток: 8 шт. В пути: 0 шт. Страховой запас: 0 шт. MOQ: 8 шт.
IEK,120100306_,Контактор КМ 20-20М AC IEK,95.23718979663144,581.0,0.0,581.0,12.546902008065587,1.0,0.0,0,0.0,485.76281020336853,6.100557998830727,LOW,LOW,DECLINING,0.25,False,False,False,Прогноз спроса: 95 шт. Свободный остаток: 581 шт. В пути: 0 шт. Страховой запас: 13 шт. MOQ: 1 шт. Наблюдается снижение спроса.
IEK,280200047_,Заглушка КМЗ 20х10 Белый ЭЛЕКОР IEK (4),1.3154534984007349,76.0,0.0,76.0,0.6577267492003674,1.0,0.0,0,0.0,74.68454650159927,57.77475227546785,LOW,LOW,STABLE,0.3819301848049281,False,False,False,Прогноз спроса: 1 шт. Свободный остаток: 76 шт. В пути: 0 шт. Страховой запас: 1 шт. MOQ: 1 шт.
IEK,251400096_,ЩМП  400х300х150 IP66  TITAN 5 IEK,0.08537467651034952,17.0,0.0,17.0,0.04268733825517476,1.0,0.0,0,0.0,16.914625323489652,199.12227717711093,LOW,LOW,STABLE,0.6888888888888889,False,False,False,Прогноз спроса: 0 шт. Свободный остаток: 17 шт. В пути: 0 шт. Страховой запас: 0 шт. MOQ: 1 шт.
IEK,030200925_,"Роз. с з/к с з/ш с кр. 16А IP20 б/рамки ""BRITE"" графит (1/100)",5.822730771153663,27.0,0.0,27.0,1.6773242580570644,1.0,0.0,0,0.0,21.177269228846338,4.636999555906046,LOW,LOW,STABLE,0.9210526315789472,False,False,False,Прогноз спроса: 6 шт. Свободный остаток: 27 шт. В пути: 0 шт. Страховой запас: 2 шт. MOQ: 1 шт.
IEK,030200939_,"Роз. HDMI б/рамки ""BRITE"" сталь (1/100)",0.031883421890337826,11.0,0.0,11.0,0.015941710945168913,1.0,0.0,0,0.0,10.968116578109662,345.00688281936,LOW,LOW,STABLE,1.5,False,False,False,Прогноз спроса: 0 шт. Свободный остаток: 11 шт. В пути: 0 шт. Страховой запас: 0 шт. MOQ: 1 шт.
IEK,щт-0001786,"Трансформатор тока ТТИ-100 1600\5А 15ВА кл.т.0,5 IEK !!!",0.0,0.0,0.0,0.0,0.0,,0.0,0,0.0,0.0,inf,LOW,LOW,STABLE,0.25,True,False,False,Прогноз спроса: 0 шт. Свободный остаток: 0 шт. В пути: 0 шт. Страховой запас: 0 шт. Есть сигнал предыдущего stockout.
IEK,030200874_,"Выкл 1-кл. прох. с инд.  10А ""BRITE"" графит (1/100)",3.081370443071547e-05,39.0,0.0,39.0,0.0,1.0,0.0,0,0.0,38.999969186295566,1265670.6073004429,LOW,LOW,STABLE,0.3604651162790697,False,False,False,Прогноз спроса: 0 шт. Свободный остаток: 39 шт. В пути: 0 шт. Страховой запас: 0 шт. MOQ: 1 шт.
IEK,010700170_,УЗО АВДТ 1P+NP 20 А 30мА ARMAT IEK (12),0.01293239732844745,9.0,0.0,9.0,0.006466198664223725,12.0,0.0,0,0.0,8.987067602671553,695.9266539238369,LOW,LOW,STABLE,4.0,False,False,False,Прогноз спроса: 0 шт. Свободный остаток: 9 шт. В пути: 0 шт. Страховой запас: 0 шт. MOQ: 12 шт.
IEK,251400101_,ЩМП  400х600х200 IP66  TITAN 5 IEK,0.0,2.0,0.0,2.0,0.0,1.0,0.0,0,0.0,2.0,inf,LOW,LOW,STABLE,0.25,False,False,False,Прогноз спроса: 0 шт. Свободный остаток: 2 шт. В пути: 0 шт. Страховой запас: 0 шт. MOQ: 1 шт.
IEK,280200109_,Внутренний угол КМВ 100х40 Белый ЭЛЕКОР IEK (2),4.853741691179841,2.0,16.0,18.0,2.4268708455899204,8.0,0.0,0,0.0,13.146258308820158,3.7084791785911015,LOW,LOW,GROWING,1.900383141762452,False,False,False,Прогноз спроса: 5 шт. Свободный остаток: 2 шт. В пути: 16 шт. Страховой запас: 2 шт. MOQ: 8 шт. Наблюдается рост спроса.
IEK,120100044_,Контактор  КТИ 5150  150А 400В IEK (1/4) ,0.9072410860506646,5.0,0.0,5.0,0.3900053418437581,1.0,0.0,0,0.0,4.092758913949336,5.51121424820566,LOW,LOW,DECLINING,1.0,False,True,False,Прогноз спроса: 1 шт. Свободный остаток: 5 шт. В пути: 0 шт. Страховой запас: 0 шт. MOQ: 1 шт. В истории обнаружена аномальная продажа. Наблюдается снижение спроса.
IEK,011100063_,Стабилизатор СНИ  2 кВА (1ф) IEK (1),0.0,0.0,0.0,0.0,0.0,,0.0,0,0.0,0.0,inf,LOW,LOW,STABLE,1.55,True,False,False,Прогноз спроса: 0 шт. Свободный остаток: 0 шт. В пути: 0 шт. Страховой запас: 0 шт. Есть сигнал предыдущего stockout.
IEK,251400047_,КМПн 6 белый IP41 TEKFOR Mini  IEK,0.8363203772736847,71.0,0.0,71.0,0.41816018863684234,8.0,0.0,0,0.0,70.16367962272632,84.89569539301725,LOW,LOW,STABLE,2.339622641509434,False,False,False,Прогноз спроса: 1 шт. Свободный остаток: 71 шт. В пути: 0 шт. Страховой запас: 0 шт. MOQ: 8 шт.
IEK,130301728_,Перемычка в сборе для CTS 35мм2 4PIN IEK,0.0,18.0,0.0,18.0,0.0,20.0,0.0,0,0.0,18.0,inf,LOW,LOW,STABLE,0.25,False,False,False,Прогноз спроса: 0 шт. Свободный остаток: 18 шт. В пути: 0 шт. Страховой запас: 0 шт. MOQ: 20 шт.
IEK,010700169_,УЗО АВДТ 1P+NP 16 А 30мА ARMAT IEK (12),0.9968149346660404,27.0,0.0,27.0,0.4984074673330202,12.0,0.0,0,0.0,26.00318506533396,27.086271544522674,LOW,LOW,STABLE,0.25,False,False,False,Прогноз спроса: 1 шт. Свободный остаток: 27 шт. В пути: 0 шт. Страховой запас: 0 шт. MOQ: 12 шт.
IEK,ярп4385,"Амперметр Э47 100/5А кл. точн. 1,5 96х96мм !!!",0.0,12.0,0.0,12.0,0.0,,0.0,0,0.0,12.0,inf,LOW,LOW,STABLE,0.25,False,False,False,Прогноз спроса: 0 шт. Свободный остаток: 12 шт. В пути: 0 шт. Страховой запас: 0 шт.
IEK,030200873_,"Выкл 1-кл. прох. с инд. б/рамки 10А ""BRITE"" шампань (1/100)",0.0012945562020439322,127.0,0.0,127.0,0.0006472781010219661,1.0,0.0,0,0.0,126.99870544379796,98103.11811838209,LOW,LOW,STABLE,0.25,False,False,False,Прогноз спроса: 0 шт. Свободный остаток: 127 шт. В пути: 0 шт. Страховой запас: 0 шт. MOQ: 1 шт.
IEK,030200938_,"Роз. HDMI б/рамки ""BRITE"" алюминий (1/100)",2.0347510247170948e-05,4.0,0.0,4.0,1.0173755123585474e-05,1.0,0.0,0,0.0,3.9999796524897526,196584.2479699032,LOW,LOW,STABLE,4.0,False,False,False,Прогноз спроса: 0 шт. Свободный остаток: 4 шт. В пути: 0 шт. Страховой запас: 0 шт. MOQ: 1 шт.
IEK,щт-0001636,ЩРн-12з-1 IP54 TITAN 3 PRO IEK,0.0,0.0,0.0,0.0,0.0,,0.0,0,0.0,0.0,inf,LOW,LOW,STABLE,0.25,True,False,False,Прогноз спроса: 0 шт. Свободный остаток: 0 шт. В пути: 0 шт. Страховой запас: 0 шт. Есть сигнал предыдущего stockout.
IEK,011100064_,Стабилизатор СНИ  1 кВА (1ф) IEK (1),2.928205317306286e-07,1.0,0.0,1.0,0.0,,0.0,0,0.0,0.9999997071794683,3415061.0754300514,LOW,LOW,STABLE,0.25,False,False,False,Прогноз спроса: 0 шт. Свободный остаток: 1 шт. В пути: 0 шт. Страховой запас: 0 шт.
IEK,251400046_,КМПн 4 белый IP41 TEKFOR Mini  IEK,3.916784198187884,33.0,0.0,33.0,1.040722905804744,12.0,0.0,0,0.0,29.083215801812116,8.425279088714559,LOW,LOW,GROWING,0.5688073394495413,False,False,False,Прогноз спроса: 4 шт. Свободный остаток: 33 шт. В пути: 0 шт. Страховой запас: 1 шт. MOQ: 12 шт. Наблюдается рост спроса.
IEK,280200166_,Внешний изменяемый угол 100х40  ПРАЙМЕР (108),9.541074616732455,55.0,0.0,55.0,2.7058116465612825,12.0,0.0,0,0.0,45.45892538326754,5.764549823721631,LOW,LOW,DECLINING,1.972972972972973,False,False,False,Прогноз спроса: 10 шт. Свободный остаток: 55 шт. В пути: 0 шт. Страховой запас: 3 шт. MOQ: 12 шт. Наблюдается снижение спроса.
IEK,120100043_,Контактор  КТИ 5150  150А 230В IEK (1/4) ,5.870926111644352,34.0,4.0,38.0,2.2209607530676148,1.0,0.0,0,0.0,32.12907388835565,6.47257336872816,LOW,LOW,DECLINING,0.5886075949367089,False,False,False,Прогноз спроса: 6 шт. Свободный остаток: 34 шт. В пути: 4 шт. Страховой запас: 2 шт. MOQ: 1 шт. Наблюдается снижение спроса.
IEK,120100319_,Контактор КМ 25-40М AC/DC IEK !!!,0.0,0.0,0.0,0.0,0.0,,0.0,0,0.0,0.0,inf,LOW,LOW,STABLE,0.25,True,False,False,Прогноз спроса: 0 шт. Свободный остаток: 0 шт. В пути: 0 шт. Страховой запас: 0 шт. Есть сигнал предыдущего stockout.
IEK,280200043_,Заглушка КМЗ 100х40 Белый ЭЛЕКОР IEK (2),13.760542864377072,70.0,0.0,70.0,5.5565370660751165,54.0,0.0,0,0.0,56.23945713562293,5.087008607866347,LOW,LOW,GROWING,1.0303468208092486,False,False,False,Прогноз спроса: 14 шт. Свободный остаток: 70 шт. В пути: 0 шт. Страховой запас: 6 шт. MOQ: 54 шт. Наблюдается рост спроса.
IEK,010700168_,УЗО АВДТ 1P+NP 10 А 30мА ARMAT IEK (12),0.17198041225570376,15.0,0.0,15.0,0.08599020612785188,12.0,0.0,0,0.0,14.828019587744297,87.21923504694077,LOW,LOW,STABLE,1.1071428571428572,False,False,False,Прогноз спроса: 0 шт. Свободный остаток: 15 шт. В пути: 0 шт. Страховой запас: 0 шт. MOQ: 12 шт.
IEK,251400102_,ЩМП  400х600х250 IP66  TITAN 5 IEK,2.8698363913650064e-07,1.0,1.0,2.0,0.0,1.0,0.0,0,0.0,1.999999713016361,6969038.395421287,LOW,LOW,STABLE,0.25,False,False,False,Прогноз спроса: 0 шт. Свободный остаток: 1 шт. В пути: 1 шт. Страховой запас: 0 шт. MOQ: 1 шт.
IEK,щт-0001653,Цоколь ВРУ хх.80.45 IP54 TITAN IEK,0.0,0.0,0.0,0.0,0.0,,0.0,0,0.0,0.0,inf,LOW,LOW,STABLE,0.25,True,False,False,Прогноз спроса: 0 шт. Свободный остаток: 0 шт. В пути: 0 шт. Страховой запас: 0 шт. Есть сигнал предыдущего stockout.
IEK,030200935_,"Роз. HDMI б/рамки ""BRITE"" белый (1/100)",3.582923786076069,31.0,0.0,31.0,1.0938083317778597,1.0,0.0,0,0.0,27.41707621392393,8.652151664646611,LOW,LOW,DECLINING,1.7983425414364642,False,False,False,Прогноз спроса: 4 шт. Свободный остаток: 31 шт. В пути: 0 шт. Страховой запас: 1 шт. MOQ: 1 шт. Наблюдается снижение спроса.
IEK,ярп4303,"Наконечник НКИ-н 2-4 кольцо 1,5-2,5мм (100 шт) IEK !!!",0.0,29.0,0.0,29.0,0.0,,0.0,0,0.0,29.0,inf,LOW,LOW,STABLE,0.25,False,False,False,Прогноз спроса: 0 шт. Свободный остаток: 29 шт. В пути: 0 шт. Страховой запас: 0 шт.
IEK,251400048_,ЩРН-П  4  черн. пр. дв. IP41 UNION Compact IEK,0.007103627373451234,7.0,0.0,7.0,0.003551813686725617,8.0,0.0,0,0.0,6.992896372626549,985.4120482391115,LOW,LOW,DECLINING,0.25,False,False,False,Прогноз спроса: 0 шт. Свободный остаток: 7 шт. В пути: 0 шт. Страховой запас: 0 шт. MOQ: 8 шт. Наблюдается снижение спроса.
IEK,010700175_,Распределительное устройство  РУСп – 3х16/3+2х16/5 У1 IP44,0.00035925794554583985,1.0,0.0,1.0,0.0,1.0,0.0,0,0.0,0.9996407420544542,2783.5153331978404,LOW,LOW,STABLE,3.875,False,False,False,Прогноз спроса: 0 шт. Свободный остаток: 1 шт. В пути: 0 шт. Страховой запас: 0 шт. MOQ: 1 шт.
IEK,120100308_,Контактор КМ 40-40М AC/DC IEK,7.145171745254046,15.0,0.0,15.0,1.6736686251067345,1.0,0.0,0,0.0,7.854828254745954,2.0993197273338144,LOW,LOW,GROWING,3.152542372881356,False,True,False,Прогноз спроса: 7 шт. Свободный остаток: 15 шт. В пути: 0 шт. Страховой запас: 2 шт. MOQ: 1 шт. В истории обнаружена аномальная продажа. Наблюдается рост спроса.
IEK,280200045_,Заглушка КМЗ 15х10 Белый ЭЛЕКОР IEK (4) ,14.364435588797667,116.0,0.0,116.0,5.1375740059552095,1.0,0.0,0,0.0,101.63556441120234,8.07550002803204,LOW,LOW,DECLINING,0.4567219152854512,False,False,False,Прогноз спроса: 14 шт. Свободный остаток: 116 шт. В пути: 0 шт. Страховой запас: 5 шт. MOQ: 1 шт. Наблюдается снижение спроса.
IEK,280200088_,Внешний угол КМН 40х16 Белый ЭЛЕКОР IEK (4),0.9855504628108229,435.0,0.0,435.0,0.49277523140541146,1.0,0.0,0,0.0,434.0144495371892,441.3777035418008,LOW,LOW,STABLE,0.3710106382978723,False,False,False,Прогноз спроса: 1 шт. Свободный остаток: 435 шт. В пути: 0 шт. Страховой запас: 0 шт. MOQ: 1 шт.
IEK,120100046_,Контактор  КТИ 5225  225А 400В IEK (1/2),0.008978241951228047,3.0,0.0,3.0,0.004489120975614024,1.0,0.0,0,0.0,2.991021758048772,334.1411399132164,LOW,LOW,STABLE,2.735294117647059,False,False,False,Прогноз спроса: 0 шт. Свободный остаток: 3 шт. В пути: 0 шт. Страховой запас: 0 шт. MOQ: 1 шт.
IEK,130600067_,Тепловое реле РТИ-3361 (55-70А) IEK (50),1.2808526052181939,29.0,0.0,29.0,0.6404263026090969,1.0,0.0,0,0.0,27.719147394781807,22.641168766690242,LOW,LOW,STABLE,2.1627906976744184,False,False,False,Прогноз спроса: 1 шт. Свободный остаток: 29 шт. В пути: 0 шт. Страховой запас: 1 шт. MOQ: 1 шт.
IEK,251400050_,ЩРН-П  8  черн. пр. дв. IP41 UNION Compact IEK,0.7410999346181957,6.0,0.0,6.0,0.37054996730909784,8.0,0.0,0,0.0,5.2589000653818045,8.096074118655963,LOW,LOW,DECLINING,0.25,False,False,False,Прогноз спроса: 1 шт. Свободный остаток: 6 шт. В пути: 0 шт. Страховой запас: 0 шт. MOQ: 8 шт. Наблюдается снижение спроса.
IEK,251400099_,ЩМП  400х400х250 IP66  TITAN 5 IEK,6.906338440004608e-05,3.0,0.0,3.0,0.0,1.0,0.0,0,0.0,2.9999309366156,43438.357764552275,LOW,LOW,STABLE,0.25,False,False,False,Прогноз спроса: 0 шт. Свободный остаток: 3 шт. В пути: 0 шт. Страховой запас: 0 шт. MOQ: 1 шт.
IEK,130301733_,Перемычка гребенчатая для CTS-F 4мм2 10PIN IEK,0.00921444047375301,15.0,0.0,15.0,0.004607220236876505,20.0,0.0,0,0.0,14.990785559526246,1627.8796355271859,LOW,LOW,STABLE,0.25,False,False,False,Прогноз спроса: 0 шт. Свободный остаток: 15 шт. В пути: 0 шт. Страховой запас: 0 шт. MOQ: 20 шт.
IEK,ярп40395, УЗО АВДТ 34   6А С 10мА  IEK !!!,0.0,13.0,0.0,13.0,0.0,,0.0,0,0.0,13.0,inf,LOW,LOW,STABLE,0.25,False,False,False,Прогноз спроса: 0 шт. Свободный остаток: 13 шт. В пути: 0 шт. Страховой запас: 0 шт.
IEK,010800139_,ВА 44-35 (3ф) 250А IEK (1/6) ,0.4234629838205227,11.0,0.0,11.0,0.21173149191026136,1.0,0.0,0,0.0,10.576537016179477,25.97629644215173,LOW,LOW,DECLINING,1.1974248927038629,False,False,False,Прогноз спроса: 0 шт. Свободный остаток: 11 шт. В пути: 0 шт. Страховой запас: 0 шт. MOQ: 1 шт. Наблюдается снижение спроса.
IEK,010700172_,УЗО АВДТ 1P+NP 32 А 30мА ARMAT IEK (1),0.01608934690142247,2.0,0.0,2.0,0.008044673450711234,1.0,0.0,0,0.0,1.9839106530985775,124.30585357216574,LOW,LOW,STABLE,3.757575757575758,False,False,False,Прогноз спроса: 0 шт. Свободный остаток: 2 шт. В пути: 0 шт. Страховой запас: 0 шт. MOQ: 1 шт.
IEK,щт-0001654,Панель монтажная 500x730 TITAN (комп. 2шт.) IEK,0.0,0.0,0.0,0.0,0.0,,0.0,0,0.0,0.0,inf,LOW,LOW,STABLE,0.25,True,False,False,Прогноз спроса: 0 шт. Свободный остаток: 0 шт. В пути: 0 шт. Страховой запас: 0 шт. Есть сигнал предыдущего stockout.
IEK,030200875_,"Розетка 2-ая компьютерная RJ45 кат.5E ""BRITE"" графит (1/100)",1.4212305740266438,37.0,0.0,37.0,0.1428869016623824,1.0,0.0,0,0.0,35.578769425973356,26.03377711976126,LOW,LOW,STABLE,0.25,False,True,False,Прогноз спроса: 1 шт. Свободный остаток: 37 шт. В пути: 0 шт. Страховой запас: 0 шт. MOQ: 1 шт. В истории обнаружена аномальная продажа.
IEK,130600068_,Реле РЭК77/4(LY4) 10A 220B IEK (20/300),53.22136272445322,5.0,100.0,105.0,8.1936014161458,20.0,0.0,0,0.0,51.77863727554678,1.9728919859422622,LOW,LOW,STABLE,0.8227555965843526,False,True,False,Прогноз спроса: 53 шт. Свободный остаток: 5 шт. В пути: 100 шт. Страховой запас: 8 шт. MOQ: 20 шт. В истории обнаружена аномальная продажа.
IEK,251400049_,ЩРН-П  6  черн. пр. дв. IP41 UNION Compact IEK,0.3695301871980442,9.0,0.0,9.0,0.1847650935990221,8.0,0.0,0,0.0,8.630469812801955,24.35524975169778,LOW,LOW,DECLINING,0.25,False,False,False,Прогноз спроса: 0 шт. Свободный остаток: 9 шт. В пути: 0 шт. Страховой запас: 0 шт. MOQ: 8 шт. Наблюдается снижение спроса.
IEK,251400100_,ЩМП  400х600х150 IP66  TITAN 5 IEK,2.191799680574678e-05,1.0,0.0,1.0,1.095899840287339e-05,1.0,0.0,0,0.0,0.9999780820031943,45624.60743391501,LOW,LOW,DECLINING,0.25,False,False,False,Прогноз спроса: 0 шт. Свободный остаток: 1 шт. В пути: 0 шт. Страховой запас: 0 шт. MOQ: 1 шт. Наблюдается снижение спроса.
IEK,130301731_,Перемычка гребенчатая для CTS изолированная 16мм2 10PIN IEK,0.18252444800820097,17.0,0.0,17.0,0.09126222400410049,20.0,0.0,0,0.0,16.817475551991798,93.13820797987663,LOW,LOW,STABLE,0.25,False,False,False,Прогноз спроса: 0 шт. Свободный остаток: 17 шт. В пути: 0 шт. Страховой запас: 0 шт. MOQ: 20 шт.
IEK,280200108_,Внешний угол КМН 40х25 Белый ЭЛЕКОР IEK (4),68.43489038825453,130.0,10.0,140.0,17.246158992656884,1.0,0.0,0,0.0,71.56510961174547,2.0457401072133257,LOW,LOW,GROWING,0.3754541784416633,False,False,False,Прогноз спроса: 68 шт. Свободный остаток: 130 шт. В пути: 10 шт. Страховой запас: 17 шт. MOQ: 1 шт. Наблюдается рост спроса.
IEK,120100045_,Контактор  КМИ-10960 9А 380В  IP54 (1вел в корпусе) IEK (1/20),2.1671827765477936,9.0,2.0,11.0,0.38340579025361304,1.0,0.0,0,0.0,8.832817223452206,5.075714018695928,LOW,LOW,STABLE,2.2829457364341086,False,False,False,Прогноз спроса: 2 шт. Свободный остаток: 9 шт. В пути: 2 шт. Страховой запас: 0 шт. MOQ: 1 шт.
IEK,010700171_,УЗО АВДТ 1P+NP 25 А 30мА ARMAT IEK (12),0.23109544968121437,7.0,0.0,7.0,0.11554772484060719,12.0,0.0,0,0.0,6.768904550318785,30.290514199462518,LOW,LOW,GROWING,0.7948717948717948,False,False,False,Прогноз спроса: 0 шт. Свободный остаток: 7 шт. В пути: 0 шт. Страховой запас: 0 шт. MOQ: 12 шт. Наблюдается рост спроса.
IEK,120100309_,Контактор КМ 63-40М AC/DC IEK,3.002943907144779,43.0,0.0,43.0,1.5014719535723895,1.0,0.0,0,0.0,39.99705609285522,14.319281788012056,LOW,LOW,DECLINING,0.2707423580786026,False,False,False,Прогноз спроса: 3 шт. Свободный остаток: 43 шт. В пути: 0 шт. Страховой запас: 2 шт. MOQ: 1 шт. Наблюдается снижение спроса.
IEK,011100062_,Стабилизатор СНИ  3 кВА (1ф) IEK (1),0.0,0.0,0.0,0.0,0.0,,0.0,0,0.0,0.0,inf,LOW,LOW,STABLE,0.25,True,False,False,Прогноз спроса: 0 шт. Свободный остаток: 0 шт. В пути: 0 шт. Страховой запас: 0 шт. Есть сигнал предыдущего stockout.
IEK,130600075_,"Тепловое реле РТИ-1301 (0,1-0,16 А)  IEK !!!",0.0,0.0,0.0,0.0,0.0,,0.0,0,0.0,0.0,inf,LOW,LOW,STABLE,0.25,True,False,False,Прогноз спроса: 0 шт. Свободный остаток: 0 шт. В пути: 0 шт. Страховой запас: 0 шт. Есть сигнал предыдущего stockout.
IEK,030200933_,"Выкл 1-кл. перекр 10А б/рамки ""BRITE"" маренго (1/100)",0.0,59.0,0.0,59.0,0.0,,0.0,0,0.0,59.0,inf,LOW,LOW,STABLE,0.25,False,False,False,Прогноз спроса: 0 шт. Свободный остаток: 59 шт. В пути: 0 шт. Страховой запас: 0 шт.
IEK,270300275_,Мини-обогреватель шкафной 10Вт IP54 IEK (100) NEW,0.0,1.0,0.0,1.0,0.0,1.0,0.0,0,0.0,1.0,inf,LOW,LOW,STABLE,0.25,False,False,False,Прогноз спроса: 0 шт. Свободный остаток: 1 шт. В пути: 0 шт. Страховой запас: 0 шт. MOQ: 1 шт.
IEK,081100767_,Светильник LED переносной ДРО 2061 IP54 шнур 10м черный IEK,0.7129782761363128,13.0,0.0,13.0,0.3564891380681564,1.0,0.0,0,0.0,12.287021723863687,18.23337461338662,LOW,LOW,STABLE,1.24,False,False,False,Прогноз спроса: 1 шт. Свободный остаток: 13 шт. В пути: 0 шт. Страховой запас: 0 шт. MOQ: 1 шт.
IEK,270300200_,Кабель-канал перфорированный  60х40 ИМПАКТ IEK (24),51.58615752928395,80.0,0.0,80.0,9.073036977770993,24.0,0.0,0,0.0,28.413842470716048,1.550803623134488,LOW,LOW,DECLINING,0.65390625,False,False,False,Прогноз спроса: 52 шт. Свободный остаток: 80 шт. В пути: 0 шт. Страховой запас: 9 шт. MOQ: 24 шт. Наблюдается снижение спроса.
IEK,130301096_,Пресс гидравл. ПГР- 70 IEK ,2.8224941801949326,11.0,0.0,11.0,0.8108123498483889,1.0,0.0,0,0.0,8.177505819805067,3.8972622431555544,LOW,LOW,STABLE,0.8516483516483516,False,False,False,Прогноз спроса: 3 шт. Свободный остаток: 11 шт. В пути: 0 шт. Страховой запас: 1 шт. MOQ: 1 шт.
IEK,030200457_,"Роз. 2-я без з/к/ш 10А в сборе ""BRITE"" белый (1/100)",246.85155169113537,953.0,0.0,953.0,34.149670569421325,1.0,0.0,0,0.0,706.1484483088647,3.8606198481280316,LOW,LOW,STABLE,1.2005257009345796,False,False,False,Прогноз спроса: 247 шт. Свободный остаток: 953 шт. В пути: 0 шт. Страховой запас: 34 шт. MOQ: 1 шт.
IEK,030201078_," Рамка 2-мест. ""BRITE""  хром/никель  IEK  (1/100)",0.0,10.0,0.0,10.0,0.0,1.0,0.0,0,0.0,10.0,inf,LOW,LOW,STABLE,1.0,False,False,False,Прогноз спроса: 0 шт. Свободный остаток: 10 шт. В пути: 0 шт. Страховой запас: 0 шт. MOQ: 1 шт.
IEK,010500022_,ВА47-29 (2ф) 32А IEK (6/72) ,1113.564377244762,3731.0,720.0,4451.0,69.3259505284037,6.0,0.0,0,0.0,3337.435622755238,3.9970747008025636,LOW,LOW,GROWING,1.153579169351532,False,False,False,Прогноз спроса: 1114 шт. Свободный остаток: 3731 шт. В пути: 720 шт. Страховой запас: 69 шт. MOQ: 6 шт. Наблюдается рост спроса.
IEK,030200787_,"Роз. 2-я RJ11+RJ45 кат.5E б/рамки ""BRITE"" черный (1/100)",0.014309298118778615,2.0,0.0,2.0,0.007154649059389308,1.0,0.0,0,0.0,1.9856907018812213,139.7692593583837,LOW,LOW,STABLE,1.453125,False,False,False,Прогноз спроса: 0 шт. Свободный остаток: 2 шт. В пути: 0 шт. Страховой запас: 0 шт. MOQ: 1 шт.
IEK,250200052_,ЩРВ  54 (550x450x120) IP30 TITAN 3 IEK   ,0.36318764409758,6.0,6.0,12.0,0.0,1.0,0.0,0,0.0,11.63681235590242,33.040771609443524,LOW,LOW,STABLE,1.347826086956522,False,False,False,Прогноз спроса: 0 шт. Свободный остаток: 6 шт. В пути: 6 шт. Страховой запас: 0 шт. MOQ: 1 шт.
IEK,270300212_,Обогреватель на DIN-рейку 60Вт IP20 IEK (50) NEW,0.5983358605254898,2.0,0.0,2.0,0.2634704284481782,1.0,0.0,0,0.0,1.4016641394745102,3.342604266178356,LOW,LOW,STABLE,2.0217391304347827,False,False,False,Прогноз спроса: 1 шт. Свободный остаток: 2 шт. В пути: 0 шт. Страховой запас: 0 шт. MOQ: 1 шт.
IEK,280300403_,Распределительная  коробка о/у  с сальниками  70х70х40 IP44 КМ41236 IEK (84),23.82384659134183,424.0,0.0,424.0,3.2181289853991633,84.0,0.0,0,0.0,400.1761534086582,17.797293916176073,LOW,LOW,DECLINING,3.437283437283437,False,True,False,Прогноз спроса: 24 шт. Свободный остаток: 424 шт. В пути: 0 шт. Страховой запас: 3 шт. MOQ: 84 шт. В истории обнаружена аномальная продажа. Наблюдается снижение спроса.
IEK,130200418_,Рюкзак монтажника с резиновым дном BP-07 ARMA2L 5 IEK (1),0.1676672361344211,2.0,0.0,2.0,0.0,1.0,0.0,0,0.0,1.8323327638655789,11.928388909545648,LOW,LOW,STABLE,0.911764705882353,False,False,False,Прогноз спроса: 0 шт. Свободный остаток: 2 шт. В пути: 0 шт. Страховой запас: 0 шт. MOQ: 1 шт.
IEK,030200458_,"Роз. 2-я с з/к/ш 16А в сборе ""BRITE"" белый (1/100)",424.48215258914314,2071.0,0.0,2071.0,28.105457655053655,1.0,0.0,0,0.0,1646.5178474108568,4.878885925751804,LOW,LOW,STABLE,1.4031566997473175,False,True,False,Прогноз спроса: 424 шт. Свободный остаток: 2071 шт. В пути: 0 шт. Страховой запас: 28 шт. MOQ: 1 шт. В истории обнаружена аномальная продажа.
IEK,010500021_,ВА47-29 (2ф) 25А IEK (6/72),3126.155708156827,11609.0,2400.0,14009.0,125.93134240529646,6.0,0.0,0,0.0,10882.844291843172,4.481222724590282,LOW,LOW,STABLE,1.06282893634139,False,True,False,Прогноз спроса: 3126 шт. Свободный остаток: 11609 шт. В пути: 2400 шт. Страховой запас: 126 шт. MOQ: 6 шт. В истории обнаружена аномальная продажа.
IEK,280100393_,Поворот 90град КМП 16х16 сосна ЭЛЕКОР IEK (4шт/компл) ,0.0,0.0,0.0,0.0,0.0,,0.0,0,0.0,0.0,inf,LOW,LOW,STABLE,0.25,True,False,False,Прогноз спроса: 0 шт. Свободный остаток: 0 шт. В пути: 0 шт. Страховой запас: 0 шт. Есть сигнал предыдущего stockout.
IEK,150101104_, ТУТ 40/20 синяя IEK (50),0.13102623542247466,16.0,0.0,16.0,0.0,,0.0,0,0.0,15.868973764577525,122.11294897094749,LOW,LOW,STABLE,0.348314606741573,False,False,False,Прогноз спроса: 0 шт. Свободный остаток: 16 шт. В пути: 0 шт. Страховой запас: 0 шт.
IEK,250200051_, ЩМП- 6 IP 54 (1200х750х300) IEK,0.08556311197935804,3.0,0.0,3.0,0.04278155598967902,1.0,0.0,0,0.0,2.914436888020642,35.06183833897656,LOW,LOW,DECLINING,1.9375,False,False,False,Прогноз спроса: 0 шт. Свободный остаток: 3 шт. В пути: 0 шт. Страховой запас: 0 шт. MOQ: 1 шт. Наблюдается снижение спроса.
IEK,030201079_," Рамка 4-мест. ""BRITE""  беж./шамп.  IEK  (1/100)",0.0,5.0,0.0,5.0,0.0,1.0,0.0,0,0.0,5.0,inf,LOW,LOW,STABLE,0.25,False,False,False,Прогноз спроса: 0 шт. Свободный остаток: 5 шт. В пути: 0 шт. Страховой запас: 0 шт. MOQ: 1 шт.
IEK,FP-V12-0-10-1-K03,FORTE&PIANO Выключатель 1-клавишный проходной 10А FP303 серый IEK,0.0,0.0,0.0,0.0,0.0,,0.0,0,0.0,0.0,inf,LOW,LOW,STABLE,1.0,True,False,False,Прогноз спроса: 0 шт. Свободный остаток: 0 шт. В пути: 0 шт. Страховой запас: 0 шт. Есть сигнал предыдущего stockout.
IEK,030200786_,BRITE Розетка двойная RJ11+RJ45 кат.5E РК/Т12-БрМ маренго IEK,0.0,45.0,0.0,45.0,0.0,,0.0,0,0.0,45.0,inf,LOW,LOW,STABLE,0.25,False,False,False,Прогноз спроса: 0 шт. Свободный остаток: 45 шт. В пути: 0 шт. Страховой запас: 0 шт.
IEK,280300404_,Распределительная  коробка о/у  с сальниками 100х100х50 IP44 КМ41255 IEK (48),329.56636388050777,2482.0,0.0,2482.0,155.7390670320071,48.0,0.0,0,0.0,2152.4336361194923,7.531108365476001,LOW,LOW,DECLINING,1.057056515267692,False,False,False,Прогноз спроса: 330 шт. Свободный остаток: 2482 шт. В пути: 0 шт. Страховой запас: 156 шт. MOQ: 48 шт. Наблюдается снижение спроса.
IEK,081100704_,Лампа филаментная LED A60 шар прозр.  7Вт 230В 4000К E27 серия 360° IEK,8.664552787178383,67.0,0.0,67.0,2.46598949038041,10.0,0.0,0,0.0,58.33544721282162,7.73265529631779,LOW,LOW,STABLE,0.25,False,False,False,Прогноз спроса: 9 шт. Свободный остаток: 67 шт. В пути: 0 шт. Страховой запас: 2 шт. MOQ: 10 шт.
IEK,280300402_,Распределительная  коробка о/у  с сальниками 190х140х70 IP55 КМ41244 IEK (20),39.97500878551597,129.0,0.0,129.0,9.630195567415369,20.0,0.0,0,0.0,89.02499121448403,3.2270161763351557,LOW,LOW,DECLINING,1.1347753743760398,True,False,False,Прогноз спроса: 40 шт. Свободный остаток: 129 шт. В пути: 0 шт. Страховой запас: 10 шт. MOQ: 20 шт. Есть сигнал предыдущего stockout. Наблюдается снижение спроса.
IEK,150101000_, ТУТ 30/15 зеленая IEK (50),0.0,0.0,0.0,0.0,0.0,,0.0,0,0.0,0.0,inf,LOW,LOW,STABLE,0.3875,True,False,False,Прогноз спроса: 0 шт. Свободный остаток: 0 шт. В пути: 0 шт. Страховой запас: 0 шт. Есть сигнал предыдущего stockout.
IEK,250200061_,ЩУ-3ф/1-1 74 IP66 2двери (445x400x150) IEK,2.6102909973787383,12.0,0.0,12.0,0.5308012810836077,1.0,0.0,0,0.0,9.389709002621261,4.597188593934712,LOW,LOW,GROWING,0.6595744680851063,False,False,False,Прогноз спроса: 3 шт. Свободный остаток: 12 шт. В пути: 0 шт. Страховой запас: 1 шт. MOQ: 1 шт. Наблюдается рост спроса.
IEK,130301098_,Пресс мех.ручной ПМР-6-50 IEK,0.019803098511570697,2.0,0.0,2.0,0.009901549255785349,1.0,0.0,0,0.0,1.9801969014884293,100.99429636384556,LOW,LOW,DECLINING,0.25,False,False,False,Прогноз спроса: 0 шт. Свободный остаток: 2 шт. В пути: 0 шт. Страховой запас: 0 шт. MOQ: 1 шт. Наблюдается снижение спроса.
IEK,030201076_," Рамка 3-мест. ""BRITE""  беж./шамп.  IEK  (1/100)",0.0,10.0,0.0,10.0,0.0,1.0,0.0,0,0.0,10.0,inf,LOW,LOW,STABLE,0.25,False,False,False,Прогноз спроса: 0 шт. Свободный остаток: 10 шт. В пути: 0 шт. Страховой запас: 0 шт. MOQ: 1 шт.
IEK,010500025_,ВА47-29 (2ф) 63А IEK (6/72),254.02765795791458,1416.0,480.0,1896.0,44.910878414923005,6.0,0.0,0,0.0,1641.9723420420855,7.463754203938357,LOW,LOW,GROWING,1.37829039159148,False,False,False,Прогноз спроса: 254 шт. Свободный остаток: 1416 шт. В пути: 480 шт. Страховой запас: 45 шт. MOQ: 6 шт. Наблюдается рост спроса.
IEK,IPA10-6-0030-E,"Амперметр Э47 30/5А класс точности 1,5 72х72мм IEK",0.0,0.0,0.0,0.0,0.0,,0.0,0,0.0,0.0,inf,LOW,LOW,STABLE,0.25,True,False,False,Прогноз спроса: 0 шт. Свободный остаток: 0 шт. В пути: 0 шт. Страховой запас: 0 шт. Есть сигнал предыдущего stockout.
IEK,030200455_,"Выкл 1-кл. прох. с инд. 10А ""BRITE"" белый (1/100)",0.590554125550285,51.0,0.0,51.0,0.2952770627751425,1.0,0.0,0,0.0,50.409445874449716,86.35956941707524,LOW,LOW,STABLE,1.7971014492753623,False,False,False,Прогноз спроса: 1 шт. Свободный остаток: 51 шт. В пути: 0 шт. Страховой запас: 0 шт. MOQ: 1 шт.
IEK,130200415_,Сумка монтажника с пластиковым дном BG-03 ARMA2L 5 IEK (1),0.0,2.0,0.0,2.0,0.0,1.0,0.0,0,0.0,2.0,inf,LOW,LOW,STABLE,0.25,False,False,False,Прогноз спроса: 0 шт. Свободный остаток: 2 шт. В пути: 0 шт. Страховой запас: 0 шт. MOQ: 1 шт.
IEK,280100396_,Поворот 90град КМП 40х25 сосна ЭЛЕКОР IEK (4шт/компл) ,0.0,4.0,0.0,4.0,0.0,,0.0,0,0.0,4.0,inf,LOW,LOW,STABLE,0.25,False,False,False,Прогноз спроса: 0 шт. Свободный остаток: 4 шт. В пути: 0 шт. Страховой запас: 0 шт.
IEK,280300401_,Распределительная  коробка о/у  с сальниками  85х85х40 IP44 КМ41235 IEK (60),125.97235183691929,381.0,0.0,381.0,17.14738075236761,60.0,0.0,0,0.0,255.0276481630807,3.024473183554065,LOW,LOW,DECLINING,0.5453753701445742,False,False,False,Прогноз спроса: 126 шт. Свободный остаток: 381 шт. В пути: 0 шт. Страховой запас: 17 шт. MOQ: 60 шт. Наблюдается снижение спроса.
IEK,081100705_,Лампа филаментная LED A60 шар прозр.  7Вт 230В 6500К E27 серия 360° IEK,0.47511558136095045,15.0,0.0,15.0,0.23755779068047522,10.0,0.0,0,0.0,14.524884418639049,31.571265158328575,LOW,LOW,DECLINING,2.672413793103448,False,False,False,Прогноз спроса: 0 шт. Свободный остаток: 15 шт. В пути: 0 шт. Страховой запас: 0 шт. MOQ: 10 шт. Наблюдается снижение спроса.
IEK,150101008_, ТУТ 16/8 зеленая IEK (100),0.0,0.0,0.0,0.0,0.0,,0.0,0,0.0,0.0,inf,LOW,LOW,STABLE,0.25,True,False,False,Прогноз спроса: 0 шт. Свободный остаток: 0 шт. В пути: 0 шт. Страховой запас: 0 шт. Есть сигнал предыдущего stockout.
IEK,250200060_,ЩУ-1ф/1-1 IP54 2двери (310x300x150) IEK,0.061107928714141876,1.0,0.0,1.0,0.030553964357070938,1.0,0.0,0,0.0,0.9388920712858582,16.364488553979992,LOW,LOW,STABLE,1.4588235294117649,False,False,False,Прогноз спроса: 0 шт. Свободный остаток: 1 шт. В пути: 0 шт. Страховой запас: 0 шт. MOQ: 1 шт.
IEK,270300153_,Кабель-канал перфорированный 100х60 ИМПАКТ IEK (12),18.751063216130316,26.0,0.0,26.0,4.904997451579358,12.0,0.0,0,0.0,7.248936783869684,1.386588040385566,LOW,LOW,GROWING,0.741304347826087,False,False,False,Прогноз спроса: 19 шт. Свободный остаток: 26 шт. В пути: 0 шт. Страховой запас: 5 шт. MOQ: 12 шт. Наблюдается рост спроса.
IEK,010500024_,ВА47-29 (2ф) 50А IEK (6/72) ,143.28951365101906,779.0,144.0,923.0,19.536903648394627,6.0,0.0,0,0.0,779.7104863489809,6.441504172091491,LOW,LOW,GROWING,1.0322949022473962,False,False,False,Прогноз спроса: 143 шт. Свободный остаток: 779 шт. В пути: 144 шт. Страховой запас: 20 шт. MOQ: 6 шт. Наблюдается рост спроса.
IEK,130301097_,Пресс гидравл. ПГР-300 IEK ,4.9267015516691375,11.0,5.0,16.0,0.7479416198251484,1.0,0.0,0,0.0,11.073298448330863,3.2476089392058456,LOW,LOW,STABLE,1.2916666666666667,False,False,False,Прогноз спроса: 5 шт. Свободный остаток: 11 шт. В пути: 5 шт. Страховой запас: 1 шт. MOQ: 1 шт.
IEK,030200456_,"Выкл 1-кл перекр 10А б/рамки ""BRITE"" белый (1/100)",13.020016229325941,75.0,0.0,75.0,3.70680680190736,1.0,0.0,0,0.0,61.97998377067406,5.760361483349919,LOW,LOW,DECLINING,0.4486251808972504,False,False,False,Прогноз спроса: 13 шт. Свободный остаток: 75 шт. В пути: 0 шт. Страховой запас: 4 шт. MOQ: 1 шт. Наблюдается снижение спроса.
IEK,030201077_," Рамка 4-мест. ""BRITE""  бел./бел.  IEK  (1/100)",4.877973700857306e-06,12.0,0.0,12.0,0.0,1.0,0.0,0,0.0,11.999995122026299,2460037.863240426,LOW,LOW,STABLE,0.25,False,False,False,Прогноз спроса: 0 шт. Свободный остаток: 12 шт. В пути: 0 шт. Страховой запас: 0 шт. MOQ: 1 шт.
IEK,030200789_,"Рамка 5-мест. ""BRITE"" маренго (1/100)",0.0039335808915998225,67.0,0.0,67.0,0.0,,0.0,0,0.0,66.9960664191084,17032.82628382672,LOW,LOW,STABLE,0.4305555555555555,False,False,False,Прогноз спроса: 0 шт. Свободный остаток: 67 шт. В пути: 0 шт. Страховой запас: 0 шт.
IEK,150101010_, ТУТ 40/20 желтая  IEK (50),0.0,0.0,0.0,0.0,0.0,,0.0,0,0.0,0.0,inf,LOW,LOW,STABLE,0.25,True,False,False,Прогноз спроса: 0 шт. Свободный остаток: 0 шт. В пути: 0 шт. Страховой запас: 0 шт. Есть сигнал предыдущего stockout.
IEK,250200054_, ЩМП- 7 IP 54 (1415х665х295) IEK,0.10662251316214705,2.0,0.0,2.0,0.053311256581073524,1.0,0.0,0,0.0,1.893377486837853,18.757764572276436,LOW,LOW,DECLINING,0.4305555555555555,False,False,False,Прогноз спроса: 0 шт. Свободный остаток: 2 шт. В пути: 0 шт. Страховой запас: 0 шт. MOQ: 1 шт. Наблюдается снижение спроса.
IEK,130200416_,Сумка монтажника открытого типа BG-05 ARMA2L 5 IEK (1),0.0,2.0,0.0,2.0,0.0,1.0,0.0,0,0.0,2.0,inf,LOW,LOW,STABLE,0.25,False,False,False,Прогноз спроса: 0 шт. Свободный остаток: 2 шт. В пути: 0 шт. Страховой запас: 0 шт. MOQ: 1 шт.
IEK,280100394_,Поворот 90град КМП 25х16 сосна ЭЛЕКОР IEK (4шт/компл) ,0.0,0.0,0.0,0.0,0.0,,0.0,0,0.0,0.0,inf,LOW,LOW,STABLE,0.25,True,False,False,Прогноз спроса: 0 шт. Свободный остаток: 0 шт. В пути: 0 шт. Страховой запас: 0 шт. Есть сигнал предыдущего stockout.
IEK,010500023_,ВА47-29 (2ф) 40А IEK (6/72) ,520.5182995288052,1873.0,0.0,1873.0,44.57197666882938,6.0,0.0,0,0.0,1352.481700471195,3.5983365074686473,LOW,LOW,GROWING,0.8125955832874533,False,True,False,Прогноз спроса: 521 шт. Свободный остаток: 1873 шт. В пути: 0 шт. Страховой запас: 45 шт. MOQ: 6 шт. В истории обнаружена аномальная продажа. Наблюдается рост спроса.
IEK,010500020_,ВА47-29 (2ф) 20А IEK (6/72) ,3.630038513661441,10.0,60.0,70.0,1.8150192568307204,6.0,0.0,0,0.0,66.36996148633855,19.283541961485817,LOW,LOW,STABLE,0.8814377682403433,False,False,False,Прогноз спроса: 4 шт. Свободный остаток: 10 шт. В пути: 60 шт. Страховой запас: 2 шт. MOQ: 6 шт.
IEK,010500017_,Выкл. нагрузки ВН-32 (1ф)  63А IEK (240) !!!,2.508385127712935e-06,1.0,0.0,1.0,0.0,,0.0,0,0.0,0.9999974916148723,398662.864387084,LOW,LOW,STABLE,2.583333333333333,False,False,False,Прогноз спроса: 0 шт. Свободный остаток: 1 шт. В пути: 0 шт. Страховой запас: 0 шт.
IEK,270300224_,Обогреватель на DIN-рейку 100Вт IP20 IEK (50) NEW,4.902423835752434,48.0,10.0,58.0,1.4589165500466441,1.0,0.0,0,0.0,53.09757616424756,11.830882425345838,LOW,LOW,GROWING,1.4444444444444444,False,False,False,Прогноз спроса: 5 шт. Свободный остаток: 48 шт. В пути: 10 шт. Страховой запас: 1 шт. MOQ: 1 шт. Наблюдается рост спроса.
IEK,130301000_,"Амперметр Э47  200/5А кл. точн. 1,5 96х96 IEK (1/60)",0.21085109743343058,30.0,0.0,30.0,0.10542554871671529,1.0,0.0,0,0.0,29.78914890256657,142.2805020470502,LOW,LOW,STABLE,1.0973451327433628,False,False,False,Прогноз спроса: 0 шт. Свободный остаток: 30 шт. В пути: 0 шт. Страховой запас: 0 шт. MOQ: 1 шт.
IEK,250200042_, ЩМП- 5 IP 54 (1000х650х300) IEK,2.4870049422394063,14.0,0.0,14.0,1.1713240371477054,1.0,0.0,0,0.0,11.512995057760595,5.629261028887943,LOW,LOW,DECLINING,1.4307692307692308,False,False,False,Прогноз спроса: 2 шт. Свободный остаток: 14 шт. В пути: 0 шт. Страховой запас: 1 шт. MOQ: 1 шт. Наблюдается снижение спроса.
IEK,030201082_," Рамка 3-мест. ""BRITE""  бел. рифленый  IEK  (1/100)",0.0,7.0,0.0,7.0,0.0,1.0,0.0,0,0.0,7.0,inf,LOW,LOW,STABLE,0.25,False,False,False,Прогноз спроса: 0 шт. Свободный остаток: 7 шт. В пути: 0 шт. Страховой запас: 0 шт. MOQ: 1 шт.
IEK,030200462_,"Роз. TV оконечная б/рамки ""BRITE"" белый (1/100)",19.19454927056783,149.0,0.0,149.0,6.6062596578295905,1.0,0.0,0,0.0,129.80545072943218,7.762620413727077,LOW,LOW,DECLINING,1.353055286129971,False,False,False,Прогноз спроса: 19 шт. Свободный остаток: 149 шт. В пути: 0 шт. Страховой запас: 7 шт. MOQ: 1 шт. Наблюдается снижение спроса.
IEK,010500012_,ВА47-29 (1ф) 63А IEK (12/144) ,385.36418453475795,1225.0,600.0,1825.0,95.39472426013226,12.0,0.0,0,0.0,1439.635815465242,4.735780005615426,LOW,LOW,GROWING,0.5930713547052741,False,False,False,Прогноз спроса: 385 шт. Свободный остаток: 1225 шт. В пути: 600 шт. Страховой запас: 95 шт. MOQ: 12 шт. Наблюдается рост спроса.
IEK,270300231_,Вентилятор с фильтром 21 куб.м./час IP55 IEK (18) NEW,1.3626847233059818,10.0,0.0,10.0,0.6813423616529909,1.0,0.0,0,0.0,8.637315276694018,7.3384546175429355,LOW,LOW,STABLE,0.5254237288135593,False,False,False,Прогноз спроса: 1 шт. Свободный остаток: 10 шт. В пути: 0 шт. Страховой запас: 1 шт. MOQ: 1 шт.
IEK,130300988_,"Вольтметр Э47 500В кл. точн. 1,5 96х96мм IEK !!!",0.0,0.0,0.0,0.0,0.0,,0.0,0,0.0,0.0,inf,LOW,LOW,STABLE,2.90625,True,False,False,Прогноз спроса: 0 шт. Свободный остаток: 0 шт. В пути: 0 шт. Страховой запас: 0 шт. Есть сигнал предыдущего stockout.
IEK,150101178_,Светильник уличный LED 5103 наст. 10Вт 4000К IP54 серый IEK,0.0,0.0,0.0,0.0,0.0,1.0,0.0,0,0.0,0.0,inf,LOW,LOW,STABLE,1.0,True,False,False,Прогноз спроса: 0 шт. Свободный остаток: 0 шт. В пути: 0 шт. Страховой запас: 0 шт. MOQ: 1 шт. Есть сигнал предыдущего stockout.
IEK,250200041_, ЩМП- 5 IP 31 (1000х650х300) IEK,0.5534341803265651,2.0,0.0,2.0,0.27671709016328255,1.0,0.0,0,0.0,1.446565819673435,3.6137992034027593,LOW,LOW,STABLE,1.3285714285714283,False,False,False,Прогноз спроса: 1 шт. Свободный остаток: 2 шт. В пути: 0 шт. Страховой запас: 0 шт. MOQ: 1 шт.
IEK,280100384_,Угол внутренний КМВ 16х16 сосна ЭЛЕКОР IEK (4шт/компл) ,0.0,0.0,0.0,0.0,0.0,,0.0,0,0.0,0.0,inf,LOW,LOW,STABLE,0.25,True,False,False,Прогноз спроса: 0 шт. Свободный остаток: 0 шт. В пути: 0 шт. Страховой запас: 0 шт. Есть сигнал предыдущего stockout.
IEK,280300591_,ЩМП- 2 IP 31 (500х400х220) GENERICA,0.0,0.0,0.0,0.0,0.0,,0.0,0,0.0,0.0,inf,LOW,LOW,STABLE,1.3734177215189871,True,False,False,Прогноз спроса: 0 шт. Свободный остаток: 0 шт. В пути: 0 шт. Страховой запас: 0 шт. Есть сигнал предыдущего stockout.
IEK,081100635_,Лампа LED T75 таблетка 15Вт 230В 6500К GX53 IEK,38.74202293811815,91.0,0.0,91.0,10.021048680984771,10.0,0.0,0,0.0,52.25797706188185,2.3488706344878394,LOW,LOW,DECLINING,0.3497013934970139,False,False,False,Прогноз спроса: 39 шт. Свободный остаток: 91 шт. В пути: 0 шт. Страховой запас: 10 шт. MOQ: 10 шт. Наблюдается снижение спроса.
IEK,030201083_," Рамка 3-мест. ""BRITE""  беж. рифленый  IEK  (1/100)",0.02027851813327253,7.0,0.0,7.0,0.010139259066636265,1.0,0.0,0,0.0,6.9797214818667275,345.1928762247454,LOW,LOW,STABLE,0.25,False,False,False,Прогноз спроса: 0 шт. Свободный остаток: 7 шт. В пути: 0 шт. Страховой запас: 0 шт. MOQ: 1 шт.
IEK,EPP14-04-01-K02,"Ппл27-04-К52 Патрон подвесной с шнуром, пластик, Е27, черный (50 шт), стикер на изделии, IEK E-PRO",0.0,49.0,0.0,49.0,0.0,,0.0,0,0.0,49.0,inf,LOW,LOW,STABLE,0.25,False,False,False,Прогноз спроса: 0 шт. Свободный остаток: 49 шт. В пути: 0 шт. Страховой запас: 0 шт.
IEK,010500011_,ВА47-29 (1ф) 50А IEK (12/144) ,237.00033905176423,1122.0,288.0,1410.0,28.046118269735683,12.0,0.0,0,0.0,1172.9996609482357,5.949358577466153,LOW,LOW,GROWING,0.5993762993762993,False,False,False,Прогноз спроса: 237 шт. Свободный остаток: 1122 шт. В пути: 288 шт. Страховой запас: 28 шт. MOQ: 12 шт. Наблюдается рост спроса.
IEK,030200463_,"Рамка 1-мест. ""BRITE"" белый (1/100)",1743.9015001175308,5639.0,0.0,5639.0,28.72765943592631,1.0,0.0,0,0.0,3895.0984998824692,3.233554188479084,LOW,LOW,STABLE,1.1621497225977129,False,False,False,Прогноз спроса: 1744 шт. Свободный остаток: 5639 шт. В пути: 0 шт. Страховой запас: 29 шт. MOQ: 1 шт.
IEK,030200781_,"Роз. с з/к с з/ш 16А с USB A+A 2,1А б/рамки ""BRITE"" графит (1/80)",0.0,6.0,0.0,6.0,0.0,1.0,0.0,0,0.0,6.0,inf,LOW,LOW,STABLE,0.25,False,False,False,Прогноз спроса: 0 шт. Свободный остаток: 6 шт. В пути: 0 шт. Страховой запас: 0 шт. MOQ: 1 шт.
IEK,081100641_,Лампа филаментная LED A60 шар прозр. 11Вт 230В 4000К E27 серия 360° IEK,6.6247444222920775,56.0,0.0,56.0,3.3123722111460387,10.0,0.0,0,0.0,49.375255577707925,8.45315629257509,LOW,LOW,STABLE,1.8083333333333331,False,False,False,Прогноз спроса: 7 шт. Свободный остаток: 56 шт. В пути: 0 шт. Страховой запас: 3 шт. MOQ: 10 шт.
IEK,081100643_,Лампа филаментная LED ST64 золото 8Вт 230В 2700К E27 серия 360° IEK,2.9715878721248994,30.0,0.0,30.0,1.4857939360624497,1.0,0.0,0,0.0,27.0284121278751,10.095612612171498,LOW,LOW,GROWING,2.167173252279635,False,False,False,Прогноз спроса: 3 шт. Свободный остаток: 30 шт. В пути: 0 шт. Страховой запас: 1 шт. MOQ: 1 шт. Наблюдается рост спроса.
IEK,150101140_,ЩРН 18  (240х440х120) IP54 TITAN 3 IEK,4.690875404043164,23.0,5.0,28.0,1.7288724649319862,1.0,0.0,0,0.0,23.309124595956835,5.969035113545376,LOW,LOW,GROWING,0.25,False,True,False,Прогноз спроса: 5 шт. Свободный остаток: 23 шт. В пути: 5 шт. Страховой запас: 2 шт. MOQ: 1 шт. В истории обнаружена аномальная продажа. Наблюдается рост спроса.
IEK,250200050_, ЩМП- 6 IP 31 (1200х750х300) IEK,0.10165448093686381,6.0,0.0,6.0,0.0,1.0,0.0,0,0.0,5.898345519063136,59.02346797409272,LOW,LOW,STABLE,3.72,False,False,False,Прогноз спроса: 0 шт. Свободный остаток: 6 шт. В пути: 0 шт. Страховой запас: 0 шт. MOQ: 1 шт.
IEK,270300221_,Обогреватель на DIN-рейку (встр. вентилятор) 250Вт IP20 IEK (10) NEW,0.0,1.0,0.0,1.0,0.0,1.0,0.0,0,0.0,1.0,inf,LOW,LOW,STABLE,2.2142857142857144,False,False,False,Прогноз спроса: 0 шт. Свободный остаток: 1 шт. В пути: 0 шт. Страховой запас: 0 шт. MOQ: 1 шт.
IEK,130301079_,"Изолента 0,18х19 мм желто-зеленая 20 метров IEK (10) (200)",63.5145588027339,328.0,0.0,328.0,23.192881450996968,10.0,0.0,0,0.0,264.4854411972661,5.164170328549644,LOW,LOW,DECLINING,1.0034071550255537,False,False,False,Прогноз спроса: 64 шт. Свободный остаток: 328 шт. В пути: 0 шт. Страховой запас: 23 шт. MOQ: 10 шт. Наблюдается снижение спроса.
IEK,030201080_," Рамка 3-мест. ""BRITE""  хром/никель  IEK  (1/100)",0.00011064319442521569,13.0,0.0,13.0,0.0,1.0,0.0,0,0.0,12.999889356805575,117494.79999682012,LOW,LOW,STABLE,0.25,False,False,False,Прогноз спроса: 0 шт. Свободный остаток: 13 шт. В пути: 0 шт. Страховой запас: 0 шт. MOQ: 1 шт.
IEK,FP-V10-0-10-1-K03,FORTE&PIANO Выключатель 1-клавишный 10А FP301 серый IEK,0.0,0.0,0.0,0.0,0.0,,0.0,0,0.0,0.0,inf,LOW,LOW,STABLE,1.0,True,False,False,Прогноз спроса: 0 шт. Свободный остаток: 0 шт. В пути: 0 шт. Страховой запас: 0 шт. Есть сигнал предыдущего stockout.
IEK,130200419_,Бокорезы усиленные 180мм K4 ARMA2L 5 IEK (1),0.44178923206106985,2.0,0.0,2.0,0.22089461603053492,1.0,0.0,0,0.0,1.55821076793893,4.527045601970521,LOW,LOW,DECLINING,0.3369565217391304,False,False,False,Прогноз спроса: 0 шт. Свободный остаток: 2 шт. В пути: 0 шт. Страховой запас: 0 шт. MOQ: 1 шт. Наблюдается снижение спроса.
IEK,280100390_,Заглушка КМЗ 25х16 сосна ЭЛЕКОР IEK (4шт/компл)  ,0.0,0.0,0.0,0.0,0.0,,0.0,0,0.0,0.0,inf,LOW,LOW,STABLE,4.0,True,False,False,Прогноз спроса: 0 шт. Свободный остаток: 0 шт. В пути: 0 шт. Страховой запас: 0 шт. Есть сигнал предыдущего stockout.
IEK,010500019_,ВА47-29 (2ф) 16А IEK (6/72),2408.0847978302863,6407.0,1440.0,7847.0,206.1434832020324,6.0,0.0,0,0.0,5438.915202169714,3.2586061782667466,LOW,LOW,GROWING,1.1453257538389383,False,False,False,Прогноз спроса: 2408 шт. Свободный остаток: 6407 шт. В пути: 1440 шт. Страховой запас: 206 шт. MOQ: 6 шт. Наблюдается рост спроса.
IEK,030200460_,"Роз. с з/к без з/ш 16А б/рамки ""BRITE"" белый (1/100)",1580.4273892665365,4305.0,0.0,4305.0,125.94547894492531,1.0,0.0,0,0.0,2724.5726107334635,2.7239467179810872,LOW,LOW,STABLE,1.376560753087368,False,True,False,Прогноз спроса: 1580 шт. Свободный остаток: 4305 шт. В пути: 0 шт. Страховой запас: 126 шт. MOQ: 1 шт. В истории обнаружена аномальная продажа.
IEK,250200047_,ЩРВ  48 (630x320x120) IP30 TITAN 3 IEK   ,0.06098103954396394,3.0,3.0,6.0,0.03049051977198197,1.0,0.0,0,0.0,5.939018960456036,98.39123840573977,LOW,LOW,STABLE,1.8452380952380956,False,False,False,Прогноз спроса: 0 шт. Свободный остаток: 3 шт. В пути: 3 шт. Страховой запас: 0 шт. MOQ: 1 шт.
IEK,280300589_,ЩРН- 12 (265x310x120) GENERICA,0.0,0.0,0.0,0.0,0.0,,0.0,0,0.0,0.0,inf,LOW,LOW,STABLE,0.5876777251184834,True,False,False,Прогноз спроса: 0 шт. Свободный остаток: 0 шт. В пути: 0 шт. Страховой запас: 0 шт. Есть сигнал предыдущего stockout.
IEK,081100642_,Лампа филаментная LED G95 шар золото 8Вт 230В 2700К E27 серия 360° IEK,0.8645078995062155,11.0,0.0,11.0,0.43225394975310777,1.0,0.0,0,0.0,10.135492100493785,12.724001719686905,LOW,LOW,STABLE,0.25,False,False,False,Прогноз спроса: 1 шт. Свободный остаток: 11 шт. В пути: 0 шт. Страховой запас: 0 шт. MOQ: 1 шт.
IEK,030200785_,"Роз. 2-я RJ11+RJ45 кат.5E б/рамки ""BRITE"" графит (1/100)",0.0,16.0,0.0,16.0,0.0,1.0,0.0,0,0.0,16.0,inf,LOW,LOW,STABLE,0.25,False,False,False,Прогноз спроса: 0 шт. Свободный остаток: 16 шт. В пути: 0 шт. Страховой запас: 0 шт. MOQ: 1 шт.
IEK,270300222_,Обогреватель на DIN-рейку в корпусе 150Вт IP20 IEK (40) NEW,4.0296512736856904e-07,1.0,0.0,1.0,0.0,1.0,0.0,0,0.0,0.9999995970348726,2481604.3177983426,LOW,LOW,STABLE,0.25,False,False,False,Прогноз спроса: 0 шт. Свободный остаток: 1 шт. В пути: 0 шт. Страховой запас: 0 шт. MOQ: 1 шт.
IEK,130301016_,"Вольтметр Э47 500В кл. точн. 1,5 72х72 IEK (1/100)",2.606826917299408,17.0,0.0,17.0,0.49497474683058584,1.0,0.0,0,0.0,14.393173082700592,6.521338216659,LOW,LOW,GROWING,0.3463687150837988,False,False,False,Прогноз спроса: 3 шт. Свободный остаток: 17 шт. В пути: 0 шт. Страховой запас: 0 шт. MOQ: 1 шт. Наблюдается рост спроса.
IEK,030201081_," Рамка 3-мест. ""BRITE""  хром/черн.  IEK  (1/100)",0.0046354389261410054,11.0,0.0,11.0,0.0023177194630705027,1.0,0.0,0,0.0,10.99536456107386,2373.022312507843,LOW,LOW,STABLE,0.25,False,False,False,Прогноз спроса: 0 шт. Свободный остаток: 11 шт. В пути: 0 шт. Страховой запас: 0 шт. MOQ: 1 шт.
IEK,010500018_,ВА47-29 (2ф) 10А IEK (6/72) ,163.65912019056577,1216.0,0.0,1216.0,35.756515723244995,6.0,0.0,0,0.0,1052.3408798094342,7.430077826301898,LOW,LOW,DECLINING,0.8730964467005076,False,False,False,Прогноз спроса: 164 шт. Свободный остаток: 1216 шт. В пути: 0 шт. Страховой запас: 36 шт. MOQ: 6 шт. Наблюдается снижение спроса.
IEK,FP-R14-16-1-K03,FORTE&PIANO Розетка 1-местная с заземлением с защитными шторками безвинтовое крепление 16А FP313 сер,0.0,0.0,0.0,0.0,0.0,,0.0,0,0.0,0.0,inf,LOW,LOW,STABLE,1.0,True,False,False,Прогноз спроса: 0 шт. Свободный остаток: 0 шт. В пути: 0 шт. Страховой запас: 0 шт. Есть сигнал предыдущего stockout.
IEK,130200420_,Тонкогубцы 160мм K4 ARMA2L 5 IEK (1),0.6731645915575607,3.0,0.0,3.0,0.33658229577878035,1.0,0.0,0,0.0,2.3268354084424394,4.456562388491993,LOW,LOW,GROWING,0.348314606741573,False,False,False,Прогноз спроса: 1 шт. Свободный остаток: 3 шт. В пути: 0 шт. Страховой запас: 0 шт. MOQ: 1 шт. Наблюдается рост спроса.
IEK,150101158_,"Патрон подвесной E27 со шнуром 1,5м RETRO бронза IEK",0.0,0.0,0.0,0.0,0.0,,0.0,0,0.0,0.0,inf,LOW,LOW,STABLE,0.25,True,False,False,Прогноз спроса: 0 шт. Свободный остаток: 0 шт. В пути: 0 шт. Страховой запас: 0 шт. Есть сигнал предыдущего stockout.
IEK,250200044_,ЩРВ  18 (275x450x120) IP30 TITAN 3 IEK      ,0.2612135603711498,7.0,2.0,9.0,0.1306067801855749,1.0,0.0,0,0.0,8.73878643962885,34.45456655164531,LOW,LOW,STABLE,1.305263157894737,False,False,False,Прогноз спроса: 0 шт. Свободный остаток: 7 шт. В пути: 2 шт. Страховой запас: 0 шт. MOQ: 1 шт.
IEK,280100385_,Угол внутренний КМВ 25х16 сосна ЭЛЕКОР IEK (4шт/компл) ,0.0,14.0,0.0,14.0,0.0,,0.0,0,0.0,14.0,inf,LOW,LOW,STABLE,0.25,False,False,False,Прогноз спроса: 0 шт. Свободный остаток: 14 шт. В пути: 0 шт. Страховой запас: 0 шт.
IEK,030200461_,"Роз. с з/к/ш 16А б/рамки ""BRITE"" белый (1/100)",1013.9630600427554,2294.0,0.0,2294.0,127.0626302261999,1.0,0.0,0,0.0,1280.0369399572446,2.2624098356238638,LOW,LOW,GROWING,1.3352805238156376,False,False,False,Прогноз спроса: 1014 шт. Свободный остаток: 2294 шт. В пути: 0 шт. Страховой запас: 127 шт. MOQ: 1 шт. Наблюдается рост спроса.
IEK,030200809_,"Роз. HDMI б/рамки ""BRITE"" маренго (1/100)",0.0,18.0,0.0,18.0,0.0,,0.0,0,0.0,18.0,inf,LOW,LOW,STABLE,0.25,False,False,False,Прогноз спроса: 0 шт. Свободный остаток: 18 шт. В пути: 0 шт. Страховой запас: 0 шт.
IEK,081100706_,Лампа филаментная LED A60 шар золото  9Вт 230В 2700К E27 серия 360° IEK,2.8911051059786574,24.0,0.0,24.0,0.930412095077588,10.0,0.0,0,0.0,21.108894894021343,8.301323929859633,LOW,LOW,DECLINING,0.861111111111111,False,False,False,Прогноз спроса: 3 шт. Свободный остаток: 24 шт. В пути: 0 шт. Страховой запас: 1 шт. MOQ: 10 шт. Наблюдается снижение спроса.
IEK,MDV11-2-025-030,Выключатель дифференциальный (УЗО) ВД1-63 2Р 25А 30мА тип А IEK,0.0,0.0,0.0,0.0,0.0,,0.0,0,0.0,0.0,inf,LOW,LOW,STABLE,0.25,True,False,False,Прогноз спроса: 0 шт. Свободный остаток: 0 шт. В пути: 0 шт. Страховой запас: 0 шт. Есть сигнал предыдущего stockout.
IEK,030200448_,"Выкл 1-кл. 10А в сборе ""BRITE"" белый (1/100)",865.0753547242606,2222.0,0.0,2222.0,80.5507086664459,1.0,0.0,0,0.0,1356.9246452757393,2.5685623661169426,LOW,LOW,GROWING,1.4487923538087302,False,False,False,Прогноз спроса: 865 шт. Свободный остаток: 2222 шт. В пути: 0 шт. Страховой запас: 81 шт. MOQ: 1 шт. Наблюдается рост спроса.
IEK,150100953_, ТУТ 16/8 желтая IEK (100),0.0,0.0,0.0,0.0,0.0,,0.0,0,0.0,0.0,inf,LOW,LOW,STABLE,0.25,True,False,False,Прогноз спроса: 0 шт. Свободный остаток: 0 шт. В пути: 0 шт. Страховой запас: 0 шт. Есть сигнал предыдущего stockout.
IEK,250600005_,ЩРВ-П  6 IEK (20) MKP12-V-04-06-41,1.070277129473576,44.0,0.0,44.0,0.285773803324706,20.0,0.0,0,0.0,42.929722870526426,41.110847637790535,LOW,LOW,DECLINING,1.0095785440613023,False,False,False,Прогноз спроса: 1 шт. Свободный остаток: 44 шт. В пути: 0 шт. Страховой запас: 0 шт. MOQ: 20 шт. Наблюдается снижение спроса.
IEK,081100711_,Лампа филаментная LED C35 свеча прозр. 5Вт 230В 4000К E27 серия 360° IEK,4.503920724251524,51.0,0.0,51.0,2.251960362125762,10.0,0.0,0,0.0,46.49607927574848,11.323467512513854,LOW,LOW,GROWING,1.9224806201550384,False,False,False,Прогноз спроса: 5 шт. Свободный остаток: 51 шт. В пути: 0 шт. Страховой запас: 2 шт. MOQ: 10 шт. Наблюдается рост спроса.
IEK,130200387_,Кусачки боковые Master 160мм IEK,0.0,0.0,0.0,0.0,0.0,,0.0,0,0.0,0.0,inf,LOW,LOW,STABLE,0.25,True,False,False,Прогноз спроса: 0 шт. Свободный остаток: 0 шт. В пути: 0 шт. Страховой запас: 0 шт. Есть сигнал предыдущего stockout.
IEK,280100403_,Кабель-канал 16х16 ольха ЭЛЕКОР IEK (84),6.107761601060949,140.0,0.0,140.0,3.0538808005304743,84.0,0.0,0,0.0,133.89223839893904,22.92165430551207,LOW,LOW,STABLE,0.5945205479452055,False,False,False,Прогноз спроса: 6 шт. Свободный остаток: 140 шт. В пути: 0 шт. Страховой запас: 3 шт. MOQ: 84 шт.
IEK,010500036_,ВА47-29 (3ф) 32А IEK (4/48),1452.457370940233,4212.0,960.0,5172.0,101.19774536355399,4.0,0.0,0,0.0,3719.542629059767,3.5608618218185364,LOW,LOW,GROWING,1.0665445109598706,False,False,False,Прогноз спроса: 1452 шт. Свободный остаток: 4212 шт. В пути: 960 шт. Страховой запас: 101 шт. MOQ: 4 шт. Наблюдается рост спроса.
IEK,130301232_, Трубы гибкая двустенная красная (с протяжкой)  Ø160  IEK (35) ,201.75002232715556,600.0,0.0,600.0,46.92319699963619,35.0,0.0,0,0.0,398.24997767284447,2.9739773660448314,LOW,LOW,GROWING,0.6316095857184437,False,False,False,Прогноз спроса: 202 шт. Свободный остаток: 600 шт. В пути: 0 шт. Страховой запас: 47 шт. MOQ: 35 шт. Наблюдается рост спроса.
IEK,150100954_, ТУТ 16/8  красная IEK (100),0.0,0.0,0.0,0.0,0.0,,0.0,0,0.0,0.0,inf,LOW,LOW,STABLE,0.25,True,False,False,Прогноз спроса: 0 шт. Свободный остаток: 0 шт. В пути: 0 шт. Страховой запас: 0 шт. Есть сигнал предыдущего stockout.
IEK,030200813_,"Выкл 2-кл. 10А б/рамки ""BRITE"" темная бронза (1/100)",6.825103245351617,58.0,0.0,58.0,2.2135943621178664,1.0,0.0,0,0.0,51.17489675464839,8.4980399438649,LOW,LOW,GROWING,1.118895966029724,False,False,False,Прогноз спроса: 7 шт. Свободный остаток: 58 шт. В пути: 0 шт. Страховой запас: 2 шт. MOQ: 1 шт. Наблюдается рост спроса.
IEK,030201071_," Рамка 4-мест. ""BRITE""  алюм./алюм.  IEK  (1/100)",5.059190743214851e-06,5.0,0.0,5.0,0.0,1.0,0.0,0,0.0,4.999994940809257,988300.3535112339,LOW,LOW,STABLE,0.25,False,False,False,Прогноз спроса: 0 шт. Свободный остаток: 5 шт. В пути: 0 шт. Страховой запас: 0 шт. MOQ: 1 шт.
IEK,LLE-T80-12-230-65-GX,Лампа светодиодная T75 таблетка 12Вт 230В 6500К GX53 IEK,0.0,0.0,0.0,0.0,0.0,,0.0,0,0.0,0.0,inf,LOW,LOW,STABLE,1.0,True,False,False,Прогноз спроса: 0 шт. Свободный остаток: 0 шт. В пути: 0 шт. Страховой запас: 0 шт. Есть сигнал предыдущего stockout.
IEK,030200449_,"Выкл 1-кл. с инд. 10А б/рамки ""BRITE"" белый (1/100)",50.71567107516621,156.0,0.0,156.0,4.248813559885469,1.0,0.0,0,0.0,105.28432892483379,3.0759723117690942,LOW,LOW,STABLE,2.0701168614357264,False,True,False,Прогноз спроса: 51 шт. Свободный остаток: 156 шт. В пути: 0 шт. Страховой запас: 4 шт. MOQ: 1 шт. В истории обнаружена аномальная продажа.
IEK,010500035_,ВА47-29 (3ф) 25А IEK (4/48),1612.5934275515128,5113.0,0.0,5113.0,115.36642781444957,4.0,0.0,0,0.0,3500.406572448487,3.1706690059895273,LOW,LOW,GROWING,1.1442400052223705,False,False,False,Прогноз спроса: 1613 шт. Свободный остаток: 5113 шт. В пути: 0 шт. Страховой запас: 115 шт. MOQ: 4 шт. Наблюдается рост спроса.
IEK,280300356_, 3 КВтп 10х150-240-02 IEK !!!,1.0252128831649281e-07,3.0,0.0,3.0,0.0,,0.0,0,0.0,2.9999998974787117,29262215.187334746,LOW,LOW,STABLE,0.25,False,False,False,Прогноз спроса: 0 шт. Свободный остаток: 3 шт. В пути: 0 шт. Страховой запас: 0 шт.
IEK,081100710_,Лампа филаментная LED C35 свеча прозр. 5Вт 230В 4000К E14 серия 360° IEK,36.64017376983353,152.0,80.0,232.0,9.414934944013153,10.0,0.0,0,0.0,195.35982623016648,6.331847699669194,LOW,LOW,GROWING,0.9567901234567902,False,False,False,Прогноз спроса: 37 шт. Свободный остаток: 152 шт. В пути: 80 шт. Страховой запас: 9 шт. MOQ: 10 шт. Наблюдается рост спроса.
IEK,270300130_,"Трансформатор тока ТТИ-А  500\5А 5ВА кл.т.0,5 IEK (36) !!!",0.0,0.0,0.0,0.0,0.0,,0.0,0,0.0,0.0,inf,LOW,LOW,STABLE,0.25,True,False,False,Прогноз спроса: 0 шт. Свободный остаток: 0 шт. В пути: 0 шт. Страховой запас: 0 шт. Есть сигнал предыдущего stockout.
IEK,130301128_,Кронштейн для анкерного зажима КАМ-1500 IEK (10),2.5865261248085027,12.0,0.0,12.0,0.14288690166235193,10.0,0.0,0,0.0,9.413473875191498,4.639427332630726,LOW,LOW,STABLE,0.4558823529411764,False,False,False,Прогноз спроса: 3 шт. Свободный остаток: 12 шт. В пути: 0 шт. Страховой запас: 0 шт. MOQ: 10 шт.
IEK,150100955_, ТУТ 20/10  черная IEK (100),1.2434070500981316,40.0,0.0,40.0,0.5269408568963566,,0.0,0,0.0,38.756592949901865,32.16967444156211,LOW,LOW,GROWING,0.7198838896952104,False,False,False,Прогноз спроса: 1 шт. Свободный остаток: 40 шт. В пути: 0 шт. Страховой запас: 1 шт. Наблюдается рост спроса.
IEK,250600003_,ЩРВ-П 24 IEK (10) MKP12-V-04-24-41,13.030953804421717,60.0,10.0,70.0,1.468332387438223,10.0,0.0,0,0.0,56.96904619557829,5.371824737514403,LOW,LOW,GROWING,1.3972355769230769,False,False,False,Прогноз спроса: 13 шт. Свободный остаток: 60 шт. В пути: 10 шт. Страховой запас: 1 шт. MOQ: 10 шт. Наблюдается рост спроса.
IEK,030201070_," Рамка 3-мест. ""BRITE""  алюм./алюм.  IEK  (1/100)",4.8337828461024105e-06,29.0,0.0,29.0,0.0,1.0,0.0,0,0.0,28.999995166217154,5999442.036040854,LOW,LOW,STABLE,0.25,False,False,False,Прогноз спроса: 0 шт. Свободный остаток: 29 шт. В пути: 0 шт. Страховой запас: 0 шт. MOQ: 1 шт.
IEK,010500037_,ВА47-29 (3ф) 40А IEK (4/48),765.252346865797,2461.0,960.0,3421.0,73.862771407523,4.0,0.0,0,0.0,2655.747653134203,4.470420788660376,LOW,LOW,GROWING,1.194662931436986,False,False,False,Прогноз спроса: 765 шт. Свободный остаток: 2461 шт. В пути: 960 шт. Страховой запас: 74 шт. MOQ: 4 шт. Наблюдается рост спроса.
IEK,030200814_,"Выкл 2-кл. с инд. 10А б/рамки ""BRITE"" темная бронза (1/100)",0.002150265950647678,38.0,0.0,38.0,0.001075132975323839,1.0,0.0,0,0.0,37.99784973404935,17672.2325852549,LOW,LOW,STABLE,0.25,False,False,False,Прогноз спроса: 0 шт. Свободный остаток: 38 шт. В пути: 0 шт. Страховой запас: 0 шт. MOQ: 1 шт.
IEK,250600008_,ЩРН-П 18 IEK (10) MKP12-N-04-18-41,15.769331318139631,57.0,10.0,67.0,5.598906143167622,10.0,0.0,0,0.0,51.230668681860365,4.248753396596416,LOW,LOW,DECLINING,0.9807692307692308,False,False,False,Прогноз спроса: 16 шт. Свободный остаток: 57 шт. В пути: 10 шт. Страховой запас: 6 шт. MOQ: 10 шт. Наблюдается снижение спроса.
IEK,280100405_,Кабель-канал 25х16 ольха ЭЛЕКОР IEK (50),12.739724556022734,166.0,0.0,166.0,3.5675972306301937,50.0,0.0,0,0.0,153.26027544397726,13.030109031794028,LOW,LOW,DECLINING,2.2838164251207727,False,False,False,Прогноз спроса: 13 шт. Свободный остаток: 166 шт. В пути: 0 шт. Страховой запас: 4 шт. MOQ: 50 шт. Наблюдается снижение спроса.
IEK,030201068_," Рамка 2-мест. ""BRITE""  беж./шамп.  IEK  (1/100)",0.0,20.0,0.0,20.0,0.0,1.0,0.0,0,0.0,20.0,inf,LOW,LOW,STABLE,0.25,False,False,False,Прогноз спроса: 0 шт. Свободный остаток: 20 шт. В пути: 0 шт. Страховой запас: 0 шт. MOQ: 1 шт.
IEK,MNV10-1-040,KARAT Выключатель нагрузки (мини-рубильник) ВН-32 1P 40А IEK,0.0,0.0,0.0,0.0,0.0,,0.0,0,0.0,0.0,inf,LOW,LOW,STABLE,1.0,True,False,False,Прогноз спроса: 0 шт. Свободный остаток: 0 шт. В пути: 0 шт. Страховой запас: 0 шт. Есть сигнал предыдущего stockout.
IEK,030200446_,"Рамка 4-мест. ""BRITE"" шампань (1/100)",10.841352549292173,60.0,0.0,60.0,2.257432169523591,1.0,0.0,0,0.0,49.158647450707825,5.534364806162251,LOW,LOW,DECLINING,1.4302575107296136,False,False,False,Прогноз спроса: 11 шт. Свободный остаток: 60 шт. В пути: 0 шт. Страховой запас: 2 шт. MOQ: 1 шт. Наблюдается снижение спроса.
IEK,010500039_,ВА47-29 (3ф) 63А IEK (4/48),1402.0442199004451,4568.0,960.0,5528.0,72.65267143516908,4.0,0.0,0,0.0,4125.955780099555,3.9428143003881337,LOW,LOW,GROWING,1.2509406147550002,False,False,False,Прогноз спроса: 1402 шт. Свободный остаток: 4568 шт. В пути: 960 шт. Страховой запас: 73 шт. MOQ: 4 шт. Наблюдается рост спроса.
IEK,030200815_,"Роз. комп. RJ45 кат.5E б/рамки ""BRITE"" темная бронза (1/100)",1.683355365686986,29.0,0.0,29.0,0.6860059523551284,1.0,0.0,0,0.0,27.316644634313015,17.227497289715146,LOW,LOW,GROWING,0.992,False,False,False,Прогноз спроса: 2 шт. Свободный остаток: 29 шт. В пути: 0 шт. Страховой запас: 1 шт. MOQ: 1 шт. Наблюдается рост спроса.
IEK,150100863_, ТУТ 50/25 черная IEK (25),0.0,0.0,0.0,0.0,0.0,,0.0,0,0.0,0.0,inf,LOW,LOW,STABLE,0.25,True,False,False,Прогноз спроса: 0 шт. Свободный остаток: 0 шт. В пути: 0 шт. Страховой запас: 0 шт. Есть сигнал предыдущего stockout.
IEK,250600007_,ЩРН-П 12 IEK (10) MKP12-N-04-12-41,63.59396743219808,404.0,0.0,404.0,19.540743759301137,10.0,0.0,0,0.0,340.4060325678019,6.352803832073102,LOW,LOW,DECLINING,0.7262151394422312,False,False,False,Прогноз спроса: 64 шт. Свободный остаток: 404 шт. В пути: 0 шт. Страховой запас: 20 шт. MOQ: 10 шт. Наблюдается снижение спроса.
IEK,270300101_,"Трансформатор тока ТТИ-А  200/5А  5ВА  класс 0,5  IEK",4.4530929837360205,21.0,10.0,31.0,1.9643701280563173,1.0,0.0,0,0.0,26.54690701626398,6.961453558957996,LOW,LOW,GROWING,0.3043478260869565,False,False,False,Прогноз спроса: 4 шт. Свободный остаток: 21 шт. В пути: 10 шт. Страховой запас: 2 шт. MOQ: 1 шт. Наблюдается рост спроса.
IEK,130200409_,"Шина РЕ ""земля"" в комб DIN-изол ""Стойка"" ШНИ-8х12-8-КС-Ж IEK",31.79639405471908,70.0,0.0,70.0,6.402624787278007,20.0,0.0,0,0.0,38.20360594528092,2.2015075004900093,LOW,LOW,GROWING,1.1593495934959348,False,True,False,Прогноз спроса: 32 шт. Свободный остаток: 70 шт. В пути: 0 шт. Страховой запас: 6 шт. MOQ: 20 шт. В истории обнаружена аномальная продажа. Наблюдается рост спроса.
IEK,MKK12-20-20, Контактор КМ20-20МР АС KARAT IEK !!!,0.0,0.0,0.0,0.0,0.0,,0.0,0,0.0,0.0,inf,LOW,LOW,STABLE,4.0,True,False,False,Прогноз спроса: 0 шт. Свободный остаток: 0 шт. В пути: 0 шт. Страховой запас: 0 шт. Есть сигнал предыдущего stockout.
IEK,280100404_,Кабель-канал 20х10 ольха ЭЛЕКОР IEK (96),0.0,4.0,0.0,4.0,0.0,96.0,0.0,0,0.0,4.0,inf,LOW,LOW,STABLE,0.25,False,False,False,Прогноз спроса: 0 шт. Свободный остаток: 4 шт. В пути: 0 шт. Страховой запас: 0 шт. MOQ: 96 шт.
IEK,010500038_,ВА47-29 (3ф) 50А IEK (4/48),434.1592925851159,1343.0,240.0,1583.0,13.55924423287197,4.0,0.0,0,0.0,1148.840707414884,3.646127186577854,LOW,LOW,DECLINING,1.0179162855250292,False,True,False,Прогноз спроса: 434 шт. Свободный остаток: 1343 шт. В пути: 240 шт. Страховой запас: 14 шт. MOQ: 4 шт. В истории обнаружена аномальная продажа. Наблюдается снижение спроса.
IEK,030200447_,"Выкл 2-кл. прох. 10А б/рамки ""BRITE"" шампань (1/100)",7.12084713133116,51.0,0.0,51.0,3.56042356566558,1.0,0.0,0,0.0,43.87915286866884,7.162069211625688,LOW,LOW,STABLE,1.55,False,False,False,Прогноз спроса: 7 шт. Свободный остаток: 51 шт. В пути: 0 шт. Страховой запас: 4 шт. MOQ: 1 шт.
IEK,081100712_,Лампа филаментная LED C35 свеча золото 7Вт 230В 2700К E14 серия 360° IEK,3.525691791965064,32.0,0.0,32.0,1.762845895982532,10.0,0.0,0,0.0,28.474308208034937,9.076232946092155,LOW,LOW,DECLINING,0.4732824427480916,False,False,False,Прогноз спроса: 4 шт. Свободный остаток: 32 шт. В пути: 0 шт. Страховой запас: 2 шт. MOQ: 10 шт. Наблюдается снижение спроса.
IEK,150100864_, ТУТ 60/30 черная IEK (25),0.0,0.0,0.0,0.0,0.0,,0.0,0,0.0,0.0,inf,LOW,LOW,STABLE,0.25,True,False,False,Прогноз спроса: 0 шт. Свободный остаток: 0 шт. В пути: 0 шт. Страховой запас: 0 шт. Есть сигнал предыдущего stockout.
IEK,250600006_,ЩРВ-П  8 IEK (20) MKP12-V-04-08-41,2.1048998055703354,40.0,0.0,40.0,0.3258322676879032,20.0,0.0,0,0.0,37.895100194429666,19.003279820799715,LOW,LOW,GROWING,0.4802816901408451,False,False,False,Прогноз спроса: 2 шт. Свободный остаток: 40 шт. В пути: 0 шт. Страховой запас: 0 шт. MOQ: 20 шт. Наблюдается рост спроса.
IEK,130301257_,"Автоматический стриппер  MASTER АС 0,03-10 IEK",6.395368938972385,11.0,5.0,16.0,0.869147091502161,1.0,0.0,0,0.0,9.604631061027614,2.5018103181660853,LOW,LOW,GROWING,1.0054054054054054,False,False,False,Прогноз спроса: 6 шт. Свободный остаток: 11 шт. В пути: 5 шт. Страховой запас: 1 шт. MOQ: 1 шт. Наблюдается рост спроса.
IEK,030201069_," Рамка 2-мест. ""BRITE""  алюм./алюм.  IEK  (1/100)",5.374574074462805e-06,4.0,0.0,4.0,0.0,1.0,0.0,0,0.0,3.9999946254259253,744245.0219461911,LOW,LOW,STABLE,0.25,False,False,False,Прогноз спроса: 0 шт. Свободный остаток: 4 шт. В пути: 0 шт. Страховой запас: 0 шт. MOQ: 1 шт.
IEK,150101179_,Светильник уличный LED 5111 наст. 6Вт 4000К IP65 белый IEK,0.0,8.0,0.0,8.0,0.0,1.0,0.0,0,0.0,8.0,inf,LOW,LOW,STABLE,0.25,False,False,False,Прогноз спроса: 0 шт. Свободный остаток: 8 шт. В пути: 0 шт. Страховой запас: 0 шт. MOQ: 1 шт.
IEK,280100402_,Кабель-канал 15х10 ольха ЭЛЕКОР IEK (144),0.024572825663875593,6.0,0.0,6.0,0.0,144.0,0.0,0,0.0,5.975427174336124,244.17216326979337,LOW,LOW,STABLE,1.409090909090909,False,False,False,Прогноз спроса: 0 шт. Свободный остаток: 6 шт. В пути: 0 шт. Страховой запас: 0 шт. MOQ: 144 шт.
IEK,030200450_,"Выкл 2-кл. 10А в сборе ""BRITE"" белый (1/100)",364.76651220910867,905.0,0.0,905.0,72.49501821964502,1.0,0.0,0,0.0,540.2334877908913,2.4810391571285284,LOW,LOW,DECLINING,0.8436960658494491,False,False,False,Прогноз спроса: 365 шт. Свободный остаток: 905 шт. В пути: 0 шт. Страховой запас: 72 шт. MOQ: 1 шт. Наблюдается снижение спроса.
IEK,030201074_," Рамка 2-мест. ""BRITE""  бел. рифленый  IEK  (1/100)",5.289818483396205e-06,4.0,0.0,4.0,2.6449092416981024e-06,1.0,0.0,0,0.0,3.9999947101815168,756169.6138639323,LOW,LOW,STABLE,0.25,False,False,False,Прогноз спроса: 0 шт. Свободный остаток: 4 шт. В пути: 0 шт. Страховой запас: 0 шт. MOQ: 1 шт.
IEK,010500031_,Выкл. нагрузки ВН-32 (2ф)  63А IEK (120) !!!,0.0,0.0,0.0,0.0,0.0,,0.0,0,0.0,0.0,inf,LOW,LOW,STABLE,0.25,True,False,False,Прогноз спроса: 0 шт. Свободный остаток: 0 шт. В пути: 0 шт. Страховой запас: 0 шт. Есть сигнал предыдущего stockout.
IEK,LBAL001,"LBAL001 L-office Balance 30/Д/5,0К/03/SD/IP40 LEDEL IEK",0.0,0.0,0.0,0.0,0.0,,0.0,0,0.0,0.0,inf,LOW,LOW,STABLE,0.25,True,False,False,Прогноз спроса: 0 шт. Свободный остаток: 0 шт. В пути: 0 шт. Страховой запас: 0 шт. Есть сигнал предыдущего stockout.
IEK,130200414_,Сумка монтажника с пластиковым дном BG-02 ARMA2L 5 IEK (1),5.901878491274054e-05,3.0,0.0,3.0,0.0,1.0,0.0,0,0.0,2.9999409812150875,50831.27354172929,LOW,LOW,STABLE,0.25,False,False,False,Прогноз спроса: 0 шт. Свободный остаток: 3 шт. В пути: 0 шт. Страховой запас: 0 шт. MOQ: 1 шт.
IEK,030200453_,"Роз. комп. RJ45 кат.5E б/рамки ""BRITE"" белый (1/100)",228.8980293653222,484.0,0.0,484.0,56.61975288418934,1.0,0.0,0,0.0,255.1019706346778,2.114478666950575,LOW,LOW,DECLINING,0.8020247469066367,False,False,False,Прогноз спроса: 229 шт. Свободный остаток: 484 шт. В пути: 0 шт. Страховой запас: 57 шт. MOQ: 1 шт. Наблюдается снижение спроса.
IEK,150100996_, ТУТ 30/15  черная IEK (50),0.0,0.0,0.0,0.0,0.0,,0.0,0,0.0,0.0,inf,LOW,LOW,STABLE,0.25,True,False,False,Прогноз спроса: 0 шт. Свободный остаток: 0 шт. В пути: 0 шт. Страховой запас: 0 шт. Есть сигнал предыдущего stockout.
IEK,250200078_,ЩЭ 3 (1010x970x155) IP31 IEK,0.0,14.0,0.0,14.0,0.0,1.0,0.0,0,0.0,14.0,inf,LOW,LOW,STABLE,0.25,False,False,False,Прогноз спроса: 0 шт. Свободный остаток: 14 шт. В пути: 0 шт. Страховой запас: 0 шт. MOQ: 1 шт.
IEK,280300399_,Распределительная коробка с/у для полых стен г/к 172х96x45 IP20 КМ41026 IEK (70),1.0711343249528058,50.0,0.0,50.0,0.5355671624764029,,0.0,0,0.0,48.92886567504719,46.67948625603329,LOW,LOW,STABLE,0.8282442748091603,False,False,False,Прогноз спроса: 1 шт. Свободный остаток: 50 шт. В пути: 0 шт. Страховой запас: 1 шт.
IEK,081100707_,Лампа филаментная LED A60 шар прозр.  9Вт 230В 4000К E27 серия 360° IEK,9.814090249670887,78.0,0.0,78.0,4.453397579376898,10.0,0.0,0,0.0,68.18590975032912,7.947756543467257,LOW,LOW,STABLE,0.9695916594265857,False,False,False,Прогноз спроса: 10 шт. Свободный остаток: 78 шт. В пути: 0 шт. Страховой запас: 4 шт. MOQ: 10 шт.
IEK,030200810_,"Роз. с з/к 16А б/рамки ""BRITE"" темная бронза (1/100)",31.525829022599808,191.0,0.0,191.0,15.762914511299904,1.0,0.0,0,0.0,159.4741709774002,6.058524261584954,LOW,LOW,GROWING,1.207286432160804,False,False,False,Прогноз спроса: 32 шт. Свободный остаток: 191 шт. В пути: 0 шт. Страховой запас: 16 шт. MOQ: 1 шт. Наблюдается рост спроса.
IEK,280100398_,Соединитель на стык КМС 25х16 сосна ЭЛЕКОР IEK (4шт/компл),0.0,76.0,0.0,76.0,0.0,,0.0,0,0.0,76.0,inf,LOW,LOW,STABLE,1.0,False,False,False,Прогноз спроса: 0 шт. Свободный остаток: 76 шт. В пути: 0 шт. Страховой запас: 0 шт.
IEK,030201075_," Рамка 2-мест. ""BRITE""  беж. рифленый  IEK  (1/100)",0.8277519688800151,13.0,0.0,13.0,0.41387598444000756,1.0,0.0,0,0.0,12.172248031119985,15.705187651307641,LOW,LOW,STABLE,0.25,False,False,False,Прогноз спроса: 1 шт. Свободный остаток: 13 шт. В пути: 0 шт. Страховой запас: 0 шт. MOQ: 1 шт.
IEK,IPA10-6-0075-E,"Амперметр Э47 75/5А кл. точн. 1,5 72х72мм IEK",0.0,0.0,0.0,0.0,0.0,,0.0,0,0.0,0.0,inf,LOW,LOW,STABLE,0.25,True,False,False,Прогноз спроса: 0 шт. Свободный остаток: 0 шт. В пути: 0 шт. Страховой запас: 0 шт. Есть сигнал предыдущего stockout.
IEK,130301099_,Ножницы (секторные) для резки кабеля  НС-765 (до 400мм) IEK ,0.2045481516561568,1.0,0.0,1.0,0.1022740758280784,1.0,0.0,0,0.0,0.7954518483438432,4.888824425463345,LOW,LOW,STABLE,0.911764705882353,False,False,False,Прогноз спроса: 0 шт. Свободный остаток: 1 шт. В пути: 0 шт. Страховой запас: 0 шт. MOQ: 1 шт.
IEK,150100997_, ТУТ  4/2 черная IEK (1),0.0,0.0,0.0,0.0,0.0,,0.0,0,0.0,0.0,inf,LOW,LOW,STABLE,0.25,True,False,False,Прогноз спроса: 0 шт. Свободный остаток: 0 шт. В пути: 0 шт. Страховой запас: 0 шт. Есть сигнал предыдущего stockout.
IEK,250200077_,ЩРН  72з (540x600x120)  IP31 TITAN 3 IEK   ,1.1245524659544015,7.0,0.0,7.0,0.2634704284481777,1.0,0.0,0,0.0,5.875447534045598,6.22469845731843,LOW,LOW,DECLINING,2.1582278481012658,False,False,False,Прогноз спроса: 1 шт. Свободный остаток: 7 шт. В пути: 0 шт. Страховой запас: 0 шт. MOQ: 1 шт. Наблюдается снижение спроса.
IEK,030200454_,"Выкл 1-кл. прох. 10А б/рамки ""BRITE"" белый (1/100)",88.4082089146713,358.0,0.0,358.0,12.495865983062846,1.0,0.0,0,0.0,269.5917910853287,4.049397724429977,LOW,LOW,DECLINING,0.8476403312738268,False,False,False,Прогноз спроса: 88 шт. Свободный остаток: 358 шт. В пути: 0 шт. Страховой запас: 12 шт. MOQ: 1 шт. Наблюдается снижение спроса.
IEK,280300400_, Установочная коробка для полых стен г/к 141х70x45 КМ40023 IEK (100),0.7774944350575229,78.0,0.0,78.0,0.38874721752876146,,0.0,0,0.0,77.22250556494248,100.32226146316941,LOW,LOW,STABLE,0.5210084033613445,False,False,False,Прогноз спроса: 1 шт. Свободный остаток: 78 шт. В пути: 0 шт. Страховой запас: 0 шт.
IEK,250200106_,ЩЭ 2 (1000х960х155) IP31 IEK *,0.0,0.0,0.0,0.0,0.0,,0.0,0,0.0,0.0,inf,LOW,LOW,STABLE,0.25,True,False,False,Прогноз спроса: 0 шт. Свободный остаток: 0 шт. В пути: 0 шт. Страховой запас: 0 шт. Есть сигнал предыдущего stockout.
IEK,150100961_, ТУТ  6/3 черная IEK (200),0.34260162598156,80.0,0.0,80.0,0.17130081299078,,0.0,0,0.0,79.65739837401844,233.50735645459508,LOW,LOW,STABLE,0.25,False,False,False,Прогноз спроса: 0 шт. Свободный остаток: 80 шт. В пути: 0 шт. Страховой запас: 0 шт.
IEK,030200452_,"Выкл 3-кл. 10А б/рамки ""BRITE"" белый (1/100)",35.60673591447739,203.0,0.0,203.0,9.112555441075058,1.0,0.0,0,0.0,167.39326408552262,5.701168466763671,LOW,LOW,DECLINING,1.1839332748024582,False,False,False,Прогноз спроса: 36 шт. Свободный остаток: 203 шт. В пути: 0 шт. Страховой запас: 9 шт. MOQ: 1 шт. Наблюдается снижение спроса.
IEK,010500034_,ВА47-29 (3ф) 20А IEK (4/48),67.43025190994717,281.0,0.0,281.0,11.409498966504524,4.0,0.0,0,0.0,213.56974809005283,4.167269023038418,LOW,LOW,DECLINING,1.0740623013350286,False,False,False,Прогноз спроса: 67 шт. Свободный остаток: 281 шт. В пути: 0 шт. Страховой запас: 11 шт. MOQ: 4 шт. Наблюдается снижение спроса.
IEK,LLE-T80-12-230-40-GX,Лампа светодиодная T75 таблетка 12Вт 230В 4000К GX53 IEK,0.0,0.0,0.0,0.0,0.0,,0.0,0,0.0,0.0,inf,LOW,LOW,STABLE,1.0,True,False,False,Прогноз спроса: 0 шт. Свободный остаток: 0 шт. В пути: 0 шт. Страховой запас: 0 шт. Есть сигнал предыдущего stockout.
IEK,030200812_,"Выкл 1-кл. с инд. 10А б/рамки ""BRITE"" темная бронза (1/100)",0.13921855733177496,1.0,0.0,1.0,0.06960927866588748,1.0,0.0,0,0.0,0.860781442668225,7.1829504569342495,LOW,LOW,STABLE,0.25,True,True,False,Прогноз спроса: 0 шт. Свободный остаток: 1 шт. В пути: 0 шт. Страховой запас: 0 шт. MOQ: 1 шт. Есть сигнал предыдущего stockout. В истории обнаружена аномальная продажа.
IEK,150100957_, ТУТ 30/15 красная IEK (50),0.0,0.0,0.0,0.0,0.0,,0.0,0,0.0,0.0,inf,LOW,LOW,STABLE,0.25,True,False,False,Прогноз спроса: 0 шт. Свободный остаток: 0 шт. В пути: 0 шт. Страховой запас: 0 шт. Есть сигнал предыдущего stockout.
IEK,250600002_,ЩРВ-П 18 IEK (10) MKP12-V-04-18-41,9.713838123625953,51.0,0.0,51.0,3.3528221943113303,10.0,0.0,0,0.0,41.286161876374045,5.250241907568753,LOW,LOW,GROWING,0.9267764298093588,False,False,False,Прогноз спроса: 10 шт. Свободный остаток: 51 шт. В пути: 0 шт. Страховой запас: 3 шт. MOQ: 10 шт. Наблюдается рост спроса.
IEK,270300132_,"Трансформатор тока ТТИ-А  250/5А  5ВА  класс 0,5  IEK",2.7390136227196766,6.0,0.0,6.0,0.8477420991473035,1.0,0.0,0,0.0,3.2609863772803234,2.190569608793095,LOW,LOW,GROWING,1.1387755102040815,False,False,False,Прогноз спроса: 3 шт. Свободный остаток: 6 шт. В пути: 0 шт. Страховой запас: 1 шт. MOQ: 1 шт. Наблюдается рост спроса.
IEK,130301120_,ВПу12-01-Ст Вилка разборная угловая с з/к с кольцом 16А белая,21.75044977141924,176.0,0.0,176.0,5.32989211898327,50.0,0.0,0,0.0,154.24955022858074,8.091786691752434,LOW,LOW,GROWING,1.1323225361819436,False,False,False,Прогноз спроса: 22 шт. Свободный остаток: 176 шт. В пути: 0 шт. Страховой запас: 5 шт. MOQ: 50 шт. Наблюдается рост спроса.
IEK,081100709_,Лампа филаментная LED C35 свеча золото 5Вт 230В 2700К E14 серия 360° IEK,0.08041406904536919,11.0,0.0,11.0,0.04020703452268459,10.0,0.0,0,0.0,10.91958593095463,136.7919834251126,LOW,LOW,DECLINING,0.25,False,False,False,Прогноз спроса: 0 шт. Свободный остаток: 11 шт. В пути: 0 шт. Страховой запас: 0 шт. MOQ: 10 шт. Наблюдается снижение спроса.
IEK,010500033_,ВА47-29 (3ф) 16А IEK (4/48),675.3487198412637,2420.0,960.0,3380.0,59.107011005463704,4.0,0.0,0,0.0,2704.6512801587364,5.004821806420907,LOW,LOW,GROWING,1.0601672030481264,False,False,False,Прогноз спроса: 675 шт. Свободный остаток: 2420 шт. В пути: 960 шт. Страховой запас: 59 шт. MOQ: 4 шт. Наблюдается рост спроса.
IEK,030201072_," Рамка 1-мест. ""BRITE""  хром/никель  IEK  (1/100)",0.0,10.0,0.0,10.0,0.0,1.0,0.0,0,0.0,10.0,inf,LOW,LOW,STABLE,0.25,False,False,False,Прогноз спроса: 0 шт. Свободный остаток: 10 шт. В пути: 0 шт. Страховой запас: 0 шт. MOQ: 1 шт.
IEK,030200451_,"Выкл 2-кл. с инд. 10А б/рамки ""BRITE"" белый (1/100)",37.37688534996839,113.0,0.0,113.0,10.781855900848734,1.0,0.0,0,0.0,75.62311465003161,3.0232588655249084,LOW,LOW,DECLINING,1.5800554016620498,False,False,False,Прогноз спроса: 37 шт. Свободный остаток: 113 шт. В пути: 0 шт. Страховой запас: 11 шт. MOQ: 1 шт. Наблюдается снижение спроса.
IEK,030201073_," Рамка 2-мест. ""BRITE""  хром/черн.  IEK  (1/100)",0.0,17.0,0.0,17.0,0.0,1.0,0.0,0,0.0,17.0,inf,LOW,LOW,DECLINING,0.25,False,False,False,Прогноз спроса: 0 шт. Свободный остаток: 17 шт. В пути: 0 шт. Страховой запас: 0 шт. MOQ: 1 шт. Наблюдается снижение спроса.
IEK,LLE-A60-12-24-48-40-,Лампа светодиодная A60 груша 12Вт 24-48В 4000К E27 IEK,0.0,0.0,0.0,0.0,0.0,,0.0,0,0.0,0.0,inf,LOW,LOW,STABLE,1.0,True,False,False,Прогноз спроса: 0 шт. Свободный остаток: 0 шт. В пути: 0 шт. Страховой запас: 0 шт. Есть сигнал предыдущего stockout.
IEK,150100959_, ТУТ 40/20  черная IEK (50),0.0,0.0,0.0,0.0,0.0,,0.0,0,0.0,0.0,inf,LOW,LOW,STABLE,0.25,True,False,False,Прогноз спроса: 0 шт. Свободный остаток: 0 шт. В пути: 0 шт. Страховой запас: 0 шт. Есть сигнал предыдущего stockout.
IEK,250600001_,ЩРВ-П 12 IEK (10) MKP12-V-04-12-41,9.635496699310114,109.0,0.0,109.0,0.41041137898482,10.0,0.0,0,0.0,99.36450330068989,11.31233847112461,LOW,LOW,DECLINING,1.7913085004775549,False,True,False,Прогноз спроса: 10 шт. Свободный остаток: 109 шт. В пути: 0 шт. Страховой запас: 0 шт. MOQ: 10 шт. В истории обнаружена аномальная продажа. Наблюдается снижение спроса.
IEK,130200413_,Сумка монтажника универсальная BG-04 ARMA2L 5 IEK (1),0.06002180608635291,1.0,2.0,3.0,0.030010903043176454,1.0,0.0,0,0.0,2.939978193913647,49.981834863214935,LOW,LOW,STABLE,0.911764705882353,False,False,False,Прогноз спроса: 0 шт. Свободный остаток: 1 шт. В пути: 2 шт. Страховой запас: 0 шт. MOQ: 1 шт.
IEK,280100401_,Кабель-канал 12х12 ольха ЭЛЕКОР IEK (120),1.6379369879347239,48.0,0.0,48.0,0.8189684939673619,120.0,0.0,0,0.0,46.36206301206528,29.30515664129622,LOW,LOW,STABLE,2.786516853932584,False,False,False,Прогноз спроса: 2 шт. Свободный остаток: 48 шт. В пути: 0 шт. Страховой запас: 1 шт. MOQ: 120 шт.
IEK,270300133_,"Перекл.кулачковый ПКП10-33 /О 10А""1-0-2""3Р/400В  IEK !!!",0.0,6.0,0.0,6.0,0.0,,0.0,0,0.0,6.0,inf,LOW,LOW,STABLE,0.25,False,False,False,Прогноз спроса: 0 шт. Свободный остаток: 6 шт. В пути: 0 шт. Страховой запас: 0 шт.
IEK,130301101_,"ЗОИ 16-95/2,5-35 IEK (18) (72)",590.1787774416521,404.0,350.0,754.0,93.83203433085463,35.0,0.0,0,0.0,163.82122255834793,1.277578979150168,LOW,LOW,STABLE,1.8776574408343365,False,True,False,Прогноз спроса: 590 шт. Свободный остаток: 404 шт. В пути: 350 шт. Страховой запас: 94 шт. MOQ: 35 шт. В истории обнаружена аномальная продажа.
IEK,010500032_,ВА47-29 (3ф) 10А IEK (4/48),100.13993951908083,720.0,96.0,816.0,13.400475737823767,4.0,0.0,0,0.0,715.8600604809192,8.148596892696526,LOW,LOW,DECLINING,1.1084624553039333,False,False,False,Прогноз спроса: 100 шт. Свободный остаток: 720 шт. В пути: 96 шт. Страховой запас: 13 шт. MOQ: 4 шт. Наблюдается снижение спроса.
IEK,030200811_,"Выкл 1-кл. 10А б/рамки ""BRITE"" темная бронза (1/100)",20.90101169679788,49.0,0.0,49.0,2.357417372182253,1.0,0.0,0,0.0,28.09898830320212,2.344384124119073,LOW,LOW,GROWING,1.2356643356643355,False,True,False,Прогноз спроса: 21 шт. Свободный остаток: 49 шт. В пути: 0 шт. Страховой запас: 2 шт. MOQ: 1 шт. В истории обнаружена аномальная продажа. Наблюдается рост спроса.
IEK,280300397_, Распределительная коробка с/у для твердых стен 172x96x45 IP20 КМ41006 IEK (70)*,0.5000365226909129,44.0,0.0,44.0,0.25001826134545646,,0.0,0,0.0,43.49996347730909,87.99357247590028,LOW,LOW,DECLINING,0.25,False,False,False,Прогноз спроса: 1 шт. Свободный остаток: 44 шт. В пути: 0 шт. Страховой запас: 0 шт. Наблюдается снижение спроса.
IEK,081100708_,Лампа филаментная LED A60 шар прозр.  9Вт 230В 6500К E27 серия 360° IEK,0.20209498844581908,13.0,0.0,13.0,0.10104749422290954,10.0,0.0,0,0.0,12.797905011554182,64.32618690831738,LOW,LOW,STABLE,0.25,False,False,False,Прогноз спроса: 0 шт. Свободный остаток: 13 шт. В пути: 0 шт. Страховой запас: 0 шт. MOQ: 10 шт.
IEK,250200037_, ЩМП- 7 IP 31 (1320х750х300) IEK,0.10478573123206733,3.0,0.0,3.0,0.0,1.0,0.0,0,0.0,2.8952142687679325,28.629852220584752,LOW,LOW,STABLE,1.409090909090909,False,False,False,Прогноз спроса: 0 шт. Свободный остаток: 3 шт. В пути: 0 шт. Страховой запас: 0 шт. MOQ: 1 шт.
IEK,270300244_,Обогреватель на DIN-рейку 150Вт IP20 IEK (25) NEW,0.01671546641243425,3.0,0.0,3.0,0.008357733206217126,1.0,0.0,0,0.0,2.983284533587566,179.47450139760198,LOW,LOW,STABLE,0.6595744680851063,False,False,False,Прогноз спроса: 0 шт. Свободный остаток: 3 шт. В пути: 0 шт. Страховой запас: 0 шт. MOQ: 1 шт.
IEK,130300986_,"Амперметр Э47  600/5А кл. точн. 1,5 72х72 IEK (1/100)",0.6885484031773864,3.0,0.0,3.0,0.3442742015886932,1.0,0.0,0,0.0,2.3114515968226135,4.356992168097627,LOW,LOW,STABLE,1.3231707317073171,False,False,False,Прогноз спроса: 1 шт. Свободный остаток: 3 шт. В пути: 0 шт. Страховой запас: 0 шт. MOQ: 1 шт.
IEK,010400949_,Выкл. конц. C6N-108 рег. рычаг с рол. IP67 IEK,0.00024508109445282763,8.0,0.0,8.0,0.00012254054722641382,1.0,0.0,0,0.0,7.9997549189055475,32642.256710420446,LOW,LOW,STABLE,0.25,False,False,False,Прогноз спроса: 0 шт. Свободный остаток: 8 шт. В пути: 0 шт. Страховой запас: 0 шт. MOQ: 1 шт.
IEK,030200475_,"Выкл 2-кл. с инд. 10А б/рамки ""BRITE"" графит (1/100)",2.5990576940238648,30.0,0.0,30.0,0.6421967507444051,1.0,0.0,0,0.0,27.400942305976134,11.54264488586783,LOW,LOW,DECLINING,0.9717868338557992,False,False,False,Прогноз спроса: 3 шт. Свободный остаток: 30 шт. В пути: 0 шт. Страховой запас: 1 шт. MOQ: 1 шт. Наблюдается снижение спроса.
IEK,270300266_,Обогреватель на DIN-рейку в корпусе 50Вт IP20 IEK (50) NEW,0.18108875943922603,3.0,0.0,3.0,0.0,1.0,0.0,0,0.0,2.818911240560774,16.566461713526785,LOW,LOW,STABLE,0.25,False,False,False,Прогноз спроса: 0 шт. Свободный остаток: 3 шт. В пути: 0 шт. Страховой запас: 0 шт. MOQ: 1 шт.
IEK,250200015_,ЩРН  18 (265x440x120) IP31 TITAN 3 IEK   ,1.4872970750947951,25.0,0.0,25.0,0.5715476066494082,1.0,0.0,0,0.0,23.512702924905206,16.80901577676174,LOW,LOW,STABLE,0.8525,False,False,False,Прогноз спроса: 1 шт. Свободный остаток: 25 шт. В пути: 0 шт. Страховой запас: 1 шт. MOQ: 1 шт.
IEK,130300775_,Вилка для плиты ВПпл10-01-Ст з/к 32А белая IEK,0.32470067137133724,11.0,0.0,11.0,0.14641550464350456,10.0,0.0,0,0.0,10.675299328628663,33.87735526860084,LOW,LOW,STABLE,1.0122448979591836,False,False,False,Прогноз спроса: 0 шт. Свободный остаток: 11 шт. В пути: 0 шт. Страховой запас: 0 шт. MOQ: 10 шт.
IEK,030201094_," Рамка 1-мест. ""BRITE""  металл черн. RE  IEK  (1/100)",0.00013345540494421893,19.0,0.0,19.0,6.672770247210947e-05,1.0,0.0,0,0.0,18.999866544595054,142369.6553012711,LOW,LOW,STABLE,0.25,False,False,False,Прогноз спроса: 0 шт. Свободный остаток: 19 шт. В пути: 0 шт. Страховой запас: 0 шт. MOQ: 1 шт.
IEK,CLW10-TM-06-1-R,Шпилька резьбовая М6х1000 DIN 975 IEK,0.0,0.0,0.0,0.0,0.0,,0.0,0,0.0,0.0,inf,LOW,LOW,STABLE,1.0,True,False,False,Прогноз спроса: 0 шт. Свободный остаток: 0 шт. В пути: 0 шт. Страховой запас: 0 шт. Есть сигнал предыдущего stockout.
IEK,130200433_,Мультиметр цифровой  цифровой DM3B IEK ARMA2L 5 IEK (30) NEW,0.015415572962975238,3.0,0.0,3.0,0.0,1.0,0.0,0,0.0,2.9845844270370248,194.6084006871058,LOW,LOW,STABLE,0.25,False,False,False,Прогноз спроса: 0 шт. Свободный остаток: 3 шт. В пути: 0 шт. Страховой запас: 0 шт. MOQ: 1 шт.
IEK,010400947_,Микр. конц. МП-7310 толк. рез. IP40 IEK,0.001983162319158177,6.0,6.0,12.0,0.0009915811595790885,1.0,0.0,0,0.0,11.998016837680842,6050.941914373314,LOW,LOW,STABLE,0.25,False,False,False,Прогноз спроса: 0 шт. Свободный остаток: 6 шт. В пути: 6 шт. Страховой запас: 0 шт. MOQ: 1 шт.
IEK,030200476_,"Роз. комп. RJ45 кат.5E б/рамки ""BRITE"" графит (1/100)",17.554471244422913,89.0,0.0,89.0,3.3528221943113183,1.0,0.0,0,0.0,71.44552875557709,5.069933395360766,LOW,LOW,DECLINING,0.9898949070331446,False,False,False,Прогноз спроса: 18 шт. Свободный остаток: 89 шт. В пути: 0 шт. Страховой запас: 3 шт. MOQ: 1 шт. Наблюдается снижение спроса.
IEK,030200772_,"Выкл 3-кл. 10А б/рамки ""BRITE"" маренго (1/100)",0.05704885783086474,152.0,0.0,152.0,0.02852442891543237,,0.0,0,0.0,151.94295114216914,2664.3828777543818,LOW,LOW,STABLE,1.3098591549295773,False,False,False,Прогноз спроса: 0 шт. Свободный остаток: 152 шт. В пути: 0 шт. Страховой запас: 0 шт.
IEK,150101198_,Светильник уличный 5221 настенный 2хGU10 IP65 черный IEK,0.0327570836364331,19.0,0.0,19.0,0.01637854181821655,1.0,0.0,0,0.0,18.967242916363567,580.0272152087376,LOW,LOW,DECLINING,0.25,False,False,False,Прогноз спроса: 0 шт. Свободный остаток: 19 шт. В пути: 0 шт. Страховой запас: 0 шт. MOQ: 1 шт. Наблюдается снижение спроса.
IEK,250200014_,ЩРН  12 (265x310x120) IP31 TITAN 3 IEK   ,4.471222192913937,31.0,0.0,31.0,1.3173521422408927,1.0,0.0,0,0.0,26.528777807086062,6.933227350930867,LOW,LOW,GROWING,0.8857142857142857,False,False,False,Прогноз спроса: 4 шт. Свободный остаток: 31 шт. В пути: 0 шт. Страховой запас: 1 шт. MOQ: 1 шт. Наблюдается рост спроса.
IEK,280300738_,STRUT-гайка с конусной пружиной  М8 IEK,0.4459527594679325,455.0,0.0,455.0,0.22297637973396625,25.0,0.0,0,0.0,454.55404724053204,1020.2874415282502,LOW,LOW,STABLE,0.25,False,True,False,Прогноз спроса: 0 шт. Свободный остаток: 455 шт. В пути: 0 шт. Страховой запас: 0 шт. MOQ: 25 шт. В истории обнаружена аномальная продажа.
IEK,081100278_," LED A60 ""ECO"" 11w 230v 4000K E27 IEK(1)",0.141528104440818,23.0,0.0,23.0,0.070764052220409,10.0,0.0,0,0.0,22.85847189555918,162.51189183147562,LOW,LOW,STABLE,0.6227678571428572,False,False,False,Прогноз спроса: 0 шт. Свободный остаток: 23 шт. В пути: 0 шт. Страховой запас: 0 шт. MOQ: 10 шт.
IEK,270300267_,Обогреватель на DIN-рейку в корп.(встр.вент.) 150Вт IP20 IEK (38) NEW,0.0,2.0,0.0,2.0,0.0,1.0,0.0,0,0.0,2.0,inf,LOW,LOW,STABLE,0.25,False,False,False,Прогноз спроса: 0 шт. Свободный остаток: 2 шт. В пути: 0 шт. Страховой запас: 0 шт. MOQ: 1 шт.
IEK,130300774_,Розетка для плиты РПпл10-01-Ст з/к о/у 32А белая IEK,0.39332172828562945,2.0,0.0,2.0,0.18073922282300386,10.0,0.0,0,0.0,1.6066782717143706,5.084895789300519,LOW,LOW,DECLINING,0.25,False,False,False,Прогноз спроса: 0 шт. Свободный остаток: 2 шт. В пути: 0 шт. Страховой запас: 0 шт. MOQ: 10 шт. Наблюдается снижение спроса.
IEK,280100373_,Кабель-канал 12х12 сосна ЭЛЕКОР IEK (120),5.919272669714336e-06,120.0,0.0,120.0,0.0,120.0,0.0,0,0.0,119.99999408072733,20272760.978552993,LOW,LOW,STABLE,0.25,False,False,False,Прогноз спроса: 0 шт. Свободный остаток: 120 шт. В пути: 0 шт. Страховой запас: 0 шт. MOQ: 120 шт.
IEK,010400944_,Микр. конц. МП-7120 рычаг IP40 IEK,0.0,9.0,0.0,9.0,0.0,1.0,0.0,0,0.0,9.0,inf,LOW,LOW,STABLE,1.0,False,False,False,Прогноз спроса: 0 шт. Свободный остаток: 9 шт. В пути: 0 шт. Страховой запас: 0 шт. MOQ: 1 шт.
IEK,030201095_," Рамка 1-мест. ""BRITE""  металл алюм. RE  IEK  (1/100)",7.4772327727106454e-06,10.0,0.0,10.0,3.7386163863553227e-06,1.0,0.0,0,0.0,9.999992522767227,1337393.164553683,LOW,LOW,STABLE,0.25,False,False,False,Прогноз спроса: 0 шт. Свободный остаток: 10 шт. В пути: 0 шт. Страховой запас: 0 шт. MOQ: 1 шт.
IEK,CLP1V-100-200,ESCA Поворот верт. внутр. 90град 100х200мм IEK,0.0,0.0,0.0,0.0,0.0,,0.0,0,0.0,0.0,inf,LOW,LOW,STABLE,0.25,True,False,False,Прогноз спроса: 0 шт. Свободный остаток: 0 шт. В пути: 0 шт. Страховой запас: 0 шт. Есть сигнал предыдущего stockout.
IEK,030200477_,"Выкл 1-кл. прох. 10А б/рамки ""BRITE"" графит (1/100)",27.720092223442766,81.0,0.0,81.0,5.762435827553027,1.0,0.0,0,0.0,53.27990777655724,2.9220682004621414,LOW,LOW,STABLE,0.9335907335907336,False,False,False,Прогноз спроса: 28 шт. Свободный остаток: 81 шт. В пути: 0 шт. Страховой запас: 6 шт. MOQ: 1 шт.
IEK,280300737_,STRUT-гайка с конусной пружиной М10 IEK,2.436447045757601,3739.0,0.0,3739.0,0.0,25.0,0.0,0,0.0,3736.5635529542424,1534.611641369524,LOW,LOW,STABLE,0.25,False,False,False,Прогноз спроса: 2 шт. Свободный остаток: 3739 шт. В пути: 0 шт. Страховой запас: 0 шт. MOQ: 25 шт.
IEK,030200773_,"Светорег. пов-наж. 600Вт ""BRITE"" белый (1/80)",1.7693075758415049,5.0,0.0,5.0,0.8183316361150074,1.0,0.0,0,0.0,3.2306924241584953,2.8259642745393982,LOW,LOW,STABLE,0.58125,True,False,False,Прогноз спроса: 2 шт. Свободный остаток: 5 шт. В пути: 0 шт. Страховой запас: 1 шт. MOQ: 1 шт. Есть сигнал предыдущего stockout.
IEK,081100373_,LED ПРОЖЕКТОР СДО 06 - 30  30W 2400Lm 6500K IP65 IEK !!!,0.0,0.0,0.0,0.0,0.0,,0.0,0,0.0,0.0,inf,LOW,LOW,STABLE,4.0,True,False,False,Прогноз спроса: 0 шт. Свободный остаток: 0 шт. В пути: 0 шт. Страховой запас: 0 шт. Есть сигнал предыдущего stockout.
IEK,130300780_, Трубы гибкая двустенная красная (с протяжкой)  Ø110  IEK (50),5789.719156284818,9962.0,0.0,9962.0,1260.8542678147505,50.0,0.0,0,0.0,4172.280843715182,1.720636136415376,LOW,LOW,GROWING,1.6140158906413395,False,False,False,Прогноз спроса: 5790 шт. Свободный остаток: 9962 шт. В пути: 0 шт. Страховой запас: 1261 шт. MOQ: 50 шт. Наблюдается рост спроса.
IEK,150101194_,Светильник уличный 5220 настенный GU10 IP65 белый IEK,0.0,0.0,0.0,0.0,0.0,1.0,0.0,0,0.0,0.0,inf,LOW,LOW,STABLE,0.25,True,False,False,Прогноз спроса: 0 шт. Свободный остаток: 0 шт. В пути: 0 шт. Страховой запас: 0 шт. MOQ: 1 шт. Есть сигнал предыдущего stockout.
IEK,250200018_,ЩРН  48 (620x310x120) IP31 TITAN 3 IEK   ,3.3859380999341253,18.0,7.0,25.0,0.6162385901580636,1.0,0.0,0,0.0,21.614061900065874,7.383478156463163,LOW,LOW,STABLE,0.25,False,False,False,Прогноз спроса: 3 шт. Свободный остаток: 18 шт. В пути: 7 шт. Страховой запас: 1 шт. MOQ: 1 шт.
IEK,280100375_,Кабель-канал 16х16 сосна ЭЛЕКОР IEK (84),3.931857675885285,110.0,0.0,110.0,0.3441172280874626,84.0,0.0,0,0.0,106.06814232411472,27.97659759524046,LOW,LOW,STABLE,2.0241837968561067,False,True,False,Прогноз спроса: 4 шт. Свободный остаток: 110 шт. В пути: 0 шт. Страховой запас: 0 шт. MOQ: 84 шт. В истории обнаружена аномальная продажа.
IEK,030200473_,"Выкл 1-кл. с инд. 10А б/рамки ""BRITE"" графит (1/100)",3.072956700267499,10.0,0.0,10.0,1.5364783501337496,1.0,0.0,0,0.0,6.927043299732501,3.2541948928631195,LOW,LOW,STABLE,1.941544885177453,False,False,False,Прогноз спроса: 3 шт. Свободный остаток: 10 шт. В пути: 0 шт. Страховой запас: 2 шт. MOQ: 1 шт.
IEK,030201092_," Рамка 1-мест. ""BRITE""  стекло графит RE  IEK  (1/100)",0.0,13.0,0.0,13.0,0.0,1.0,0.0,0,0.0,13.0,inf,LOW,LOW,DECLINING,0.25,False,False,False,Прогноз спроса: 0 шт. Свободный остаток: 13 шт. В пути: 0 шт. Страховой запас: 0 шт. MOQ: 1 шт. Наблюдается снижение спроса.
IEK,CLW10-TM-08-2-R,Шпилька резьбовая М8х2000 DIN 975 IEK,0.0,0.0,0.0,0.0,0.0,,0.0,0,0.0,0.0,inf,LOW,LOW,STABLE,1.0,True,False,False,Прогноз спроса: 0 шт. Свободный остаток: 0 шт. В пути: 0 шт. Страховой запас: 0 шт. Есть сигнал предыдущего stockout.
IEK,010400953_,Выкл. конц. C6N-122 толк. с наж. рол. IP67 IEK,0.0,9.0,0.0,9.0,0.0,1.0,0.0,0,0.0,9.0,inf,LOW,LOW,STABLE,1.0,False,False,False,Прогноз спроса: 0 шт. Свободный остаток: 9 шт. В пути: 0 шт. Страховой запас: 0 шт. MOQ: 1 шт.
IEK,030200774_,"Выкл. жалюзи 10А ""BRITE"" белый (1/100)",2.9484745027575174,37.0,0.0,37.0,1.4742372513787587,1.0,0.0,0,0.0,34.05152549724248,12.548862120190048,LOW,LOW,DECLINING,0.25,False,False,False,Прогноз спроса: 3 шт. Свободный остаток: 37 шт. В пути: 0 шт. Страховой запас: 1 шт. MOQ: 1 шт. Наблюдается снижение спроса.
IEK,150101195_,Светильник уличный 5220 настенный GU10 IP65 черный IEK,0.0,0.0,0.0,0.0,0.0,1.0,0.0,0,0.0,0.0,inf,LOW,LOW,STABLE,0.25,True,False,False,Прогноз спроса: 0 шт. Свободный остаток: 0 шт. В пути: 0 шт. Страховой запас: 0 шт. MOQ: 1 шт. Есть сигнал предыдущего stockout.
IEK,270300265_,Обогреватель на DIN-рейку в корпусе 100Вт IP20 IEK (40) NEW,9.109733502850859e-06,1.0,0.0,1.0,4.5548667514254295e-06,1.0,0.0,0,0.0,0.9999908902664971,109772.69529202512,LOW,LOW,STABLE,4.0,False,False,False,Прогноз спроса: 0 шт. Свободный остаток: 1 шт. В пути: 0 шт. Страховой запас: 0 шт. MOQ: 1 шт.
IEK,280300736_,STRUT-болт с конусной пружиной  М8х50 IEK,0.3271411606380882,699.0,0.0,699.0,0.0,50.0,0.0,0,0.0,698.6728588393619,2136.6923032143122,LOW,LOW,STABLE,1.0,False,True,False,Прогноз спроса: 0 шт. Свободный остаток: 699 шт. В пути: 0 шт. Страховой запас: 0 шт. MOQ: 50 шт. В истории обнаружена аномальная продажа.
IEK,081100309_, LED Прожектор  50w 6500K IP65 (СДО07-50)) IEK (1)*,0.0,0.0,0.0,0.0,0.0,,0.0,0,0.0,0.0,inf,LOW,LOW,STABLE,0.25,True,False,False,Прогноз спроса: 0 шт. Свободный остаток: 0 шт. В пути: 0 шт. Страховой запас: 0 шт. Есть сигнал предыдущего stockout.
IEK,030200474_,"Выкл 2-кл. 10А б/рамки ""BRITE"" графит (1/100)",66.74736834624288,413.0,0.0,413.0,12.963551468122562,1.0,0.0,0,0.0,346.25263165375713,6.187509863424409,LOW,LOW,DECLINING,1.5567429544164932,False,False,False,Прогноз спроса: 67 шт. Свободный остаток: 413 шт. В пути: 0 шт. Страховой запас: 13 шт. MOQ: 1 шт. Наблюдается снижение спроса.
IEK,010400950_,Микр. конц. МП-7121 рычаг с рол. IP40 IEK,0.17232130451566638,7.0,0.0,7.0,0.08616065225783319,1.0,0.0,0,0.0,6.827678695484334,40.62179090202746,LOW,LOW,STABLE,0.25,False,False,False,Прогноз спроса: 0 шт. Свободный остаток: 7 шт. В пути: 0 шт. Страховой запас: 0 шт. MOQ: 1 шт.
IEK,130300779_, Трубы гибкая двустенная красная (с протяжкой)   Ø63 IEK (50) ,2506.6646811470314,4608.0,2000.0,6608.0,529.3140347814959,50.0,0.0,0,0.0,4101.335318852969,2.6361723008664355,LOW,LOW,GROWING,1.665591317007156,False,True,False,Прогноз спроса: 2507 шт. Свободный остаток: 4608 шт. В пути: 2000 шт. Страховой запас: 529 шт. MOQ: 50 шт. В истории обнаружена аномальная продажа. Наблюдается рост спроса.
IEK,030201093_," Рамка 1-мест. ""BRITE""  стекло песчаный RE  IEK  (1/100)",0.0841275853256387,30.0,0.0,30.0,0.04206379266281935,1.0,0.0,0,0.0,29.91587241467436,356.6012251971436,LOW,LOW,STABLE,0.25,False,False,False,Прогноз спроса: 0 шт. Свободный остаток: 30 шт. В пути: 0 шт. Страховой запас: 0 шт. MOQ: 1 шт.
IEK,CLW10-TM-08-1-R,Шпилька резьбовая М8х1000 DIN 975 IEK,0.0,0.0,0.0,0.0,0.0,,0.0,0,0.0,0.0,inf,LOW,LOW,STABLE,1.0,True,False,False,Прогноз спроса: 0 шт. Свободный остаток: 0 шт. В пути: 0 шт. Страховой запас: 0 шт. Есть сигнал предыдущего stockout.
IEK,130200432_,Мультиметр цифровой  цифровой DM2A IEK ARMA2L 5 IEK (40) NEW,0.8379708626514811,7.0,2.0,9.0,0.41898543132574056,1.0,0.0,0,0.0,8.162029137348519,10.740230240849284,LOW,LOW,STABLE,1.1071428571428572,False,False,False,Прогноз спроса: 1 шт. Свободный остаток: 7 шт. В пути: 2 шт. Страховой запас: 0 шт. MOQ: 1 шт.
IEK,280100374_,Кабель-канал 15х10 сосна ЭЛЕКОР IEK (144),0.0038513756515494504,94.0,0.0,94.0,0.0019256878257747252,144.0,0.0,0,0.0,93.99614862434845,24406.86354814098,LOW,LOW,DECLINING,0.25,False,False,False,Прогноз спроса: 0 шт. Свободный остаток: 94 шт. В пути: 0 шт. Страховой запас: 0 шт. MOQ: 144 шт. Наблюдается снижение спроса.
IEK,150101196_,Светильник уличный 5220 настенный GU10 IP65 серый IEK,0.0,0.0,0.0,0.0,0.0,1.0,0.0,0,0.0,0.0,inf,LOW,LOW,STABLE,0.25,True,False,False,Прогноз спроса: 0 шт. Свободный остаток: 0 шт. В пути: 0 шт. Страховой запас: 0 шт. MOQ: 1 шт. Есть сигнал предыдущего stockout.
IEK,250200016_,ЩРН  24 (395x210x120) IP31 TITAN 3 IEK      ,3.491539291922308,23.0,0.0,23.0,0.38340579025361504,1.0,0.0,0,0.0,19.508460708077692,6.587352476087153,LOW,LOW,STABLE,0.7476808905380334,False,True,False,Прогноз спроса: 3 шт. Свободный остаток: 23 шт. В пути: 0 шт. Страховой запас: 0 шт. MOQ: 1 шт. В истории обнаружена аномальная продажа.
IEK,250200017_,ЩРН  36 (540x310x120) IP31 TITAN 3 IEK   ,4.177071077479122,19.0,5.0,24.0,0.8282511696339466,1.0,0.0,0,0.0,19.822928922520877,5.745652768370915,LOW,LOW,GROWING,0.8697394789579158,False,False,False,Прогноз спроса: 4 шт. Свободный остаток: 19 шт. В пути: 5 шт. Страховой запас: 1 шт. MOQ: 1 шт. Наблюдается рост спроса.
IEK,270300264_,Обогреватель на DIN-рейку 75Вт IP20 IEK (50) NEW,0.004604565162310392,2.0,0.0,2.0,0.0,1.0,0.0,0,0.0,1.9953954348376897,434.35154667166825,LOW,LOW,STABLE,1.1071428571428572,False,False,False,Прогноз спроса: 0 шт. Свободный остаток: 2 шт. В пути: 0 шт. Страховой запас: 0 шт. MOQ: 1 шт.
IEK,150101199_,Светильник уличный 5221 настенный 2хGU10 IP65 серый IEK,0.00014578185527696735,23.0,0.0,23.0,7.289092763848368e-05,1.0,0.0,0,0.0,22.999854218144723,157769.97731509773,LOW,LOW,STABLE,0.25,False,False,False,Прогноз спроса: 0 шт. Свободный остаток: 23 шт. В пути: 0 шт. Страховой запас: 0 шт. MOQ: 1 шт.
IEK,270300268_,Обогреватель на DIN-рейку в корп.(встр.вент.) 250Вт IP20 IEK (38) NEW,4.3872596351992045e-07,1.0,0.0,1.0,0.0,1.0,0.0,0,0.0,0.9999995612740364,2279327.1498612706,LOW,LOW,STABLE,0.25,False,False,False,Прогноз спроса: 0 шт. Свободный остаток: 1 шт. В пути: 0 шт. Страховой запас: 0 шт. MOQ: 1 шт.
IEK,250200009_, ЩМП- 4 IP 54 (800х650х250) IEK,0.7078261014184768,8.0,0.0,8.0,0.14641550464346142,1.0,0.0,0,0.0,7.292173898581523,11.302211071290076,LOW,LOW,DECLINING,1.5346534653465345,False,False,False,Прогноз спроса: 1 шт. Свободный остаток: 8 шт. В пути: 0 шт. Страховой запас: 0 шт. MOQ: 1 шт. Наблюдается снижение спроса.
IEK,130200435_,Мультиметр цифровой  цифровой DM1E IEK ARMA2L 5 IEK (40) NEW,3.6954272380518463,6.0,0.0,6.0,1.2843935014888022,1.0,0.0,0,0.0,2.3045727619481537,1.6236282338934855,LOW,LOW,STABLE,0.6636085626911314,False,False,False,Прогноз спроса: 4 шт. Свободный остаток: 6 шт. В пути: 0 шт. Страховой запас: 1 шт. MOQ: 1 шт.
IEK,280100364_,Соединитель на стык КМС 40х25 дуб ЭЛЕКОР IEK (4шт/компл),5.019732283293918e-06,53.0,0.0,53.0,0.0,,0.0,0,0.0,52.999994980267715,10558332.000371486,LOW,LOW,STABLE,0.25,False,False,False,Прогноз спроса: 0 шт. Свободный остаток: 53 шт. В пути: 0 шт. Страховой запас: 0 шт.
IEK,010400932_,Реле напряжения РН-д однофазное 54мм 40А IEK,0.8112132947901141,2.0,0.0,2.0,0.36147844564602577,1.0,0.0,0,0.0,1.188786705209886,2.465442828470238,LOW,LOW,DECLINING,0.25,False,True,False,Прогноз спроса: 1 шт. Свободный остаток: 2 шт. В пути: 0 шт. Страховой запас: 0 шт. MOQ: 1 шт. В истории обнаружена аномальная продажа. Наблюдается снижение спроса.
IEK,030200480_,"Рамка 1-мест. ""BRITE"" графит (1/100)",384.77109734035935,1663.0,0.0,1663.0,45.756125273015876,1.0,0.0,0,0.0,1278.2289026596407,4.32205020464141,LOW,LOW,GROWING,1.426626113231552,False,False,False,Прогноз спроса: 385 шт. Свободный остаток: 1663 шт. В пути: 0 шт. Страховой запас: 46 шт. MOQ: 1 шт. Наблюдается рост спроса.
IEK,080800140_,"Светодиодная лента ""Неон"" LED 5м LSR5-5050RGB60-8-IP65-220В+драйвер IEK",0.0,0.0,0.0,0.0,0.0,1.0,0.0,0,0.0,0.0,inf,LOW,LOW,STABLE,0.25,True,False,False,Прогноз спроса: 0 шт. Свободный остаток: 0 шт. В пути: 0 шт. Страховой запас: 0 шт. MOQ: 1 шт. Есть сигнал предыдущего stockout.
IEK,030201098_," Рамка 1-мест. ""BRITE""  металл коричн. RE AL  IEK  (1/100)",0.007861615058936853,18.0,0.0,18.0,0.003930807529468426,1.0,0.0,0,0.0,17.992138384941065,2289.605871701659,LOW,LOW,STABLE,0.25,False,False,False,Прогноз спроса: 0 шт. Свободный остаток: 18 шт. В пути: 0 шт. Страховой запас: 0 шт. MOQ: 1 шт.
IEK,CLP10-080-150-3,ESCA Лоток перфорированный 80х150х3000 IEK,0.0,0.0,0.0,0.0,0.0,,0.0,0,0.0,0.0,inf,LOW,LOW,STABLE,1.0,True,False,False,Прогноз спроса: 0 шт. Свободный остаток: 0 шт. В пути: 0 шт. Страховой запас: 0 шт. Есть сигнал предыдущего stockout.
IEK,150101203_,Светильник уличный 5110 потолочный GU10 IP65 белый IEK,0.0,0.0,0.0,0.0,0.0,,0.0,0,0.0,0.0,inf,LOW,LOW,STABLE,1.0,True,False,False,Прогноз спроса: 0 шт. Свободный остаток: 0 шт. В пути: 0 шт. Страховой запас: 0 шт. Есть сигнал предыдущего stockout.
IEK,250200008_, ЩМП- 4 IP 31 (800х650х250) IEK,1.7356007534356344,7.0,0.0,7.0,0.8183316361150096,1.0,0.0,0,0.0,5.264399246564365,4.033185619528828,LOW,LOW,STABLE,1.3478260869565215,False,False,False,Прогноз спроса: 2 шт. Свободный остаток: 7 шт. В пути: 0 шт. Страховой запас: 1 шт. MOQ: 1 шт.
IEK,030200769_,"Роз. USB A+C 18Вт б/рамки ""BRITE"" графит (1/80)",0.0,2.0,0.0,2.0,0.0,1.0,0.0,0,0.0,2.0,inf,LOW,LOW,STABLE,0.25,False,False,False,Прогноз спроса: 0 шт. Свободный остаток: 2 шт. В пути: 0 шт. Страховой запас: 0 шт. MOQ: 1 шт.
IEK,270300273_,Обогреватель (встр. вентилятор) 400 Вт IP20 IEK (20) NEW,2.9911917791320065e-07,1.0,1.0,2.0,0.0,1.0,0.0,0,0.0,1.9999997008808221,6686298.130240136,LOW,LOW,STABLE,0.25,False,False,False,Прогноз спроса: 0 шт. Свободный остаток: 1 шт. В пути: 1 шт. Страховой запас: 0 шт. MOQ: 1 шт.
IEK,130300770_,Переходник Е40-Е27  ПР40-27-К02 IEK (50),0.0,3.0,0.0,3.0,0.0,,0.0,0,0.0,3.0,inf,LOW,LOW,STABLE,0.9893617021276596,False,False,False,Прогноз спроса: 0 шт. Свободный остаток: 3 шт. В пути: 0 шт. Страховой запас: 0 шт.
IEK,010400931_,Реле напряжения РН-д однофазное 54мм 32А IEK,1.2107955585929557,12.0,3.0,15.0,0.6053977792964779,1.0,0.0,0,0.0,13.789204441407044,12.38854891194946,LOW,LOW,STABLE,0.25,False,False,False,Прогноз спроса: 1 шт. Свободный остаток: 12 шт. В пути: 3 шт. Страховой запас: 1 шт. MOQ: 1 шт.
IEK,130200436_,Токоизмерительные клещи CM1A IEK ARMA2L 5 IEK (30) NEW,3.8491681698217692,10.0,0.0,10.0,0.26347042844817925,1.0,0.0,0,0.0,6.15083183017823,2.5979639129310987,LOW,LOW,GROWING,0.9858657243816256,False,False,False,Прогноз спроса: 4 шт. Свободный остаток: 10 шт. В пути: 0 шт. Страховой запас: 0 шт. MOQ: 1 шт. Наблюдается рост спроса.
IEK,280300742_,"STRUT-профиль  перфорированный  41х21х400-1,5 IEK",0.0,44.0,0.0,44.0,0.0,2.0,0.0,0,0.0,44.0,inf,LOW,LOW,STABLE,0.25,False,False,False,Прогноз спроса: 0 шт. Свободный остаток: 44 шт. В пути: 0 шт. Страховой запас: 0 шт. MOQ: 2 шт.
IEK,080800139_,"Светодиодная лента ""Неон"" LED 10м LSR5-2835W120-8-IP65-220В-6500K+драйвер IEK",0.0013362453515560516,1.0,0.0,1.0,0.0006681226757780258,1.0,0.0,0,0.0,0.9986637546484439,748.3655593903504,LOW,LOW,DECLINING,0.25,True,False,False,Прогноз спроса: 0 шт. Свободный остаток: 1 шт. В пути: 0 шт. Страховой запас: 0 шт. MOQ: 1 шт. Есть сигнал предыдущего stockout. Наблюдается снижение спроса.
IEK,030200481_,"Рамка 2-мест. ""BRITE"" графит (1/100)",121.47091223903405,563.0,0.0,563.0,14.32978250590928,1.0,0.0,0,0.0,441.5290877609659,4.634854465339916,LOW,LOW,DECLINING,0.9767182489892652,False,False,False,Прогноз спроса: 121 шт. Свободный остаток: 563 шт. В пути: 0 шт. Страховой запас: 14 шт. MOQ: 1 шт. Наблюдается снижение спроса.
IEK,150101204_,Светильник уличный 5110 потолочный GU10 IP65 черный IEK,0.0,0.0,0.0,0.0,0.0,1.0,0.0,0,0.0,0.0,inf,LOW,LOW,STABLE,1.0,True,False,False,Прогноз спроса: 0 шт. Свободный остаток: 0 шт. В пути: 0 шт. Страховой запас: 0 шт. MOQ: 1 шт. Есть сигнал предыдущего stockout.
IEK,250200007_, ЩМП- 3 IP 54 (650х500х220) IEK,6.782324491429119,24.0,0.0,24.0,0.07144345083131136,1.0,0.0,0,0.0,17.21767550857088,3.538609812952625,LOW,LOW,STABLE,0.25,True,True,False,Прогноз спроса: 7 шт. Свободный остаток: 24 шт. В пути: 0 шт. Страховой запас: 0 шт. MOQ: 1 шт. Есть сигнал предыдущего stockout. В истории обнаружена аномальная продажа.
IEK,030201099_," Рамка 1-мест. ""BRITE""  металл шамп. RE AL  IEK  (1/100)",6.88864167648216e-05,133.0,0.0,133.0,3.44432083824108e-05,1.0,0.0,0,0.0,132.99993111358324,1930714.44627556,LOW,LOW,STABLE,0.25,False,False,False,Прогноз спроса: 0 шт. Свободный остаток: 133 шт. В пути: 0 шт. Страховой запас: 0 шт. MOQ: 1 шт.
IEK,150101202_,Светильник уличный 5104 потолочный GX53 IP65 серый IEK,6.830138446414716e-05,16.0,4.0,20.0,0.0,1.0,0.0,0,0.0,19.999931698615537,292819.8331103877,LOW,LOW,STABLE,0.25,False,False,False,Прогноз спроса: 0 шт. Свободный остаток: 16 шт. В пути: 4 шт. Страховой запас: 0 шт. MOQ: 1 шт.
IEK,130300771_, Трубы гибкая двустенная красная (с протяжкой)   Ø75 IEK (50) ,1580.2593722109227,3903.0,1500.0,5403.0,269.11005880494287,50.0,0.0,0,0.0,3822.7406277890773,3.4190589817168586,LOW,LOW,GROWING,2.5975124832144765,False,False,False,Прогноз спроса: 1580 шт. Свободный остаток: 3903 шт. В пути: 1500 шт. Страховой запас: 269 шт. MOQ: 50 шт. Наблюдается рост спроса.
IEK,270300272_,Обогреватель (встр. вентилятор) 300 Вт IP20 IEK (20) NEW,0.0,1.0,0.0,1.0,0.0,1.0,0.0,0,0.0,1.0,inf,LOW,LOW,STABLE,0.25,False,False,False,Прогноз спроса: 0 шт. Свободный остаток: 1 шт. В пути: 0 шт. Страховой запас: 0 шт. MOQ: 1 шт.
IEK,CLP1CL-300-1,Кронштейн замковый осн.300мм IEK,1.0788930726281213e-06,1.0,0.0,1.0,0.0,,0.0,0,0.0,0.9999989211069273,926875.9114043226,LOW,LOW,STABLE,1.0,False,False,False,Прогноз спроса: 0 шт. Свободный остаток: 1 шт. В пути: 0 шт. Страховой запас: 0 шт.
IEK,130300773_,Розетка для плиты РПпл11-01-Ст з/к c/у 32А белая IEK ,0.45026572166498985,3.0,0.0,3.0,0.22513286083249492,10.0,0.0,0,0.0,2.54973427833501,6.662732372579059,LOW,LOW,STABLE,0.5740740740740741,False,False,False,Прогноз спроса: 0 шт. Свободный остаток: 3 шт. В пути: 0 шт. Страховой запас: 0 шт. MOQ: 10 шт.
IEK,010400939_,Микр. конц. МП-7141 укор. рычаг с рол. IP40 IEK,0.0,9.0,0.0,9.0,0.0,1.0,0.0,0,0.0,9.0,inf,LOW,LOW,STABLE,1.0,False,False,False,Прогноз спроса: 0 шт. Свободный остаток: 9 шт. В пути: 0 шт. Страховой запас: 0 шт. MOQ: 1 шт.
IEK,280300739_,"STRUT-профиль перфорированный 41x21х2000-2,0 IEK",1.2169276801286697,142.0,0.0,142.0,0.6084638400643348,2.0,0.0,0,0.0,140.78307231987134,116.68729565341621,LOW,LOW,GROWING,0.25,False,True,False,Прогноз спроса: 1 шт. Свободный остаток: 142 шт. В пути: 0 шт. Страховой запас: 1 шт. MOQ: 2 шт. В истории обнаружена аномальная продажа. Наблюдается рост спроса.
IEK,081100277_," LED A60 ""ECO"" 11w 230v 3000K E27 IEK(1)",0.28966113176948305,29.0,0.0,29.0,0.14288690166235204,10.0,0.0,0,0.0,28.710338868230515,100.11698781553703,LOW,LOW,STABLE,1.823529411764706,False,False,False,Прогноз спроса: 0 шт. Свободный остаток: 29 шт. В пути: 0 шт. Страховой запас: 0 шт. MOQ: 10 шт.
IEK,030200771_,"Роз. USB A+C 18Вт б/рамки ""BRITE"" черный (1/80)",3.4817507259657976,7.0,0.0,7.0,0.5900035310628791,1.0,0.0,0,0.0,3.5182492740342024,2.0104828148081397,LOW,LOW,STABLE,0.3957446808510638,False,True,False,Прогноз спроса: 3 шт. Свободный остаток: 7 шт. В пути: 0 шт. Страховой запас: 1 шт. MOQ: 1 шт. В истории обнаружена аномальная продажа.
IEK,130200434_,Мультиметр цифровой  цифровой DM3C IEK ARMA2L 5 IEK (30) NEW,0.27067176383321356,4.0,1.0,5.0,0.13533588191660678,1.0,0.0,0,0.0,4.729328236166786,18.472558530637766,LOW,LOW,STABLE,1.55,False,False,False,Прогноз спроса: 0 шт. Свободный остаток: 4 шт. В пути: 1 шт. Страховой запас: 0 шт. MOQ: 1 шт.
IEK,280100372_,Угол Т-образный КМТ 40х25 дуб ЭЛЕКОР IEK (4шт/компл) ,4.890329228781841e-06,49.0,0.0,49.0,0.0,,0.0,0,0.0,48.99999510967077,10019775.296847586,LOW,LOW,STABLE,0.25,False,False,False,Прогноз спроса: 0 шт. Свободный остаток: 49 шт. В пути: 0 шт. Страховой запас: 0 шт.
IEK,150101200_,Светильник уличный 5104 потолочный GX53 IP65 белый IEK,0.2100291195095986,26.0,0.0,26.0,0.1050145597547993,1.0,0.0,0,0.0,25.7899708804904,123.79235822493541,LOW,LOW,STABLE,0.25,False,False,False,Прогноз спроса: 0 шт. Свободный остаток: 26 шт. В пути: 0 шт. Страховой запас: 0 шт. MOQ: 1 шт.
IEK,250200011_,ЩРВ  24 (405x320x120) IP30 TITAN 3 IEK   ,0.48624824455085136,19.0,0.0,19.0,0.1428869016623581,1.0,0.0,0,0.0,18.51375175544915,39.07469119513294,LOW,LOW,STABLE,2.4424242424242424,False,False,False,Прогноз спроса: 0 шт. Свободный остаток: 19 шт. В пути: 0 шт. Страховой запас: 0 шт. MOQ: 1 шт.
IEK,030201096_," Рамка 1-мест. ""BRITE""  металл титан RE  IEK  (1/100)",0.0007037256246775582,13.0,0.0,13.0,0.0003518628123387791,1.0,0.0,0,0.0,12.999296274375322,18473.10875734631,LOW,LOW,DECLINING,0.25,False,False,False,Прогноз спроса: 0 шт. Свободный остаток: 13 шт. В пути: 0 шт. Страховой запас: 0 шт. MOQ: 1 шт. Наблюдается снижение спроса.
IEK,CLP1M-SHU-6,Шайба плоская усиленная М6 IEK,0.0,0.0,0.0,0.0,0.0,,0.0,0,0.0,0.0,inf,LOW,LOW,STABLE,1.0,True,False,False,Прогноз спроса: 0 шт. Свободный остаток: 0 шт. В пути: 0 шт. Страховой запас: 0 шт. Есть сигнал предыдущего stockout.
IEK,030200478_,"Роз. 2-я с з/к без з/ш 16А в сборе ""BRITE"" графит (1/100)",91.52939210093095,360.0,0.0,360.0,13.872397653854403,1.0,0.0,0,0.0,268.470607899069,3.933162798710846,LOW,LOW,GROWING,1.1833313727796728,False,False,False,Прогноз спроса: 92 шт. Свободный остаток: 360 шт. В пути: 0 шт. Страховой запас: 14 шт. MOQ: 1 шт. Наблюдается рост спроса.
IEK,250200012_,ЩРВ  36 (550x320x120) IP30 TITAN 3 IEK   ,0.7546610323445647,2.0,3.0,5.0,0.28577380332470276,1.0,0.0,0,0.0,4.245338967655435,6.625491161861249,LOW,LOW,DECLINING,0.3039215686274509,False,False,False,Прогноз спроса: 1 шт. Свободный остаток: 2 шт. В пути: 3 шт. Страховой запас: 0 шт. MOQ: 1 шт. Наблюдается снижение спроса.
IEK,270300269_,Обогреватель на DIN-рейку в корп.(встр.вент.) 400Вт IP20 IEK (20) NEW,4.982229809351293e-07,1.0,0.0,1.0,0.0,1.0,0.0,0,0.0,0.999999501777019,2007133.4287372106,LOW,LOW,STABLE,0.25,False,False,False,Прогноз спроса: 0 шт. Свободный остаток: 1 шт. В пути: 0 шт. Страховой запас: 0 шт. MOQ: 1 шт.
IEK,130300772_, Трубы гибкая двустенная красная (с протяжкой)   Ø90 IEK (50),1928.8037187647628,3827.0,0.0,3827.0,274.3115631297131,50.0,0.0,0,0.0,1898.1962812352372,1.984131388159534,LOW,LOW,GROWING,1.450725096717269,False,False,False,Прогноз спроса: 1929 шт. Свободный остаток: 3827 шт. В пути: 0 шт. Страховой запас: 274 шт. MOQ: 50 шт. Наблюдается рост спроса.
IEK,280300740_,"STRUT-профиль перфорированный 41x21х2000-2,5 IEK",0.400331111398282,150.0,0.0,150.0,0.14288690166235193,2.0,0.0,0,0.0,149.5996688886017,374.6898398080478,LOW,LOW,DECLINING,0.25,False,True,False,Прогноз спроса: 0 шт. Свободный остаток: 150 шт. В пути: 0 шт. Страховой запас: 0 шт. MOQ: 2 шт. В истории обнаружена аномальная продажа. Наблюдается снижение спроса.
IEK,080800141_,"Светодиодная лента ""Неон"" LED 10м LSR5-5050RGB60-8-IP65-220В+драйвер IEK",0.0,0.0,1.0,1.0,0.0,1.0,0.0,0,0.0,1.0,inf,LOW,LOW,STABLE,4.0,True,False,False,Прогноз спроса: 0 шт. Свободный остаток: 0 шт. В пути: 1 шт. Страховой запас: 0 шт. MOQ: 1 шт. Есть сигнал предыдущего stockout.
IEK,150101201_,Светильник уличный 5104 потолочный GX53 IP65 черный IEK,4.623668104052715,22.0,0.0,22.0,2.3118340520263576,1.0,0.0,0,0.0,17.376331895947285,4.758126990282167,LOW,LOW,DECLINING,0.25,False,False,False,Прогноз спроса: 5 шт. Свободный остаток: 22 шт. В пути: 0 шт. Страховой запас: 2 шт. MOQ: 1 шт. Наблюдается снижение спроса.
IEK,250200010_,ЩРВ  12 (275x320x120) IP30 TITAN 3 IEK      ,0.053078075259186924,5.0,4.0,9.0,0.0,1.0,0.0,0,0.0,8.946921924740813,169.5615365864694,LOW,LOW,STABLE,2.0,False,False,False,Прогноз спроса: 0 шт. Свободный остаток: 5 шт. В пути: 4 шт. Страховой запас: 0 шт. MOQ: 1 шт.
IEK,030200770_,"Роз. с з/к с з/ш 16А с USB A+A 3,1А б/рамки ""BRITE"" черный (1/80)",0.0,52.0,0.0,52.0,0.0,1.0,0.0,0,0.0,52.0,inf,LOW,LOW,STABLE,0.25,False,False,False,Прогноз спроса: 0 шт. Свободный остаток: 52 шт. В пути: 0 шт. Страховой запас: 0 шт. MOQ: 1 шт.
IEK,030200479_,"Роз. 2-я с з/к/ш 16А в сборе ""BRITE"" графит (1/100)",35.68469889478105,201.0,0.0,201.0,3.6837396080614457,1.0,0.0,0,0.0,165.31530110521896,5.632666275051479,LOW,LOW,GROWING,1.189754570910888,False,False,False,Прогноз спроса: 36 шт. Свободный остаток: 201 шт. В пути: 0 шт. Страховой запас: 4 шт. MOQ: 1 шт. Наблюдается рост спроса.
IEK,010400933_,Реле напряжения РН-д однофазное 54мм 50А IEK,1.2506914096925368,14.0,8.0,22.0,0.6253457048462684,1.0,0.0,0,0.0,20.749308590307464,17.590270333277783,LOW,LOW,STABLE,0.25,False,False,False,Прогноз спроса: 1 шт. Свободный остаток: 14 шт. В пути: 8 шт. Страховой запас: 1 шт. MOQ: 1 шт.
IEK,030201097_," Рамка 1-мест. ""BRITE""  металл черн. RE AL  IEK  (1/100)",0.00016150764702766444,5.0,0.0,5.0,0.0,1.0,0.0,0,0.0,4.999838492352972,30958.286446607424,LOW,LOW,STABLE,0.25,False,False,False,Прогноз спроса: 0 шт. Свободный остаток: 5 шт. В пути: 0 шт. Страховой запас: 0 шт. MOQ: 1 шт.
IEK,010400955_,Микр. конц. МП-7311 гор. толк. с наж. рол. рез. IP40 IEK,0.019913083254276934,7.0,0.0,7.0,0.009956541627138467,1.0,0.0,0,0.0,6.980086916745723,351.5276821080201,LOW,LOW,STABLE,0.25,False,False,False,Прогноз спроса: 0 шт. Свободный остаток: 7 шт. В пути: 0 шт. Страховой запас: 0 шт. MOQ: 1 шт.
IEK,280300735_,STRUT-болт с конусной пружиной  М8х40 IEK,0.0,749.0,0.0,749.0,0.0,50.0,0.0,0,0.0,749.0,inf,LOW,LOW,STABLE,1.0,False,False,False,Прогноз спроса: 0 шт. Свободный остаток: 749 шт. В пути: 0 шт. Страховой запас: 0 шт. MOQ: 50 шт.
IEK,030200466_,"Рамка 4-мест. ""BRITE"" белый (1/100)",70.471582134995,104.0,50.0,154.0,10.665911431596767,1.0,0.0,0,0.0,83.528417865005,2.1852780274607486,LOW,LOW,DECLINING,0.9439102564102564,False,False,False,Прогноз спроса: 70 шт. Свободный остаток: 104 шт. В пути: 50 шт. Страховой запас: 11 шт. MOQ: 1 шт. Наблюдается снижение спроса.
IEK,010500007_,ВА47-29 (1ф) 20А IEK (12/144) ,678.3875817134319,2286.0,600.0,2886.0,92.11365669649665,12.0,0.0,0,0.0,2207.612418286568,4.254205232812058,LOW,LOW,GROWING,1.120434992750121,False,False,False,Прогноз спроса: 678 шт. Свободный остаток: 2286 шт. В пути: 600 шт. Страховой запас: 92 шт. MOQ: 12 шт. Наблюдается рост спроса.
IEK,030200779_,"Выкл 1-кл перекрестный  б/рамки 10А ""BRITE"" графит (1/100)",0.1710437081387145,26.0,0.0,26.0,0.08552185406935725,1.0,0.0,0,0.0,25.828956291861285,152.00792991996113,LOW,LOW,STABLE,0.8435374149659863,False,False,False,Прогноз спроса: 0 шт. Свободный остаток: 26 шт. В пути: 0 шт. Страховой запас: 0 шт. MOQ: 1 шт.
IEK,030201086_," Рамка 4-мест. ""BRITE""  беж. рифленый  IEK  (1/100)",0.0,11.0,0.0,11.0,0.0,1.0,0.0,0,0.0,11.0,inf,LOW,LOW,STABLE,0.25,False,False,False,Прогноз спроса: 0 шт. Свободный остаток: 11 шт. В пути: 0 шт. Страховой запас: 0 шт. MOQ: 1 шт.
IEK,EL-KK10-040-025-1-K0,Кабель-канал 40х25 черный ЭЛЕКОР IEK (за штуку) (24),0.17489325564066238,2.0,0.0,2.0,0.08744662782033119,24.0,0.0,0,0.0,1.8251067443593376,11.435546743490338,LOW,LOW,STABLE,0.25,False,False,False,Прогноз спроса: 0 шт. Свободный остаток: 2 шт. В пути: 0 шт. Страховой запас: 0 шт. MOQ: 24 шт.
IEK,270300254_,Ящик  ЯТП(укп) 230/36 IP54 IEK (1),0.02474310182815505,11.0,0.0,11.0,0.0,1.0,0.0,0,0.0,10.975256898171844,444.5683518742648,LOW,LOW,STABLE,1.24,False,False,False,Прогноз спроса: 0 шт. Свободный остаток: 11 шт. В пути: 0 шт. Страховой запас: 0 шт. MOQ: 1 шт.
IEK,130300962_,"Амперметр Э47  200/5А кл. точн. 1,5 72х72 IEK (1/100)",0.16965842375715967,5.0,0.0,5.0,0.08482921187857984,1.0,0.0,0,0.0,4.830341576242841,29.470979921142863,LOW,LOW,STABLE,0.25,False,False,False,Прогноз спроса: 0 шт. Свободный остаток: 5 шт. В пути: 0 шт. Страховой запас: 0 шт. MOQ: 1 шт.
IEK,150101183_,Светильник уличный 5101 настенный E27 IP54 черный IEK,1.6284493552604535,36.0,0.0,36.0,0.8142246776302268,1.0,0.0,0,0.0,34.37155064473955,22.106920232862983,LOW,LOW,DECLINING,1.131386861313869,False,False,False,Прогноз спроса: 2 шт. Свободный остаток: 36 шт. В пути: 0 шт. Страховой запас: 1 шт. MOQ: 1 шт. Наблюдается снижение спроса.
IEK,250200028_,ЩУРн-3-48зо (600x540x165) IEK,2.8821082004840646,17.0,0.0,17.0,0.6516645353758833,1.0,0.0,0,0.0,14.117891799515935,5.898460022127123,LOW,LOW,GROWING,0.7788944723618091,False,False,False,Прогноз спроса: 3 шт. Свободный остаток: 17 шт. В пути: 0 шт. Страховой запас: 1 шт. MOQ: 1 шт. Наблюдается рост спроса.
IEK,280300645_,Выключатель проходной 1кл о/у 10А IP54 AQUATIC ВС-20-1-2-А IEK,67.84903860584437,164.0,100.0,264.0,12.670612324061796,10.0,0.0,0,0.0,196.15096139415562,3.89099102101735,LOW,LOW,DECLINING,0.5212389380530974,False,False,False,Прогноз спроса: 68 шт. Свободный остаток: 164 шт. В пути: 100 шт. Страховой запас: 13 шт. MOQ: 10 шт. Наблюдается снижение спроса.
IEK,081100393_,LED Лампа T8  18w 230v 6500K G13 IEK (20),0.39839619979873186,1.0,0.0,1.0,0.0,,0.0,0,0.0,0.6016038002012681,2.5100641032851114,LOW,LOW,STABLE,1.2437422332682406,False,False,False,Прогноз спроса: 0 шт. Свободный остаток: 1 шт. В пути: 0 шт. Страховой запас: 0 шт.
IEK,130200424_,Пассатижи 160мм K4 ARMA2L 5 IEK (1),1.4668356911549385,3.0,0.0,3.0,0.2634704284481786,1.0,0.0,0,0.0,1.5331643088450615,2.0452188463166574,LOW,LOW,DECLINING,0.25,False,False,False,Прогноз спроса: 1 шт. Свободный остаток: 3 шт. В пути: 0 шт. Страховой запас: 0 шт. MOQ: 1 шт. Наблюдается снижение спроса.
IEK,280100379_,Кабель-канал 40х25 сосна ЭЛЕКОР IEK (18),1.4417756009687945,24.0,0.0,24.0,0.7208878004843973,18.0,0.0,0,0.0,22.558224399031204,16.646141038781145,LOW,LOW,DECLINING,0.25,False,False,False,Прогноз спроса: 1 шт. Свободный остаток: 24 шт. В пути: 0 шт. Страховой запас: 1 шт. MOQ: 18 шт. Наблюдается снижение спроса.
IEK,010500006_,ВА47-29 (1ф) 16А IEK (12/144) ,29837.06733285052,58206.0,30000.0,88206.0,1956.813008951033,12.0,0.0,0,0.0,58368.93266714948,2.95625568746448,LOW,LOW,GROWING,1.3011167142932354,False,False,False,Прогноз спроса: 29837 шт. Свободный остаток: 58206 шт. В пути: 30000 шт. Страховой запас: 1957 шт. MOQ: 12 шт. Наблюдается рост спроса.
IEK,030200467_,"Роз. с з/к/ш с кр. 16А IP44 б/рамки ""BRITE"" белый (1/100)",101.06254439343785,162.0,0.0,162.0,28.33573715293109,1.0,0.0,0,0.0,60.93745560656215,1.6029677559802158,LOW,LOW,STABLE,1.357929257437339,False,False,False,Прогноз спроса: 101 шт. Свободный остаток: 162 шт. В пути: 0 шт. Страховой запас: 28 шт. MOQ: 1 шт.
IEK,030201087_," Рамка 1-мест. ""BRITE""  стекло бел. матовый  IEK  (1/100)",0.002050667341545569,15.0,0.0,15.0,0.0010253336707727846,1.0,0.0,0,0.0,14.997949332658454,7314.692001041299,LOW,LOW,STABLE,0.25,False,False,False,Прогноз спроса: 0 шт. Свободный остаток: 15 шт. В пути: 0 шт. Страховой запас: 0 шт. MOQ: 1 шт.
IEK,CTA10D-CF20-K41-100,ELASTA Держатель с защелкой CF20 IEK,0.0,0.0,0.0,0.0,0.0,,0.0,0,0.0,0.0,inf,LOW,LOW,STABLE,0.25,True,False,False,Прогноз спроса: 0 шт. Свободный остаток: 0 шт. В пути: 0 шт. Страховой запас: 0 шт. Есть сигнал предыдущего stockout.
IEK,150101188_,Светильник уличный 5107 настенный GU10 IP65 белый IEK,0.0,0.0,0.0,0.0,0.0,1.0,0.0,0,0.0,0.0,inf,LOW,LOW,STABLE,0.25,True,False,False,Прогноз спроса: 0 шт. Свободный остаток: 0 шт. В пути: 0 шт. Страховой запас: 0 шт. MOQ: 1 шт. Есть сигнал предыдущего stockout.
IEK,250200027_,ЩУРн-3-30зо (540x490x165) IEK,2.1019920614777727,11.0,4.0,15.0,0.7560864148142499,1.0,0.0,0,0.0,12.898007938522227,7.1360878449057905,LOW,LOW,DECLINING,2.3069767441860467,False,False,False,Прогноз спроса: 2 шт. Свободный остаток: 11 шт. В пути: 4 шт. Страховой запас: 1 шт. MOQ: 1 шт. Наблюдается снижение спроса.
IEK,270300259_,Обогреватель на DIN-рейку (встр. вентилятор) 400Вт IP20 IEK (10) NEW,7.76538637894639e-05,1.0,0.0,1.0,3.882693189473195e-05,1.0,0.0,0,0.0,0.9999223461362106,12877.659284426749,LOW,LOW,STABLE,0.25,True,False,False,Прогноз спроса: 0 шт. Свободный остаток: 1 шт. В пути: 0 шт. Страховой запас: 0 шт. MOQ: 1 шт. Есть сигнал предыдущего stockout.
IEK,130300883_,Лента бандажная ЛМ-50 IEK (5),5.110626041624871,20.0,10.0,30.0,1.4302971719191788,1.0,0.0,0,0.0,24.889373958375128,5.870122320760101,LOW,LOW,GROWING,0.6391752577319588,False,False,False,Прогноз спроса: 5 шт. Свободный остаток: 20 шт. В пути: 10 шт. Страховой запас: 1 шт. MOQ: 1 шт. Наблюдается рост спроса.
IEK,010500005_,ВА47-29 (1ф) 10А IEK (12/144) ,2521.928553353941,7253.0,1800.0,9053.0,102.9910162951118,12.0,0.0,0,0.0,6531.0714466460595,3.589713113783622,LOW,LOW,STABLE,1.077562043620003,False,True,False,Прогноз спроса: 2522 шт. Свободный остаток: 7253 шт. В пути: 1800 шт. Страховой запас: 103 шт. MOQ: 12 шт. В истории обнаружена аномальная продажа.
IEK,250200029_,Заглушка 12 модулей серая,0.0,0.0,0.0,0.0,0.0,,0.0,0,0.0,0.0,inf,LOW,LOW,STABLE,0.25,True,False,False,Прогноз спроса: 0 шт. Свободный остаток: 0 шт. В пути: 0 шт. Страховой запас: 0 шт. Есть сигнал предыдущего stockout.
IEK,150101182_,Светильник уличный 5100 настенный E27 IP54 черный IEK,0.6520045556756994,4.0,18.0,22.0,0.3260022778378497,1.0,0.0,0,0.0,21.3479954443243,33.74209552447143,LOW,LOW,DECLINING,0.25,False,True,False,Прогноз спроса: 1 шт. Свободный остаток: 4 шт. В пути: 18 шт. Страховой запас: 0 шт. MOQ: 1 шт. В истории обнаружена аномальная продажа. Наблюдается снижение спроса.
IEK,081100598_, LED Прожектор 100W 6500K IP65  (СДО07-100) IEK (1),0.0,0.0,0.0,0.0,0.0,,0.0,0,0.0,0.0,inf,LOW,LOW,STABLE,0.25,True,False,False,Прогноз спроса: 0 шт. Свободный остаток: 0 шт. В пути: 0 шт. Страховой запас: 0 шт. Есть сигнал предыдущего stockout.
IEK,280300644_,Выключатель кнопочный 1кл. о/у 10А IP54 AQUATIC ВС-20-1-3-А IEK,0.4807546263165995,27.0,0.0,27.0,0.24037731315829974,10.0,0.0,0,0.0,26.5192453736834,56.16170603882912,LOW,LOW,DECLINING,0.905109489051095,False,False,False,Прогноз спроса: 0 шт. Свободный остаток: 27 шт. В пути: 0 шт. Страховой запас: 0 шт. MOQ: 10 шт. Наблюдается снижение спроса.
IEK,010500010_,ВА47-29 (1ф) 40А IEK (12/144) ,586.5919156543683,2222.0,2100.0,4322.0,55.736442297656666,12.0,0.0,0,0.0,3735.408084345632,7.367984257298576,LOW,LOW,GROWING,1.2964120743366634,False,False,False,Прогноз спроса: 587 шт. Свободный остаток: 2222 шт. В пути: 2100 шт. Страховой запас: 56 шт. MOQ: 12 шт. Наблюдается рост спроса.
IEK,280100381_,Угол внешний КМН 25х16 сосна ЭЛЕКОР IEK (4шт/компл) ,0.0,0.0,0.0,0.0,0.0,,0.0,0,0.0,0.0,inf,LOW,LOW,STABLE,0.25,True,False,False,Прогноз спроса: 0 шт. Свободный остаток: 0 шт. В пути: 0 шт. Страховой запас: 0 шт. Есть сигнал предыдущего stockout.
IEK,030201084_," Рамка 4-мест. ""BRITE""  хром/черн.  IEK  (1/100)",5.2136620738219994e-06,14.0,0.0,14.0,0.0,1.0,0.0,0,0.0,13.999994786337925,2685252.66919284,LOW,LOW,STABLE,0.25,False,False,False,Прогноз спроса: 0 шт. Свободный остаток: 14 шт. В пути: 0 шт. Страховой запас: 0 шт. MOQ: 1 шт.
IEK,EPP14-04-01-K01,"Ппл27-04-К51 Патрон подвесной с шнуром, пластик, Е27, белый (50 шт), стикер на изделии, IEK E-PRO",0.0,0.0,0.0,0.0,0.0,,0.0,0,0.0,0.0,inf,LOW,LOW,DECLINING,1.6884531590413945,True,False,False,Прогноз спроса: 0 шт. Свободный остаток: 0 шт. В пути: 0 шт. Страховой запас: 0 шт. Есть сигнал предыдущего stockout. Наблюдается снижение спроса.
IEK,030200464_,"Рамка 2-мест. ""BRITE"" белый (1/100)",609.9563141329422,2445.0,0.0,2445.0,46.57131091133247,1.0,0.0,0,0.0,1835.0436858670578,4.008483793590345,LOW,LOW,GROWING,1.11812641723356,False,False,False,Прогноз спроса: 610 шт. Свободный остаток: 2445 шт. В пути: 0 шт. Страховой запас: 47 шт. MOQ: 1 шт. Наблюдается рост спроса.
IEK,150101180_,Светильник уличный LED 5111 наст. 6Вт 4000К IP65 черный IEK,0.21424870908828542,46.0,0.0,46.0,0.0,1.0,0.0,0,0.0,45.78575129091171,214.70374405404138,LOW,LOW,STABLE,0.25,False,True,False,Прогноз спроса: 0 шт. Свободный остаток: 46 шт. В пути: 0 шт. Страховой запас: 0 шт. MOQ: 1 шт. В истории обнаружена аномальная продажа.
IEK,250200032_,TITAN Корпус металлический ЩУ-3/1-0 (445х400х150мм) У1 IP66 IEK,0.09082467109823479,3.0,0.0,3.0,0.045412335549117396,1.0,0.0,0,0.0,2.9091753289017652,33.03067287472188,LOW,LOW,STABLE,0.25,False,False,False,Прогноз спроса: 0 шт. Свободный остаток: 3 шт. В пути: 0 шт. Страховой запас: 0 шт. MOQ: 1 шт.
IEK,081100604_,LED ПРОЖЕКТОР СДО 06-150 150W 12000Lm 6500K IP65 IEK,1.0113967517014648e-06,1.0,0.0,1.0,0.0,,0.0,0,0.0,0.9999989886032483,988731.6706502249,LOW,LOW,STABLE,1.0,False,False,False,Прогноз спроса: 0 шт. Свободный остаток: 1 шт. В пути: 0 шт. Страховой запас: 0 шт.
IEK,270300251_,Ящик  ЯТП(укп) 230/24 IP54 IEK (1),0.0,1.0,0.0,1.0,0.0,1.0,0.0,0,0.0,1.0,inf,LOW,LOW,STABLE,0.25,False,False,False,Прогноз спроса: 0 шт. Свободный остаток: 1 шт. В пути: 0 шт. Страховой запас: 0 шт. MOQ: 1 шт.
IEK,030200778_,"Выкл 1-кл перекрестный  б/рамки 10А ""BRITE"" сталь (1/100)",0.006008414345086563,49.0,0.0,49.0,0.0030042071725432814,1.0,0.0,0,0.0,48.99399158565491,8155.229846967896,LOW,LOW,STABLE,0.25,False,False,False,Прогноз спроса: 0 шт. Свободный остаток: 49 шт. В пути: 0 шт. Страховой запас: 0 шт. MOQ: 1 шт.
IEK,030200780_,"Выкл 1-кл перекрестный 10А б/рамки ""BRITE"" чёрный (1/100)",7.93912661021865,54.0,0.0,54.0,1.6257113827491083,1.0,0.0,0,0.0,46.06087338978135,6.801755741052831,LOW,LOW,GROWING,0.6419327006039689,False,False,False,Прогноз спроса: 8 шт. Свободный остаток: 54 шт. В пути: 0 шт. Страховой запас: 2 шт. MOQ: 1 шт. Наблюдается рост спроса.
IEK,030200465_,"Рамка 3-мест. ""BRITE"" белый (1/100)",291.8606156027487,1015.0,200.0,1215.0,12.748362639962656,1.0,0.0,0,0.0,923.1393843972513,4.162946060710486,LOW,LOW,STABLE,1.2797185593387128,False,True,False,Прогноз спроса: 292 шт. Свободный остаток: 1015 шт. В пути: 200 шт. Страховой запас: 13 шт. MOQ: 1 шт. В истории обнаружена аномальная продажа.
IEK,150101181_,Светильник уличный LED 5111 наст. 6Вт 4000К IP65 серый IEK,0.0006093720587816716,11.0,0.0,11.0,0.0003046860293908358,1.0,0.0,0,0.0,10.999390627941219,18051.36917828575,LOW,LOW,STABLE,0.25,False,False,False,Прогноз спроса: 0 шт. Свободный остаток: 11 шт. В пути: 0 шт. Страховой запас: 0 шт. MOQ: 1 шт.
IEK,250200031_,ЩУ-1ф/1-0 IP54 1дверь (310x300x150) IEK,0.33358942222009924,2.0,1.0,3.0,0.16679471111004962,1.0,0.0,0,0.0,2.6664105777799008,8.993090908082294,LOW,LOW,STABLE,2.012987012987013,False,False,False,Прогноз спроса: 0 шт. Свободный остаток: 2 шт. В пути: 1 шт. Страховой запас: 0 шт. MOQ: 1 шт.
IEK,030201085_," Рамка 4-мест. ""BRITE""  бел. рифленый  IEK  (1/100)",3.9233191434779255e-08,12.0,0.0,12.0,0.0,1.0,0.0,0,0.0,11.999999960766809,305863468.17970806,LOW,LOW,STABLE,4.0,False,False,False,Прогноз спроса: 0 шт. Свободный остаток: 12 шт. В пути: 0 шт. Страховой запас: 0 шт. MOQ: 1 шт.
IEK,EPK10-04-02-K01,"Пкб27-04-К01 Патрон подвесной карболитовый, Е27, черный, индивидуальный пакет, IEK E-PRO",1.2169218315850279,30.0,0.0,30.0,0.6084609157925139,,0.0,0,0.0,28.78307816841497,24.652364039623905,LOW,LOW,STABLE,0.25,False,False,False,Прогноз спроса: 1 шт. Свободный остаток: 30 шт. В пути: 0 шт. Страховой запас: 1 шт.
IEK,130200423_,Бокорезы 180мм K4 ARMA2L 5 IEK (1),7.764833167336519,14.0,6.0,20.0,1.1502173707608485,1.0,0.0,0,0.0,12.23516683266348,2.57571535266615,LOW,LOW,STABLE,0.8773584905660377,False,False,False,Прогноз спроса: 8 шт. Свободный остаток: 14 шт. В пути: 6 шт. Страховой запас: 1 шт. MOQ: 1 шт.
IEK,010500008_,ВА47-29 (1ф) 25А IEK (12/144),16296.12504288439,43320.0,12000.0,55320.0,1087.6219993254406,12.0,0.0,0,0.0,39023.87495711561,3.3946720373353516,LOW,LOW,GROWING,1.2910604083563113,False,False,False,Прогноз спроса: 16296 шт. Свободный остаток: 43320 шт. В пути: 12000 шт. Страховой запас: 1088 шт. MOQ: 12 шт. Наблюдается рост спроса.
IEK,280100380_,Угол внешний КМН 16х16 сосна ЭЛЕКОР IEK (4шт/компл) ,0.0,28.0,0.0,28.0,0.0,,0.0,0,0.0,28.0,inf,LOW,LOW,STABLE,0.25,False,False,False,Прогноз спроса: 0 шт. Свободный остаток: 28 шт. В пути: 0 шт. Страховой запас: 0 шт.
IEK,270300253_,Ящик  ЯТП(укп) 230/12 IP54 IEK (1),0.13130518849818815,2.0,0.0,2.0,0.0,1.0,0.0,0,0.0,1.8686948115018118,15.231690559033755,LOW,LOW,STABLE,0.25,True,False,False,Прогноз спроса: 0 шт. Свободный остаток: 2 шт. В пути: 0 шт. Страховой запас: 0 шт. MOQ: 1 шт. Есть сигнал предыдущего stockout.
IEK,130300963_,"Амперметр Э47 1000/5A кл. точн. 1,5 72х72 IEK (1/100)",0.22329395530847596,11.0,0.0,11.0,0.11164697765423798,1.0,0.0,0,0.0,10.776706044691524,49.262417268769006,LOW,LOW,STABLE,4.0,False,False,False,Прогноз спроса: 0 шт. Свободный остаток: 11 шт. В пути: 0 шт. Страховой запас: 0 шт. MOQ: 1 шт.
IEK,010500009_,ВА47-29 (1ф) 32А IEK (12/144) ,2641.9518095650833,7004.0,2400.0,9404.0,290.6388212484123,12.0,0.0,0,0.0,6762.048190434916,3.559489603842578,LOW,LOW,GROWING,1.3997964857449166,False,False,False,Прогноз спроса: 2642 шт. Свободный остаток: 7004 шт. В пути: 2400 шт. Страховой запас: 291 шт. MOQ: 12 шт. Наблюдается рост спроса.
IEK,280300673_,Пластина соед. с 4 отверстиями для STRUT-профиля EZ IEK,0.0,578.0,0.0,578.0,0.0,20.0,0.0,0,0.0,578.0,inf,LOW,LOW,STABLE,1.0,False,False,False,Прогноз спроса: 0 шт. Свободный остаток: 578 шт. В пути: 0 шт. Страховой запас: 0 шт. MOQ: 20 шт.
IEK,030200468_,"Рамка 1-мест. IP44 ""BRITE"" белый (1/100)",7.230498287526573,53.0,0.0,53.0,1.3779513779520605,1.0,0.0,0,0.0,45.76950171247343,7.3300618978682275,LOW,LOW,GROWING,1.990272373540856,False,True,False,Прогноз спроса: 7 шт. Свободный остаток: 53 шт. В пути: 0 шт. Страховой запас: 1 шт. MOQ: 1 шт. В истории обнаружена аномальная продажа. Наблюдается рост спроса.
IEK,250200023_,ЩУРв-3-30зо (550x500x165) IEK,5.1458575096834095e-05,1.0,0.0,1.0,2.5729287548417047e-05,,0.0,0,0.0,0.9999485414249032,19433.107079203273,LOW,LOW,STABLE,0.25,False,False,False,Прогноз спроса: 0 шт. Свободный остаток: 1 шт. В пути: 0 шт. Страховой запас: 0 шт.
IEK,030200776_,"Выкл 1-кл перекрестный  10А б/рамки ""BRITE"" шампань (1/100)",2.2808092547648133,18.0,0.0,18.0,1.1404046273824067,1.0,0.0,0,0.0,15.719190745235187,7.891935707642539,LOW,LOW,GROWING,1.9446494464944648,False,False,False,Прогноз спроса: 2 шт. Свободный остаток: 18 шт. В пути: 0 шт. Страховой запас: 1 шт. MOQ: 1 шт. Наблюдается рост спроса.
IEK,270300262_,Обогреватель на DIN-рейку 30Вт IP20 IEK (50) NEW,0.22207712024334814,7.0,0.0,7.0,0.11103856012167407,1.0,0.0,0,0.0,6.777922879756652,31.520581644473438,LOW,LOW,DECLINING,0.3734939759036145,False,False,False,Прогноз спроса: 0 шт. Свободный остаток: 7 шт. В пути: 0 шт. Страховой запас: 0 шт. MOQ: 1 шт. Наблюдается снижение спроса.
IEK,030201090_," Рамка 1-мест. ""BRITE""  стекло бел. RE  IEK  (1/100)",0.7151955160085556,46.0,0.0,46.0,0.3575977580042778,1.0,0.0,0,0.0,45.284804483991444,64.31807662430832,LOW,LOW,STABLE,0.25,False,False,False,Прогноз спроса: 1 шт. Свободный остаток: 46 шт. В пути: 0 шт. Страховой запас: 0 шт. MOQ: 1 шт.
IEK,CMZ11-VT-06-030,Винт с гладкой головкой и квадратным подголов. M6х30 IEK,0.002653462278445583,1299.0,0.0,1299.0,0.0,,0.0,0,0.0,1298.9973465377216,489549.07350744907,LOW,LOW,STABLE,1.0,False,False,False,Прогноз спроса: 0 шт. Свободный остаток: 1299 шт. В пути: 0 шт. Страховой запас: 0 шт.
IEK,010500001_,ВА47-29 (1ф)   1А IEK (12/144),15.210998206200074,118.0,0.0,118.0,3.1880113968846704,12.0,0.0,0,0.0,102.78900179379993,7.757544797546728,LOW,LOW,GROWING,1.2322981366459629,False,True,False,Прогноз спроса: 15 шт. Свободный остаток: 118 шт. В пути: 0 шт. Страховой запас: 3 шт. MOQ: 12 шт. В истории обнаружена аномальная продажа. Наблюдается рост спроса.
IEK,030200471_,"Роз. с з/к/ш 16А б/рамки ""BRITE"" графит (1/100)",315.22930668372345,1257.0,0.0,1257.0,56.44915189796871,1.0,0.0,0,0.0,941.7706933162765,3.9875734056071632,LOW,LOW,DECLINING,1.19801725502612,False,False,False,Прогноз спроса: 315 шт. Свободный остаток: 1257 шт. В пути: 0 шт. Страховой запас: 56 шт. MOQ: 1 шт. Наблюдается снижение спроса.
IEK,150101192_,Светильник уличный 5108 настенный 2хGU10 IP65 черный IEK,1.7460512107378212,28.0,0.0,28.0,0.8730256053689106,1.0,0.0,0,0.0,26.25394878926218,16.036184865487513,LOW,LOW,GROWING,0.25,False,False,False,Прогноз спроса: 2 шт. Свободный остаток: 28 шт. В пути: 0 шт. Страховой запас: 1 шт. MOQ: 1 шт. Наблюдается рост спроса.
IEK,250200020_,ЩРН   9 (325x280x135) IP31 TITAN 3 IEK   ,1.1557152596527365,7.0,0.0,7.0,0.40916581805749996,1.0,0.0,0,0.0,5.8442847403472635,6.056855217178083,LOW,LOW,DECLINING,1.2601626016260163,False,False,False,Прогноз спроса: 1 шт. Свободный остаток: 7 шт. В пути: 0 шт. Страховой запас: 0 шт. MOQ: 1 шт. Наблюдается снижение спроса.
IEK,130200430_,Детектор напряжения бесконтактный VD10 ARMA2L 5 IEK (300) NEW,3.636678012823884,13.0,0.0,13.0,1.327003202709019,1.0,0.0,0,0.0,9.363321987176116,3.574690955360518,LOW,LOW,STABLE,0.4558823529411764,False,True,False,Прогноз спроса: 4 шт. Свободный остаток: 13 шт. В пути: 0 шт. Страховой запас: 1 шт. MOQ: 1 шт. В истории обнаружена аномальная продажа.
IEK,280300734_,STRUT-болт с конусной пружиной  М8х30 IEK,2.3751203923016804,3726.0,0.0,3726.0,0.0,50.0,0.0,0,0.0,3723.6248796076984,1568.7625823418618,LOW,LOW,STABLE,0.25,False,False,False,Прогноз спроса: 2 шт. Свободный остаток: 3726 шт. В пути: 0 шт. Страховой запас: 0 шт. MOQ: 50 шт.
IEK,081100374_,LED ПРОЖЕКТОР СДО 06 - 50  50W 4000Lm 6500K IP65 IEK,0.0,0.0,0.0,0.0,0.0,,0.0,0,0.0,0.0,inf,LOW,LOW,STABLE,0.25,True,False,False,Прогноз спроса: 0 шт. Свободный остаток: 0 шт. В пути: 0 шт. Страховой запас: 0 шт. Есть сигнал предыдущего stockout.
IEK,270300263_,Обогреватель на DIN-рейку 45Вт IP20 IEK (50) NEW,1.3927837699973442,7.0,0.0,7.0,0.602840498528978,1.0,0.0,0,0.0,5.607216230002656,5.025905780057552,LOW,LOW,STABLE,2.583333333333333,False,False,False,Прогноз спроса: 1 шт. Свободный остаток: 7 шт. В пути: 0 шт. Страховой запас: 1 шт. MOQ: 1 шт.
IEK,130300791_, Трубы гибкая двустенная красная (с протяжкой)   Ø40 IEK (50) ,3405.8268241881424,11208.0,0.0,11208.0,527.5652837959167,50.0,0.0,0,0.0,7802.173175811858,3.2908308550513827,LOW,LOW,GROWING,1.4151067907681365,False,False,False,Прогноз спроса: 3406 шт. Свободный остаток: 11208 шт. В пути: 0 шт. Страховой запас: 528 шт. MOQ: 50 шт. Наблюдается рост спроса.
IEK,010400958_,Микр. конц. МП-7100 толкатель IP40 IEK,0.0,9.0,0.0,9.0,0.0,1.0,0.0,0,0.0,9.0,inf,LOW,LOW,STABLE,1.0,False,False,False,Прогноз спроса: 0 шт. Свободный остаток: 9 шт. В пути: 0 шт. Страховой запас: 0 шт. MOQ: 1 шт.
IEK,150101193_,Светильник уличный 5108 настенный 2хGU10 IP65 серый IEK,5.3028752797041445,26.0,0.0,26.0,2.6097892635230147,1.0,0.0,0,0.0,20.697124720295854,4.903000472123225,LOW,LOW,DECLINING,1.3372549019607842,False,False,False,Прогноз спроса: 5 шт. Свободный остаток: 26 шт. В пути: 0 шт. Страховой запас: 3 шт. MOQ: 1 шт. Наблюдается снижение спроса.
IEK,250200019_,ЩРН  54 (540x440x120)  IP31 TITAN 3 IEK   ,0.9004887332664835,2.0,5.0,7.0,0.45024436663324174,1.0,0.0,0,0.0,6.099511266733517,7.773556449293714,LOW,LOW,STABLE,1.0508474576271185,False,False,False,Прогноз спроса: 1 шт. Свободный остаток: 2 шт. В пути: 5 шт. Страховой запас: 0 шт. MOQ: 1 шт.
IEK,030200472_,"Выкл 1-кл. 10А б/рамки ""BRITE"" графит (1/100)",135.317716369092,641.0,0.0,641.0,19.8656990815828,1.0,0.0,0,0.0,505.682283630908,4.736999834165182,LOW,LOW,STABLE,1.497467133035822,False,False,False,Прогноз спроса: 135 шт. Свободный остаток: 641 шт. В пути: 0 шт. Страховой запас: 20 шт. MOQ: 1 шт.
IEK,030201091_," Рамка 1-мест. ""BRITE""  стекло черн. RE  IEK  (1/100)",0.32584137813582414,48.0,0.0,48.0,0.16292068906791207,1.0,0.0,0,0.0,47.67415862186417,147.31094090816057,LOW,LOW,STABLE,0.62,False,False,False,Прогноз спроса: 0 шт. Свободный остаток: 48 шт. В пути: 0 шт. Страховой запас: 0 шт. MOQ: 1 шт.
IEK,CLW10-VR-100,Консоль потолочная VR 100 IEK,0.0,0.0,0.0,0.0,0.0,,0.0,0,0.0,0.0,inf,LOW,LOW,STABLE,1.0,True,False,False,Прогноз спроса: 0 шт. Свободный остаток: 0 шт. В пути: 0 шт. Страховой запас: 0 шт. Есть сигнал предыдущего stockout.
IEK,030200775_,"Выкл 1-кл перекрестный 10А б/рамки ""BRITE"" жемчуг (1/100)",0.6853443501483323,106.0,0.0,106.0,0.34267217507416614,1.0,0.0,0,0.0,105.31465564985167,154.66677441356003,LOW,LOW,DECLINING,3.741379310344828,False,False,False,Прогноз спроса: 1 шт. Свободный остаток: 106 шт. В пути: 0 шт. Страховой запас: 0 шт. MOQ: 1 шт. Наблюдается снижение спроса.
IEK,081100375_,LED ПРОЖЕКТОР СДО 06-100 100W 8000Lm 6500K IP65 IEK,0.0,0.0,0.0,0.0,0.0,,0.0,0,0.0,0.0,inf,LOW,LOW,STABLE,0.25,True,False,False,Прогноз спроса: 0 шт. Свободный остаток: 0 шт. В пути: 0 шт. Страховой запас: 0 шт. Есть сигнал предыдущего stockout.
IEK,280300685_,Распределительная  коробка о/у  с сальниками 190х140х120 IP55 КМ41246 IEK (12) E-PRO,0.0,0.0,0.0,0.0,0.0,,0.0,0,0.0,0.0,inf,LOW,LOW,STABLE,2.137931034482759,False,False,False,Прогноз спроса: 0 шт. Свободный остаток: 0 шт. В пути: 0 шт. Страховой запас: 0 шт.
IEK,010500002_,"Авт. выкл.ВА47-29 1Р  1,6А 4,5кА х-ка С IEK",0.0,0.0,0.0,0.0,0.0,,0.0,0,0.0,0.0,inf,LOW,LOW,STABLE,0.25,True,False,False,Прогноз спроса: 0 шт. Свободный остаток: 0 шт. В пути: 0 шт. Страховой запас: 0 шт. Есть сигнал предыдущего stockout.
IEK,130200425_,Пассатижи 180мм K4 ARMA2L 5 IEK (1),2.5729222781475096,9.0,0.0,9.0,0.6792765759737832,1.0,0.0,0,0.0,6.42707772185249,3.497968079502173,LOW,LOW,DECLINING,2.1550802139037435,False,False,False,Прогноз спроса: 3 шт. Свободный остаток: 9 шт. В пути: 0 шт. Страховой запас: 1 шт. MOQ: 1 шт. Наблюдается снижение спроса.
IEK,150101189_,Светильник уличный 5107 настенный GU10 IP65 черный IEK,0.8559398842495173,14.0,0.0,14.0,0.1720586140437798,1.0,0.0,0,0.0,13.144060115750483,16.356288867500446,LOW,LOW,STABLE,0.25,False,True,False,Прогноз спроса: 1 шт. Свободный остаток: 14 шт. В пути: 0 шт. Страховой запас: 0 шт. MOQ: 1 шт. В истории обнаружена аномальная продажа.
IEK,250200026_,ЩУРн-3-12зо (550x320x175) IEK,1.5445658114573348,11.0,0.0,11.0,0.530801281083614,1.0,0.0,0,0.0,9.455434188542664,7.121742510680873,LOW,LOW,STABLE,2.108,False,False,False,Прогноз спроса: 2 шт. Свободный остаток: 11 шт. В пути: 0 шт. Страховой запас: 1 шт. MOQ: 1 шт.
IEK,280100378_,Кабель-канал 40х16 сосна ЭЛЕКОР IEK (30),5.543146042194954e-05,38.0,0.0,38.0,0.0,30.0,0.0,0,0.0,37.999944568539576,685531.2797234709,LOW,LOW,STABLE,0.25,False,False,False,Прогноз спроса: 0 шт. Свободный остаток: 38 шт. В пути: 0 шт. Страховой запас: 0 шт. MOQ: 30 шт.
IEK,010500004_,ВА47-29 (1ф)  6А IEK (12/144) ,945.8073107805947,2463.0,1200.0,3663.0,159.05250895275643,12.0,0.0,0,0.0,2717.192689219405,3.8728818843415884,LOW,LOW,GROWING,1.256703268641471,False,False,False,Прогноз спроса: 946 шт. Свободный остаток: 2463 шт. В пути: 1200 шт. Страховой запас: 159 шт. MOQ: 12 шт. Наблюдается рост спроса.
IEK,270300260_,Обогреватель на DIN-рейку (встр. вентилятор) 100 Вт IP20 IEK (20) NEW(20) NEW,0.0006179627807171243,2.0,0.0,2.0,0.00030898139035856215,1.0,0.0,0,0.0,1.999382037219283,3236.440870563547,LOW,LOW,DECLINING,2.818181818181818,False,False,False,Прогноз спроса: 0 шт. Свободный остаток: 2 шт. В пути: 0 шт. Страховой запас: 0 шт. MOQ: 1 шт. Наблюдается снижение спроса.
IEK,030201088_," Рамка 1-мест. ""BRITE""  стекло черн. матовый  IEK  (1/100)",4.606610859805498e-06,14.0,0.0,14.0,0.0,1.0,0.0,0,0.0,13.99999539338914,3039110.62298653,LOW,LOW,STABLE,0.25,False,False,False,Прогноз спроса: 0 шт. Свободный остаток: 14 шт. В пути: 0 шт. Страховой запас: 0 шт. MOQ: 1 шт.
IEK,CTA10D-CF16-K41-100,ELASTA Держатель с защелкой CF16 IEK,0.0,0.0,0.0,0.0,0.0,,0.0,0,0.0,0.0,inf,LOW,LOW,STABLE,0.25,True,False,False,Прогноз спроса: 0 шт. Свободный остаток: 0 шт. В пути: 0 шт. Страховой запас: 0 шт. Есть сигнал предыдущего stockout.
IEK,130300861_,Амперметр Э47 1000/5A 96х96 IEK !!!,1.2022500536901868e-05,2.0,0.0,2.0,6.011250268450934e-06,,0.0,0,0.0,1.999987977499463,166354.74407850506,LOW,LOW,DECLINING,4.0,False,False,False,Прогноз спроса: 0 шт. Свободный остаток: 2 шт. В пути: 0 шт. Страховой запас: 0 шт. Наблюдается снижение спроса.
IEK,030200469_,"Рамка 2-мест. IP44 ""BRITE"" белый (1/100)",2.930211536657769,10.0,0.0,10.0,1.2073731817462234,1.0,0.0,0,0.0,7.069788463342231,3.4127228955647717,LOW,LOW,DECLINING,0.25,False,False,False,Прогноз спроса: 3 шт. Свободный остаток: 10 шт. В пути: 0 шт. Страховой запас: 1 шт. MOQ: 1 шт. Наблюдается снижение спроса.
IEK,280300678_,"Лоток лестничный LESTA 55х300х3000-1,2 IEK",0.0,0.0,0.0,0.0,0.0,,0.0,0,0.0,0.0,inf,LOW,LOW,STABLE,1.0,True,False,False,Прогноз спроса: 0 шт. Свободный остаток: 0 шт. В пути: 0 шт. Страховой запас: 0 шт. Есть сигнал предыдущего stockout.
IEK,081100392_,LED Лампа T8  18w 230v 4000K G13  IEK (20),0.021861332270224323,1.0,0.0,1.0,0.010930666135112161,,0.0,0,0.0,0.9781386677297756,45.742866337657965,LOW,LOW,STABLE,0.3532763532763532,False,False,False,Прогноз спроса: 0 шт. Свободный остаток: 1 шт. В пути: 0 шт. Страховой запас: 0 шт.
IEK,081100391_,LED Лампа T8  10w 230v 6500K G13  IEK (20),0.0,10.0,0.0,10.0,0.0,,0.0,0,0.0,10.0,inf,LOW,LOW,STABLE,2.2264669926650367,False,False,False,Прогноз спроса: 0 шт. Свободный остаток: 10 шт. В пути: 0 шт. Страховой запас: 0 шт.
IEK,250200025_,ЩУРн-1-12зо (395x310x165) IEK,1.6433182780945217,12.0,0.0,12.0,0.8216591390472608,1.0,0.0,0,0.0,10.356681721905478,7.302298136618045,LOW,LOW,GROWING,1.2849740932642488,False,False,False,Прогноз спроса: 2 шт. Свободный остаток: 12 шт. В пути: 0 шт. Страховой запас: 1 шт. MOQ: 1 шт. Наблюдается рост спроса.
IEK,030200777_,"Выкл 1-кл перекрестный  10А б/рамки ""BRITE"" алюминий (1/100)",0.24842120411376864,40.0,0.0,40.0,0.12421060205688432,1.0,0.0,0,0.0,39.75157879588623,161.01685096768685,LOW,LOW,STABLE,2.3846153846153846,False,False,False,Прогноз спроса: 0 шт. Свободный остаток: 40 шт. В пути: 0 шт. Страховой запас: 0 шт. MOQ: 1 шт.
IEK,010500003_,ВА47-29 (1ф)   2А IEK (12/144) ,14.86583309448363,226.0,48.0,274.0,7.432916547241815,12.0,0.0,0,0.0,259.1341669055164,18.431526726993532,LOW,LOW,GROWING,0.7296828543111993,False,False,False,Прогноз спроса: 15 шт. Свободный остаток: 226 шт. В пути: 48 шт. Страховой запас: 7 шт. MOQ: 12 шт. Наблюдается рост спроса.
IEK,270300261_,Обогреватель на DIN-рейку 15Вт IP20 IEK (50) NEW,0.20482005444778162,7.0,0.0,7.0,0.10241002722389081,1.0,0.0,0,0.0,6.795179945552219,34.17634088064669,LOW,LOW,DECLINING,0.4025974025974026,False,False,False,Прогноз спроса: 0 шт. Свободный остаток: 7 шт. В пути: 0 шт. Страховой запас: 0 шт. MOQ: 1 шт. Наблюдается снижение спроса.
IEK,130300831_,"Клещи обжимные КО-03Е 6,0-16 мм2 (квадрат) IEK",0.0,0.0,0.0,0.0,0.0,,0.0,0,0.0,0.0,inf,LOW,LOW,STABLE,0.25,True,False,False,Прогноз спроса: 0 шт. Свободный остаток: 0 шт. В пути: 0 шт. Страховой запас: 0 шт. Есть сигнал предыдущего stockout.
IEK,030201089_," Рамка 1-мест. ""BRITE""  стекло маренго матовый  IEK  (1/100)",0.001773271523900852,4.0,0.0,4.0,0.000886635761950426,1.0,0.0,0,0.0,3.9982267284760993,2255.7177206572283,LOW,LOW,STABLE,0.25,False,False,False,Прогноз спроса: 0 шт. Свободный остаток: 4 шт. В пути: 0 шт. Страховой запас: 0 шт. MOQ: 1 шт.
IEK,CO05-07542-R,ITK Органайзер кабельный вертикальный 75х12мм 42U черный,0.0,0.0,0.0,0.0,0.0,,0.0,0,0.0,0.0,inf,LOW,LOW,STABLE,0.25,True,False,False,Прогноз спроса: 0 шт. Свободный остаток: 0 шт. В пути: 0 шт. Страховой запас: 0 шт. Есть сигнал предыдущего stockout.
IEK,130200426_,Пассатижи 200мм K4 ARMA2L 5 IEK (1),0.8611201996341774,9.0,2.0,11.0,0.4305600998170887,1.0,0.0,0,0.0,10.138879800365823,12.774058725684334,LOW,LOW,STABLE,0.25,False,False,False,Прогноз спроса: 1 шт. Свободный остаток: 9 шт. В пути: 2 шт. Страховой запас: 0 шт. MOQ: 1 шт.
IEK,150101191_,Светильник уличный 5108 настенный 2хGU10 IP65 белый IEK,0.0004530218254136051,36.0,0.0,36.0,0.0,1.0,0.0,0,0.0,35.999546978174585,79466.3700079622,LOW,LOW,STABLE,4.0,False,False,False,Прогноз спроса: 0 шт. Свободный остаток: 36 шт. В пути: 0 шт. Страховой запас: 0 шт. MOQ: 1 шт.
IEK,030200470_,"Выкл 2-кл. прох. 10А б/рамки ""BRITE"" белый (1/100)",57.73560455743215,198.0,0.0,198.0,4.755902035015724,1.0,0.0,0,0.0,140.26439544256786,3.42942628760457,LOW,LOW,STABLE,1.163011889035667,False,False,False,Прогноз спроса: 58 шт. Свободный остаток: 198 шт. В пути: 0 шт. Страховой запас: 5 шт. MOQ: 1 шт.
IEK,280100377_,Кабель-канал 25х16 сосна ЭЛЕКОР IEK (50),6.153795737987586,300.0,0.0,300.0,3.076897868993793,50.0,0.0,0,0.0,293.8462042620124,48.750399391401636,LOW,LOW,DECLINING,1.5048543689320388,False,False,False,Прогноз спроса: 6 шт. Свободный остаток: 300 шт. В пути: 0 шт. Страховой запас: 3 шт. MOQ: 50 шт. Наблюдается снижение спроса.
IEK,150101190_,Светильник уличный 5107 настенный GU10 IP65 серый IEK,0.29965144233941143,66.0,0.0,66.0,0.14982572116970572,1.0,0.0,0,0.0,65.70034855766059,220.255906278077,LOW,LOW,DECLINING,0.8773584905660378,False,False,False,Прогноз спроса: 0 шт. Свободный остаток: 66 шт. В пути: 0 шт. Страховой запас: 0 шт. MOQ: 1 шт. Наблюдается снижение спроса.
IEK,130200378_,Светильник светодиодный аккумуляторный ДБА 3928 15ч 12Вт IEK,21.768457486186048,0.0,120.0,120.0,5.624737030890127,1.0,0.0,0,0.0,98.23154251381395,5.512563307535698,LOW,LOW,GROWING,1.673866090712743,False,False,False,Прогноз спроса: 22 шт. Свободный остаток: 0 шт. В пути: 120 шт. Страховой запас: 6 шт. MOQ: 1 шт. Наблюдается рост спроса.
IEK,130301261_,Устройство АВР модульное АВР-2 LITE 63А KARAT IEK,0.0,0.0,0.0,0.0,0.0,,0.0,0,0.0,0.0,inf,LOW,LOW,STABLE,0.25,True,False,False,Прогноз спроса: 0 шт. Свободный остаток: 0 шт. В пути: 0 шт. Страховой запас: 0 шт. Есть сигнал предыдущего stockout.
IEK,260100168_, Наконечник медно-луженный JG -  50  IEK (100),1968.1090081429015,6322.0,3000.0,9322.0,157.5184581776582,100.0,0.0,0,0.0,7353.890991857099,4.7365262601974445,LOW,LOW,GROWING,1.0006269473364238,False,False,False,Прогноз спроса: 1968 шт. Свободный остаток: 6322 шт. В пути: 3000 шт. Страховой запас: 158 шт. MOQ: 100 шт. Наблюдается рост спроса.
IEK,130600258_,"Преобраз. частоты A150 380В 3Ф  1,5кВт 5А встр. торм ONI A150-33-15NT NEW (12) NEW",5.932544450690805e-07,2.0,0.0,2.0,0.0,,0.0,0,0.0,1.9999994067455549,3371234.7486365875,LOW,LOW,STABLE,4.0,False,False,False,Прогноз спроса: 0 шт. Свободный остаток: 2 шт. В пути: 0 шт. Страховой запас: 0 шт.
IEK,250600150_,ЩУРн-П 1/8 IP66 PC IEK NEW (1/10),0.0,0.0,0.0,0.0,0.0,,0.0,0,0.0,0.0,inf,LOW,LOW,STABLE,0.25,True,False,False,Прогноз спроса: 0 шт. Свободный остаток: 0 шт. В пути: 0 шт. Страховой запас: 0 шт. Есть сигнал предыдущего stockout.
IEK,130301629_,Колодка клеммная CTS-PEN земля 16мм2 желто-зеленая IEK,0.21960505194818852,52.0,0.0,52.0,0.10980252597409426,50.0,0.0,0,0.0,51.780394948051814,236.78872384169182,LOW,LOW,STABLE,0.9489795918367347,False,False,False,Прогноз спроса: 0 шт. Свободный остаток: 52 шт. В пути: 0 шт. Страховой запас: 0 шт. MOQ: 50 шт.
IEK,280300103_," Лоток перфорированный (50х150х3000) (0,7 мм) IEK (6)",160.29964117394326,279.0,216.0,495.0,37.55811496867217,18.0,0.0,0,0.0,334.70035882605674,3.0879669871679187,LOW,LOW,GROWING,0.7816950735465795,False,False,False,Прогноз спроса: 160 шт. Свободный остаток: 279 шт. В пути: 216 шт. Страховой запас: 38 шт. MOQ: 18 шт. Наблюдается рост спроса.
IEK,081100751_,Светильник LED настол. 2013 9Вт ночник белый IEK,0.0,0.0,0.0,0.0,0.0,,0.0,0,0.0,0.0,inf,LOW,LOW,STABLE,4.0,True,False,False,Прогноз спроса: 0 шт. Свободный остаток: 0 шт. В пути: 0 шт. Страховой запас: 0 шт. Есть сигнал предыдущего stockout.
IEK,030200421_,"Выкл 1-кл. с инд. 10А б/рамки ""BRITE"" жемчуг (1/100)",0.38701877144993074,11.0,0.0,11.0,0.19350938572496537,1.0,0.0,0,0.0,10.612981228550069,28.42239398050254,LOW,LOW,STABLE,2.189265536723164,False,False,False,Прогноз спроса: 0 шт. Свободный остаток: 11 шт. В пути: 0 шт. Страховой запас: 0 шт. MOQ: 1 шт.
IEK,130200136_,"Шина ""N"" нулевая 4х 7 групп на DIN-рейку в корпусе IEK (10)",41.12423631515844,70.0,40.0,110.0,11.036198016829289,10.0,0.0,0,0.0,68.87576368484156,2.6748217074964593,LOW,LOW,GROWING,1.3654564869193806,False,False,False,Прогноз спроса: 41 шт. Свободный остаток: 70 шт. В пути: 40 шт. Страховой запас: 11 шт. MOQ: 10 шт. Наблюдается рост спроса.
IEK,010500141_,ВА47-29 (1ф)  25А GENERICA (12/144) !!!,1.9250290190009437e-07,4.0,0.0,4.0,0.0,,0.0,0,0.0,3.999999807497098,20778907.541227248,LOW,LOW,STABLE,0.25,False,False,False,Прогноз спроса: 0 шт. Свободный остаток: 4 шт. В пути: 0 шт. Страховой запас: 0 шт.
IEK,280100424_,Угол внешний КМН 40х25 черный ЭЛЕКОР IEK (4шт/компл) ,3.8879203396039305e-07,1.0,0.0,1.0,0.0,,0.0,0,0.0,0.999999611207966,2572069.1594773564,LOW,LOW,STABLE,0.25,False,False,False,Прогноз спроса: 0 шт. Свободный остаток: 1 шт. В пути: 0 шт. Страховой запас: 0 шт.
IEK,130600259_,Преобраз. частоты A150 380В 3Ф 11кВт 25А встр. торм ONI A150-33-11T NEW (4) NEW,1.2738026697606964e-06,1.0,0.0,1.0,0.0,,0.0,0,0.0,0.9999987261973302,785050.9531337891,LOW,LOW,STABLE,4.0,False,False,False,Прогноз спроса: 0 шт. Свободный остаток: 1 шт. В пути: 0 шт. Страховой запас: 0 шт.
IEK,250600132_, ЩМПп- 4 (800х600х260)  IP65 IEK,0.15123425812365826,1.0,0.0,1.0,0.07561712906182913,1.0,0.0,0,0.0,0.8487657418763417,6.612258442014769,LOW,LOW,STABLE,0.25,False,False,False,Прогноз спроса: 0 шт. Свободный остаток: 1 шт. В пути: 0 шт. Страховой запас: 0 шт. MOQ: 1 шт.
IEK,030201020_,"Роз. 1-мест. с з/к 16А б/рамки ""BRITE"" бежевый (1/100)",88.60425397125282,452.0,0.0,452.0,7.5762402725010105,1.0,0.0,0,0.0,363.39574602874717,5.101335203912997,LOW,LOW,GROWING,2.235921830804834,False,False,False,Прогноз спроса: 89 шт. Свободный остаток: 452 шт. В пути: 0 шт. Страховой запас: 8 шт. MOQ: 1 шт. Наблюдается рост спроса.
IEK,260100169_, Наконечник медно-луженный JG -  70  IEK (50),1093.8214554868073,4012.0,0.0,4012.0,111.53449877354855,50.0,0.0,0,0.0,2918.1785445131927,3.6678746607822315,LOW,LOW,GROWING,0.8141816987381272,False,False,False,Прогноз спроса: 1094 шт. Свободный остаток: 4012 шт. В пути: 0 шт. Страховой запас: 112 шт. MOQ: 50 шт. Наблюдается рост спроса.
IEK,130301628_,Колодка клеммная CTS-PEN земля 10мм2 желто-зеленая IEK,1.0380972207956263,46.0,0.0,46.0,0.26540064054180457,50.0,0.0,0,0.0,44.96190277920437,44.3118419725123,LOW,LOW,GROWING,0.5961538461538461,False,False,False,Прогноз спроса: 1 шт. Свободный остаток: 46 шт. В пути: 0 шт. Страховой запас: 0 шт. MOQ: 50 шт. Наблюдается рост спроса.
IEK,030200832_,"Роз. комп. RJ45 кат.5E б/рамки ""BRITE"" бежевый (1/100)",7.5160214633431215,61.0,0.0,61.0,2.520040508933669,1.0,0.0,0,0.0,53.48397853665688,8.115995982383376,LOW,LOW,GROWING,1.1050656660412757,False,False,False,Прогноз спроса: 8 шт. Свободный остаток: 61 шт. В пути: 0 шт. Страховой запас: 3 шт. MOQ: 1 шт. Наблюдается рост спроса.
IEK,280300104_,Площадка фиксаторная CR IEK (200),4.834884928249462e-07,140.0,0.0,140.0,0.0,200.0,0.0,0,0.0,139.9999995165115,289562217.2556834,LOW,LOW,STABLE,0.25,False,False,False,Прогноз спроса: 0 шт. Свободный остаток: 140 шт. В пути: 0 шт. Страховой запас: 0 шт. MOQ: 200 шт.
IEK,010500139_,ВА47-29 (1ф)  16А GENERICA (12/144) !!!,0.0,0.0,0.0,0.0,0.0,,0.0,0,0.0,0.0,inf,LOW,LOW,STABLE,0.25,True,False,False,Прогноз спроса: 0 шт. Свободный остаток: 0 шт. В пути: 0 шт. Страховой запас: 0 шт. Есть сигнал предыдущего stockout.
IEK,030200422_,"Выкл 2-кл. 10А б/рамки ""BRITE"" жемчуг (1/100)",13.238227402006494,122.0,0.0,122.0,0.5001041558185395,1.0,0.0,0,0.0,108.76177259799351,9.215735331869936,LOW,LOW,STABLE,2.466033086941218,False,False,False,Прогноз спроса: 13 шт. Свободный остаток: 122 шт. В пути: 0 шт. Страховой запас: 1 шт. MOQ: 1 шт.
IEK,081100750_,Светильник накладной под лампу GX53 белый IEK,4.162191824003695,23.0,0.0,23.0,2.0540458044227403,10.0,0.0,0,0.0,18.837808175996305,5.525934645144694,LOW,LOW,DECLINING,0.3741379310344827,False,False,False,Прогноз спроса: 4 шт. Свободный остаток: 23 шт. В пути: 0 шт. Страховой запас: 2 шт. MOQ: 10 шт. Наблюдается снижение спроса.
IEK,250600131_, ЩМПп- 3 (600х400х200)  IP65 IEK ,6.24780836934271,28.0,6.0,34.0,1.5924038432508258,1.0,0.0,0,0.0,27.75219163065729,5.4419082644778545,LOW,LOW,DECLINING,0.3940677966101695,False,False,False,Прогноз спроса: 6 шт. Свободный остаток: 28 шт. В пути: 6 шт. Страховой запас: 2 шт. MOQ: 1 шт. Наблюдается снижение спроса.
IEK,130200154_,Шина соединительная PIN (штырь) 3ф  63А (22см) IEK (10),10.593383183315582,71.0,0.0,71.0,2.942221383014314,10.0,0.0,0,0.0,60.40661681668442,6.702296968906395,LOW,LOW,STABLE,1.1758620689655173,False,False,False,Прогноз спроса: 11 шт. Свободный остаток: 71 шт. В пути: 0 шт. Страховой запас: 3 шт. MOQ: 10 шт.
IEK,010500143_,ВА47-29 (1ф)  40А GENERICA (12/144) !!!,0.0,0.0,0.0,0.0,0.0,,0.0,0,0.0,0.0,inf,LOW,LOW,STABLE,1.0,True,False,False,Прогноз спроса: 0 шт. Свободный остаток: 0 шт. В пути: 0 шт. Страховой запас: 0 шт. Есть сигнал предыдущего stockout.
IEK,030200833_,"Выкл 1-кл. прох. 10А б/рамки ""BRITE"" бежевый (1/100)",8.615231740296739,49.0,0.0,49.0,2.9338825243466493,1.0,0.0,0,0.0,40.384768259703264,5.687600923235556,LOW,LOW,STABLE,0.7981029810298104,False,False,False,Прогноз спроса: 9 шт. Свободный остаток: 49 шт. В пути: 0 шт. Страховой запас: 3 шт. MOQ: 1 шт.
IEK,280100426_,Угол внешний КМН 100х60 черный ЭЛЕКОР IEK (2шт/компл) ,0.0,0.0,0.0,0.0,0.0,,0.0,0,0.0,0.0,inf,LOW,LOW,STABLE,0.25,True,False,False,Прогноз спроса: 0 шт. Свободный остаток: 0 шт. В пути: 0 шт. Страховой запас: 0 шт. Есть сигнал предыдущего stockout.
IEK,280300088_, Лоток проволочный (60х300х3000) IEK (6),12.625907653751291,66.0,0.0,66.0,6.3129538268756455,6.0,0.0,0,0.0,53.37409234624871,5.2273469607066785,LOW,LOW,DECLINING,0.2633814783347493,False,True,False,Прогноз спроса: 13 шт. Свободный остаток: 66 шт. В пути: 0 шт. Страховой запас: 6 шт. MOQ: 6 шт. В истории обнаружена аномальная продажа. Наблюдается снижение спроса.
IEK,081100753_,Светильник LED настол. 2015 8Вт белый IEK,0.0,0.0,0.0,0.0,0.0,,0.0,0,0.0,0.0,inf,LOW,LOW,STABLE,0.25,True,False,False,Прогноз спроса: 0 шт. Свободный остаток: 0 шт. В пути: 0 шт. Страховой запас: 0 шт. Есть сигнал предыдущего stockout.
IEK,260100165_, Наконечник медно-луженный JG -  16  IEK (200),3596.4129962738775,3755.0,6600.0,10355.0,363.9575544162621,200.0,0.0,0,0.0,6758.587003726123,2.879257752301659,LOW,LOW,STABLE,0.9749516153044514,False,False,False,Прогноз спроса: 3596 шт. Свободный остаток: 3755 шт. В пути: 6600 шт. Страховой запас: 364 шт. MOQ: 200 шт.
IEK,130301631_,Колодка клеммная CTS-ML 2 ур. 4мм2 серая IEK,0.0,156.0,0.0,156.0,0.0,100.0,0.0,0,0.0,156.0,inf,LOW,LOW,STABLE,1.0,False,False,False,Прогноз спроса: 0 шт. Свободный остаток: 156 шт. В пути: 0 шт. Страховой запас: 0 шт. MOQ: 100 шт.
IEK,030200834_,"Роз. 2-мест. с з/к 16А в сборе ""BRITE"" ""BRITE"" бежевый (1/100)",17.4209227289273,92.0,0.0,92.0,8.140541546277293,1.0,0.0,0,0.0,74.57907727107269,5.281006145973815,LOW,LOW,DECLINING,1.620357634112792,False,False,False,Прогноз спроса: 17 шт. Свободный остаток: 92 шт. В пути: 0 шт. Страховой запас: 8 шт. MOQ: 1 шт. Наблюдается снижение спроса.
IEK,250600173_,ЩРН-П  4 модуля навесн. пластик IP41 GENERICA (20),0.6264868232938855,81.0,0.0,81.0,0.18073922282318416,,0.0,0,0.0,80.37351317670611,129.2924240195916,LOW,LOW,STABLE,1.1910695742471442,False,False,False,Прогноз спроса: 1 шт. Свободный остаток: 81 шт. В пути: 0 шт. Страховой запас: 0 шт.
IEK,030200419_,"Выкл 2-кл. прох. б/рамки ""BRITE"" алюминий (1/100)",0.12070180813510376,21.0,0.0,21.0,0.06035090406755188,1.0,0.0,0,0.0,20.879298191864898,173.98248066420277,LOW,LOW,STABLE,0.6888888888888889,False,False,False,Прогноз спроса: 0 шт. Свободный остаток: 21 шт. В пути: 0 шт. Страховой запас: 0 шт. MOQ: 1 шт.
IEK,280100423_,Угол внешний КМН 25х16 черный ЭЛЕКОР IEK (4шт/компл) ,0.0,63.0,0.0,63.0,0.0,,0.0,0,0.0,63.0,inf,LOW,LOW,STABLE,0.25,False,False,False,Прогноз спроса: 0 шт. Свободный остаток: 63 шт. В пути: 0 шт. Страховой запас: 0 шт.
IEK,030201018_,"Выкл 1-кл. перекр 10А б/рамки ""BRITE"" бежевый (1/100)",0.06839858090164636,3.0,0.0,3.0,0.03419929045082318,1.0,0.0,0,0.0,2.9316014190983535,43.86055910010539,LOW,LOW,STABLE,2.3517241379310345,False,False,False,Прогноз спроса: 0 шт. Свободный остаток: 3 шт. В пути: 0 шт. Страховой запас: 0 шт. MOQ: 1 шт.
IEK,130200135_,"Шина ""N"" нулевая 4х11 групп на DIN-рейку в корпусе IEK (10)",22.03201135792653,1.0,40.0,41.0,2.874300639575931,10.0,0.0,0,0.0,18.96798864207347,1.8609285976629315,LOW,LOW,GROWING,1.179059829059829,False,True,False,Прогноз спроса: 22 шт. Свободный остаток: 1 шт. В пути: 40 шт. Страховой запас: 3 шт. MOQ: 10 шт. В истории обнаружена аномальная продажа. Наблюдается рост спроса.
IEK,280100425_,Угол внешний КМН 60х40 черный ЭЛЕКОР IEK (4шт/компл) ,0.0,0.0,0.0,0.0,0.0,,0.0,0,0.0,0.0,inf,LOW,LOW,STABLE,2.6956521739130435,True,False,False,Прогноз спроса: 0 шт. Свободный остаток: 0 шт. В пути: 0 шт. Страховой запас: 0 шт. Есть сигнал предыдущего stockout.
IEK,260100167_, Наконечник медно-луженный JG -  25  IEK (200),2538.734931529035,6148.0,3600.0,9748.0,216.1378990752585,200.0,0.0,0,0.0,7209.265068470965,3.8397076744553846,LOW,LOW,STABLE,1.004642937568717,False,False,False,Прогноз спроса: 2539 шт. Свободный остаток: 6148 шт. В пути: 3600 шт. Страховой запас: 216 шт. MOQ: 200 шт.
IEK,130301630_,Колодка клеммная CTS-PEN земля монтаж неск. напр. 35мм2 IEK,0.14140237999041075,54.0,0.0,54.0,0.07070118999520537,20.0,0.0,0,0.0,53.85859762000959,381.88890458323283,LOW,LOW,STABLE,0.25,False,False,False,Прогноз спроса: 0 шт. Свободный остаток: 54 шт. В пути: 0 шт. Страховой запас: 0 шт. MOQ: 20 шт.
IEK,010500145_,ВА47-29 (1ф)  63А GENERICA (12/144) !!!,0.0,2.0,0.0,2.0,0.0,,0.0,0,0.0,2.0,inf,LOW,LOW,STABLE,0.25,False,False,False,Прогноз спроса: 0 шт. Свободный остаток: 2 шт. В пути: 0 шт. Страховой запас: 0 шт.
IEK,280300092_,Держатель горизонтальный VH200 IEK (20),10.957338868535343,60.0,0.0,60.0,5.467174773134638,20.0,0.0,0,0.0,49.042661131464655,5.475782096353122,LOW,LOW,STABLE,1.7664150943396226,False,False,False,Прогноз спроса: 11 шт. Свободный остаток: 60 шт. В пути: 0 шт. Страховой запас: 5 шт. MOQ: 20 шт.
IEK,081100752_,Светильник LED настол. 2013 9Вт ночник черный IEK,0.0,0.0,0.0,0.0,0.0,,0.0,0,0.0,0.0,inf,LOW,LOW,STABLE,0.25,True,False,False,Прогноз спроса: 0 шт. Свободный остаток: 0 шт. В пути: 0 шт. Страховой запас: 0 шт. Есть сигнал предыдущего stockout.
IEK,130600257_,Преобраз. частоты A150 380В 3Ф 15кВт 32А встр. торм ONI A150-33-15T NEW (4) NEW,0.0,0.0,0.0,0.0,0.0,,0.0,0,0.0,0.0,inf,LOW,LOW,STABLE,0.25,True,False,False,Прогноз спроса: 0 шт. Свободный остаток: 0 шт. В пути: 0 шт. Страховой запас: 0 шт. Есть сигнал предыдущего stockout.
IEK,250600152_,ЩУРн-П 3/6 IP66 KREPTA 5 PC IEK E-PRO,0.0,0.0,0.0,0.0,0.0,,0.0,0,0.0,0.0,inf,LOW,LOW,STABLE,0.25,True,False,False,Прогноз спроса: 0 шт. Свободный остаток: 0 шт. В пути: 0 шт. Страховой запас: 0 шт. Есть сигнал предыдущего stockout.
IEK,030200420_,"Выкл 1-кл. 10А б/рамки ""BRITE"" жемчуг (1/100)",22.324278189755876,162.0,0.0,162.0,10.471182677552093,1.0,0.0,0,0.0,139.6757218102441,7.256673591997177,LOW,LOW,DECLINING,1.9679029957203995,False,False,False,Прогноз спроса: 22 шт. Свободный остаток: 162 шт. В пути: 0 шт. Страховой запас: 10 шт. MOQ: 1 шт. Наблюдается снижение спроса.
IEK,030201019_,"Рамка 5-мест. ""BRITE"" бежевый (1/100)",0.6758960406938449,47.0,0.0,47.0,0.33794802034692245,1.0,0.0,0,0.0,46.32410395930616,69.53732108232485,LOW,LOW,DECLINING,2.325,False,False,False,Прогноз спроса: 1 шт. Свободный остаток: 47 шт. В пути: 0 шт. Страховой запас: 0 шт. MOQ: 1 шт. Наблюдается снижение спроса.
IEK,YZN20-004-K52,Зажим наборный ЗНИ-4PEN 4мм2 (JXB-земля) IEK,0.0,20.0,0.0,20.0,0.0,,0.0,0,0.0,20.0,inf,LOW,LOW,STABLE,1.0,False,False,False,Прогноз спроса: 0 шт. Свободный остаток: 20 шт. В пути: 0 шт. Страховой запас: 0 шт.
IEK,Р654654528,Контактор  КТИ 52253 реверс 225А 220В IEK !!!,0.0,0.0,0.0,0.0,0.0,,0.0,0,0.0,0.0,inf,LOW,LOW,STABLE,0.25,True,False,False,Прогноз спроса: 0 шт. Свободный остаток: 0 шт. В пути: 0 шт. Страховой запас: 0 шт. Есть сигнал предыдущего stockout.
IEK,ЩУРн-3/18,Корпус металлический ЩУРн-3/18  ИЭК  IP31,0.0,0.0,0.0,0.0,0.0,,0.0,0,0.0,0.0,inf,LOW,LOW,STABLE,0.25,True,False,False,Прогноз спроса: 0 шт. Свободный остаток: 0 шт. В пути: 0 шт. Страховой запас: 0 шт. Есть сигнал предыдущего stockout.
IEK,030201022_,"Роз. 1-мест. с з/к 16А б/рамки ""BRITE"" темная бронза (1/100)",4.0512699276467785,187.0,0.0,187.0,2.0256349638233893,1.0,0.0,0,0.0,182.94873007235321,46.1583659789909,LOW,LOW,STABLE,2.7161904761904765,False,False,False,Прогноз спроса: 4 шт. Свободный остаток: 187 шт. В пути: 0 шт. Страховой запас: 2 шт. MOQ: 1 шт.
IEK,270100217_,Разъединитель РЕ19-37-31140 400А IEK (4) NEW,0.0,0.0,0.0,0.0,0.0,1.0,0.0,0,0.0,0.0,inf,LOW,LOW,STABLE,0.25,True,False,False,Прогноз спроса: 0 шт. Свободный остаток: 0 шт. В пути: 0 шт. Страховой запас: 0 шт. MOQ: 1 шт. Есть сигнал предыдущего stockout.
IEK,UNL10-D25-4-4,"Наконечник НВИ 2-4 вилка 1,5-2,5мм (100шт/упак) IEK E-PRO",4.7855257723210444e-05,137.0,0.0,137.0,2.3927628861605222e-05,,0.0,0,0.0,136.99995214474228,2862799.3352871058,LOW,LOW,STABLE,0.25,False,False,False,Прогноз спроса: 0 шт. Свободный остаток: 137 шт. В пути: 0 шт. Страховой запас: 0 шт.
IEK,030200425_,"Выкл 1-кл. прох. 10А б/рамки ""BRITE"" жемчуг (1/100)",6.322995266302039,57.0,0.0,57.0,3.1614976331510194,1.0,0.0,0,0.0,50.67700473369796,9.01471495697261,LOW,LOW,DECLINING,0.25,False,False,False,Прогноз спроса: 6 шт. Свободный остаток: 57 шт. В пути: 0 шт. Страховой запас: 3 шт. MOQ: 1 шт. Наблюдается снижение спроса.
IEK,010500124_,"Переключатель LAY5-BD25 2 полож.""1-0"" стандарт ручка IEK (1/20)",30.11616922599382,261.0,0.0,261.0,9.568302705635233,20.0,0.0,0,0.0,230.88383077400619,8.66644087571158,LOW,LOW,DECLINING,1.3070485999356294,False,False,False,Прогноз спроса: 30 шт. Свободный остаток: 261 шт. В пути: 0 шт. Страховой запас: 10 шт. MOQ: 20 шт. Наблюдается снижение спроса.
IEK,130200183_,Токоизмерительные клещи Expert 266С IEK (20),6.603147272847379,34.0,2.0,36.0,2.5759302526789556,1.0,0.0,0,0.0,29.39685272715262,5.451945642350673,LOW,LOW,GROWING,1.15,False,False,False,Прогноз спроса: 7 шт. Свободный остаток: 34 шт. В пути: 2 шт. Страховой запас: 3 шт. MOQ: 1 шт. Наблюдается рост спроса.
IEK,280100418_,Кабель-канал 100х40 черный ЭЛЕКОР IEK (8),0.0,8.0,0.0,8.0,0.0,8.0,0.0,0,0.0,8.0,inf,LOW,LOW,STABLE,0.25,True,False,False,Прогноз спроса: 0 шт. Свободный остаток: 8 шт. В пути: 0 шт. Страховой запас: 0 шт. MOQ: 8 шт. Есть сигнал предыдущего stockout.
IEK,130600272_,Логическое реле PLR-S. USB кабель серии ONI PLR-S-CABLE-USB NEW,0.0,0.0,0.0,0.0,0.0,,0.0,0,0.0,0.0,inf,LOW,LOW,STABLE,0.25,True,False,False,Прогноз спроса: 0 шт. Свободный остаток: 0 шт. В пути: 0 шт. Страховой запас: 0 шт. Есть сигнал предыдущего stockout.
IEK,250600115_,ЩРН-П  6 PRIME IEK (20) !!!,4.849948397363484e-07,1.0,0.0,1.0,0.0,,0.0,0,0.0,0.9999995150051603,2061877.6079011837,LOW,LOW,STABLE,3.1,False,False,False,Прогноз спроса: 0 шт. Свободный остаток: 1 шт. В пути: 0 шт. Страховой запас: 0 шт.
IEK,280300145_, I5 роз. с/у  10А КВАРТА РС 10-2-КБ (200),2.622975078957078,43.0,0.0,43.0,1.311487539478539,10.0,0.0,0,0.0,40.377024921042924,16.393598378028525,LOW,LOW,DECLINING,0.5395996518711924,False,True,False,Прогноз спроса: 3 шт. Свободный остаток: 43 шт. В пути: 0 шт. Страховой запас: 1 шт. MOQ: 10 шт. В истории обнаружена аномальная продажа. Наблюдается снижение спроса.
IEK,081100747_,Лампа LED T75 таблетка 15Вт 230В 4000К GX53 IEK,82.4529074381874,286.0,0.0,286.0,31.0877374002462,10.0,0.0,0,0.0,203.5470925618126,3.4686466358315635,LOW,LOW,GROWING,0.382973944294699,False,False,False,Прогноз спроса: 82 шт. Свободный остаток: 286 шт. В пути: 0 шт. Страховой запас: 31 шт. MOQ: 10 шт. Наблюдается рост спроса.
IEK,270200059_,Предохранитель ППНИ-37  (400А) габарит 2 IEK (1/24) !!!,5.015937686356633e-06,12.0,0.0,12.0,0.0,,0.0,0,0.0,11.999994984062313,2392374.218013122,LOW,LOW,STABLE,0.25,False,False,False,Прогноз спроса: 0 шт. Свободный остаток: 12 шт. В пути: 0 шт. Страховой запас: 0 шт.
IEK,010500123_,ВА47-29 (2ф)  1А IEK (6/72) E-PRO,0.0,4.0,0.0,4.0,0.0,,0.0,0,0.0,4.0,inf,LOW,LOW,STABLE,0.25,False,False,False,Прогноз спроса: 0 шт. Свободный остаток: 4 шт. В пути: 0 шт. Страховой запас: 0 шт.
IEK,030200426_,"Роз. 2-я с з/к без з/ш 16А в сборе ""BRITE"" жемчуг (1/100)",13.065514880517732,75.0,0.0,75.0,3.250794774615364,1.0,0.0,0,0.0,61.93448511948227,5.740301908180756,LOW,LOW,GROWING,1.4422745548535325,False,False,False,Прогноз спроса: 13 шт. Свободный остаток: 75 шт. В пути: 0 шт. Страховой запас: 3 шт. MOQ: 1 шт. Наблюдается рост спроса.
IEK,030201032_,BRITE Рамка 5-местная РУ-5-БрТБ темная бронза IEK,4.31105994197133e-06,29.0,0.0,29.0,0.0,1.0,0.0,0,0.0,28.999995688940057,6726883.965974059,LOW,LOW,STABLE,0.25,False,False,False,Прогноз спроса: 0 шт. Свободный остаток: 29 шт. В пути: 0 шт. Страховой запас: 0 шт. MOQ: 1 шт.
IEK,SFB-33-75-A-00,УПП SFB 3Ф 380В 75кВт 150А Uупр 110-220В ONI,0.0,0.0,0.0,0.0,0.0,,0.0,0,0.0,0.0,inf,LOW,LOW,STABLE,0.25,True,False,False,Прогноз спроса: 0 шт. Свободный остаток: 0 шт. В пути: 0 шт. Страховой запас: 0 шт. Есть сигнал предыдущего stockout.
IEK,030200829_,"Выкл 1-кл. с инд. 10А б/рамки ""BRITE"" бежевый (1/100)",0.10671432231505804,9.0,0.0,9.0,0.05335716115752902,1.0,0.0,0,0.0,8.893285677684942,84.33732047164999,LOW,LOW,DECLINING,0.25,False,False,False,Прогноз спроса: 0 шт. Свободный остаток: 9 шт. В пути: 0 шт. Страховой запас: 0 шт. MOQ: 1 шт. Наблюдается снижение спроса.
IEK,130900001_,ВКИ-230 3Р 16А 230\400В IP40 IEK (10/100),3.1150746333034607,60.0,20.0,80.0,0.39000534184375824,10.0,0.0,0,0.0,76.88492536669654,25.681567672477225,LOW,LOW,STABLE,0.6708428246013667,False,True,False,Прогноз спроса: 3 шт. Свободный остаток: 60 шт. В пути: 20 шт. Страховой запас: 0 шт. MOQ: 10 шт. В истории обнаружена аномальная продажа.
IEK,130301624_,Колодка клеммная CTS с шестигранником 70мм2 серая IEK,0.0,99.0,0.0,99.0,0.0,20.0,0.0,0,0.0,99.0,inf,LOW,LOW,STABLE,1.0,False,False,False,Прогноз спроса: 0 шт. Свободный остаток: 99 шт. В пути: 0 шт. Страховой запас: 0 шт. MOQ: 20 шт.
IEK,130200184_,Мультиметр цифровой Master MAS838L IEK (40),4.463316273614662,33.0,0.0,33.0,0.9418620741205563,1.0,0.0,0,0.0,28.536683726385338,7.39360555627276,LOW,LOW,DECLINING,2.2279260780287475,False,False,False,Прогноз спроса: 4 шт. Свободный остаток: 33 шт. В пути: 0 шт. Страховой запас: 1 шт. MOQ: 1 шт. Наблюдается снижение спроса.
IEK,280100417_,Кабель-канал 80х60 черный ЭЛЕКОР IEK (8),0.0,10.0,0.0,10.0,0.0,8.0,0.0,0,0.0,10.0,inf,LOW,LOW,STABLE,0.25,False,False,False,Прогноз спроса: 0 шт. Свободный остаток: 10 шт. В пути: 0 шт. Страховой запас: 0 шт. MOQ: 8 шт.
IEK,010500122_," Переключатель LAY5-BD33 3 положения ""I-0-II"" стандарт ручка ИЕК (1/20)",75.35463760980801,298.0,40.0,338.0,19.658350642920173,20.0,0.0,0,0.0,262.64536239019196,4.485457175843503,LOW,LOW,DECLINING,0.5603659897344342,False,False,False,Прогноз спроса: 75 шт. Свободный остаток: 298 шт. В пути: 40 шт. Страховой запас: 20 шт. MOQ: 20 шт. Наблюдается снижение спроса.
IEK,280300146_, I8  роз. 2-я с/у з/к  16А)КВАРТА РС 12-3-КБ (160),49.04917716960911,136.0,0.0,136.0,15.502965442134082,8.0,0.0,0,0.0,86.95082283039089,2.7727274512622335,LOW,LOW,GROWING,1.0974150006366994,False,False,False,Прогноз спроса: 49 шт. Свободный остаток: 136 шт. В пути: 0 шт. Страховой запас: 16 шт. MOQ: 8 шт. Наблюдается рост спроса.
IEK,030200427_,"Роз. 2-я с з/к/ш 16А в сборе ""BRITE"" жемчуг (1/100)",1.485711654567063,94.0,0.0,94.0,0.14641550464349112,1.0,0.0,0,0.0,92.51428834543293,63.26934281698937,LOW,LOW,STABLE,2.070116861435726,False,True,False,Прогноз спроса: 1 шт. Свободный остаток: 94 шт. В пути: 0 шт. Страховой запас: 0 шт. MOQ: 1 шт. В истории обнаружена аномальная продажа.
IEK,030201031_,BRITE Розетка 1-я с/з с/щ и крышкой 16А IP44 РСбш10-3-44-БрА алюминий IEK,0.0,0.0,0.0,0.0,0.0,1.0,0.0,0,0.0,0.0,inf,LOW,LOW,STABLE,0.25,True,False,False,Прогноз спроса: 0 шт. Свободный остаток: 0 шт. В пути: 0 шт. Страховой запас: 0 шт. MOQ: 1 шт. Есть сигнал предыдущего stockout.
IEK,130301625_,Колодка клеммная CTS  70мм2 синяя IEK,0.025759073239449606,113.0,0.0,113.0,0.012879536619724803,20.0,0.0,0,0.0,112.97424092676054,4386.803785585823,LOW,LOW,STABLE,0.25,False,False,False,Прогноз спроса: 0 шт. Свободный остаток: 113 шт. В пути: 0 шт. Страховой запас: 0 шт. MOQ: 20 шт.
IEK,270200058_,Предохранитель ППНИ-35  (200А) габарит 1 IEK (3/48) !!!,5.7584960541777265e-08,3.0,0.0,3.0,0.0,,0.0,0,0.0,2.9999999424150396,52096935.93214382,LOW,LOW,STABLE,0.25,False,False,False,Прогноз спроса: 0 шт. Свободный остаток: 3 шт. В пути: 0 шт. Страховой запас: 0 шт.
IEK,010500138_,ВА47-29 (1ф)  10А GENERICA (12/144) !!!,0.0,0.0,0.0,0.0,0.0,,0.0,0,0.0,0.0,inf,LOW,LOW,STABLE,0.25,True,False,False,Прогноз спроса: 0 шт. Свободный остаток: 0 шт. В пути: 0 шт. Страховой запас: 0 шт. Есть сигнал предыдущего stockout.
IEK,130301627_,Колодка клеммная CTS-PEN земля 6мм2 желто-зеленая IEK,0.054097596807344536,70.0,0.0,70.0,0.027048798403672268,50.0,0.0,0,0.0,69.94590240319266,1293.9576641322537,LOW,LOW,STABLE,0.8333333333333334,False,False,False,Прогноз спроса: 0 шт. Свободный остаток: 70 шт. В пути: 0 шт. Страховой запас: 0 шт. MOQ: 50 шт.
IEK,030200423_,"Выкл 2-кл. с инд. 10А б/рамки ""BRITE"" жемчуг (1/100)",0.4425684851475019,4.0,0.0,4.0,0.22128424257375096,1.0,0.0,0,0.0,3.557431514852498,9.03814920004269,LOW,LOW,STABLE,1.3963963963963963,False,False,False,Прогноз спроса: 0 шт. Свободный остаток: 4 шт. В пути: 0 шт. Страховой запас: 0 шт. MOQ: 1 шт.
IEK,130600262_,Блок питания OPSE 220В AC/24В DC 120Вт ONI OPSE-DC24-120B NEW,0.0,0.0,0.0,0.0,0.0,,0.0,0,0.0,0.0,inf,LOW,LOW,STABLE,0.25,True,False,False,Прогноз спроса: 0 шт. Свободный остаток: 0 шт. В пути: 0 шт. Страховой запас: 0 шт. Есть сигнал предыдущего stockout.
IEK,250600130_, ЩМПп- 2 (500х400х240)  IP65 IEK,3.407081055752354,13.0,0.0,13.0,0.8968927843765198,1.0,0.0,0,0.0,9.592918944247646,3.815582836824917,LOW,LOW,DECLINING,0.3668639053254438,True,False,False,Прогноз спроса: 3 шт. Свободный остаток: 13 шт. В пути: 0 шт. Страховой запас: 1 шт. MOQ: 1 шт. Есть сигнал предыдущего stockout. Наблюдается снижение спроса.
IEK,280300122_,Кронштейн настенный осн.400мм. IEK (4),0.050025415313654044,33.0,0.0,33.0,2.8616022993182756e-07,4.0,0.0,0,0.0,32.949974584686345,659.6646883008068,LOW,LOW,STABLE,0.25,False,False,False,Прогноз спроса: 0 шт. Свободный остаток: 33 шт. В пути: 0 шт. Страховой запас: 0 шт. MOQ: 4 шт.
IEK,030200831_,"Выкл 2-кл. с инд. 10А б/рамки ""BRITE"" бежевый (1/100)",0.18386721522873695,11.0,0.0,11.0,0.09193360761436847,1.0,0.0,0,0.0,10.816132784771263,59.82578235231133,LOW,LOW,DECLINING,0.25,False,False,False,Прогноз спроса: 0 шт. Свободный остаток: 11 шт. В пути: 0 шт. Страховой запас: 0 шт. MOQ: 1 шт. Наблюдается снижение спроса.
IEK,010500136_,ВА47-29 (3ф)  8А IEK (4/48) !!!,5.208992179748449e-06,7.0,0.0,7.0,0.0,,0.0,0,0.0,6.99999479100782,1343830.0075040702,LOW,LOW,STABLE,0.25,False,False,False,Прогноз спроса: 0 шт. Свободный остаток: 7 шт. В пути: 0 шт. Страховой запас: 0 шт.
IEK,270200057_,Предохранитель ППНИ-35  (160А) габарит 1 IEK (3/48) !!!,0.0,0.0,0.0,0.0,0.0,,0.0,0,0.0,0.0,inf,LOW,LOW,STABLE,0.25,True,False,False,Прогноз спроса: 0 шт. Свободный остаток: 0 шт. В пути: 0 шт. Страховой запас: 0 шт. Есть сигнал предыдущего stockout.
IEK,UZA-25-D16,Наконечники герметичные изолированные НИМ 16  IEK,0.0,0.0,0.0,0.0,0.0,,0.0,0,0.0,0.0,inf,LOW,LOW,STABLE,0.25,True,False,False,Прогноз спроса: 0 шт. Свободный остаток: 0 шт. В пути: 0 шт. Страховой запас: 0 шт. Есть сигнал предыдущего stockout.
IEK,130301626_,Колодка клеммная CTS-PEN земля 4мм2 желто-зеленая IEK,4.683222163877508,182.0,0.0,182.0,1.4459137825840962,50.0,0.0,0,0.0,177.3167778361225,38.86213244457995,LOW,LOW,GROWING,1.2109375,False,False,False,Прогноз спроса: 5 шт. Свободный остаток: 182 шт. В пути: 0 шт. Страховой запас: 1 шт. MOQ: 50 шт. Наблюдается рост спроса.
IEK,UNL20-006-6-5,"Наконечник НКИ 5,5-8 кольцо 4-6мм (100шт/упак) IEK !!!",0.004099948020891273,23.0,0.0,23.0,0.0020499740104456365,,0.0,0,0.0,22.99590005197911,5609.827218004611,LOW,LOW,STABLE,4.0,False,False,False,Прогноз спроса: 0 шт. Свободный остаток: 23 шт. В пути: 0 шт. Страховой запас: 0 шт.
IEK,130600265_,Панель оператора ETG 7” базовая пластиковый корпус ONI ETG-A8TS-HSSN-S-070 NEW,0.0,0.0,0.0,0.0,0.0,,0.0,0,0.0,0.0,inf,LOW,LOW,STABLE,0.25,True,False,False,Прогноз спроса: 0 шт. Свободный остаток: 0 шт. В пути: 0 шт. Страховой запас: 0 шт. Есть сигнал предыдущего stockout.
IEK,250600129_, ЩМПп- 1 (400х300х220) IP65 IEK ,10.372818276688943,50.0,0.0,50.0,4.40314281697365,1.0,0.0,0,0.0,39.627181723311054,4.820290750910587,LOW,LOW,GROWING,1.1896162528216705,False,False,False,Прогноз спроса: 10 шт. Свободный остаток: 50 шт. В пути: 0 шт. Страховой запас: 4 шт. MOQ: 1 шт. Наблюдается рост спроса.
IEK,130200159_, ССА1001 аварийный LED 3Вт Exit IEK (20) !!!,5.231591232163372e-05,3.0,0.0,3.0,2.615795616081686e-05,,0.0,0,0.0,2.999947684087678,57343.929731288226,LOW,LOW,STABLE,0.25,False,False,False,Прогноз спроса: 0 шт. Свободный остаток: 3 шт. В пути: 0 шт. Страховой запас: 0 шт.
IEK,280100419_,Кабель-канал 100х60 черный ЭЛЕКОР IEK (8),0.12008880407895457,24.0,0.0,24.0,0.060044402039477286,8.0,0.0,0,0.0,23.879911195921046,199.852102650808,LOW,LOW,STABLE,1.55,False,False,False,Прогноз спроса: 0 шт. Свободный остаток: 24 шт. В пути: 0 шт. Страховой запас: 0 шт. MOQ: 8 шт.
IEK,010500129_,ВА47-29 (2ф)  4А IEK (72) *!!!,0.0,0.0,0.0,0.0,0.0,,0.0,0,0.0,0.0,inf,LOW,LOW,STABLE,0.25,True,False,False,Прогноз спроса: 0 шт. Свободный остаток: 0 шт. В пути: 0 шт. Страховой запас: 0 шт. Есть сигнал предыдущего stockout.
IEK,280300128_," Лоток перфорированный (100х100х3000) (0,7 мм) IEK (6)",16.04785408666241,234.0,0.0,234.0,3.9844698518122237,12.0,0.0,0,0.0,217.95214591333757,14.581388809764949,LOW,LOW,STABLE,0.8077978056426333,False,False,False,Прогноз спроса: 16 шт. Свободный остаток: 234 шт. В пути: 0 шт. Страховой запас: 4 шт. MOQ: 12 шт.
IEK,081100748_,"Патрон подвесной E27 со шнуром 1,5м RETRO золото IEK",0.0,0.0,0.0,0.0,0.0,,0.0,0,0.0,0.0,inf,LOW,LOW,STABLE,0.25,True,False,False,Прогноз спроса: 0 шт. Свободный остаток: 0 шт. В пути: 0 шт. Страховой запас: 0 шт. Есть сигнал предыдущего stockout.
IEK,030200830_,"Выкл 2-кл. 10А б/рамки ""BRITE"" бежевый (1/100)",34.83661938015496,104.0,0.0,104.0,10.568415996102097,1.0,0.0,0,0.0,69.16338061984504,2.985364304874103,LOW,LOW,DECLINING,0.9142278253039172,False,False,False,Прогноз спроса: 35 шт. Свободный остаток: 104 шт. В пути: 0 шт. Страховой запас: 11 шт. MOQ: 1 шт. Наблюдается снижение спроса.
IEK,130600270_,Логическое реле PLR-S. CPU1206 серии ONI PLR-S-CPU-1206 NEW,0.0,0.0,0.0,0.0,0.0,,0.0,0,0.0,0.0,inf,LOW,LOW,STABLE,0.25,True,False,False,Прогноз спроса: 0 шт. Свободный остаток: 0 шт. В пути: 0 шт. Страховой запас: 0 шт. Есть сигнал предыдущего stockout.
IEK,030201024_,BRITE Розетка 1-местная с заземлением с защитными шторками и крышкой 16А IP44 РСбш10-3-44-БрЖ жемчуг,0.0,0.0,0.0,0.0,0.0,,0.0,0,0.0,0.0,inf,LOW,LOW,STABLE,0.25,True,False,False,Прогноз спроса: 0 шт. Свободный остаток: 0 шт. В пути: 0 шт. Страховой запас: 0 шт. Есть сигнал предыдущего stockout.
IEK,030200418_,"Рамка 4-мест. ""BRITE"" алюминий (1/100)",4.71693270577815,56.0,0.0,56.0,2.358466352889075,1.0,0.0,0,0.0,51.28306729422185,11.872121883655687,LOW,LOW,STABLE,0.5781922525107603,False,False,False,Прогноз спроса: 5 шт. Свободный остаток: 56 шт. В пути: 0 шт. Страховой запас: 2 шт. MOQ: 1 шт.
IEK,010700002_, BA 47-100 (3ф) 100А IEK (4/40),322.23541248148433,1087.0,320.0,1407.0,35.749663168576305,4.0,0.0,0,0.0,1084.7645875185158,4.36637298540503,LOW,LOW,GROWING,1.3071304871621112,False,False,False,Прогноз спроса: 322 шт. Свободный остаток: 1087 шт. В пути: 320 шт. Страховой запас: 36 шт. MOQ: 4 шт. Наблюдается рост спроса.
IEK,030200839_,"Рамка 4-мест. ""BRITE"" бежевый (1/100)",12.242082038508782,40.0,0.0,40.0,3.747888294315435,1.0,0.0,0,0.0,27.757917961491216,3.267418064523315,LOW,LOW,GROWING,1.910631741140216,False,False,False,Прогноз спроса: 12 шт. Свободный остаток: 40 шт. В пути: 0 шт. Страховой запас: 4 шт. MOQ: 1 шт. Наблюдается рост спроса.
IEK,130200127_,"Шина ""N"" нулевая 6х9мм на DIN-рейку в корпусном изоляторе ШНИ 12К IEK (10)",2.7013527414277574,38.0,0.0,38.0,0.3670830968596212,10.0,0.0,0,0.0,35.298647258572245,14.067026278069742,LOW,LOW,DECLINING,0.25,False,False,False,Прогноз спроса: 3 шт. Свободный остаток: 38 шт. В пути: 0 шт. Страховой запас: 0 шт. MOQ: 10 шт. Наблюдается снижение спроса.
IEK,030200412_,"Выкл 1-кл. прох. 10А б/рамки ""BRITE"" алюминий (1/100)",1.3866148025147893,59.0,0.0,59.0,0.6933074012573947,1.0,0.0,0,0.0,57.61338519748521,42.54966836716048,LOW,LOW,STABLE,1.8700696055684456,False,True,False,Прогноз спроса: 1 шт. Свободный остаток: 59 шт. В пути: 0 шт. Страховой запас: 1 шт. MOQ: 1 шт. В истории обнаружена аномальная продажа.
IEK,130600242_,УПП SFB 3Ф 380В 30кВт 60A Uупр 110-220В Modbus ONI SFB-33-30-A-10 NEW,0.0,0.0,0.0,0.0,0.0,,0.0,0,0.0,0.0,inf,LOW,LOW,STABLE,0.25,True,False,False,Прогноз спроса: 0 шт. Свободный остаток: 0 шт. В пути: 0 шт. Страховой запас: 0 шт. Есть сигнал предыдущего stockout.
IEK,250600181_,ЩРВ-П  6 модулей встр. пластик IP41 GENERICA (20),0.0,0.0,0.0,0.0,0.0,,0.0,0,0.0,0.0,inf,LOW,LOW,STABLE,0.6739130434782609,True,False,False,Прогноз спроса: 0 шт. Свободный остаток: 0 шт. В пути: 0 шт. Страховой запас: 0 шт. Есть сигнал предыдущего stockout.
IEK,030200987_,"Светорег. пов-наж. 600Вт ""BRITE"" алюминий (1/80)",0.6225804254808045,3.0,0.0,3.0,0.19170289512680816,1.0,0.0,0,0.0,2.3774195745191955,4.818654550025676,LOW,LOW,STABLE,0.25,False,False,False,Прогноз спроса: 1 шт. Свободный остаток: 3 шт. В пути: 0 шт. Страховой запас: 0 шт. MOQ: 1 шт.
IEK,нов3396,Расцепитель независимый РН-125/160 (РН-32/33) IEK !!!,1.1377662128055461,233.0,0.0,233.0,0.40916581805750424,,0.0,0,0.0,231.86223378719444,204.78723781528012,LOW,LOW,GROWING,0.4025974025974026,False,False,False,Прогноз спроса: 1 шт. Свободный остаток: 233 шт. В пути: 0 шт. Страховой запас: 0 шт. Наблюдается рост спроса.
IEK,010700001_, BA 47-100 (3ф)  63А IEK (4/40),42.17348160902085,127.0,40.0,167.0,11.760034722170962,4.0,0.0,0,0.0,124.82651839097915,3.959834323099351,LOW,LOW,GROWING,1.3478260869565215,False,False,False,Прогноз спроса: 42 шт. Свободный остаток: 127 шт. В пути: 40 шт. Страховой запас: 12 шт. MOQ: 4 шт. Наблюдается рост спроса.
IEK,260100140_, Наконечник медно-луженный JG -  95  IEK (50),1011.2422663306645,2109.0,1950.0,4059.0,134.10947766656915,50.0,0.0,0,0.0,3047.7577336693357,4.013874948807524,LOW,LOW,GROWING,1.2439562322005953,False,False,False,Прогноз спроса: 1011 шт. Свободный остаток: 2109 шт. В пути: 1950 шт. Страховой запас: 134 шт. MOQ: 50 шт. Наблюдается рост спроса.
IEK,130301638_,"Колодка клеммная CP-MC 3 вывода 2,5мм2 серая IEK",0.0,87.0,0.0,87.0,0.0,100.0,0.0,0,0.0,87.0,inf,LOW,LOW,STABLE,1.878787878787879,False,False,False,Прогноз спроса: 0 шт. Свободный остаток: 87 шт. В пути: 0 шт. Страховой запас: 0 шт. MOQ: 100 шт.
IEK,280300082_,Кронштейн настенный осн.300мм IEK,0.0,26.0,0.0,26.0,0.0,4.0,0.0,0,0.0,26.0,inf,LOW,LOW,STABLE,1.6394230769230769,False,True,False,Прогноз спроса: 0 шт. Свободный остаток: 26 шт. В пути: 0 шт. Страховой запас: 0 шт. MOQ: 4 шт. В истории обнаружена аномальная продажа.
IEK,081100760_,Светильник-ночник 001 круг USB датчик осв. 220В IEK,3.2254666928432045e-07,1.0,0.0,1.0,0.0,1.0,0.0,0,0.0,0.9999996774533307,3100326.542570848,LOW,LOW,STABLE,0.25,False,False,False,Прогноз спроса: 0 шт. Свободный остаток: 1 шт. В пути: 0 шт. Страховой запас: 0 шт. MOQ: 1 шт.
IEK,130600244_,УПП SFB 3Ф 380В 22кВт 45A Uупр 110-220В ONI SFB-33-22-A-00 NEW,0.0,0.0,0.0,0.0,0.0,,0.0,0,0.0,0.0,inf,LOW,LOW,STABLE,0.25,False,False,False,Прогноз спроса: 0 шт. Свободный остаток: 0 шт. В пути: 0 шт. Страховой запас: 0 шт.
IEK,250600180_,ЩРВ-П  4 модуля встр. пластик IP41 GENERICA (20),0.0023317172889084506,4.0,0.0,4.0,0.0,,0.0,0,0.0,3.9976682827110914,1715.4738351116848,LOW,LOW,STABLE,4.0,False,False,False,Прогноз спроса: 0 шт. Свободный остаток: 4 шт. В пути: 0 шт. Страховой запас: 0 шт.
IEK,030200838_,"Рамка 3-мест. ""BRITE"" бежевый (1/100)",17.156723663212727,88.0,0.0,88.0,4.061608876623479,1.0,0.0,0,0.0,70.84327633678727,5.129184436809966,LOW,LOW,DECLINING,1.385930309007232,False,False,False,Прогноз спроса: 17 шт. Свободный остаток: 88 шт. В пути: 0 шт. Страховой запас: 4 шт. MOQ: 1 шт. Наблюдается снижение спроса.
IEK,030200413_,"Роз. 2-я с з/к без з/ш 16А в сборе ""BRITE"" алюминий (1/100)",46.5742078977653,349.0,0.0,349.0,12.62606101152165,1.0,0.0,0,0.0,302.4257921022347,7.493417832592823,LOW,LOW,GROWING,1.7006269592476488,False,False,False,Прогноз спроса: 47 шт. Свободный остаток: 349 шт. В пути: 0 шт. Страховой запас: 13 шт. MOQ: 1 шт. Наблюдается рост спроса.
IEK,010500188_, BA 47-60M (1ф) 16А 6кА B IEK E-PRO,0.0,0.0,0.0,0.0,0.0,,0.0,0,0.0,0.0,inf,LOW,LOW,DECLINING,0.25,True,False,False,Прогноз спроса: 0 шт. Свободный остаток: 0 шт. В пути: 0 шт. Страховой запас: 0 шт. Есть сигнал предыдущего stockout. Наблюдается снижение спроса.
IEK,260100153_, Наконечник медно-луженный JG -  10  IEK (400),1606.9083946251994,5259.0,1600.0,6859.0,53.25324090294139,400.0,0.0,0,0.0,5252.091605374801,4.268444936215431,LOW,LOW,STABLE,1.4799411983557318,False,True,False,Прогноз спроса: 1607 шт. Свободный остаток: 5259 шт. В пути: 1600 шт. Страховой запас: 53 шт. MOQ: 400 шт. В истории обнаружена аномальная продажа.
IEK,030200988_,"Роз. TV проходная б/рамки ""BRITE"" белый (1/100)",0.06463192693697767,56.0,0.0,56.0,0.032315963468488834,1.0,0.0,0,0.0,55.935368073063024,866.4448462847994,LOW,LOW,STABLE,0.25,False,False,False,Прогноз спроса: 0 шт. Свободный остаток: 56 шт. В пути: 0 шт. Страховой запас: 0 шт. MOQ: 1 шт.
IEK,нов3393,Контактор  КТИ 51853 185А 220В (реверс) IEK (4) !!!,0.0,0.0,0.0,0.0,0.0,,0.0,0,0.0,0.0,inf,LOW,LOW,STABLE,0.25,True,False,False,Прогноз спроса: 0 шт. Свободный остаток: 0 шт. В пути: 0 шт. Страховой запас: 0 шт. Есть сигнал предыдущего stockout.
IEK,081100761_,Светильник-ночник 018 квадрат датчик осв. 220В IEK,0.5454772252190071,3.0,0.0,3.0,0.18073922282315413,1.0,0.0,0,0.0,2.454522774780993,5.499771321883349,LOW,LOW,STABLE,1.4266169154228856,False,False,False,Прогноз спроса: 1 шт. Свободный остаток: 3 шт. В пути: 0 шт. Страховой запас: 0 шт. MOQ: 1 шт.
IEK,280300081_,Разветвитель Т-образный 100х200 IEK,0.0,0.0,0.0,0.0,0.0,,0.0,0,0.0,0.0,inf,LOW,LOW,STABLE,0.25,True,False,False,Прогноз спроса: 0 шт. Свободный остаток: 0 шт. В пути: 0 шт. Страховой запас: 0 шт. Есть сигнал предыдущего stockout.
IEK,130301639_,"Колодка клеммная CP-MC 4 вывода 2,5мм2 серая IEK",0.3442125298821974,204.0,0.0,204.0,0.1721062649410987,100.0,0.0,0,0.0,203.65578747011782,592.6571007447536,LOW,LOW,STABLE,2.214285714285714,False,False,False,Прогноз спроса: 0 шт. Свободный остаток: 204 шт. В пути: 0 шт. Страховой запас: 0 шт. MOQ: 100 шт.
IEK,010700029_, BA 47-100 (3ф)  25А IEK (4/40),17.736186420650014,63.0,0.0,63.0,3.1822423959633643,4.0,0.0,0,0.0,45.263813579349986,3.5520600937442737,LOW,LOW,GROWING,1.4803370786516854,False,False,False,Прогноз спроса: 18 шт. Свободный остаток: 63 шт. В пути: 0 шт. Страховой запас: 3 шт. MOQ: 4 шт. Наблюдается рост спроса.
IEK,130200125_,"Шина ""N"" нулевая 6х9мм комб с изол ""Стойка"" ШНИ 12С IEK (20)",10.99149195998126,49.0,20.0,69.0,2.036827598660766,10.0,0.0,0,0.0,58.00850804001874,6.277582720455143,LOW,LOW,GROWING,1.813178677196446,False,False,False,Прогноз спроса: 11 шт. Свободный остаток: 49 шт. В пути: 20 шт. Страховой запас: 2 шт. MOQ: 10 шт. Наблюдается рост спроса.
IEK,130600232_,Реле задержки включения ORT 1 конт. 12-240В AC/DC IEK  ORT-A1-ACDC12-240V NEW,0.0,0.0,0.0,0.0,0.0,,0.0,0,0.0,0.0,inf,LOW,LOW,STABLE,0.25,True,False,False,Прогноз спроса: 0 шт. Свободный остаток: 0 шт. В пути: 0 шт. Страховой запас: 0 шт. Есть сигнал предыдущего stockout.
IEK,251400148_,ЩРН 72 (540х660х120) IP54 TITAN 3 IEK,0.3575293399128282,10.0,6.0,16.0,0.1787646699564141,1.0,0.0,0,0.0,15.642470660087172,44.75157200777166,LOW,LOW,STABLE,0.25,False,False,False,Прогноз спроса: 0 шт. Свободный остаток: 10 шт. В пути: 6 шт. Страховой запас: 0 шт. MOQ: 1 шт.
IEK,030200985_,"Светорег. пов-наж. 600Вт ""BRITE"" графит (1/80)",0.25221663009050355,8.0,0.0,8.0,0.12610831504525177,1.0,0.0,0,0.0,7.747783369909497,31.718764924935122,LOW,LOW,STABLE,0.25,True,False,False,Прогноз спроса: 0 шт. Свободный остаток: 8 шт. В пути: 0 шт. Страховой запас: 0 шт. MOQ: 1 шт. Есть сигнал предыдущего stockout.
IEK,ст-9949056,"Трансформатор тока ТТИ-А  120/5А 5ВА кл.т.0,5 IEK !!!",0.0,0.0,0.0,0.0,0.0,,0.0,0,0.0,0.0,inf,LOW,LOW,STABLE,1.0,True,False,False,Прогноз спроса: 0 шт. Свободный остаток: 0 шт. В пути: 0 шт. Страховой запас: 0 шт. Есть сигнал предыдущего stockout.
IEK,010700021_, BA 47-100 (3ф) 80А D IEK !!!,0.0,0.0,0.0,0.0,0.0,,0.0,0,0.0,0.0,inf,LOW,LOW,STABLE,0.25,True,False,False,Прогноз спроса: 0 шт. Свободный остаток: 0 шт. В пути: 0 шт. Страховой запас: 0 шт. Есть сигнал предыдущего stockout.
IEK,030200410_,"Выкл 2-кл. с инд. б/рамки ""BRITE"" алюминий (1/100)",0.5007243650374062,10.0,0.0,10.0,0.0714434508311574,1.0,0.0,0,0.0,9.499275634962594,19.971067314155878,LOW,LOW,STABLE,1.02710843373494,True,False,False,Прогноз спроса: 1 шт. Свободный остаток: 10 шт. В пути: 0 шт. Страховой запас: 0 шт. MOQ: 1 шт. Есть сигнал предыдущего stockout.
IEK,280300080_,Поворот 90º 100х400 IEK,0.0,0.0,0.0,0.0,0.0,,0.0,0,0.0,0.0,inf,LOW,LOW,STABLE,0.25,True,False,False,Прогноз спроса: 0 шт. Свободный остаток: 0 шт. В пути: 0 шт. Страховой запас: 0 шт. Есть сигнал предыдущего stockout.
IEK,130301636_,Колодка клеммная CP 4мм2 серая IEK,6.636298296306672,106.0,0.0,106.0,3.318149148153336,100.0,0.0,0,0.0,99.36370170369332,15.97276000371964,LOW,LOW,STABLE,0.25,False,False,False,Прогноз спроса: 7 шт. Свободный остаток: 106 шт. В пути: 0 шт. Страховой запас: 3 шт. MOQ: 100 шт.
IEK,081100766_,Светильник LED переносной ДРО 2060 IP44 шнур 10м черный IEK,0.017963440318358722,7.0,4.0,11.0,0.008981720159179361,1.0,0.0,0,0.0,10.98203655968164,612.3548610428453,LOW,LOW,STABLE,2.039473684210526,False,False,False,Прогноз спроса: 0 шт. Свободный остаток: 7 шт. В пути: 4 шт. Страховой запас: 0 шт. MOQ: 1 шт.
IEK,030200840_,"Выкл 2-кл. прох. 10А б/рамки ""BRITE"" бежевый (1/100)",3.159517664826171,34.0,0.0,34.0,1.3403979508588746,1.0,0.0,0,0.0,30.840482335173828,10.76113622611146,LOW,LOW,GROWING,3.2997198879551823,False,False,False,Прогноз спроса: 3 шт. Свободный остаток: 34 шт. В пути: 0 шт. Страховой запас: 1 шт. MOQ: 1 шт. Наблюдается рост спроса.
IEK,250600183_,ЩРВ-П 12 модулей встр. пластик IP41 GENERICA (10),2.4347246991768774,93.0,0.0,93.0,0.9754058984168862,,0.0,0,0.0,90.56527530082312,38.1973370670783,LOW,LOW,DECLINING,2.260200668896321,False,False,False,Прогноз спроса: 2 шт. Свободный остаток: 93 шт. В пути: 0 шт. Страховой запас: 1 шт. Наблюдается снижение спроса.
IEK,130301640_,"Колодка клеммная CP-ML 2 ур. 2,5мм2 серая IEK",6.776168105708842,0.0,50.0,50.0,3.388084052854421,50.0,0.0,0,0.0,43.22383189429116,7.378801591105095,LOW,LOW,STABLE,0.25,True,False,False,Прогноз спроса: 7 шт. Свободный остаток: 0 шт. В пути: 50 шт. Страховой запас: 3 шт. MOQ: 50 шт. Есть сигнал предыдущего stockout.
IEK,130200126_,"Шина ""N"" нулевая 6х9мм комб с изол ""Стойка"" ШНИ 14С IEK (20)",9.361756867550781,58.0,10.0,68.0,4.680878433775391,10.0,0.0,0,0.0,58.63824313244922,7.263593891836472,LOW,LOW,DECLINING,1.5621872766261615,False,False,False,Прогноз спроса: 9 шт. Свободный остаток: 58 шт. В пути: 10 шт. Страховой запас: 5 шт. MOQ: 10 шт. Наблюдается снижение спроса.
IEK,280100434_,Заглушка КМЗ 15х10 черный ЭЛЕКОР IEK (4шт/компл)  ,0.0,0.0,0.0,0.0,0.0,,0.0,0,0.0,0.0,inf,LOW,LOW,STABLE,0.25,True,False,False,Прогноз спроса: 0 шт. Свободный остаток: 0 шт. В пути: 0 шт. Страховой запас: 0 шт. Есть сигнал предыдущего stockout.
IEK,010700003_, BA 47-100 (3ф)  80А IEK (4/40),95.36211240154928,502.0,120.0,622.0,8.876485791122613,4.0,0.0,0,0.0,526.6378875984507,6.522506521047816,LOW,LOW,STABLE,1.013840475702276,False,False,False,Прогноз спроса: 95 шт. Свободный остаток: 502 шт. В пути: 120 шт. Страховой запас: 9 шт. MOQ: 4 шт.
IEK,030200411_,"Роз. комп. RJ45 кат.5E б/рамки ""BRITE"" алюминий (1/100)",6.838634336432096,19.0,0.0,19.0,2.8840509704233743,1.0,0.0,0,0.0,12.161365663567903,2.7783324952439004,LOW,LOW,DECLINING,0.4465020576131687,False,False,False,Прогноз спроса: 7 шт. Свободный остаток: 19 шт. В пути: 0 шт. Страховой запас: 3 шт. MOQ: 1 шт. Наблюдается снижение спроса.
IEK,030200986_,"Светорег. пов-наж. 600Вт ""BRITE"" сталь (1/80)",0.10043088640824861,3.0,0.0,3.0,0.0,1.0,0.0,0,0.0,2.899569113591751,29.871288677121576,LOW,LOW,STABLE,0.861111111111111,False,False,False,Прогноз спроса: 0 шт. Свободный остаток: 3 шт. В пути: 0 шт. Страховой запас: 0 шт. MOQ: 1 шт.
IEK,ст-9948468,Заглушка 100х40  ПРАЙМЕР (216),31.649557977691995,116.0,24.0,140.0,7.765479165297332,12.0,0.0,0,0.0,108.350442022308,4.423442504273778,LOW,LOW,DECLINING,2.209411117226197,False,False,False,Прогноз спроса: 32 шт. Свободный остаток: 116 шт. В пути: 24 шт. Страховой запас: 8 шт. MOQ: 12 шт. Наблюдается снижение спроса.
IEK,250600182_,ЩРВ-П  8 модулей встр. пластик IP41 GENERICA (20),0.2264256064585123,27.0,0.0,27.0,0.0,,0.0,0,0.0,26.773574393541487,119.24446365542661,LOW,LOW,STABLE,0.8509803921568627,False,False,False,Прогноз спроса: 0 шт. Свободный остаток: 27 шт. В пути: 0 шт. Страховой запас: 0 шт.
IEK,010500148_,ВА47-29 (2ф)  16А GENERICA (72) !!!,0.0,0.0,0.0,0.0,0.0,,0.0,0,0.0,0.0,inf,LOW,LOW,STABLE,0.25,True,False,False,Прогноз спроса: 0 шт. Свободный остаток: 0 шт. В пути: 0 шт. Страховой запас: 0 шт. Есть сигнал предыдущего stockout.
IEK,130200128_,"Датчик движения ДД 024 белый,до 1100 Вт,дальность 6 м IP33 IEK (60)",20.1991028699878,134.0,40.0,174.0,10.0995514349939,1.0,0.0,0,0.0,153.8008971300122,8.6142439651878,LOW,LOW,DECLINING,1.2960327343888989,False,False,False,Прогноз спроса: 20 шт. Свободный остаток: 134 шт. В пути: 40 шт. Страховой запас: 10 шт. MOQ: 1 шт. Наблюдается снижение спроса.
IEK,130600253_,"Преобраз. частоты A150 380В 3Ф  7,5кВт 17А встр. торм ONI A150-33-75NT NEW(6) NEW",0.0,0.0,0.0,0.0,0.0,,0.0,0,0.0,0.0,inf,LOW,LOW,STABLE,0.25,True,False,False,Прогноз спроса: 0 шт. Свободный остаток: 0 шт. В пути: 0 шт. Страховой запас: 0 шт. Есть сигнал предыдущего stockout.
IEK,010500152_,ВА47-29 (2ф)  40А GENERICA (6/72) !!!,2.7736580908390654e-06,66.0,0.0,66.0,0.0,,0.0,0,0.0,65.9999972263419,23795290.493080996,LOW,LOW,STABLE,0.25,False,False,False,Прогноз спроса: 0 шт. Свободный остаток: 66 шт. В пути: 0 шт. Страховой запас: 0 шт.
IEK,260100157_, Наконечник медно-луженный JG - 120  IEK (30),498.20940455703146,1859.0,1200.0,3059.0,68.27306020679008,30.0,0.0,0,0.0,2560.7905954429684,6.139988470751213,LOW,LOW,GROWING,1.274074074074074,False,False,False,Прогноз спроса: 498 шт. Свободный остаток: 1859 шт. В пути: 1200 шт. Страховой запас: 68 шт. MOQ: 30 шт. Наблюдается рост спроса.
IEK,130301633_,Колодка клеммная CTS-F с предохранителем 4мм2 серая IEK,0.34117459457264576,258.0,0.0,258.0,0.17058729728632288,100.0,0.0,0,0.0,257.65882540542736,756.2110547040292,LOW,LOW,STABLE,0.25,False,False,False,Прогноз спроса: 0 шт. Свободный остаток: 258 шт. В пути: 0 шт. Страховой запас: 0 шт. MOQ: 100 шт.
IEK,130200133_,"Шина ""N"" нулевая 2х15 групп на DIN-рейку в корпусе  IEK (10)",18.711551623677686,149.0,0.0,149.0,2.699768508594748,10.0,0.0,0,0.0,130.28844837632232,7.962995426389691,LOW,LOW,DECLINING,1.1429221665908056,False,False,False,Прогноз спроса: 19 шт. Свободный остаток: 149 шт. В пути: 0 шт. Страховой запас: 3 шт. MOQ: 10 шт. Наблюдается снижение спроса.
IEK,280100429_,Угол внутренний КМВ 20х10 черный ЭЛЕКОР IEK (4шт/компл) ,7.456992167837168e-08,3.0,0.0,3.0,0.0,,0.0,0,0.0,2.999999925430078,40230698.01439958,LOW,LOW,STABLE,0.25,False,False,False,Прогноз спроса: 0 шт. Свободный остаток: 3 шт. В пути: 0 шт. Страховой запас: 0 шт.
IEK,030201012_,BRITE Розетка 1-местная с заземлением с защитными шторками и крышкой 16А IP44 РСбш10-3-44-БрГ графит,0.0,13.0,0.0,13.0,0.0,1.0,0.0,0,0.0,13.0,inf,LOW,LOW,STABLE,0.25,False,False,False,Прогноз спроса: 0 шт. Свободный остаток: 13 шт. В пути: 0 шт. Страховой запас: 0 шт. MOQ: 1 шт.
IEK,нов03200_,Предохранитель ППНИ-33  (125А) IEK габарит 0 (72) !!! ,0.0,77.0,0.0,77.0,0.0,,0.0,0,0.0,77.0,inf,LOW,LOW,STABLE,0.25,False,False,False,Прогноз спроса: 0 шт. Свободный остаток: 77 шт. В пути: 0 шт. Страховой запас: 0 шт.
IEK,130600254_,"Преобраз. частоты A150 380В 3Ф  5,5кВт 13А встр. торм ONI A150-33-55NT NEW(6) NEW",0.022115644526591448,1.0,0.0,1.0,0.0,,0.0,0,0.0,0.9778843554734086,45.216859892897006,LOW,LOW,STABLE,1.9375,False,False,False,Прогноз спроса: 0 шт. Свободный остаток: 1 шт. В пути: 0 шт. Страховой запас: 0 шт.
IEK,250600175_,ЩРН-П  8 модулей навесн. пластик IP41 GENERICA (20),2.021425304905105,33.0,0.0,33.0,1.0107126524525525,,0.0,0,0.0,30.978574695094895,16.32511471975917,LOW,LOW,STABLE,1.3341772151898734,False,False,False,Прогноз спроса: 2 шт. Свободный остаток: 33 шт. В пути: 0 шт. Страховой запас: 1 шт.
IEK,030200417_,"Рамка 3-мест. ""BRITE"" алюминий (1/100)",12.246470967745955,113.0,0.0,113.0,2.461016896867355,1.0,0.0,0,0.0,100.75352903225405,9.22714799207158,LOW,LOW,STABLE,1.438737623762376,False,False,False,Прогноз спроса: 12 шт. Свободный остаток: 113 шт. В пути: 0 шт. Страховой запас: 2 шт. MOQ: 1 шт.
IEK,010500151_,ВА47-29 (2ф)  32А GENERICA (6/72) !!!,0.0,0.0,0.0,0.0,0.0,,0.0,0,0.0,0.0,inf,LOW,LOW,STABLE,1.0,True,False,False,Прогноз спроса: 0 шт. Свободный остаток: 0 шт. В пути: 0 шт. Страховой запас: 0 шт. Есть сигнал предыдущего stockout.
IEK,030200835_,"Роз. 2-я с з/к/ш 16А в сб. ""BRITE"" бежевый (1/100)",0.1010512642954298,11.0,0.0,11.0,0.0505256321477149,1.0,0.0,0,0.0,10.89894873570457,108.85563952807954,LOW,LOW,STABLE,1.0590062111801242,False,False,False,Прогноз спроса: 0 шт. Свободный остаток: 11 шт. В пути: 0 шт. Страховой запас: 0 шт. MOQ: 1 шт.
IEK,280300086_," Лоток перфорированный (50 х50х3000) (0,7 мм) IEK (6)",117.27782888992581,882.0,0.0,882.0,47.76288307880934,18.0,0.0,0,0.0,764.7221711100742,7.520603070063859,LOW,LOW,DECLINING,1.0669929396662388,False,False,False,Прогноз спроса: 117 шт. Свободный остаток: 882 шт. В пути: 0 шт. Страховой запас: 48 шт. MOQ: 18 шт. Наблюдается снижение спроса.
IEK,081100754_,Светильник LED настол. 2015 8Вт черный IEK,0.0,0.0,0.0,0.0,0.0,,0.0,0,0.0,0.0,inf,LOW,LOW,STABLE,0.25,True,False,False,Прогноз спроса: 0 шт. Свободный остаток: 0 шт. В пути: 0 шт. Страховой запас: 0 шт. Есть сигнал предыдущего stockout.
IEK,260100158_, Наконечник медно-луженный JG -  35  IEK (100),1735.1827268347265,8416.0,5100.0,13516.0,143.9503097136883,100.0,0.0,0,0.0,11780.817273165274,7.789381366569688,LOW,LOW,STABLE,0.943761954686237,False,False,False,Прогноз спроса: 1735 шт. Свободный остаток: 8416 шт. В пути: 5100 шт. Страховой запас: 144 шт. MOQ: 100 шт.
IEK,130301632_,"Колодка клеммная CTS-ML 3 ур. 2,5мм2 серая IEK",0.0,10.0,0.0,10.0,0.0,50.0,0.0,0,0.0,10.0,inf,LOW,LOW,STABLE,1.0,False,False,False,Прогноз спроса: 0 шт. Свободный остаток: 10 шт. В пути: 0 шт. Страховой запас: 0 шт. MOQ: 50 шт.
IEK,250600174_,ЩРН-П  6 модулей навесн. пластик IP41 GENERICA (20),0.8044690403700273,5.0,0.0,5.0,0.2857738033245003,,0.0,0,0.0,4.195530959629973,6.2152795808029815,LOW,LOW,STABLE,1.48895292987512,False,False,False,Прогноз спроса: 1 шт. Свободный остаток: 5 шт. В пути: 0 шт. Страховой запас: 0 шт.
IEK,030201017_,"Роз. 1-мест. с з/к с з/ш 16А IP44 б/рамки ""BRITE"" бежевый (1/100)",0.07754711576064781,33.0,0.0,33.0,0.038773557880323904,1.0,0.0,0,0.0,32.922452884239355,425.5477418638726,LOW,LOW,DECLINING,2.0327868852459017,False,False,False,Прогноз спроса: 0 шт. Свободный остаток: 33 шт. В пути: 0 шт. Страховой запас: 0 шт. MOQ: 1 шт. Наблюдается снижение спроса.
IEK,130200134_,"Шина ""N"" нулевая 2х 7 групп на DIN-рейку в корпусе  IEK (10)",53.970603789747834,83.0,60.0,143.0,16.86610259267584,10.0,0.0,0,0.0,89.02939621025217,2.6495905170355725,LOW,LOW,GROWING,0.8691588785046729,False,False,False,Прогноз спроса: 54 шт. Свободный остаток: 83 шт. В пути: 60 шт. Страховой запас: 17 шт. MOQ: 10 шт. Наблюдается рост спроса.
IEK,030200416_,"Рамка 2-мест. ""BRITE"" алюминий (1/100)",58.43214737804505,186.0,0.0,186.0,14.38949848558547,1.0,0.0,0,0.0,127.56785262195496,3.1831792659717744,LOW,LOW,STABLE,1.213496637848223,False,False,False,Прогноз спроса: 58 шт. Свободный остаток: 186 шт. В пути: 0 шт. Страховой запас: 14 шт. MOQ: 1 шт.
IEK,030200836_,"Рамка 1-мест. ""BRITE"" бежевый (1/100)",179.30508621861938,708.0,0.0,708.0,18.7079556383552,1.0,0.0,0,0.0,528.6949137813806,3.9485773378272406,LOW,LOW,GROWING,1.117155777039498,False,False,False,Прогноз спроса: 179 шт. Свободный остаток: 708 шт. В пути: 0 шт. Страховой запас: 19 шт. MOQ: 1 шт. Наблюдается рост спроса.
IEK,нов26740,Предохранитель ППНИ-33   (32А) IEK габарит 0 (72) !!!,0.0,0.0,0.0,0.0,0.0,,0.0,0,0.0,0.0,inf,LOW,LOW,STABLE,1.0,True,False,False,Прогноз спроса: 0 шт. Свободный остаток: 0 шт. В пути: 0 шт. Страховой запас: 0 шт. Есть сигнал предыдущего stockout.
IEK,280100431_,Угол внутренний КМВ 40х25 черный ЭЛЕКОР IEK (4шт/компл) ,4.594128328903395e-06,27.0,0.0,27.0,0.0,,0.0,0,0.0,26.999995405871672,5877067.000965735,LOW,LOW,STABLE,0.25,False,False,False,Прогноз спроса: 0 шт. Свободный остаток: 27 шт. В пути: 0 шт. Страховой запас: 0 шт.
IEK,280300083_, Лоток проволочный (50х80х3000) IEK (6),29.320986937960523,93.0,0.0,93.0,14.660493468980262,18.0,0.0,0,0.0,63.67901306203947,3.1717895511763015,LOW,LOW,DECLINING,1.7760416666666663,False,False,False,Прогноз спроса: 29 шт. Свободный остаток: 93 шт. В пути: 0 шт. Страховой запас: 15 шт. MOQ: 18 шт. Наблюдается снижение спроса.
IEK,081100759_,Светильник-ночник 002 овал розетка 220В IEK,0.5661439914422777,67.0,0.0,67.0,0.28307199572113884,1.0,0.0,0,0.0,66.43385600855773,118.34445125755806,LOW,LOW,STABLE,0.25,False,False,False,Прогноз спроса: 1 шт. Свободный остаток: 67 шт. В пути: 0 шт. Страховой запас: 0 шт. MOQ: 1 шт.
IEK,030200414_,"Роз. 2-я с з/к/ш 16А в сборе ""BRITE"" алюминий (1/100)",40.501725498503056,203.0,0.0,203.0,13.010242759713087,1.0,0.0,0,0.0,162.49827450149695,5.01213213761727,LOW,LOW,DECLINING,1.4884860362567367,False,False,False,Прогноз спроса: 41 шт. Свободный остаток: 203 шт. В пути: 0 шт. Страховой запас: 13 шт. MOQ: 1 шт. Наблюдается снижение спроса.
IEK,030200837_,"Рамка 2-мест. ""BRITE"" бежевый (1/100)",39.489549993225076,292.0,0.0,292.0,6.708384057779255,1.0,0.0,0,0.0,252.51045000677493,7.394361294319541,LOW,LOW,DECLINING,1.9134723788049608,False,False,False,Прогноз спроса: 39 шт. Свободный остаток: 292 шт. В пути: 0 шт. Страховой запас: 7 шт. MOQ: 1 шт. Наблюдается снижение спроса.
IEK,030200989_,"Роз. 2-я RJ11+RJ45 кат.5E б/рамки ""BRITE"" сталь (1/100)",0.01992113244048581,14.0,0.0,14.0,0.009960566220242904,1.0,0.0,0,0.0,13.980078867559515,702.7712928381388,LOW,LOW,DECLINING,4.0,False,False,False,Прогноз спроса: 0 шт. Свободный остаток: 14 шт. В пути: 0 шт. Страховой запас: 0 шт. MOQ: 1 шт. Наблюдается снижение спроса.
IEK,нов3370_,Расцепитель мин. напряжения РМ-250/400 (РМ-35/37) IEK (480) !!!,5.1572169706592244e-05,11.0,0.0,11.0,0.0,,0.0,0,0.0,10.999948427830294,213293.33364452026,LOW,LOW,STABLE,0.25,False,False,False,Прогноз спроса: 0 шт. Свободный остаток: 11 шт. В пути: 0 шт. Страховой запас: 0 шт.
IEK,130600247_,УПП SFB 3Ф 380В 11кВт 22A Uупр 110-220В Modbus ONI SFB-33-11-A-10 NEW,0.0,0.0,0.0,0.0,0.0,,0.0,0,0.0,0.0,inf,LOW,LOW,STABLE,0.25,True,False,False,Прогноз спроса: 0 шт. Свободный остаток: 0 шт. В пути: 0 шт. Страховой запас: 0 шт. Есть сигнал предыдущего stockout.
IEK,260100154_, Наконечник медно-луженный JG - 240  IEK (20),343.39984642674426,1012.0,600.0,1612.0,41.88707039966706,20.0,0.0,0,0.0,1268.6001535732557,4.694236228623008,LOW,LOW,STABLE,0.9530867221950023,False,False,False,Прогноз спроса: 343 шт. Свободный остаток: 1012 шт. В пути: 600 шт. Страховой запас: 42 шт. MOQ: 20 шт.
IEK,130600245_,УПП SFB 3Ф 380В 18кВт 37A Uупр 110-220В Modbus ONI SFB-33-18-A-10 NEW,4.603951353136094e-07,1.0,0.0,1.0,0.0,,0.0,0,0.0,0.9999995396048647,2172047.276995717,LOW,LOW,STABLE,0.25,False,False,False,Прогноз спроса: 0 шт. Свободный остаток: 1 шт. В пути: 0 шт. Страховой запас: 0 шт.
IEK,130301635_,"Колодка клеммная CP 2,5мм2 серая IEK",3.9394519690565617,239.0,0.0,239.0,1.9697259845282808,100.0,0.0,0,0.0,235.06054803094344,60.66833708782007,LOW,LOW,STABLE,0.25,False,True,False,Прогноз спроса: 4 шт. Свободный остаток: 239 шт. В пути: 0 шт. Страховой запас: 2 шт. MOQ: 100 шт. В истории обнаружена аномальная продажа.
IEK,010500160_,ВА47-29 (3ф)  32А GENERICA (4/48) !!!,0.0,2.0,0.0,2.0,0.0,,0.0,0,0.0,2.0,inf,LOW,LOW,STABLE,0.25,False,False,False,Прогноз спроса: 0 шт. Свободный остаток: 2 шт. В пути: 0 шт. Страховой запас: 0 шт.
IEK,130200131_,"Стабилизатор СНИ  0,5 кВА (1ф) IEK (1)",5.98359120812935e-07,1.0,0.0,1.0,0.0,,0.0,0,0.0,0.9999994016408792,1671237.1637978759,LOW,LOW,STABLE,0.25,False,False,False,Прогноз спроса: 0 шт. Свободный остаток: 1 шт. В пути: 0 шт. Страховой запас: 0 шт.
IEK,280100430_,Угол внутренний КМВ 25х16 черный ЭЛЕКОР IEK (4шт/компл) ,0.0,0.0,0.0,0.0,0.0,,0.0,0,0.0,0.0,inf,LOW,LOW,STABLE,0.25,True,False,False,Прогноз спроса: 0 шт. Свободный остаток: 0 шт. В пути: 0 шт. Страховой запас: 0 шт. Есть сигнал предыдущего stockout.
IEK,280300084_, Лоток проволочный (60х100х3000) IEK (6),65.78288103862398,0.0,180.0,180.0,29.799781878396352,18.0,0.0,0,0.0,114.21711896137602,2.7362741971473428,LOW,LOW,STABLE,1.7878836833602585,True,False,False,Прогноз спроса: 66 шт. Свободный остаток: 0 шт. В пути: 180 шт. Страховой запас: 30 шт. MOQ: 18 шт. Есть сигнал предыдущего stockout.
IEK,081100758_,Светильник-ночник 005 овал 220В IEK,0.17914410989252755,3.0,0.0,3.0,0.08957205494626377,1.0,0.0,0,0.0,2.8208558901074725,16.746294376073905,LOW,LOW,STABLE,0.25,False,False,False,Прогноз спроса: 0 шт. Свободный остаток: 3 шт. В пути: 0 шт. Страховой запас: 0 шт. MOQ: 1 шт.
IEK,030200415_,"Рамка 1-мест. ""BRITE"" алюминий (1/100)",225.60654517830704,1138.0,0.0,1138.0,31.962046503105285,1.0,0.0,0,0.0,912.393454821693,5.044179897797678,LOW,LOW,DECLINING,1.4295703839122489,False,False,False,Прогноз спроса: 226 шт. Свободный остаток: 1138 шт. В пути: 0 шт. Страховой запас: 32 шт. MOQ: 1 шт. Наблюдается снижение спроса.
IEK,130600248_,УПП SFB 3Ф 380В 11кВт 22A Uупр 110-220В ONI SFB-33-11-A-00 NEW,0.0,0.0,0.0,0.0,0.0,,0.0,0,0.0,0.0,inf,LOW,LOW,STABLE,0.25,True,False,False,Прогноз спроса: 0 шт. Свободный остаток: 0 шт. В пути: 0 шт. Страховой запас: 0 шт. Есть сигнал предыдущего stockout.
IEK,260100155_, Наконечник медно-луженный JG - 150  IEK (25),256.94909233033343,1174.0,900.0,2074.0,30.102933481085564,25.0,0.0,0,0.0,1817.0509076696667,8.071637775367847,LOW,LOW,GROWING,0.9542042042042042,False,False,False,Прогноз спроса: 257 шт. Свободный остаток: 1174 шт. В пути: 900 шт. Страховой запас: 30 шт. MOQ: 25 шт. Наблюдается рост спроса.
IEK,130301634_,"Колодка клеммная CP 1,5мм2 серая IEK",0.0,100.0,0.0,100.0,0.0,100.0,0.0,0,0.0,100.0,inf,LOW,LOW,STABLE,1.0,True,False,False,Прогноз спроса: 0 шт. Свободный остаток: 100 шт. В пути: 0 шт. Страховой запас: 0 шт. MOQ: 100 шт. Есть сигнал предыдущего stockout.
IEK,010500153_,ВА47-29 (2ф)  50А GENERICA (6/72) !!!,5.119547258990657e-06,50.0,0.0,50.0,0.0,,0.0,0,0.0,49.99999488045274,9766488.611310864,LOW,LOW,STABLE,0.25,False,False,False,Прогноз спроса: 0 шт. Свободный остаток: 50 шт. В пути: 0 шт. Страховой запас: 0 шт.
IEK,030200990_,"Роз. комп. RJ45 кат.6 б/рамки ""BRITE"" белый (1/100)",4.003655411649272,84.0,0.0,84.0,1.5282888034225268,1.0,0.0,0,0.0,79.99634458835072,20.980826610499154,LOW,LOW,GROWING,0.6549295774647887,False,False,False,Прогноз спроса: 4 шт. Свободный остаток: 84 шт. В пути: 0 шт. Страховой запас: 2 шт. MOQ: 1 шт. Наблюдается рост спроса.
IEK,030200409_,"Выкл 2-кл. 10А б/рамки ""BRITE"" алюминий (1/100)",34.864375496455274,190.0,0.0,190.0,6.2756473769644,1.0,0.0,0,0.0,155.13562450354473,5.449688895741662,LOW,LOW,DECLINING,0.8300240673886884,False,False,False,Прогноз спроса: 35 шт. Свободный остаток: 190 шт. В пути: 0 шт. Страховой запас: 6 шт. MOQ: 1 шт. Наблюдается снижение спроса.
IEK,030201034_," Рамка 1-мест. ""BRITE""  металл латунь RE  IEK  (1/100)",0.03442974794764483,20.0,0.0,20.0,0.017214873973822414,1.0,0.0,0,0.0,19.965570252052355,580.8930123570104,LOW,LOW,STABLE,0.25,False,False,False,Прогноз спроса: 0 шт. Свободный остаток: 20 шт. В пути: 0 шт. Страховой запас: 0 шт. MOQ: 1 шт.
IEK,130900006_, Переключатель ANCLR 22-3 (зеленый неон на 3 полож.) IEK (10/200),3.587164328123095,50.0,10.0,60.0,0.6036865908731084,10.0,0.0,0,0.0,56.412835671876906,16.726303707249922,LOW,LOW,STABLE,2.4166666666666665,False,False,False,Прогноз спроса: 4 шт. Свободный остаток: 50 шт. В пути: 10 шт. Страховой запас: 1 шт. MOQ: 10 шт.
IEK,MVA31-1-006-C, BA 47-60M (1ф)  6А 6кА С IEK !!!,0.0,214.0,0.0,214.0,0.0,,0.0,0,0.0,214.0,inf,LOW,LOW,STABLE,0.25,False,False,False,Прогноз спроса: 0 шт. Свободный остаток: 214 шт. В пути: 0 шт. Страховой запас: 0 шт.
IEK,010500053_,ВА47-29 (3ф)  3А IEK (4/48),0.1738678467759924,20.0,0.0,20.0,0.0869339233879962,4.0,0.0,0,0.0,19.82613215322401,115.02989408828172,LOW,LOW,STABLE,2.5699481865284977,False,False,False,Прогноз спроса: 0 шт. Свободный остаток: 20 шт. В пути: 0 шт. Страховой запас: 0 шт. MOQ: 4 шт.
IEK,030200820_,"Рамка 2-мест. ""BRITE"" темная бронза (1/100)",8.572891387336085,132.0,0.0,132.0,2.253811586328066,1.0,0.0,0,0.0,123.42710861266391,15.397372255875188,LOW,LOW,GROWING,2.3808,False,False,False,Прогноз спроса: 9 шт. Свободный остаток: 132 шт. В пути: 0 шт. Страховой запас: 2 шт. MOQ: 1 шт. Наблюдается рост спроса.
IEK,030200439_,"Роз. комп. RJ45 кат.5E б/рамки ""BRITE"" шампань (1/100)",14.52915060759544,75.0,0.0,75.0,3.3130046785357843,1.0,0.0,0,0.0,60.47084939240456,5.1620361042160345,LOW,LOW,GROWING,0.9484018264840184,False,False,False,Прогноз спроса: 15 шт. Свободный остаток: 75 шт. В пути: 0 шт. Страховой запас: 3 шт. MOQ: 1 шт. Наблюдается рост спроса.
IEK,150100494_, LED ДВО Опал 36w/2800lm 595x595x10 6500K IP20 IEK (драйвера приобретаются отдельно),0.0004852386116002093,17.0,0.0,17.0,0.00024261930580010466,,0.0,0,0.0,16.9995147613884,35034.31011793923,LOW,LOW,STABLE,0.25,False,False,False,Прогноз спроса: 0 шт. Свободный остаток: 17 шт. В пути: 0 шт. Страховой запас: 0 шт.
IEK,250600015_,Пост кноп (корпус) КП-104 (4 мест.бел.) IEK (10/50),1.055880084916426,18.0,0.0,18.0,0.2803643462829484,10.0,0.0,0,0.0,16.944119915083576,17.047390378069984,LOW,LOW,DECLINING,1.5,False,False,False,Прогноз спроса: 1 шт. Свободный остаток: 18 шт. В пути: 0 шт. Страховой запас: 0 шт. MOQ: 10 шт. Наблюдается снижение спроса.
IEK,081100718_,Лампа филаментная LED CT35 свеча вит. 5Вт 230В 4000К E27 серия 360° IEK,0.028029851987686694,4.0,0.0,4.0,0.014014925993843347,10.0,0.0,0,0.0,3.9719701480123133,142.7049990045317,LOW,LOW,STABLE,0.25,False,False,False,Прогноз спроса: 0 шт. Свободный остаток: 4 шт. В пути: 0 шт. Страховой запас: 0 шт. MOQ: 10 шт.
IEK,280100409_,Кабель-канал 15х10 черный ЭЛЕКОР IEK (144м),1.9495830342088418,142.0,0.0,142.0,0.9747915171044209,144.0,0.0,0,0.0,140.05041696579116,72.83608725987138,LOW,LOW,STABLE,0.3444444444444444,False,False,False,Прогноз спроса: 2 шт. Свободный остаток: 142 шт. В пути: 0 шт. Страховой запас: 1 шт. MOQ: 144 шт.
IEK,010500050_,ВА47-29 (3ф)  5А IEK (4/48) !!!,5.784288543048159e-05,5.0,0.0,5.0,0.0,,0.0,0,0.0,4.999942157114569,86441.05429369088,LOW,LOW,STABLE,4.0,False,False,False,Прогноз спроса: 0 шт. Свободный остаток: 5 шт. В пути: 0 шт. Страховой запас: 0 шт.
IEK,270300030_,"Трансформатор тока ТТИ-А  600\5А 5ВА кл.т.0,5 IEK (36) !!!",0.0,0.0,0.0,0.0,0.0,,0.0,0,0.0,0.0,inf,LOW,LOW,STABLE,0.25,True,False,False,Прогноз спроса: 0 шт. Свободный остаток: 0 шт. В пути: 0 шт. Страховой запас: 0 шт. Есть сигнал предыдущего stockout.
IEK,130301611_,Колодка клеммная CTS   4мм2 синяя IEK,7.346751370485626,87.0,0.0,87.0,2.5303491195221786,100.0,0.0,0,0.0,79.65324862951438,11.841968730493356,LOW,LOW,GROWING,0.25,False,False,False,Прогноз спроса: 7 шт. Свободный остаток: 87 шт. В пути: 0 шт. Страховой запас: 3 шт. MOQ: 100 шт. Наблюдается рост спроса.
IEK,030201063_," Рамка 1-мест. ""BRITE""  беж./шамп.  IEK  (1/100)",4.926071146590657e-06,42.0,0.0,42.0,0.0,1.0,0.0,0,0.0,41.99999507392885,8526064.433533056,LOW,LOW,STABLE,0.25,False,False,False,Прогноз спроса: 0 шт. Свободный остаток: 42 шт. В пути: 0 шт. Страховой запас: 0 шт. MOQ: 1 шт.
IEK,MVA20-3-013-C,"ВА47-29 (3ф) 13А 4,5кА С IEK !!!",0.0,0.0,0.0,0.0,0.0,,0.0,0,0.0,0.0,inf,LOW,LOW,STABLE,0.25,True,False,False,Прогноз спроса: 0 шт. Свободный остаток: 0 шт. В пути: 0 шт. Страховой запас: 0 шт. Есть сигнал предыдущего stockout.
IEK,150100666_, ТУТ 12/6 черная IEK (100),0.0,0.0,0.0,0.0,0.0,,0.0,0,0.0,0.0,inf,LOW,LOW,STABLE,0.25,True,False,False,Прогноз спроса: 0 шт. Свободный остаток: 0 шт. В пути: 0 шт. Страховой запас: 0 шт. Есть сигнал предыдущего stockout.
IEK,250600014_,Пост кноп (корпус) КП-103 (3 мест.бел.) IEK (10/100),6.66062733497089,65.0,0.0,65.0,2.478995092102165,10.0,0.0,0,0.0,58.33937266502911,9.758840531240152,LOW,LOW,DECLINING,0.25,False,False,False,Прогноз спроса: 7 шт. Свободный остаток: 65 шт. В пути: 0 шт. Страховой запас: 2 шт. MOQ: 10 шт. Наблюдается снижение спроса.
IEK,030200819_,"Рамка 1-мест. ""BRITE"" темная бронза (1/100)",47.24808608978375,251.0,0.0,251.0,14.093603750165068,1.0,0.0,0,0.0,203.75191391021625,5.31238449580866,LOW,LOW,GROWING,1.2013789824060863,False,False,False,Прогноз спроса: 47 шт. Свободный остаток: 251 шт. В пути: 0 шт. Страховой запас: 14 шт. MOQ: 1 шт. Наблюдается рост спроса.
IEK,010500048_,ВА47-29 (3ф)  6А IEK (4/48),29.76404466821627,160.0,48.0,208.0,2.997902044208048,4.0,0.0,0,0.0,178.23595533178374,6.988297535452706,LOW,LOW,STABLE,0.7096594081518705,False,False,False,Прогноз спроса: 30 шт. Свободный остаток: 160 шт. В пути: 48 шт. Страховой запас: 3 шт. MOQ: 4 шт.
IEK,130301612_,Колодка клеммная CTS   6мм2 серая IEK,2.1011928992801905,161.0,0.0,161.0,1.0505964496400952,100.0,0.0,0,0.0,158.8988071007198,76.62314110006467,LOW,LOW,STABLE,0.25,False,False,False,Прогноз спроса: 2 шт. Свободный остаток: 161 шт. В пути: 0 шт. Страховой запас: 1 шт. MOQ: 100 шт.
IEK,270300025_," Трансформатор тока ТТИ-40  400/5А  5ВА  класс 0,5  IEK",8.458749270441004,128.0,0.0,128.0,2.8232369129541084,1.0,0.0,0,0.0,119.541250729559,15.132260799749018,LOW,LOW,STABLE,1.086890243902439,False,False,False,Прогноз спроса: 8 шт. Свободный остаток: 128 шт. В пути: 0 шт. Страховой запас: 3 шт. MOQ: 1 шт.
IEK,250600020_,ЩРВ-П  4 IEK (20) MKP12-V-04-04-41,0.28263303787248834,9.0,0.0,9.0,0.0,20.0,0.0,0,0.0,8.717366962127512,31.84341104545749,LOW,LOW,STABLE,2.657142857142857,False,False,False,Прогноз спроса: 0 шт. Свободный остаток: 9 шт. В пути: 0 шт. Страховой запас: 0 шт. MOQ: 20 шт.
IEK,130900065_,"Кнопка AEA-22  (грибок, красный)  IEK  (10/200)",2.8603541236495724,35.0,0.0,35.0,1.4301770618247862,10.0,0.0,0,0.0,32.13964587635043,12.236247152273204,LOW,LOW,DECLINING,0.878186968838527,False,False,False,Прогноз спроса: 3 шт. Свободный остаток: 35 шт. В пути: 0 шт. Страховой запас: 1 шт. MOQ: 10 шт. Наблюдается снижение спроса.
IEK,010500068_,ВА47-29 (1ф)  3А IEK (12/144) ,6.723666380904477,36.0,12.0,48.0,2.7058116465612816,12.0,0.0,0,0.0,41.276333619095524,7.138962179373179,LOW,LOW,GROWING,1.1784582893347413,False,False,False,Прогноз спроса: 7 шт. Свободный остаток: 36 шт. В пути: 12 шт. Страховой запас: 3 шт. MOQ: 12 шт. Наблюдается рост спроса.
IEK,130200301_,"Датчик движения ДД 045 белый E27,до 60 Вт,дальность 6 м IP20 IEK  (50)",0.03046880173707155,9.0,0.0,9.0,0.0,,0.0,0,0.0,8.969531198262928,295.38411381139593,LOW,LOW,STABLE,0.25,False,False,False,Прогноз спроса: 0 шт. Свободный остаток: 9 шт. В пути: 0 шт. Страховой запас: 0 шт.
IEK,280100411_,Кабель-канал 25х25 черный ЭЛЕКОР IEK (32),0.09953103724260995,2.0,0.0,2.0,0.049765518621304974,32.0,0.0,0,0.0,1.90046896275739,20.094234476075425,LOW,LOW,STABLE,0.25,False,False,False,Прогноз спроса: 0 шт. Свободный остаток: 2 шт. В пути: 0 шт. Страховой запас: 0 шт. MOQ: 32 шт.
IEK,270300004_, Ящик  ЯТП(укп) 220/42 IEK (1),0.030037729440530243,1.0,0.0,1.0,0.015018864720265122,1.0,0.0,0,0.0,0.9699622705594697,33.291464389138845,LOW,LOW,STABLE,0.25,False,False,False,Прогноз спроса: 0 шт. Свободный остаток: 1 шт. В пути: 0 шт. Страховой запас: 0 шт. MOQ: 1 шт.
IEK,130301614_,Колодка клеммная CTS  10мм2 серая IEK,2.7078298007954076,103.0,0.0,103.0,1.3173521422408907,100.0,0.0,0,0.0,100.29217019920459,38.037841215036636,LOW,LOW,STABLE,0.25,False,False,False,Прогноз спроса: 3 шт. Свободный остаток: 103 шт. В пути: 0 шт. Страховой запас: 1 шт. MOQ: 100 шт.
IEK,130900030_,Кнопка AELA-22 (грибок красный неон) IEK (10/200),0.9295741260334032,20.0,0.0,20.0,0.4647870630167016,10.0,0.0,0,0.0,19.070425873966595,21.515228791212422,LOW,LOW,STABLE,0.8903394255874674,False,False,False,Прогноз спроса: 1 шт. Свободный остаток: 20 шт. В пути: 0 шт. Страховой запас: 0 шт. MOQ: 10 шт.
IEK,250600030_,Пост кноп (корпус) КП-101 (1 мест.бел.) IEK (10/100),43.60118695373303,433.0,0.0,433.0,13.920440606053626,10.0,0.0,0,0.0,389.398813046267,9.930922304006854,LOW,LOW,DECLINING,1.237936772046589,False,False,False,Прогноз спроса: 44 шт. Свободный остаток: 433 шт. В пути: 0 шт. Страховой запас: 14 шт. MOQ: 10 шт. Наблюдается снижение спроса.
IEK,081100720_,Лампа филаментная LED CT35 свеча вит. 7Вт 230В 3000К E27 серия 360° IEK,0.0,53.0,0.0,53.0,0.0,10.0,0.0,0,0.0,53.0,inf,LOW,LOW,STABLE,0.25,False,False,False,Прогноз спроса: 0 шт. Свободный остаток: 53 шт. В пути: 0 шт. Страховой запас: 0 шт. MOQ: 10 шт.
IEK,030200437_,"Выкл 2-кл. 10А б/рамки ""BRITE"" шампань (1/100)",60.87021418852029,162.0,0.0,162.0,7.3319918280550835,1.0,0.0,0,0.0,101.1297858114797,2.661400196461804,LOW,LOW,DECLINING,1.5278219395866457,False,False,False,Прогноз спроса: 61 шт. Свободный остаток: 162 шт. В пути: 0 шт. Страховой запас: 7 шт. MOQ: 1 шт. Наблюдается снижение спроса.
IEK,010500063_,ВА47-29 (4ф) 50A IEK (3/36),6.8542388620192956,16.0,0.0,16.0,1.321993444260094,3.0,0.0,0,0.0,9.145761137980704,2.334321917005138,LOW,LOW,GROWING,1.104109589041096,False,False,False,Прогноз спроса: 7 шт. Свободный остаток: 16 шт. В пути: 0 шт. Страховой запас: 1 шт. MOQ: 3 шт. Наблюдается рост спроса.
IEK,270300078_,Кабель-канал перфорированный  25х25 ИМПАКТ IEK (100),35.12391335320083,174.0,0.0,174.0,6.869279438194401,100.0,0.0,0,0.0,138.87608664679917,4.953889911134958,LOW,LOW,DECLINING,1.6011714589989352,False,False,False,Прогноз спроса: 35 шт. Свободный остаток: 174 шт. В пути: 0 шт. Страховой запас: 7 шт. MOQ: 100 шт. Наблюдается снижение спроса.
IEK,030201055_," Рамка 1-мест. ""BRITE""  беж./жемч.  IEK  (1/100)",5.183094562431908e-06,17.0,0.0,17.0,0.0,1.0,0.0,0,0.0,16.99999481690544,3279893.8539959034,LOW,LOW,STABLE,0.25,False,False,False,Прогноз спроса: 0 шт. Свободный остаток: 17 шт. В пути: 0 шт. Страховой запас: 0 шт. MOQ: 1 шт.
IEK,MVA31-3-025-B, BA 47-60M (3ф) 25А 6кА B IEK !!!,0.0,0.0,0.0,0.0,0.0,,0.0,0,0.0,0.0,inf,LOW,LOW,STABLE,4.0,True,False,False,Прогноз спроса: 0 шт. Свободный остаток: 0 шт. В пути: 0 шт. Страховой запас: 0 шт. Есть сигнал предыдущего stockout.
IEK,130900031_,Кнопка AELA-22 (грибок зеленый неон) IEK (10/200),0.1127579721266932,9.0,10.0,19.0,0.0563789860633466,10.0,0.0,0,0.0,18.887242027873306,168.50249824156006,LOW,LOW,STABLE,1.3478260869565215,False,False,False,Прогноз спроса: 0 шт. Свободный остаток: 9 шт. В пути: 10 шт. Страховой запас: 0 шт. MOQ: 10 шт.
IEK,250600021_,ЩРН-П  4 IEK (20) MKP12-N-04-04-41,8.024002866181252,85.0,0.0,85.0,1.5402651286926083,20.0,0.0,0,0.0,76.97599713381875,10.593216555074939,LOW,LOW,GROWING,0.8326728313518273,False,False,False,Прогноз спроса: 8 шт. Свободный остаток: 85 шт. В пути: 0 шт. Страховой запас: 2 шт. MOQ: 20 шт. Наблюдается рост спроса.
IEK,270300007_, Ящик  ЯТП(укп) 380/36 IEK (1),0.0,0.0,0.0,0.0,0.0,1.0,0.0,0,0.0,0.0,inf,LOW,LOW,STABLE,0.25,True,False,False,Прогноз спроса: 0 шт. Свободный остаток: 0 шт. В пути: 0 шт. Страховой запас: 0 шт. MOQ: 1 шт. Есть сигнал предыдущего stockout.
IEK,130301613_,Колодка клеммная CTS   6мм2 синяя IEK,2.0285693048157594,163.0,0.0,163.0,1.0142846524078797,100.0,0.0,0,0.0,160.97143069518424,80.35219679852355,LOW,LOW,STABLE,0.25,False,False,False,Прогноз спроса: 2 шт. Свободный остаток: 163 шт. В пути: 0 шт. Страховой запас: 1 шт. MOQ: 100 шт.
IEK,030200438_,"Выкл 2-кл. с инд. 10А б/рамки ""BRITE"" шампань (1/100)",0.4441670203999407,6.0,0.0,6.0,0.22208351019997036,1.0,0.0,0,0.0,5.555832979600059,13.508432018652416,LOW,LOW,GROWING,0.25,False,False,False,Прогноз спроса: 0 шт. Свободный остаток: 6 шт. В пути: 0 шт. Страховой запас: 0 шт. MOQ: 1 шт. Наблюдается рост спроса.
IEK,010500054_,ВА47-29 (1ф)  5А IEK (12/144) ,2.998063512791835,27.0,0.0,27.0,1.4990317563959175,12.0,0.0,0,0.0,24.001936487208166,9.005813214029365,LOW,LOW,GROWING,0.9807427785419532,False,False,False,Прогноз спроса: 3 шт. Свободный остаток: 27 шт. В пути: 0 шт. Страховой запас: 1 шт. MOQ: 12 шт. Наблюдается рост спроса.
IEK,081100719_,Лампа филаментная LED CT35 свеча вит. 7Вт 230В 3000К E14 серия 360° IEK,0.0,2.0,0.0,2.0,0.0,,0.0,0,0.0,2.0,inf,LOW,LOW,STABLE,0.2583333333333333,False,False,False,Прогноз спроса: 0 шт. Свободный остаток: 2 шт. В пути: 0 шт. Страховой запас: 0 шт.
IEK,130200302_,"Датчик движения ДД 401 белый,до 800 Вт,дальность 8 м IP20 IEK (50)",0.18310133681069102,1.0,0.0,1.0,0.0,1.0,0.0,0,0.0,0.8168986631893089,5.461456576004701,LOW,LOW,STABLE,0.25,False,False,False,Прогноз спроса: 0 шт. Свободный остаток: 1 шт. В пути: 0 шт. Страховой запас: 0 шт. MOQ: 1 шт.
IEK,280100410_,Кабель-канал 20х10 черный ЭЛЕКОР IEK (96м),2.6550375362909966,138.0,0.0,138.0,1.3275187681454983,96.0,0.0,0,0.0,135.344962463709,51.97666628577373,LOW,LOW,STABLE,1.0333333333333332,False,False,False,Прогноз спроса: 3 шт. Свободный остаток: 138 шт. В пути: 0 шт. Страховой запас: 1 шт. MOQ: 96 шт.
IEK,030200821_,"Рамка 3-мест. ""BRITE"" темная бронза (1/100)",5.716945026246968,31.0,0.0,31.0,1.738294183004322,1.0,0.0,0,0.0,25.283054973753032,5.4224764900967966,LOW,LOW,GROWING,1.3937984496124032,False,False,False,Прогноз спроса: 6 шт. Свободный остаток: 31 шт. В пути: 0 шт. Страховой запас: 2 шт. MOQ: 1 шт. Наблюдается рост спроса.
IEK,MVA31-3-063-B, BA 47-60M (3ф) 63А 6кА B IEK !!!,0.0,0.0,0.0,0.0,0.0,,0.0,0,0.0,0.0,inf,LOW,LOW,STABLE,0.25,True,False,False,Прогноз спроса: 0 шт. Свободный остаток: 0 шт. В пути: 0 шт. Страховой запас: 0 шт. Есть сигнал предыдущего stockout.
IEK,130301610_,Колодка клеммная CTS   4мм2 серая IEK,32.34019499477909,133.0,0.0,133.0,12.732698228053106,100.0,0.0,0,0.0,100.6598050052209,4.112529315963344,LOW,LOW,STABLE,0.4623415361670395,False,False,False,Прогноз спроса: 32 шт. Свободный остаток: 133 шт. В пути: 0 шт. Страховой запас: 13 шт. MOQ: 100 шт.
IEK,150100667_, ТУТ 20/10 желтая IEK (100),0.0,0.0,0.0,0.0,0.0,,0.0,0,0.0,0.0,inf,LOW,LOW,STABLE,0.25,True,False,False,Прогноз спроса: 0 шт. Свободный остаток: 0 шт. В пути: 0 шт. Страховой запас: 0 шт. Есть сигнал предыдущего stockout.
IEK,MPR10-1-050,Выключатель-разъединитель трехпозиционный ВРТ-63 1P 50А IEK,0.0,0.0,0.0,0.0,0.0,,0.0,0,0.0,0.0,inf,LOW,LOW,STABLE,0.25,True,False,False,Прогноз спроса: 0 шт. Свободный остаток: 0 шт. В пути: 0 шт. Страховой запас: 0 шт. Есть сигнал предыдущего stockout.
IEK,030200817_,"Роз. 2-я с з/к без з/ш 16А в сб. ""BRITE"" темная бронза (1/100)",5.636729024743635,44.0,0.0,44.0,2.8183645123718173,1.0,0.0,0,0.0,38.36327097525636,7.805945577098444,LOW,LOW,STABLE,1.3738636363636365,False,False,False,Прогноз спроса: 6 шт. Свободный остаток: 44 шт. В пути: 0 шт. Страховой запас: 3 шт. MOQ: 1 шт.
IEK,270300098_,"Трансформатор тока ТТИ-А   75/5А  5ВА  класс 0,5  IEK",0.0,4.0,0.0,4.0,0.0,1.0,0.0,0,0.0,4.0,inf,LOW,LOW,STABLE,0.25,False,False,False,Прогноз спроса: 0 шт. Свободный остаток: 4 шт. В пути: 0 шт. Страховой запас: 0 шт. MOQ: 1 шт.
IEK,150100853_, ТУТ 16/8  черная IEK (100),0.0,0.0,0.0,0.0,0.0,,0.0,0,0.0,0.0,inf,LOW,LOW,STABLE,0.25,True,False,False,Прогноз спроса: 0 шт. Свободный остаток: 0 шт. В пути: 0 шт. Страховой запас: 0 шт. Есть сигнал предыдущего stockout.
IEK,250600010_,ЩРН-П  6 IEK (20) MKP12-N-04-06-41,10.457925314426225,119.0,0.0,119.0,1.6954841982946987,20.0,0.0,0,0.0,108.54207468557378,11.378929990621083,LOW,LOW,DECLINING,0.9890222984562608,False,False,False,Прогноз спроса: 10 шт. Свободный остаток: 119 шт. В пути: 0 шт. Страховой запас: 2 шт. MOQ: 20 шт. Наблюдается снижение спроса.
IEK,130301608_,"Колодка клеммная CTS   2,5мм2 серая IEK",77.6929108153132,382.0,0.0,382.0,28.10741894945177,100.0,0.0,0,0.0,304.3070891846868,4.916793514250829,LOW,LOW,DECLINING,1.179930795847751,False,False,False,Прогноз спроса: 78 шт. Свободный остаток: 382 шт. В пути: 0 шт. Страховой запас: 28 шт. MOQ: 100 шт. Наблюдается снижение спроса.
IEK,010500042_,Выкл. нагрузки ВН-32 (3ф)  63А IEK (4/80),18.21995151209479,64.0,0.0,64.0,4.073279289057732,4.0,0.0,0,0.0,45.780048487905205,3.5126328386502808,LOW,LOW,DECLINING,1.8374259102455548,False,True,False,Прогноз спроса: 18 шт. Свободный остаток: 64 шт. В пути: 0 шт. Страховой запас: 4 шт. MOQ: 4 шт. В истории обнаружена аномальная продажа. Наблюдается снижение спроса.
IEK,130200343_,Кусачки боковые Expert 1000 В 160мм IEK,0.0,0.0,0.0,0.0,0.0,,0.0,0,0.0,0.0,inf,LOW,LOW,STABLE,0.25,True,False,False,Прогноз спроса: 0 шт. Свободный остаток: 0 шт. В пути: 0 шт. Страховой запас: 0 шт. Есть сигнал предыдущего stockout.
IEK,280100406_,Кабель-канал 40х16 ольха ЭЛЕКОР IEK (30),3.1444246400081073,256.0,0.0,256.0,1.5600213673750327,30.0,0.0,0,0.0,252.8555753599919,81.41394032561071,LOW,LOW,STABLE,0.25,False,True,False,Прогноз спроса: 3 шт. Свободный остаток: 256 шт. В пути: 0 шт. Страховой запас: 2 шт. MOQ: 30 шт. В истории обнаружена аномальная продажа.
IEK,030200444_,"Рамка 2-мест. ""BRITE"" шампань (1/100)",78.3672415599994,339.0,0.0,339.0,13.953401616332355,1.0,0.0,0,0.0,260.6327584400006,4.325787066786769,LOW,LOW,DECLINING,1.3948062769059852,False,False,False,Прогноз спроса: 78 шт. Свободный остаток: 339 шт. В пути: 0 шт. Страховой запас: 14 шт. MOQ: 1 шт. Наблюдается снижение спроса.
IEK,280300273_,Заглушка H80*150 IEK !!!,0.0,0.0,0.0,0.0,0.0,,0.0,0,0.0,0.0,inf,LOW,LOW,STABLE,0.25,True,False,False,Прогноз спроса: 0 шт. Свободный остаток: 0 шт. В пути: 0 шт. Страховой запас: 0 шт. Есть сигнал предыдущего stockout.
IEK,081100714_,Лампа филаментная LED C35 свеча прозр. 7Вт 230В 4000К E27 серия 360° IEK,5.525323731299496,16.0,0.0,16.0,2.3470016332901573,10.0,0.0,0,0.0,10.474676268700504,2.895757928058448,LOW,LOW,STABLE,0.25,True,False,False,Прогноз спроса: 6 шт. Свободный остаток: 16 шт. В пути: 0 шт. Страховой запас: 2 шт. MOQ: 10 шт. Есть сигнал предыдущего stockout.
IEK,030201067_," Рамка 1-мест. ""BRITE""  беж. рифленый  IEK  (1/100)",0.24350579704426137,33.0,0.0,33.0,0.12175289852213068,1.0,0.0,0,0.0,32.756494202955736,135.52038760704198,LOW,LOW,STABLE,0.25,False,False,False,Прогноз спроса: 0 шт. Свободный остаток: 33 шт. В пути: 0 шт. Страховой запас: 0 шт. MOQ: 1 шт.
IEK,130301263_,Устройство АВР модульное АВР-1 STANDARD 63А KARAT IEK (6) NEW,0.06118534584834932,2.0,0.0,2.0,0.03059267292417466,,0.0,0,0.0,1.9388146541516507,32.68756549905089,LOW,LOW,STABLE,0.96875,False,False,False,Прогноз спроса: 0 шт. Свободный остаток: 2 шт. В пути: 0 шт. Страховой запас: 0 шт.
IEK,010500041_,Выкл. нагрузки ВН-32 (3ф)  40А IEK (4/80),6.75738707459619,56.0,0.0,56.0,3.1590610419342435,4.0,0.0,0,0.0,49.24261292540381,8.287226909129881,LOW,LOW,STABLE,2.23240589198036,False,False,False,Прогноз спроса: 7 шт. Свободный остаток: 56 шт. В пути: 0 шт. Страховой запас: 3 шт. MOQ: 4 шт.
IEK,MNV10-3-125,Выкл. нагрузки ВН-32 (3ф) 125А IEK (4/80),0.0,1.0,0.0,1.0,0.0,,0.0,0,0.0,1.0,inf,LOW,LOW,DECLINING,0.25,False,False,False,Прогноз спроса: 0 шт. Свободный остаток: 1 шт. В пути: 0 шт. Страховой запас: 0 шт. Наблюдается снижение спроса.
IEK,250600009_,ЩРН-П 24 IEK (10) MKP12-N-04-24-41,16.56637496882435,70.0,20.0,90.0,2.069641675910708,10.0,0.0,0,0.0,73.43362503117565,5.432691229636398,LOW,LOW,DECLINING,1.2867924528301886,False,False,False,Прогноз спроса: 17 шт. Свободный остаток: 70 шт. В пути: 20 шт. Страховой запас: 2 шт. MOQ: 10 шт. Наблюдается снижение спроса.
IEK,030200816_,"Выкл 1-кл. прох. 10А б/рамки ""BRITE"" темная бронза (1/100)",1.2387113222290014,84.0,0.0,84.0,0.5715476066494094,1.0,0.0,0,0.0,82.76128867777099,67.81240995589356,LOW,LOW,STABLE,3.5894736842105264,False,False,False,Прогноз спроса: 1 шт. Свободный остаток: 84 шт. В пути: 0 шт. Страховой запас: 1 шт. MOQ: 1 шт.
IEK,030200445_,"Рамка 3-мест. ""BRITE"" шампань (1/100)",30.734175875632168,169.0,0.0,169.0,2.3103976930390147,1.0,0.0,0,0.0,138.26582412436784,5.498764654821702,LOW,LOW,STABLE,1.7818487394957985,False,False,False,Прогноз спроса: 31 шт. Свободный остаток: 169 шт. В пути: 0 шт. Страховой запас: 2 шт. MOQ: 1 шт.
IEK,010500040_,Выкл. нагрузки ВН-32 (3ф) 100А IEK (4/80),7.699259128672064,56.0,0.0,56.0,2.4591495820032305,4.0,0.0,0,0.0,48.30074087132794,7.273427100466828,LOW,LOW,STABLE,1.9747596153846156,False,False,False,Прогноз спроса: 8 шт. Свободный остаток: 56 шт. В пути: 0 шт. Страховой запас: 2 шт. MOQ: 4 шт.
IEK,030201066_," Рамка 1-мест. ""BRITE""  бел. рифленый  IEK  (1/100)",0.04330201551158885,15.0,0.0,15.0,0.021651007755794423,1.0,0.0,0,0.0,14.956697984488411,346.40419903746914,LOW,LOW,STABLE,0.25,False,False,False,Прогноз спроса: 0 шт. Свободный остаток: 15 шт. В пути: 0 шт. Страховой запас: 0 шт. MOQ: 1 шт.
IEK,081100715_,Лампа филаментная LED CT35 свеча вит. 5Вт 230В 3000К E14 серия 360° IEK,0.0,3.0,0.0,3.0,0.0,,0.0,0,0.0,3.0,inf,LOW,LOW,STABLE,0.25,False,False,False,Прогноз спроса: 0 шт. Свободный остаток: 3 шт. В пути: 0 шт. Страховой запас: 0 шт.
IEK,030200441_,"Роз. 2-я с з/к без з/ш 16А в сборе ""BRITE"" шампань (1/100)",60.031547644777326,394.0,0.0,394.0,17.94331816210889,1.0,0.0,0,0.0,333.96845235522267,6.563215766673268,LOW,LOW,DECLINING,1.220993403181995,False,False,False,Прогноз спроса: 60 шт. Свободный остаток: 394 шт. В пути: 0 шт. Страховой запас: 18 шт. MOQ: 1 шт. Наблюдается снижение спроса.
IEK,030201064_," Рамка 1-мест. ""BRITE""  алюм./алюм.  IEK  (1/100)",1.2926995474860386e-06,11.0,0.0,11.0,6.463497737430193e-07,1.0,0.0,0,0.0,10.999998707300453,8509324.553715605,LOW,LOW,STABLE,0.25,False,False,False,Прогноз спроса: 0 шт. Свободный остаток: 11 шт. В пути: 0 шт. Страховой запас: 0 шт. MOQ: 1 шт.
IEK,MVA20-1-D05-C,"KARAT Авт. выкл. ВА47-29 1P C 0,5А 4,5кА IEK",0.0,0.0,0.0,0.0,0.0,,0.0,0,0.0,0.0,inf,LOW,LOW,STABLE,1.0,True,False,False,Прогноз спроса: 0 шт. Свободный остаток: 0 шт. В пути: 0 шт. Страховой запас: 0 шт. Есть сигнал предыдущего stockout.
IEK,010500047_,ВА47-29 (3ф)  4А IEK (4/48),3.9198453249626857,9.0,0.0,9.0,1.4585666480029869,4.0,0.0,0,0.0,5.080154675037314,2.2960089630796015,LOW,LOW,GROWING,0.25,False,False,False,Прогноз спроса: 4 шт. Свободный остаток: 9 шт. В пути: 0 шт. Страховой запас: 1 шт. MOQ: 4 шт. Наблюдается рост спроса.
IEK,280100408_,Кабель-канал 12х12 черный ЭЛЕКОР IEK (120м),0.00023054396942148603,2.0,0.0,2.0,0.0,120.0,0.0,0,0.0,1.9997694560305785,8675.134747695576,LOW,LOW,STABLE,0.25,False,False,False,Прогноз спроса: 0 шт. Свободный остаток: 2 шт. В пути: 0 шт. Страховой запас: 0 шт. MOQ: 120 шт.
IEK,030200818_,"Роз. 2-я с з/к 16А в сб. ""BRITE"" темная бронза (1/100)",1.2409183666138024,12.0,0.0,12.0,0.6204591833069012,1.0,0.0,0,0.0,10.759081633386197,9.670257385862861,LOW,LOW,STABLE,1.0941176470588236,False,False,False,Прогноз спроса: 1 шт. Свободный остаток: 12 шт. В пути: 0 шт. Страховой запас: 1 шт. MOQ: 1 шт.
IEK,280300250_,Разделительная перегородка h 80 IEK,0.00537249214317473,112.0,0.0,112.0,0.002686246071587365,2.0,0.0,0,0.0,111.99462750785682,20846.936024333878,LOW,LOW,STABLE,1.1071428571428572,False,False,False,Прогноз спроса: 0 шт. Свободный остаток: 112 шт. В пути: 0 шт. Страховой запас: 0 шт. MOQ: 2 шт.
IEK,081100716_,Лампа филаментная LED CT35 свеча вит. 5Вт 230В 3000К E27 серия 360° IEK,0.0,0.0,0.0,0.0,0.0,,0.0,0,0.0,0.0,inf,LOW,LOW,STABLE,0.25,True,False,False,Прогноз спроса: 0 шт. Свободный остаток: 0 шт. В пути: 0 шт. Страховой запас: 0 шт. Есть сигнал предыдущего stockout.
IEK,150100720_, ТУТ 20/10 зеленая IEK (100),0.0,0.0,0.0,0.0,0.0,,0.0,0,0.0,0.0,inf,LOW,LOW,STABLE,0.25,True,False,False,Прогноз спроса: 0 шт. Свободный остаток: 0 шт. В пути: 0 шт. Страховой запас: 0 шт. Есть сигнал предыдущего stockout.
IEK,250600012_,ЩРН-П 36 IEK (5) MKP12-N-04-36-41,4.561969500911737,19.0,0.0,19.0,0.515186050535798,5.0,0.0,0,0.0,14.438030499088264,4.1648678265391155,LOW,LOW,GROWING,1.166939443535188,False,False,False,Прогноз спроса: 5 шт. Свободный остаток: 19 шт. В пути: 0 шт. Страховой запас: 1 шт. MOQ: 5 шт. Наблюдается рост спроса.
IEK,130200341_,Пассатижи Profi 180мм IEK,0.0,0.0,0.0,0.0,0.0,1.0,0.0,0,0.0,0.0,inf,LOW,LOW,STABLE,1.0,True,False,False,Прогноз спроса: 0 шт. Свободный остаток: 0 шт. В пути: 0 шт. Страховой запас: 0 шт. MOQ: 1 шт. Есть сигнал предыдущего stockout.
IEK,270300079_,Кабель-канал перфорированный  25х40 ИМПАКТ IEK (60),112.96261013877846,472.0,0.0,472.0,22.957438881547723,60.0,0.0,0,0.0,359.0373898612215,4.178373706309829,LOW,LOW,GROWING,1.164759231267545,False,False,False,Прогноз спроса: 113 шт. Свободный остаток: 472 шт. В пути: 0 шт. Страховой запас: 23 шт. MOQ: 60 шт. Наблюдается рост спроса.
IEK,010500046_,ВА47-29 (3ф)  2А IEK (4/48),2.8844500137916986,24.0,0.0,24.0,0.6036865908731237,4.0,0.0,0,0.0,21.1155499862083,8.320477000900167,LOW,LOW,STABLE,1.0494791666666667,False,False,False,Прогноз спроса: 3 шт. Свободный остаток: 24 шт. В пути: 0 шт. Страховой запас: 1 шт. MOQ: 4 шт.
IEK,030200442_,"Роз. 2-я с з/к/ш 16А в сборе ""BRITE"" шампань (1/100)",0.44535568358134925,1.0,0.0,1.0,0.22267784179067462,1.0,0.0,0,0.0,0.5546443164186508,2.245396290799416,LOW,LOW,STABLE,1.4030172413793105,False,False,False,Прогноз спроса: 0 шт. Свободный остаток: 1 шт. В пути: 0 шт. Страховой запас: 0 шт. MOQ: 1 шт.
IEK,130301609_,"Колодка клеммная CTS   2,5мм2 синяя IEK",5.845820849128351,141.0,0.0,141.0,2.9229104245641757,100.0,0.0,0,0.0,135.15417915087164,24.119794916572577,LOW,LOW,STABLE,1.5448504983388704,False,False,False,Прогноз спроса: 6 шт. Свободный остаток: 141 шт. В пути: 0 шт. Страховой запас: 3 шт. MOQ: 100 шт.
IEK,030201065_," Рамка 1-мест. ""BRITE""  хром/черн.  IEK  (1/100)",0.1690637368321397,25.0,0.0,25.0,0.08453186841606986,1.0,0.0,0,0.0,24.83093626316786,147.8732250241342,LOW,LOW,DECLINING,2.175438596491228,False,False,False,Прогноз спроса: 0 шт. Свободный остаток: 25 шт. В пути: 0 шт. Страховой запас: 0 шт. MOQ: 1 шт. Наблюдается снижение спроса.
IEK,MPR10-4-050,Выключатель-разъединитель трехпозиционный ВРТ-63 4P 50А IEK,0.0,0.0,0.0,0.0,0.0,,0.0,0,0.0,0.0,inf,LOW,LOW,STABLE,0.25,True,False,False,Прогноз спроса: 0 шт. Свободный остаток: 0 шт. В пути: 0 шт. Страховой запас: 0 шт. Есть сигнал предыдущего stockout.
IEK,130200342_,Пассатижи Profi 200мм IEK,0.0,0.0,0.0,0.0,0.0,,0.0,0,0.0,0.0,inf,LOW,LOW,STABLE,0.25,True,False,False,Прогноз спроса: 0 шт. Свободный остаток: 0 шт. В пути: 0 шт. Страховой запас: 0 шт. Есть сигнал предыдущего stockout.
IEK,280100407_,Кабель-канал 40х25 ольха ЭЛЕКОР IEK (18),2.3445478684728425,30.0,0.0,30.0,0.9648834126463172,18.0,0.0,0,0.0,27.655452131527156,12.795644057180613,LOW,LOW,DECLINING,2.25,False,True,False,Прогноз спроса: 2 шт. Свободный остаток: 30 шт. В пути: 0 шт. Страховой запас: 1 шт. MOQ: 18 шт. В истории обнаружена аномальная продажа. Наблюдается снижение спроса.
IEK,150100723_, ТУТ  8/4 черная IEK (100),0.5194704168562423,1.0,0.0,1.0,0.25973520842812114,,0.0,0,0.0,0.4805295831437577,1.9250374372651504,LOW,LOW,GROWING,1.8333333333333333,False,False,False,Прогноз спроса: 1 шт. Свободный остаток: 1 шт. В пути: 0 шт. Страховой запас: 0 шт. Наблюдается рост спроса.
IEK,250600011_,ЩРН-П  8 IEK (20) MKP12-N-04-08-41,11.508076431359566,125.0,0.0,125.0,1.7205861404370864,20.0,0.0,0,0.0,113.49192356864043,10.861936896714935,LOW,LOW,GROWING,1.8229794933655008,False,False,False,Прогноз спроса: 12 шт. Свободный остаток: 125 шт. В пути: 0 шт. Страховой запас: 2 шт. MOQ: 20 шт. Наблюдается рост спроса.
IEK,010500044_,ВА47-29 (1ф)  4А IEK (12/144) ,12.874428477739004,82.0,0.0,82.0,3.2507947746153656,12.0,0.0,0,0.0,69.125571522261,6.369214768778674,LOW,LOW,DECLINING,1.6878015161957272,False,True,False,Прогноз спроса: 13 шт. Свободный остаток: 82 шт. В пути: 0 шт. Страховой запас: 3 шт. MOQ: 12 шт. В истории обнаружена аномальная продажа. Наблюдается снижение спроса.
IEK,030200443_,"Рамка 1-мест. ""BRITE"" шампань (1/100)",269.74144551166194,1228.0,0.0,1228.0,41.61248310303045,1.0,0.0,0,0.0,958.2585544883381,4.552507671450544,LOW,LOW,DECLINING,1.4993872012606144,False,False,False,Прогноз спроса: 270 шт. Свободный остаток: 1228 шт. В пути: 0 шт. Страховой запас: 42 шт. MOQ: 1 шт. Наблюдается снижение спроса.
IEK,280300260_,Анкер стальной забивной М8,0.0,0.0,0.0,0.0,0.0,,0.0,0,0.0,0.0,inf,LOW,LOW,STABLE,1.0,True,False,False,Прогноз спроса: 0 шт. Свободный остаток: 0 шт. В пути: 0 шт. Страховой запас: 0 шт. Есть сигнал предыдущего stockout.
IEK,RRP10-4-10-220A-LED,Реле РЭК77/4(LY4) с индикацией 10А 230В AC IEK,0.0,0.0,0.0,0.0,0.0,,0.0,0,0.0,0.0,inf,LOW,LOW,STABLE,1.0,True,False,False,Прогноз спроса: 0 шт. Свободный остаток: 0 шт. В пути: 0 шт. Страховой запас: 0 шт. Есть сигнал предыдущего stockout.
IEK,030201054_," Рамка 3-мест. ""BRITE""  бел./бел.  IEK  (1/100)",4.401055227409757e-06,13.0,0.0,13.0,2.2005276137048784e-06,1.0,0.0,0,0.0,12.999995598944773,2953837.0523132826,LOW,LOW,STABLE,0.25,False,False,False,Прогноз спроса: 0 шт. Свободный остаток: 13 шт. В пути: 0 шт. Страховой запас: 0 шт. MOQ: 1 шт.
IEK,030200436_,"Выкл 1-кл. с инд. 10А б/рамки ""BRITE"" шампань (1/100)",0.4188810424670944,4.0,0.0,4.0,0.2094405212335472,1.0,0.0,0,0.0,3.5811189575329054,9.54925048992692,LOW,LOW,STABLE,0.25,False,True,False,Прогноз спроса: 0 шт. Свободный остаток: 4 шт. В пути: 0 шт. Страховой запас: 0 шт. MOQ: 1 шт. В истории обнаружена аномальная продажа.
IEK,130200285_,Пассатижи Expert 200мм IEK,0.0,0.0,0.0,0.0,0.0,,0.0,0,0.0,0.0,inf,LOW,LOW,STABLE,0.25,True,False,False,Прогноз спроса: 0 шт. Свободный остаток: 0 шт. В пути: 0 шт. Страховой запас: 0 шт. Есть сигнал предыдущего stockout.
IEK,130900009_,Кнопка ANE-22 (грибок с фиксац.красн.неон) IEK (10/200),9.112259205383303,92.0,0.0,92.0,1.0244103995307305,10.0,0.0,0,0.0,82.88774079461669,10.0962887387629,LOW,LOW,STABLE,0.7547826086956523,False,False,False,Прогноз спроса: 9 шт. Свободный остаток: 92 шт. В пути: 0 шт. Страховой запас: 1 шт. MOQ: 10 шт.
IEK,250600057_,ЩМП-5 IP65 GARANT (1000х650х275) IEK,0.0,0.0,0.0,0.0,0.0,,0.0,0,0.0,0.0,inf,LOW,LOW,STABLE,0.25,True,False,False,Прогноз спроса: 0 шт. Свободный остаток: 0 шт. В пути: 0 шт. Страховой запас: 0 шт. Есть сигнал предыдущего stockout.
IEK,280300179_,Распределительная коробка с/у для полых стен г/к  80х40 IP20 КМ41024 IEK (175),3.4207659832726405,77.0,0.0,77.0,1.7103829916363202,175.0,0.0,0,0.0,73.57923401672736,22.509578374120245,LOW,LOW,DECLINING,0.49860810392824,False,False,False,Прогноз спроса: 3 шт. Свободный остаток: 77 шт. В пути: 0 шт. Страховой запас: 2 шт. MOQ: 175 шт. Наблюдается снижение спроса.
IEK,081100744_,Лампа LED T75 таблетка 6Вт 230В 6500К GX53 IEK,5.3597546452951494,29.0,0.0,29.0,1.6515649144573978,10.0,0.0,0,0.0,23.640245354704852,5.410695436489152,LOW,LOW,GROWING,2.004731861198738,False,False,False,Прогноз спроса: 5 шт. Свободный остаток: 29 шт. В пути: 0 шт. Страховой запас: 2 шт. MOQ: 10 шт. Наблюдается рост спроса.
IEK,010500101_,Выкл. нагрузки ВН-32 (3ф)  25А IEK (4/80) !!!,0.0060895060362499516,9.0,0.0,9.0,0.0,,0.0,0,0.0,8.99391049396375,1477.9523899679707,LOW,LOW,STABLE,0.25,True,True,False,Прогноз спроса: 0 шт. Свободный остаток: 9 шт. В пути: 0 шт. Страховой запас: 0 шт. Есть сигнал предыдущего stockout. В истории обнаружена аномальная продажа.
IEK,030200430_,"Рамка 2-мест. ""BRITE"" жемчуг (1/100)",26.87653972876772,206.0,0.0,206.0,7.263659545986459,1.0,0.0,0,0.0,179.1234602712323,7.664677152598804,LOW,LOW,DECLINING,1.290958904109589,False,False,False,Прогноз спроса: 27 шт. Свободный остаток: 206 шт. В пути: 0 шт. Страховой запас: 7 шт. MOQ: 1 шт. Наблюдается снижение спроса.
IEK,030200826_,"Роз. HDMI б/рамки ""BRITE"" темная бронза (1/100)",0.0,39.0,0.0,39.0,0.0,1.0,0.0,0,0.0,39.0,inf,LOW,LOW,STABLE,0.25,False,False,False,Прогноз спроса: 0 шт. Свободный остаток: 39 шт. В пути: 0 шт. Страховой запас: 0 шт. MOQ: 1 шт.
IEK,270200130_,Предохранитель ППНИ-33   (32А) габарит 00 IEK (3/90)  !!!,0.0,0.0,0.0,0.0,0.0,,0.0,0,0.0,0.0,inf,LOW,LOW,STABLE,1.0,True,False,False,Прогноз спроса: 0 шт. Свободный остаток: 0 шт. В пути: 0 шт. Страховой запас: 0 шт. Есть сигнал предыдущего stockout.
IEK,130301620_,Колодка клеммная CTS  35мм2 серая IEK,0.6569597849851045,14.0,0.0,14.0,0.3284798924925523,50.0,0.0,0,0.0,13.343040215014895,21.31028461706743,LOW,LOW,STABLE,0.25,False,True,False,Прогноз спроса: 1 шт. Свободный остаток: 14 шт. В пути: 0 шт. Страховой запас: 0 шт. MOQ: 50 шт. В истории обнаружена аномальная продажа.
IEK,030201037_," Рамка 4-мест. ""BRITE""  металл латунь RE  IEK  (1/50)",2.568178833901984e-07,7.0,0.0,7.0,0.0,1.0,0.0,0,0.0,6.999999743182117,27256668.84094863,LOW,LOW,STABLE,1.0,False,False,False,Прогноз спроса: 0 шт. Свободный остаток: 7 шт. В пути: 0 шт. Страховой запас: 0 шт. MOQ: 1 шт.
IEK,ORT-ST-ACDC12-240V,Реле пуска звезда-треугольник ORT 12-230В AC/DC IEK,0.0,0.0,0.0,0.0,0.0,,0.0,0,0.0,0.0,inf,LOW,LOW,STABLE,0.25,True,False,False,Прогноз спроса: 0 шт. Свободный остаток: 0 шт. В пути: 0 шт. Страховой запас: 0 шт. Есть сигнал предыдущего stockout.
IEK,130900010_,Переключатель ANC-22-2 (красный неон на 2 полож)  IEK (10/200),0.16017611952534852,29.0,0.0,29.0,0.08008805976267426,10.0,0.0,0,0.0,28.83982388047465,181.05070896920208,LOW,LOW,STABLE,0.3387978142076502,False,False,False,Прогноз спроса: 0 шт. Свободный остаток: 29 шт. В пути: 0 шт. Страховой запас: 0 шт. MOQ: 10 шт.
IEK,250600056_,ЩМП-4 IP65 GARANT (800х650х250) IEK,0.0,0.0,0.0,0.0,0.0,,0.0,0,0.0,0.0,inf,LOW,LOW,STABLE,0.25,True,False,False,Прогноз спроса: 0 шт. Свободный остаток: 0 шт. В пути: 0 шт. Страховой запас: 0 шт. Есть сигнал предыдущего stockout.
IEK,280100415_,Кабель-канал 60х60 черный ЭЛЕКОР IEK (12),0.010478044075939625,12.0,0.0,12.0,0.0052390220379698125,12.0,0.0,0,0.0,11.98952195592406,1145.25191085569,LOW,LOW,STABLE,0.25,False,False,False,Прогноз спроса: 0 шт. Свободный остаток: 12 шт. В пути: 0 шт. Страховой запас: 0 шт. MOQ: 12 шт.
IEK,010500095_,ВА47-29 (4ф) 63А IEK (3/36),21.13517878644578,37.0,0.0,37.0,5.620379583859675,3.0,0.0,0,0.0,15.864821213554219,1.7506357705253244,LOW,LOW,GROWING,0.25,False,False,False,Прогноз спроса: 21 шт. Свободный остаток: 37 шт. В пути: 0 шт. Страховой запас: 6 шт. MOQ: 3 шт. Наблюдается рост спроса.
IEK,030200431_,"Рамка 3-мест. ""BRITE"" жемчуг (1/100)",14.580841621683286,69.0,0.0,69.0,3.7825917041097514,1.0,0.0,0,0.0,54.419158378316716,4.73223712253959,LOW,LOW,DECLINING,1.7343934040047115,False,False,False,Прогноз спроса: 15 шт. Свободный остаток: 69 шт. В пути: 0 шт. Страховой запас: 4 шт. MOQ: 1 шт. Наблюдается снижение спроса.
IEK,081100743_,Лампа LED T75 таблетка 6Вт 230В 4000К GX53 IEK,0.1267522580944315,1.0,0.0,1.0,0.06337612904721575,10.0,0.0,0,0.0,0.8732477419055685,7.889405798632728,LOW,LOW,STABLE,0.4740061162079511,False,False,False,Прогноз спроса: 0 шт. Свободный остаток: 1 шт. В пути: 0 шт. Страховой запас: 0 шт. MOQ: 10 шт.
IEK,270200142_,Предохранитель ППНИ-33   (80А) габарит 00 IEK (3/90) !!!,0.0,7.0,0.0,7.0,0.0,,0.0,0,0.0,7.0,inf,LOW,LOW,STABLE,0.25,False,False,False,Прогноз спроса: 0 шт. Свободный остаток: 7 шт. В пути: 0 шт. Страховой запас: 0 шт.
IEK,130900012_, Переключатель ANC-22-2 (зеленый неон на 2 полож)  IEK (10/200),9.943694661780546,130.0,0.0,130.0,2.8261280933460897,10.0,0.0,0,0.0,120.05630533821946,13.07361141122588,LOW,LOW,DECLINING,1.156384505021521,False,False,False,Прогноз спроса: 10 шт. Свободный остаток: 130 шт. В пути: 0 шт. Страховой запас: 3 шт. MOQ: 10 шт. Наблюдается снижение спроса.
IEK,PLR-S-CPU-1410,Логическое реле PLR-S. CPU1410 серии ONI,0.0,0.0,0.0,0.0,0.0,,0.0,0,0.0,0.0,inf,LOW,LOW,STABLE,0.25,True,False,False,Прогноз спроса: 0 шт. Свободный остаток: 0 шт. В пути: 0 шт. Страховой запас: 0 шт. Есть сигнал предыдущего stockout.
IEK,030201036_," Рамка 3-мест. ""BRITE""  металл латунь RE  IEK  (1/50)",4.7233032233103525e-06,13.0,0.0,13.0,0.0,1.0,0.0,0,0.0,12.999995276696776,2752311.1232500714,LOW,LOW,STABLE,0.25,False,False,False,Прогноз спроса: 0 шт. Свободный остаток: 13 шт. В пути: 0 шт. Страховой запас: 0 шт. MOQ: 1 шт.
IEK,130301621_,Колодка клеммная CTS с шестигранником 35мм2 серая IEK,0.0,71.0,0.0,71.0,0.0,50.0,0.0,0,0.0,71.0,inf,LOW,LOW,STABLE,4.0,False,False,False,Прогноз спроса: 0 шт. Свободный остаток: 71 шт. В пути: 0 шт. Страховой запас: 0 шт. MOQ: 50 шт.
IEK,270200129_,Предохранитель ППНИ-33   (25А) габарит 00 IEK (3/90) !!!,0.0,47.0,0.0,47.0,0.0,,0.0,0,0.0,47.0,inf,LOW,LOW,STABLE,0.25,False,False,False,Прогноз спроса: 0 шт. Свободный остаток: 47 шт. В пути: 0 шт. Страховой запас: 0 шт.
IEK,250600063_,ЩМП-3 IP 31 (650х500х150) LIGHT IEK !,0.0,0.0,0.0,0.0,0.0,,0.0,0,0.0,0.0,inf,LOW,LOW,DECLINING,0.25,True,False,False,Прогноз спроса: 0 шт. Свободный остаток: 0 шт. В пути: 0 шт. Страховой запас: 0 шт. Есть сигнал предыдущего stockout. Наблюдается снижение спроса.
IEK,270200063_,Предохранитель ППНИ-35  (250А) габарит 1 IEK (3/48),0.604460082974728,11.0,0.0,11.0,0.302230041487364,,0.0,0,0.0,10.395539917025271,18.19805858124779,LOW,LOW,STABLE,1.0689655172413792,False,False,False,Прогноз спроса: 1 шт. Свободный остаток: 11 шт. В пути: 0 шт. Страховой запас: 0 шт.
IEK,130301623_,Колодка клеммная CTS  70мм2 серая IEK,0.0,81.0,0.0,81.0,0.0,20.0,0.0,0,0.0,81.0,inf,LOW,LOW,DECLINING,0.25,False,False,False,Прогноз спроса: 0 шт. Свободный остаток: 81 шт. В пути: 0 шт. Страховой запас: 0 шт. MOQ: 20 шт. Наблюдается снижение спроса.
IEK,081100746_,Лампа LED T75 таблетка 10Вт 230В 6500К GX53 IEK,17.564226127215935,48.0,0.0,48.0,1.3021536647671814,10.0,0.0,0,0.0,30.435773872784065,2.7328274899412475,LOW,LOW,GROWING,0.2974169741697416,False,True,False,Прогноз спроса: 18 шт. Свободный остаток: 48 шт. В пути: 0 шт. Страховой запас: 1 шт. MOQ: 10 шт. В истории обнаружена аномальная продажа. Наблюдается рост спроса.
IEK,010500111_,Выкл. нагрузки ВН-32 (3ф)  20А IEK (4/80),3.5129055842783408,78.0,0.0,78.0,1.1012492905786586,4.0,0.0,0,0.0,74.48709441572166,22.20384184222919,LOW,LOW,GROWING,0.25,False,False,False,Прогноз спроса: 4 шт. Свободный остаток: 78 шт. В пути: 0 шт. Страховой запас: 1 шт. MOQ: 4 шт. Наблюдается рост спроса.
IEK,030200828_,"Выкл 1-кл. 10А б/рамки ""BRITE"" бежевый (1/100)",55.45412233098201,317.0,0.0,317.0,5.97021077238205,1.0,0.0,0,0.0,261.545877669018,5.716437059592471,LOW,LOW,STABLE,2.146266540642722,False,False,False,Прогноз спроса: 55 шт. Свободный остаток: 317 шт. В пути: 0 шт. Страховой запас: 6 шт. MOQ: 1 шт.
IEK,030200428_,"Роз. с з/к/ш 16А б/рамки ""BRITE"" жемчуг (1/100)",11.27223942839227,226.0,0.0,226.0,5.636119714196135,1.0,0.0,0,0.0,214.72776057160772,20.049254758620204,LOW,LOW,STABLE,1.5725434551259312,False,False,False,Прогноз спроса: 11 шт. Свободный остаток: 226 шт. В пути: 0 шт. Страховой запас: 6 шт. MOQ: 1 шт.
IEK,130900007_, Переключатель ANCLR 22-3 (красный неон на 3 полож.) IEK (10/200),0.055679030971699704,4.0,0.0,4.0,0.027839515485849852,10.0,0.0,0,0.0,3.9443209690283,71.84033073479857,LOW,LOW,STABLE,0.25,False,False,False,Прогноз спроса: 0 шт. Свободный остаток: 4 шт. В пути: 0 шт. Страховой запас: 0 шт. MOQ: 10 шт.
IEK,250600059_,ЩМП-7 IP65 GARANT (1400х650х275) IEK,0.0,0.0,0.0,0.0,0.0,,0.0,0,0.0,0.0,inf,LOW,LOW,STABLE,0.25,True,False,False,Прогноз спроса: 0 шт. Свободный остаток: 0 шт. В пути: 0 шт. Страховой запас: 0 шт. Есть сигнал предыдущего stockout.
IEK,270200101_,Предохранитель ППНИ-33   (40А) IEK габарит 0 (72) !!!,0.0,0.0,0.0,0.0,0.0,,0.0,0,0.0,0.0,inf,LOW,LOW,STABLE,0.25,True,False,False,Прогноз спроса: 0 шт. Свободный остаток: 0 шт. В пути: 0 шт. Страховой запас: 0 шт. Есть сигнал предыдущего stockout.
IEK,030201035_," Рамка 2-мест. ""BRITE""  металл латунь RE  IEK  (1/100)",0.0,12.0,0.0,12.0,0.0,1.0,0.0,0,0.0,12.0,inf,LOW,LOW,STABLE,0.25,False,False,False,Прогноз спроса: 0 шт. Свободный остаток: 12 шт. В пути: 0 шт. Страховой запас: 0 шт. MOQ: 1 шт.
IEK,010500094_,ВА47-29 (4ф) 40А IEK (3/36),11.862596594501415,32.0,15.0,47.0,1.9757698921348783,3.0,0.0,0,0.0,35.13740340549859,3.962033069706305,LOW,LOW,GROWING,0.8362235067437379,False,False,False,Прогноз спроса: 12 шт. Свободный остаток: 32 шт. В пути: 15 шт. Страховой запас: 2 шт. MOQ: 3 шт. Наблюдается рост спроса.
IEK,130301622_,Колодка клеммная CTS  35мм2 синяя IEK,0.0,29.0,0.0,29.0,0.0,50.0,0.0,0,0.0,29.0,inf,LOW,LOW,STABLE,0.775,False,False,False,Прогноз спроса: 0 шт. Свободный остаток: 29 шт. В пути: 0 шт. Страховой запас: 0 шт. MOQ: 50 шт.
IEK,010500103_,ВА47-29 (2ф)  6А IEK (6/72) ,41.736188396908815,61.0,480.0,541.0,4.585756934974512,6.0,0.0,0,0.0,499.2638116030912,12.962372003286939,LOW,LOW,DECLINING,1.3164258330875849,False,True,False,Прогноз спроса: 42 шт. Свободный остаток: 61 шт. В пути: 480 шт. Страховой запас: 5 шт. MOQ: 6 шт. В истории обнаружена аномальная продажа. Наблюдается снижение спроса.
IEK,130200185_,Мультиметр цифровой Master MAS830L IEK (40),2.746875429608389,11.0,0.0,11.0,1.110480376533807,1.0,0.0,0,0.0,8.253124570391611,4.0045499994035865,LOW,LOW,STABLE,1.4090909090909092,False,False,False,Прогноз спроса: 3 шт. Свободный остаток: 11 шт. В пути: 0 шт. Страховой запас: 1 шт. MOQ: 1 шт.
IEK,PLR-S-CPU-1410R-AC-B,Логическое реле PLR-S. CPU1410(R) 220В AC с экраном ONI,0.0,0.0,0.0,0.0,0.0,,0.0,0,0.0,0.0,inf,LOW,LOW,STABLE,0.25,True,False,False,Прогноз спроса: 0 шт. Свободный остаток: 0 шт. В пути: 0 шт. Страховой запас: 0 шт. Есть сигнал предыдущего stockout.
IEK,280100416_,Кабель-канал 80х40 черный ЭЛЕКОР IEK (10),0.9752376115974072,20.0,0.0,20.0,0.4876188057987036,10.0,0.0,0,0.0,19.024762388402593,20.507822670252285,LOW,LOW,STABLE,2.0,False,False,False,Прогноз спроса: 1 шт. Свободный остаток: 20 шт. В пути: 0 шт. Страховой запас: 0 шт. MOQ: 10 шт.
IEK,280300147_,I13 роз. комп КВАРТА РК10-КБ (200),0.08864248275407464,15.0,0.0,15.0,0.04432124137703732,10.0,0.0,0,0.0,14.911357517245925,169.21908698806715,LOW,LOW,DECLINING,1.1341463414634148,False,False,False,Прогноз спроса: 0 шт. Свободный остаток: 15 шт. В пути: 0 шт. Страховой запас: 0 шт. MOQ: 10 шт. Наблюдается снижение спроса.
IEK,081100745_,Лампа LED T75 таблетка 10Вт 230В 4000К GX53 IEK,157.64945975526555,457.0,0.0,457.0,29.12930940936753,10.0,0.0,0,0.0,299.3505402447345,2.8988364483420694,LOW,LOW,GROWING,0.5682563338301043,False,False,False,Прогноз спроса: 158 шт. Свободный остаток: 457 шт. В пути: 0 шт. Страховой запас: 29 шт. MOQ: 10 шт. Наблюдается рост спроса.
IEK,030200827_,"Роз. с з/к/ш 16А б/рамки ""BRITE"" бежевый (1/100)",127.83548675257347,610.0,0.0,610.0,16.482640489314814,1.0,0.0,0,0.0,482.1645132474265,4.77175794840645,LOW,LOW,STABLE,1.2561505065123009,False,False,False,Прогноз спроса: 128 шт. Свободный остаток: 610 шт. В пути: 0 шт. Страховой запас: 16 шт. MOQ: 1 шт.
IEK,130900008_,Кнопка ALCLR-22 (черный.на 3 полож) IEK (10/200),3.84396602804756,61.0,10.0,71.0,1.92198301402378,10.0,0.0,0,0.0,67.15603397195244,18.470506628296754,LOW,LOW,DECLINING,1.688715953307393,False,False,False,Прогноз спроса: 4 шт. Свободный остаток: 61 шт. В пути: 10 шт. Страховой запас: 2 шт. MOQ: 10 шт. Наблюдается снижение спроса.
IEK,030200429_,"Рамка 1-мест. ""BRITE"" жемчуг (1/100)",92.675370720249,486.0,0.0,486.0,18.81652863840716,1.0,0.0,0,0.0,393.324629279751,5.244111744284741,LOW,LOW,DECLINING,2.141789791806582,False,False,False,Прогноз спроса: 93 шт. Свободный остаток: 486 шт. В пути: 0 шт. Страховой запас: 19 шт. MOQ: 1 шт. Наблюдается снижение спроса.
IEK,010500102_,Выкл. нагрузки ВН-32 (3ф)  32А IEK (4/80),20.971792396266665,75.0,0.0,75.0,4.987960505056151,4.0,0.0,0,0.0,54.028207603733335,3.5762322353215397,LOW,LOW,DECLINING,1.5807365439093486,False,False,False,Прогноз спроса: 21 шт. Свободный остаток: 75 шт. В пути: 0 шт. Страховой запас: 5 шт. MOQ: 4 шт. Наблюдается снижение спроса.
IEK,030200825_,"Роз. TV окон б/рамки ""BRITE"" темная бронза (1/100)",0.41447304297272997,93.0,0.0,93.0,0.14288690166235204,1.0,0.0,0,0.0,92.58552695702727,224.3812995242706,LOW,LOW,STABLE,4.0,False,False,False,Прогноз спроса: 0 шт. Свободный остаток: 93 шт. В пути: 0 шт. Страховой запас: 0 шт. MOQ: 1 шт.
IEK,ORL-02-ACDC24-240V,Реле контроля уровня ORL-02 24-240В AC/DC IEK !!!,0.0,0.0,0.0,0.0,0.0,,0.0,0,0.0,0.0,inf,LOW,LOW,STABLE,0.25,True,False,False,Прогноз спроса: 0 шт. Свободный остаток: 0 шт. В пути: 0 шт. Страховой запас: 0 шт. Есть сигнал предыдущего stockout.
IEK,130900017_,Кнопка AEAL-22 (грибок с фиксац.красн) IEK (10/200),11.207881100075047,167.0,0.0,167.0,3.5274548189877906,10.0,0.0,0,0.0,155.79211889992496,14.90022944648135,LOW,LOW,DECLINING,0.3819301848049281,False,False,False,Прогноз спроса: 11 шт. Свободный остаток: 167 шт. В пути: 0 шт. Страховой запас: 4 шт. MOQ: 10 шт. Наблюдается снижение спроса.
IEK,250600041_,ЩУРн-П 3/8 IP55 (365х225х120) IEK,3.4761577003201674,16.0,0.0,16.0,0.6792765759737888,1.0,0.0,0,0.0,12.523842299679833,4.602783124173664,LOW,LOW,GROWING,0.9419889502762432,False,False,False,Прогноз спроса: 3 шт. Свободный остаток: 16 шт. В пути: 0 шт. Страховой запас: 1 шт. MOQ: 1 шт. Наблюдается рост спроса.
IEK,030200823_,"Выкл 2-кл. прох. 10А б/рамки ""BRITE"" темная бронза (1/100)",0.40683258015794993,33.0,0.0,33.0,0.20341629007897497,1.0,0.0,0,0.0,32.59316741984205,81.11444758723104,LOW,LOW,STABLE,2.0666666666666664,False,False,False,Прогноз спроса: 0 шт. Свободный остаток: 33 шт. В пути: 0 шт. Страховой запас: 0 шт. MOQ: 1 шт.
IEK,270300002_, Ящик  ЯТП(укп) 220/24 IEK  (1),0.35045462260111504,4.0,0.0,4.0,0.17522731130055752,1.0,0.0,0,0.0,3.649545377398885,11.413745866188135,LOW,LOW,STABLE,0.25,False,False,False,Прогноз спроса: 0 шт. Свободный остаток: 4 шт. В пути: 0 шт. Страховой запас: 0 шт. MOQ: 1 шт.
IEK,130301616_,Колодка клеммная CTS  16мм2 серая IEK,2.2358316764666375,102.0,0.0,102.0,0.758781918603759,50.0,0.0,0,0.0,99.76416832353337,45.62060779154634,LOW,LOW,DECLINING,4.0,False,False,False,Прогноз спроса: 2 шт. Свободный остаток: 102 шт. В пути: 0 шт. Страховой запас: 1 шт. MOQ: 50 шт. Наблюдается снижение спроса.
IEK,280300229_, I7  роз. 2-я с/у  10А КВАРТА РС 12-2-КБ (180),6.832848075819037,49.0,0.0,49.0,3.4164240379095183,9.0,0.0,0,0.0,42.16715192418096,7.171240960765323,LOW,LOW,GROWING,0.4018810371123538,False,False,False,Прогноз спроса: 7 шт. Свободный остаток: 49 шт. В пути: 0 шт. Страховой запас: 3 шт. MOQ: 9 шт. Наблюдается рост спроса.
IEK,081100722_,Лампа филаментная LED CT35 свеча вит. 7Вт 230В 4000К E27 серия 360° IEK,0.014317513150443828,42.0,0.0,42.0,0.007158756575221914,10.0,0.0,0,0.0,41.985682486849555,2933.4703281692496,LOW,LOW,STABLE,2.3846153846153846,False,False,False,Прогноз спроса: 0 шт. Свободный остаток: 42 шт. В пути: 0 шт. Страховой запас: 0 шт. MOQ: 10 шт.
IEK,010500090_,ВА47-29 (4ф) 16А IEK (3/36),6.112468339278039,49.0,12.0,61.0,2.8383827554906444,3.0,0.0,0,0.0,54.88753166072196,9.97960179327569,LOW,LOW,DECLINING,0.9517543859649124,False,False,False,Прогноз спроса: 6 шт. Свободный остаток: 49 шт. В пути: 12 шт. Страховой запас: 3 шт. MOQ: 3 шт. Наблюдается снижение спроса.
IEK,030200435_,"Выкл 1-кл. 10А б/рамки ""BRITE"" шампань (1/100)",84.39116234044397,471.0,0.0,471.0,10.562667158440624,1.0,0.0,0,0.0,386.608837659556,5.581153131887556,LOW,LOW,DECLINING,1.0613864986062294,False,False,False,Прогноз спроса: 84 шт. Свободный остаток: 471 шт. В пути: 0 шт. Страховой запас: 11 шт. MOQ: 1 шт. Наблюдается снижение спроса.
IEK,130900019_,"Кнопка SB-7 ""СТОП"" (красная Ø22мм) IEK (10/500)",141.7094704004376,565.0,100.0,665.0,30.152386583265134,10.0,0.0,0,0.0,523.2905295995624,4.692699775963219,LOW,LOW,GROWING,0.6464318813716404,False,False,False,Прогноз спроса: 142 шт. Свободный остаток: 565 шт. В пути: 100 шт. Страховой запас: 30 шт. MOQ: 10 шт. Наблюдается рост спроса.
IEK,250600039_,ЩУРн-П 3/10 IP55 (345х270х105) IEK,0.0,0.0,0.0,0.0,0.0,,0.0,0,0.0,0.0,inf,LOW,LOW,STABLE,1.1923076923076923,True,False,False,Прогноз спроса: 0 шт. Свободный остаток: 0 шт. В пути: 0 шт. Страховой запас: 0 шт. Есть сигнал предыдущего stockout.
IEK,280100412_,Кабель-канал 40х16 черный ЭЛЕКОР IEK (30),0.0003340415429410887,8.0,0.0,8.0,0.00016702077147054436,30.0,0.0,0,0.0,7.999665958457059,23949.117015696676,LOW,LOW,STABLE,0.25,False,False,False,Прогноз спроса: 0 шт. Свободный остаток: 8 шт. В пути: 0 шт. Страховой запас: 0 шт. MOQ: 30 шт.
IEK,030201053_," Рамка 2-мест. ""BRITE""  бел./бел.  IEK  (1/100)",0.0,9.0,0.0,9.0,0.0,1.0,0.0,0,0.0,9.0,inf,LOW,LOW,STABLE,1.0,False,False,False,Прогноз спроса: 0 шт. Свободный остаток: 9 шт. В пути: 0 шт. Страховой запас: 0 шт. MOQ: 1 шт.
IEK,OPS-DC24-060B,"Блок питания OPS 220В AC/24В DC 2,5А 60Вт ONI OPS-DC24-060B IEK",0.0,0.0,0.0,0.0,0.0,,0.0,0,0.0,0.0,inf,LOW,LOW,STABLE,0.25,True,False,False,Прогноз спроса: 0 шт. Свободный остаток: 0 шт. В пути: 0 шт. Страховой запас: 0 шт. Есть сигнал предыдущего stockout.
IEK,270300003_, Ящик  ЯТП(укп) 230/36 IEK  (1),32.336000924369564,161.0,0.0,161.0,3.8319272783635534,1.0,0.0,0,0.0,128.66399907563044,4.978970664200614,LOW,LOW,DECLINING,1.3700527704485488,False,False,False,Прогноз спроса: 32 шт. Свободный остаток: 161 шт. В пути: 0 шт. Страховой запас: 4 шт. MOQ: 1 шт. Наблюдается снижение спроса.
IEK,130301615_,Колодка клеммная CTS  10мм2 синяя IEK,0.525437062808619,187.0,0.0,187.0,0.2627185314043095,100.0,0.0,0,0.0,186.4745629371914,355.8941940647064,LOW,LOW,STABLE,3.5769230769230766,False,False,False,Прогноз спроса: 1 шт. Свободный остаток: 187 шт. В пути: 0 шт. Страховой запас: 0 шт. MOQ: 100 шт.
IEK,010500082_,ВА47-29М (2ф) 63А IEK (72) !!!,7.376447673390997e-05,1.0,0.0,1.0,3.688223836695498e-05,,0.0,0,0.0,0.9999262355232661,13556.66093324694,LOW,LOW,STABLE,0.25,False,False,False,Прогноз спроса: 0 шт. Свободный остаток: 1 шт. В пути: 0 шт. Страховой запас: 0 шт.
IEK,280300231_,I12 диммер КВАРТА ВСР 10-1-0-КБ (160),0.09816950783772256,8.0,0.0,8.0,0.04908475391886128,8.0,0.0,0,0.0,7.9018304921622775,81.49169916614295,LOW,LOW,DECLINING,0.25,False,False,False,Прогноз спроса: 0 шт. Свободный остаток: 8 шт. В пути: 0 шт. Страховой запас: 0 шт. MOQ: 8 шт. Наблюдается снижение спроса.
IEK,081100721_,Лампа филаментная LED CT35 свеча вит. 7Вт 230В 4000К E14 серия 360° IEK,8.222707929570586,118.0,0.0,118.0,4.111353964785293,10.0,0.0,0,0.0,109.77729207042941,14.35050363100545,LOW,LOW,DECLINING,0.25,False,False,False,Прогноз спроса: 8 шт. Свободный остаток: 118 шт. В пути: 0 шт. Страховой запас: 4 шт. MOQ: 10 шт. Наблюдается снижение спроса.
IEK,030200822_,"Рамка 4-мест. ""BRITE"" темная бронза (1/100)",0.42270232723302004,34.0,0.0,34.0,0.21135116361651002,1.0,0.0,0,0.0,33.57729767276698,80.43485405571725,LOW,LOW,STABLE,1.690909090909091,False,False,False,Прогноз спроса: 0 шт. Свободный остаток: 34 шт. В пути: 0 шт. Страховой запас: 0 шт. MOQ: 1 шт.
IEK,130900020_,"Кнопка SB-7 ""ПУСК"" (зеленая Ø22мм) IEK (10/500)",173.3897284746941,574.0,100.0,674.0,33.710000061801644,10.0,0.0,0,0.0,500.6102715253059,3.8871968133819936,LOW,LOW,GROWING,0.8704988437396762,False,False,False,Прогноз спроса: 173 шт. Свободный остаток: 574 шт. В пути: 100 шт. Страховой запас: 34 шт. MOQ: 10 шт. Наблюдается рост спроса.
IEK,250600034_,Бокс КМПн-12 IP55 !!!,0.0,7.0,0.0,7.0,0.0,,0.0,0,0.0,7.0,inf,LOW,LOW,STABLE,0.25,False,False,False,Прогноз спроса: 0 шт. Свободный остаток: 7 шт. В пути: 0 шт. Страховой запас: 0 шт.
IEK,010500091_,ВА47-29 (4ф) 20А IEK (3/36),0.0,2.0,0.0,2.0,0.0,3.0,0.0,0,0.0,2.0,inf,LOW,LOW,STABLE,1.2916666666666667,False,False,False,Прогноз спроса: 0 шт. Свободный остаток: 2 шт. В пути: 0 шт. Страховой запас: 0 шт. MOQ: 3 шт.
IEK,030200434_,"Роз. с з/к/ш 16А б/рамки ""BRITE"" шампань (1/100)",151.27870123260732,796.0,0.0,796.0,31.44661216517079,1.0,0.0,0,0.0,644.7212987673927,5.261811434883118,LOW,LOW,GROWING,1.444402096236303,False,False,False,Прогноз спроса: 151 шт. Свободный остаток: 796 шт. В пути: 0 шт. Страховой запас: 31 шт. MOQ: 1 шт. Наблюдается рост спроса.
IEK,ORI-01-05,"Реле контроля тока ORI 0,05-0,5А 24-240В AC/24В DC IEK",0.0,0.0,0.0,0.0,0.0,,0.0,0,0.0,0.0,inf,LOW,LOW,STABLE,0.25,True,False,False,Прогноз спроса: 0 шт. Свободный остаток: 0 шт. В пути: 0 шт. Страховой запас: 0 шт. Есть сигнал предыдущего stockout.
IEK,250600055_,ЩМП-3 IP65 GARANT (650х500х220) IEK ,0.0,0.0,0.0,0.0,0.0,,0.0,0,0.0,0.0,inf,LOW,LOW,STABLE,0.25,True,False,False,Прогноз спроса: 0 шт. Свободный остаток: 0 шт. В пути: 0 шт. Страховой запас: 0 шт. Есть сигнал предыдущего stockout.
IEK,130200298_,"Датчик движения ДД 013 белый,до 1200 Вт,дальность 12 м IP65 IEK (50)",2.5320052976360463,4.0,0.0,4.0,0.5469041658889282,1.0,0.0,0,0.0,1.4679947023639537,1.5797755256414812,LOW,LOW,DECLINING,1.3478260869565215,False,True,False,Прогноз спроса: 3 шт. Свободный остаток: 4 шт. В пути: 0 шт. Страховой запас: 1 шт. MOQ: 1 шт. В истории обнаружена аномальная продажа. Наблюдается снижение спроса.
IEK,030200432_,"Рамка 4-мест. ""BRITE"" жемчуг (1/100)",5.1155238389742275,21.0,0.0,21.0,0.09036961141142773,1.0,0.0,0,0.0,15.884476161025773,4.1051514294596565,LOW,LOW,DECLINING,2.1224066390041494,True,True,False,Прогноз спроса: 5 шт. Свободный остаток: 21 шт. В пути: 0 шт. Страховой запас: 0 шт. MOQ: 1 шт. Есть сигнал предыдущего stockout. В истории обнаружена аномальная продажа. Наблюдается снижение спроса.
IEK,280300181_,Распределительная  коробка о/у  с сальниками 150х110х70 IP44 КМ41241 IEK (30),5.928538363618929,55.0,0.0,55.0,0.4484463921881161,,0.0,0,0.0,49.07146163638107,9.27716017450659,LOW,LOW,GROWING,0.4926650366748166,False,True,False,Прогноз спроса: 6 шт. Свободный остаток: 55 шт. В пути: 0 шт. Страховой запас: 0 шт. В истории обнаружена аномальная продажа. Наблюдается рост спроса.
IEK,081100724_,Лампа филаментная LED ST64 золото 6Вт 230В 2700К E27 серия 360° IEK,0.19075920024682666,3.0,0.0,3.0,0.09537960012341333,,0.0,0,0.0,2.8092407997531734,15.72663334779265,LOW,LOW,STABLE,0.5688073394495413,False,False,False,Прогноз спроса: 0 шт. Свободный остаток: 3 шт. В пути: 0 шт. Страховой запас: 0 шт.
IEK,280100414_,Кабель-канал 60х40 черный ЭЛЕКОР IEK (18),1.0467662178436898,36.0,0.0,36.0,0.2857738033247041,18.0,0.0,0,0.0,34.95323378215631,34.39163338129026,LOW,LOW,STABLE,2.457317073170732,False,False,False,Прогноз спроса: 1 шт. Свободный остаток: 36 шт. В пути: 0 шт. Страховой запас: 0 шт. MOQ: 18 шт.
IEK,010500093_,ВА47-29 (4ф) 32А IEK (3/36),19.543821639588273,61.0,0.0,61.0,3.323464557756964,3.0,0.0,0,0.0,41.45617836041173,3.1211909894039063,LOW,LOW,GROWING,0.7434593023255813,False,False,False,Прогноз спроса: 20 шт. Свободный остаток: 61 шт. В пути: 0 шт. Страховой запас: 3 шт. MOQ: 3 шт. Наблюдается рост спроса.
IEK,270200143_,Предохранитель ППНИ-33  (100А) габарит 00 IEK (3/90) !!!,6.222516674140137e-06,1.0,0.0,1.0,0.0,,0.0,0,0.0,0.9999937774833259,160706.68065155257,LOW,LOW,STABLE,0.25,False,False,False,Прогноз спроса: 0 шт. Свободный остаток: 1 шт. В пути: 0 шт. Страховой запас: 0 шт.
IEK,130301618_,Колодка клеммная CTS  25мм2 серая IEK,0.052954977279003286,34.0,0.0,34.0,0.0,50.0,0.0,0,0.0,33.947045022721,642.0548501204067,LOW,LOW,STABLE,0.25,False,True,False,Прогноз спроса: 0 шт. Свободный остаток: 34 шт. В пути: 0 шт. Страховой запас: 0 шт. MOQ: 50 шт. В истории обнаружена аномальная продажа.
IEK,130900013_, ВКИ-216 3Р 10А 230\400В IP40 IEK (10/120),1.1290220557355346,29.0,0.0,29.0,0.4781910357447799,10.0,0.0,0,0.0,27.870977944264464,25.685946392878126,LOW,LOW,DECLINING,1.3416856492027334,False,False,False,Прогноз спроса: 1 шт. Свободный остаток: 29 шт. В пути: 0 шт. Страховой запас: 0 шт. MOQ: 10 шт. Наблюдается снижение спроса.
IEK,250600054_,ЩМП-2 IP65 GARANT (500х400х220) IEK,0.0,0.0,0.0,0.0,0.0,,0.0,0,0.0,0.0,inf,LOW,LOW,STABLE,0.25,True,False,False,Прогноз спроса: 0 шт. Свободный остаток: 0 шт. В пути: 0 шт. Страховой запас: 0 шт. Есть сигнал предыдущего stockout.
IEK,030201040_,"Термостат с инд. ""BRITE"" шампань (1/80)",0.0,0.0,0.0,0.0,0.0,,0.0,0,0.0,0.0,inf,LOW,LOW,STABLE,0.25,True,False,False,Прогноз спроса: 0 шт. Свободный остаток: 0 шт. В пути: 0 шт. Страховой запас: 0 шт. Есть сигнал предыдущего stockout.
IEK,030201049_,BRITE Выключатель 1-клавишный перекрестный 10А ВС10-1-3-БрТБ темная бронза IEK,0.00012160440957233393,83.0,0.0,83.0,6.0802204786166965e-05,1.0,0.0,0,0.0,82.99987839559043,682541.0385355238,LOW,LOW,STABLE,0.25,False,False,False,Прогноз спроса: 0 шт. Свободный остаток: 83 шт. В пути: 0 шт. Страховой запас: 0 шт. MOQ: 1 шт.
IEK,030200433_,"Выкл 2-кл. прох. 10А б/рамки ""BRITE"" жемчуг (1/100)",1.4698578372197462,17.0,0.0,17.0,0.6129165250396381,1.0,0.0,0,0.0,15.530142162780255,11.565744366241367,LOW,LOW,DECLINING,1.5196078431372548,False,False,False,Прогноз спроса: 1 шт. Свободный остаток: 17 шт. В пути: 0 шт. Страховой запас: 1 шт. MOQ: 1 шт. Наблюдается снижение спроса.
IEK,030200824_,"Выкл 3-кл. 10А б/рамки ""BRITE"" темная бронза (1/100)",0.4634413437887471,162.0,0.0,162.0,0.23172067189437354,1.0,0.0,0,0.0,161.53655865621124,349.5587999888187,LOW,LOW,STABLE,0.25,False,False,False,Прогноз спроса: 0 шт. Свободный остаток: 162 шт. В пути: 0 шт. Страховой запас: 0 шт. MOQ: 1 шт.
IEK,010500092_,ВА47-29 (4ф) 25А IEK (3/36),8.003365847402316,20.0,0.0,20.0,3.610263148303735,3.0,0.0,0,0.0,11.996634152597684,2.4989486150369444,LOW,LOW,GROWING,1.235638921453693,False,False,False,Прогноз спроса: 8 шт. Свободный остаток: 20 шт. В пути: 0 шт. Страховой запас: 4 шт. MOQ: 3 шт. Наблюдается рост спроса.
IEK,280300182_,Распределительная  коробка о/у  с сальниками 150х110х70 IP55 КМ41242 IEK (30),8.88467467160925,82.0,0.0,82.0,2.2754486737051707,30.0,0.0,0,0.0,73.11532532839075,9.229375641859898,LOW,LOW,DECLINING,1.6913895993179882,False,False,False,Прогноз спроса: 9 шт. Свободный остаток: 82 шт. В пути: 0 шт. Страховой запас: 2 шт. MOQ: 30 шт. Наблюдается снижение спроса.
IEK,081100723_,Лампа филаментная LED G95 шар золото 6Вт 230В 2700К E27 серия 360° IEK,0.04455442722983216,19.0,0.0,19.0,0.02227721361491608,1.0,0.0,0,0.0,18.955445572770167,426.44471450590737,LOW,LOW,DECLINING,0.6940298507462687,False,False,False,Прогноз спроса: 0 шт. Свободный остаток: 19 шт. В пути: 0 шт. Страховой запас: 0 шт. MOQ: 1 шт. Наблюдается снижение спроса.
IEK,130900014_, ВКИ-211 3Р 6А 230\400В IP40 IEK (10/120),1.7530414668217569,18.0,0.0,18.0,0.36708309685955304,10.0,0.0,0,0.0,16.246958533178244,10.267868924192525,LOW,LOW,GROWING,1.5714285714285714,False,False,False,Прогноз спроса: 2 шт. Свободный остаток: 18 шт. В пути: 0 шт. Страховой запас: 0 шт. MOQ: 10 шт. Наблюдается рост спроса.
IEK,250600053_,ЩМП-1 IP65 GARANT (395х310х220) IEK,0.0,0.0,0.0,0.0,0.0,,0.0,0,0.0,0.0,inf,LOW,LOW,STABLE,0.25,True,False,False,Прогноз спроса: 0 шт. Свободный остаток: 0 шт. В пути: 0 шт. Страховой запас: 0 шт. Есть сигнал предыдущего stockout.
IEK,270300001_, Ящик  ЯТП(укп) 220/12 IEK (1),3.632580672533746,24.0,4.0,28.0,1.6515649144573932,1.0,0.0,0,0.0,24.367419327466255,7.708018767954805,LOW,LOW,GROWING,1.155701754385965,False,False,False,Прогноз спроса: 4 шт. Свободный остаток: 24 шт. В пути: 4 шт. Страховой запас: 2 шт. MOQ: 1 шт. Наблюдается рост спроса.
IEK,130301617_,Колодка клеммная CTS  16мм2 синяя IEK,0.5299726856379914,163.0,0.0,163.0,0.2649863428189957,50.0,0.0,0,0.0,162.470027314362,307.56302054279917,LOW,LOW,STABLE,0.3263157894736842,False,False,False,Прогноз спроса: 1 шт. Свободный остаток: 163 шт. В пути: 0 шт. Страховой запас: 0 шт. MOQ: 50 шт.
IEK,130200299_,"Датчик движения ДД 016 угловой белый,до 800 Вт,дальность 12 м IP44  IEK (50)",0.00011333339708121328,1.0,0.0,1.0,0.0,1.0,0.0,0,0.0,0.9998866666029188,8823.524448697259,LOW,LOW,STABLE,0.25,False,False,False,Прогноз спроса: 0 шт. Свободный остаток: 1 шт. В пути: 0 шт. Страховой запас: 0 шт. MOQ: 1 шт.
IEK,280100413_,Кабель-канал 40х40 черный ЭЛЕКОР IEK (24),0.11119298101646176,2.0,0.0,2.0,0.05559649050823088,24.0,0.0,0,0.0,1.8888070189835382,17.98674684064731,LOW,LOW,STABLE,2.6050420168067228,False,False,False,Прогноз спроса: 0 шт. Свободный остаток: 2 шт. В пути: 0 шт. Страховой запас: 0 шт. MOQ: 24 шт.
IEK,030201052_," Рамка 1-мест. ""BRITE""  бел./бел.  IEK  (1/100)",0.0004476295241507711,26.0,0.0,26.0,0.0,1.0,0.0,0,0.0,25.99955237047585,58083.74693185486,LOW,LOW,STABLE,4.0,False,False,False,Прогноз спроса: 0 шт. Свободный остаток: 26 шт. В пути: 0 шт. Страховой запас: 0 шт. MOQ: 1 шт.
IEK,ORI-01-5,"Реле контроля тока ORI 0,5-5А 24-240В AC/24В DC IEK",0.0,0.0,0.0,0.0,0.0,,0.0,0,0.0,0.0,inf,LOW,LOW,STABLE,1.0,True,False,False,Прогноз спроса: 0 шт. Свободный остаток: 0 шт. В пути: 0 шт. Страховой запас: 0 шт. Есть сигнал предыдущего stockout.
Systeme,300200905_,"G122 Вывод кабеля механизм ""ARTGALLERY"" сталь    GAL0999 (5)",0.0,35.0,0.0,35.0,0.0,5.0,0.0,0,0.0,35.0,inf,LOW,LOW,STABLE,0.25,False,False,False,Прогноз спроса: 0 шт. Свободный остаток: 35 шт. В пути: 0 шт. Страховой запас: 0 шт. MOQ: 5 шт.
Systeme,030200142_," S195 2-я роз информ. с\у 1А  ""Wessen 59"" РСИ 251 КК5Е-1-86 (60) !!!",0.07441383296853593,20.0,0.0,20.0,0.037206916484267966,10.0,0.0,0,0.0,19.925586167031465,268.76723321665895,LOW,LOW,STABLE,3.875,False,False,False,Прогноз спроса: 0 шт. Свободный остаток: 20 шт. В пути: 0 шт. Страховой запас: 0 шт. MOQ: 10 шт.
Systeme,300200326_,"S429 Роз 3-ная  о/у с з/к 16А 250В ИЗОЛ.ПЛ. ""BLANCA"" белый BLNRA010311 (30)",328.4985118229013,1024.0,0.0,1024.0,49.4959897365433,5.0,0.0,0,0.0,695.5014881770987,3.1172135128333682,LOW,LOW,GROWING,1.1324351669417967,False,False,False,Прогноз спроса: 328 шт. Свободный остаток: 1024 шт. В пути: 0 шт. Страховой запас: 49 шт. MOQ: 5 шт. Наблюдается рост спроса.
Systeme,300200908_,"G125 Диммер поворотно-нажимной механизм 400Вт ""ARTGALLERY"" сталь GAL0923 (1)",1.119770373090972,3.0,0.0,3.0,0.559885186545486,1.0,0.0,0,0.0,1.880229626909028,2.6791207126858634,LOW,LOW,STABLE,0.25,False,False,False,Прогноз спроса: 1 шт. Свободный остаток: 3 шт. В пути: 0 шт. Страховой запас: 1 шт. MOQ: 1 шт.
Systeme,030200192_, Установочная коробка для твердых стен 65х45 IMT35100 Systeme Electric (200),50906.635611009275,145921.0,0.0,145921.0,4387.05911205521,3600.0,0.0,0,0.0,95014.36438899073,2.866443603050494,LOW,LOW,GROWING,1.0705289396328803,False,False,False,Прогноз спроса: 50907 шт. Свободный остаток: 145921 шт. В пути: 0 шт. Страховой запас: 4387 шт. MOQ: 3600 шт. Наблюдается рост спроса.
Systeme,300200321_,"S424 Роз  о/у без з/к 16А 250В ИЗОЛ.ПЛ. ""BLANCA"" белый BLNRA000111 (108)",17.440703622096947,35.0,0.0,35.0,3.9328954558526745,18.0,0.0,0,0.0,17.559296377903053,2.0067997689987607,LOW,LOW,GROWING,2.9118298626495345,False,False,False,Прогноз спроса: 17 шт. Свободный остаток: 35 шт. В пути: 0 шт. Страховой запас: 4 шт. MOQ: 18 шт. Наблюдается рост спроса.
Systeme,300200327_,"S430 Роз 4-ная  о/у без з/к 16А 250В ИЗОЛ.ПЛ. ""BLANCA"" белый BLNRA000411 (30)",22.440911782165234,85.0,0.0,85.0,5.196056196770771,5.0,0.0,0,0.0,62.55908821783477,3.7877248850268725,LOW,LOW,GROWING,1.0505966587112172,False,False,False,Прогноз спроса: 22 шт. Свободный остаток: 85 шт. В пути: 0 шт. Страховой запас: 5 шт. MOQ: 5 шт. Наблюдается рост спроса.
Systeme,030200191_,"S310  Розетка IP44 с/у, з/к, з/ш ЭТЮД РС16-044В (120)",5.731371277099454e-06,2.0,0.0,2.0,0.0,14.0,0.0,0,0.0,1.9999942686287229,348956.628929502,LOW,LOW,STABLE,0.25,False,False,False,Прогноз спроса: 0 шт. Свободный остаток: 2 шт. В пути: 0 шт. Страховой запас: 0 шт. MOQ: 14 шт.
Systeme,030200183_,"S297  Розетка  2-ая с/у, з/ш ЭТЮД (120) РС16-006В !!!",5.66438417360763e-06,88.0,0.0,88.0,0.0,1.0,0.0,0,0.0,87.99999433561582,15535669.42193348,LOW,LOW,STABLE,0.25,False,False,False,Прогноз спроса: 0 шт. Свободный остаток: 88 шт. В пути: 0 шт. Страховой запас: 0 шт. MOQ: 1 шт.
Systeme,300200907_,"G124 Роз. USB A+C 45Вт высокоскор.заряд., механизм ""ARTGALLERY"" сталь GAL0929 (1)",0.0,12.0,0.0,12.0,0.0,1.0,0.0,0,0.0,12.0,inf,LOW,LOW,STABLE,0.25,False,False,False,Прогноз спроса: 0 шт. Свободный остаток: 12 шт. В пути: 0 шт. Страховой запас: 0 шт. MOQ: 1 шт.
Systeme,300200324_,"S427 Роз  2-ная  о/у с з/к 16А 250В ИЗОЛ.ПЛ. ""BLANCA"" белый BLNRA010211 (48)",908.5187191024361,3115.0,0.0,3115.0,75.52502068851085,8.0,0.0,0,0.0,2206.481280897564,3.4286580281773826,LOW,LOW,STABLE,1.4243083381034154,False,False,False,Прогноз спроса: 909 шт. Свободный остаток: 3115 шт. В пути: 0 шт. Страховой запас: 76 шт. MOQ: 8 шт.
Systeme,300200913_,"G130 Выкл. 1 кл с инд 10А механизм ""ARTGALLERY"" мокко GAL0613 (10)",0.021515922794702696,99.0,0.0,99.0,0.010757961397351348,10.0,0.0,0,0.0,98.9784840772053,4601.243504386165,LOW,LOW,STABLE,2.8181818181818183,False,False,False,Прогноз спроса: 0 шт. Свободный остаток: 99 шт. В пути: 0 шт. Страховой запас: 0 шт. MOQ: 10 шт.
Systeme,300200911_,"G128 Роз. с з/к с/ш 16А механизм ""ARTGALLERY"" мокко GAL0645 (10)",0.0,44.0,0.0,44.0,0.0,10.0,0.0,0,0.0,44.0,inf,LOW,LOW,STABLE,0.25,False,False,False,Прогноз спроса: 0 шт. Свободный остаток: 44 шт. В пути: 0 шт. Страховой запас: 0 шт. MOQ: 10 шт.
Systeme,300200904_,"G121 Выкл. 1 кл кнопочный 10А механизм ""ARTGALLERY"" сталь GAL0915 (5)",0.49855454495580626,45.0,0.0,45.0,0.0,5.0,0.0,0,0.0,44.50144545504419,90.26093625119589,LOW,LOW,STABLE,0.25,False,False,False,Прогноз спроса: 0 шт. Свободный остаток: 45 шт. В пути: 0 шт. Страховой запас: 0 шт. MOQ: 5 шт.
Systeme,300200910_,"G127 Роз. с з/к 16А механизм ""ARTGALLERY"" мокко GAL0643 (10)",59.245091251824384,152.0,0.0,152.0,17.453738854468977,10.0,0.0,0,0.0,92.75490874817561,2.5656134000016304,LOW,LOW,DECLINING,1.7349843993759753,False,False,False,Прогноз спроса: 59 шт. Свободный остаток: 152 шт. В пути: 0 шт. Страховой запас: 17 шт. MOQ: 10 шт. Наблюдается снижение спроса.
Systeme,300200912_,"G129 Выкл. 1 кл 10А ""ARTGALLERY"" мокко GAL0611 (10)",9.294785329719133,34.0,0.0,34.0,4.227617532369739,10.0,0.0,0,0.0,24.705214670280867,3.6579650625484,LOW,LOW,DECLINING,0.6300813008130082,False,False,False,Прогноз спроса: 9 шт. Свободный остаток: 34 шт. В пути: 0 шт. Страховой запас: 4 шт. MOQ: 10 шт. Наблюдается снижение спроса.
Systeme,300200325_,"S428 Роз 3-ная  о/у без з/к 16А 250В ИЗОЛ.ПЛ. ""BLANCA"" белый BLNRA000311 (36)",31.469318893654247,38.0,0.0,38.0,5.064327859318196,6.0,0.0,0,0.0,6.530681106345753,1.2075253401071435,LOW,LOW,STABLE,1.5743919885550788,False,False,False,Прогноз спроса: 31 шт. Свободный остаток: 38 шт. В пути: 0 шт. Страховой запас: 5 шт. MOQ: 6 шт.
Systeme,030200176_,"S315  Розетка 1-я о/у, з/ш, з/к IP44 Белая ЭТЮД РА16-044В (96)",0.0,4.0,0.0,4.0,0.0,12.0,0.0,0,0.0,4.0,inf,LOW,LOW,STABLE,0.25,False,False,False,Прогноз спроса: 0 шт. Свободный остаток: 4 шт. В пути: 0 шт. Страховой запас: 0 шт. MOQ: 12 шт.
Systeme,300200909_,"G126 Роз. с з/к с/ш с крышкой 16А механизм IP20 ""ARTGALLERY"" сталь GAL0946 (5)",0.012828083038127937,43.0,0.0,43.0,0.0064140415190639686,5.0,0.0,0,0.0,42.98717191696187,3352.020708955061,LOW,LOW,STABLE,0.4305555555555555,False,False,False,Прогноз спроса: 0 шт. Свободный остаток: 43 шт. В пути: 0 шт. Страховой запас: 0 шт. MOQ: 5 шт.
Systeme,300200322_,"S425 Роз  2-ная  о/у без з/к 16А 250В ИЗОЛ.ПЛ. ""BLANCA"" белый BLNRA000211 (60)",66.21236331452637,281.0,0.0,281.0,7.299549072830923,10.0,0.0,0,0.0,214.78763668547361,4.24392040902052,LOW,LOW,GROWING,1.6391039367484763,False,False,False,Прогноз спроса: 66 шт. Свободный остаток: 281 шт. В пути: 0 шт. Страховой запас: 7 шт. MOQ: 10 шт. Наблюдается рост спроса.
Systeme,030200175_,S313  Выкл. 1-кл. с инд. о/у IP44 Белый ЭТЮД ВА10-045В (112),5.895826145052516e-05,2.0,0.0,2.0,0.0,14.0,0.0,0,0.0,1.9999410417385495,33922.30284263556,LOW,LOW,STABLE,0.25,False,False,False,Прогноз спроса: 0 шт. Свободный остаток: 2 шт. В пути: 0 шт. Страховой запас: 0 шт. MOQ: 14 шт.
Systeme,300200323_,"S426 Роз  о/у с з/к 16А 250В ИЗОЛ.ПЛ. ""BLANCA"" белый BLNRA010111 (72)",415.95073218784785,840.0,0.0,840.0,20.009396230271495,12.0,0.0,0,0.0,424.04926781215215,2.019469939580842,LOW,LOW,STABLE,1.3843128181397502,False,True,False,Прогноз спроса: 416 шт. Свободный остаток: 840 шт. В пути: 0 шт. Страховой запас: 20 шт. MOQ: 12 шт. В истории обнаружена аномальная продажа.
Systeme,300200328_,"S431 Роз 4-ная  о/у с з/к со штор. 16А 250В ИЗОЛ.ПЛ. ""BLANCA"" белый BLNRA011411 (24)",230.15930953524,508.0,0.0,508.0,31.591192074163118,4.0,0.0,0,0.0,277.84069046476,2.2071668577117425,LOW,LOW,STABLE,1.248307777317309,False,False,False,Прогноз спроса: 230 шт. Свободный остаток: 508 шт. В пути: 0 шт. Страховой запас: 32 шт. MOQ: 4 шт.
Systeme,300200906_,"G123 Роз. 2-ная TV комп. RJ45 5Е ""ARTGALLERY"" сталь GAL0989 (5)",0.0,47.0,0.0,47.0,0.0,5.0,0.0,0,0.0,47.0,inf,LOW,LOW,STABLE,0.25,False,False,False,Прогноз спроса: 0 шт. Свободный остаток: 47 шт. В пути: 0 шт. Страховой запас: 0 шт. MOQ: 5 шт.
Systeme,300200320_,"S423 Выкл 2 кл  о/у 6А 250B ИЗОЛ.ПЛ. ""BLANCA""  белый BLNVA065011 (90)",94.18515966447225,197.0,0.0,197.0,16.23549865777662,15.0,0.0,0,0.0,102.81484033552775,2.0916246328168695,LOW,LOW,GROWING,1.0262718299164768,False,False,False,Прогноз спроса: 94 шт. Свободный остаток: 197 шт. В пути: 0 шт. Страховой запас: 16 шт. MOQ: 15 шт. Наблюдается рост спроса.
Systeme,300200959_,"S418 Вывод кабеля механизм ""ATLAS"" белый ATN000199  (10)",9.4409931610271,46.0,0.0,46.0,3.153886491299264,10.0,0.0,0,0.0,36.5590068389729,4.872368745047962,LOW,LOW,DECLINING,1.6259977194982898,False,False,False,Прогноз спроса: 9 шт. Свободный остаток: 46 шт. В пути: 0 шт. Страховой запас: 3 шт. MOQ: 10 шт. Наблюдается снижение спроса.
Systeme,300200286_,"S398 Роз. с з/к 16А с/у б/рамки ""ATLAS"" белый ATN143 (20)",4145.668682962682,13536.0,0.0,13536.0,173.64747166794527,20.0,0.0,0,0.0,9390.331317037319,3.2650944962457933,LOW,LOW,GROWING,1.4280382133104028,False,True,False,Прогноз спроса: 4146 шт. Свободный остаток: 13536 шт. В пути: 0 шт. Страховой запас: 174 шт. MOQ: 20 шт. В истории обнаружена аномальная продажа. Наблюдается рост спроса.
Systeme,030200253_,"S382 Рамка 4-ная ""GLOSSA"" белый GSL104 (15)",0.09657864746154192,17.0,0.0,17.0,0.04828932373077096,15.0,0.0,0,0.0,16.90342135253846,176.0223449678096,LOW,LOW,STABLE,1.1923076923076923,False,False,False,Прогноз спроса: 0 шт. Свободный остаток: 17 шт. В пути: 0 шт. Страховой запас: 0 шт. MOQ: 15 шт.
Systeme,300200967_,"B010 Роз. 2-ная о/у с з/к без ш/т 16А 250В ""BLANCA"" антрацит BLNRA010216 (8)",59.171673485226236,391.0,0.0,391.0,25.392413565210102,8.0,0.0,0,0.0,331.8283265147738,6.607891529341711,LOW,LOW,GROWING,1.0317979197622589,False,False,False,Прогноз спроса: 59 шт. Свободный остаток: 391 шт. В пути: 0 шт. Страховой запас: 25 шт. MOQ: 8 шт. Наблюдается рост спроса.
Systeme,030200252_,"S381 Рамка 3-ная ""GLOSSA"" белый GSL103 (15)",0.476617960696297,38.0,0.0,38.0,0.2383089803481485,15.0,0.0,0,0.0,37.523382039303705,79.72842639938565,LOW,LOW,DECLINING,1.7808510638297872,False,False,False,Прогноз спроса: 0 шт. Свободный остаток: 38 шт. В пути: 0 шт. Страховой запас: 0 шт. MOQ: 15 шт. Наблюдается снижение спроса.
Systeme,030200251_,"S380 Рамка 2-ная ""GLOSSA"" белый GSL102 (30)",5.048995137459335,15.0,0.0,15.0,2.3400320510625403,30.0,0.0,0,0.0,9.951004862540664,2.970888184999923,LOW,LOW,DECLINING,1.3701657458563536,False,False,False,Прогноз спроса: 5 шт. Свободный остаток: 15 шт. В пути: 0 шт. Страховой запас: 2 шт. MOQ: 30 шт. Наблюдается снижение спроса.
Systeme,300200954_,"G171 Роз. 2-ная TV комп. RJ45 5Е ""ARTGALLERY"" базальт GAL1489 (5)",0.0,20.0,0.0,20.0,0.0,5.0,0.0,0,0.0,20.0,inf,LOW,LOW,DECLINING,0.25,False,False,False,Прогноз спроса: 0 шт. Свободный остаток: 20 шт. В пути: 0 шт. Страховой запас: 0 шт. MOQ: 5 шт. Наблюдается снижение спроса.
Systeme,300200287_,"S400 Роз. с з/к 16А с/у з/ш с выталкивателем б/рамки ""ATLAS"" белый ATN147 (15)",3.039460322058422,40.0,0.0,40.0,1.519730161029211,15.0,0.0,0,0.0,36.960539677941576,13.160231015258224,LOW,LOW,DECLINING,0.5502958579881657,False,False,False,Прогноз спроса: 3 шт. Свободный остаток: 40 шт. В пути: 0 шт. Страховой запас: 2 шт. MOQ: 15 шт. Наблюдается снижение спроса.
Systeme,300200955_,"G172 Роз. USB A+C 45Вт высокоскор.заряд., механизм ""ARTGALLERY"" базальт GAL1429 (1)",4.926480494241505e-06,15.0,0.0,15.0,0.0,1.0,0.0,0,0.0,14.999995073519505,3044769.997066525,LOW,LOW,STABLE,0.25,False,False,False,Прогноз спроса: 0 шт. Свободный остаток: 15 шт. В пути: 0 шт. Страховой запас: 0 шт. MOQ: 1 шт.
Systeme,300200284_,"S388 Выкл 3 кл 10А с/у б/рамки ""ATLAS"" белый ATN131 (20)",37.04819253241229,126.0,0.0,126.0,4.588427472093931,20.0,0.0,0,0.0,88.95180746758771,3.4009756316658795,LOW,LOW,STABLE,1.131860465116279,False,False,False,Прогноз спроса: 37 шт. Свободный остаток: 126 шт. В пути: 0 шт. Страховой запас: 5 шт. MOQ: 20 шт.
Systeme,300100015_,"S197 Рамка 1-ная   ""Wessen 59"" (90) !!!",0.0,0.0,0.0,0.0,0.0,90.0,0.0,0,0.0,0.0,inf,LOW,LOW,STABLE,0.25,True,False,False,Прогноз спроса: 0 шт. Свободный остаток: 0 шт. В пути: 0 шт. Страховой запас: 0 шт. MOQ: 90 шт. Есть сигнал предыдущего stockout.
Systeme,300201149_,"B002 Выкл 2 кл о/у 10А 250B ""BLANCA"" антрацит BLNVA105016 (15)",7.303062525288968,39.0,0.0,39.0,1.2212442425657455,15.0,0.0,0,0.0,31.69693747471103,5.340225400638597,LOW,LOW,GROWING,1.0575692963752663,False,False,False,Прогноз спроса: 7 шт. Свободный остаток: 39 шт. В пути: 0 шт. Страховой запас: 1 шт. MOQ: 15 шт. Наблюдается рост спроса.
Systeme,030200256_,"S369 Роз. с з/к 16А с/у ""GLOSSA"" белый GSL142 (15)",2.2853009317080657,3.0,0.0,3.0,0.14288690166260282,15.0,0.0,0,0.0,0.7146990682919343,1.312737398552478,LOW,LOW,STABLE,3.688298918387414,False,False,False,Прогноз спроса: 2 шт. Свободный остаток: 3 шт. В пути: 0 шт. Страховой запас: 0 шт. MOQ: 15 шт.
Systeme,300100012_,"S200 Рамка 4-ная  ""Wessen 59"" (15/60) !!!",0.0,0.0,0.0,0.0,0.0,15.0,0.0,0,0.0,0.0,inf,LOW,LOW,STABLE,0.25,True,False,False,Прогноз спроса: 0 шт. Свободный остаток: 0 шт. В пути: 0 шт. Страховой запас: 0 шт. MOQ: 15 шт. Есть сигнал предыдущего stockout.
Systeme,300201150_,"B003 Роз. о/у без з/к без ш/т 16А 250В ""BLANCA"" антрацит BLNRA000116 (18)",1.6638657281961453,18.0,0.0,18.0,0.8319328640980727,18.0,0.0,0,0.0,16.336134271803854,10.818180634992961,LOW,LOW,DECLINING,0.8732394366197183,False,False,False,Прогноз спроса: 2 шт. Свободный остаток: 18 шт. В пути: 0 шт. Страховой запас: 1 шт. MOQ: 18 шт. Наблюдается снижение спроса.
Systeme,300200968_,"B009 Роз. о/у с з/к без ш/т 16А 250В ""BLANCA"" антрацит BLNRA010116 (12)",32.320100881889125,186.0,0.0,186.0,4.289106841756235,12.0,0.0,0,0.0,153.67989911811088,5.754932531916287,LOW,LOW,GROWING,0.8003037205770691,False,False,False,Прогноз спроса: 32 шт. Свободный остаток: 186 шт. В пути: 0 шт. Страховой запас: 4 шт. MOQ: 12 шт. Наблюдается рост спроса.
Systeme,300200283_,"S385 Выкл 1 кл с инд 10А с/у б/рамки ""ATLAS"" белый ATN113 (20)",33.93995499420079,134.0,0.0,134.0,8.75909527291488,20.0,0.0,0,0.0,100.06004500579921,3.9481490185504415,LOW,LOW,STABLE,1.4441928178582983,False,False,False,Прогноз спроса: 34 шт. Свободный остаток: 134 шт. В пути: 0 шт. Страховой запас: 9 шт. MOQ: 20 шт.
Systeme,030200254_,"S383 Рамка 5-ная ""GLOSSA"" белый GSL105 (5)",0.10788541224583657,19.0,0.0,19.0,0.0,5.0,0.0,0,0.0,18.892114587754165,176.11278118588487,LOW,LOW,STABLE,0.25,False,False,False,Прогноз спроса: 0 шт. Свободный остаток: 19 шт. В пути: 0 шт. Страховой запас: 0 шт. MOQ: 5 шт.
Systeme,300201148_,"B001 Выкл 1кл о/у  10А 250B""BLANCA"" антрацит BLNVA101006 (15)",33.010191441870155,315.0,0.0,315.0,3.175177160411686,15.0,0.0,0,0.0,281.9898085581298,9.542507517858674,LOW,LOW,STABLE,0.5508885298869144,False,False,False,Прогноз спроса: 33 шт. Свободный остаток: 315 шт. В пути: 0 шт. Страховой запас: 3 шт. MOQ: 15 шт.
Systeme,300200288_,"S387 Выкл 2 кл с инд 10А с/у б/рамки ""ATLAS"" белый ATN153 (20)",28.843936047764178,63.0,0.0,63.0,4.59776213680814,20.0,0.0,0,0.0,34.156063952235826,2.1841679268625134,LOW,LOW,STABLE,1.0709617180205415,False,False,False,Прогноз спроса: 29 шт. Свободный остаток: 63 шт. В пути: 0 шт. Страховой запас: 5 шт. MOQ: 20 шт.
Systeme,300200948_,"G165 Рамка 4-ная ""ARTGALLERY"" базальт GAL1404 (5)",1.8407635365454884,17.0,0.0,17.0,0.9126883367283728,5.0,0.0,0,0.0,15.159236463454512,9.235298104559071,LOW,LOW,STABLE,1.1071428571428572,False,False,False,Прогноз спроса: 2 шт. Свободный остаток: 17 шт. В пути: 0 шт. Страховой запас: 1 шт. MOQ: 5 шт.
Systeme,300200292_,"S402 Телефонная роз. RJ11 механизм б/рамки ""ATLAS"" белый ATN181 (10)",1.1007831296598733,16.0,0.0,16.0,0.5503915648299367,5.0,0.0,0,0.0,14.899216870340126,14.535106479097092,LOW,LOW,STABLE,3.022675736961451,False,False,False,Прогноз спроса: 1 шт. Свободный остаток: 16 шт. В пути: 0 шт. Страховой запас: 1 шт. MOQ: 5 шт.
Systeme,300200949_,"G166 Рамка 5-ная ""ARTGALLERY"" базальт GAL1405 (5)",0.016608172404050995,41.0,0.0,41.0,0.008304086202025497,5.0,0.0,0,0.0,40.98339182759595,2468.6641613859606,LOW,LOW,STABLE,0.25,False,False,False,Прогноз спроса: 0 шт. Свободный остаток: 41 шт. В пути: 0 шт. Страховой запас: 0 шт. MOQ: 5 шт.
Systeme,300200293_,"S390 Комп. роз. RJ45 5Е механизм б/рамки ""ATLAS"" белый ATN183 (10)",144.36787311427435,246.0,0.0,246.0,19.75273820680721,10.0,0.0,0,0.0,101.63212688572565,1.703980218682579,LOW,LOW,DECLINING,1.0828541001064964,False,False,False,Прогноз спроса: 144 шт. Свободный остаток: 246 шт. В пути: 0 шт. Страховой запас: 20 шт. MOQ: 10 шт. Наблюдается снижение спроса.
Systeme,300200946_,"G163 Рамка 2-ная ""ARTGALLERY"" базальт GAL1402 (5)",16.22229805922395,91.0,0.0,91.0,2.7912362852328085,5.0,0.0,0,0.0,74.77770194077605,5.609562817042292,LOW,LOW,GROWING,0.8190224570673712,False,False,False,Прогноз спроса: 16 шт. Свободный остаток: 91 шт. В пути: 0 шт. Страховой запас: 3 шт. MOQ: 5 шт. Наблюдается рост спроса.
Systeme,300200294_,"S397 Роз. RJ45+RJ45 5Е кат 5Е механизм б/рамки ""ATLAS"" белый ATN185 (10)",26.40916905493692,60.0,0.0,60.0,7.370803891028446,10.0,0.0,0,0.0,33.590830945063075,2.2719381997664034,LOW,LOW,DECLINING,0.8226950354609929,False,False,False,Прогноз спроса: 26 шт. Свободный остаток: 60 шт. В пути: 0 шт. Страховой запас: 7 шт. MOQ: 10 шт. Наблюдается снижение спроса.
Systeme,030200247_,"S360 Выкл 1 кл 10А с/у ""GLOSSA"" белый GSL112 (15)",0.203620505391635,1.0,0.0,1.0,0.1018102526958175,15.0,0.0,0,0.0,0.796379494608365,4.911096738890038,LOW,LOW,STABLE,1.429889298892989,False,False,False,Прогноз спроса: 0 шт. Свободный остаток: 1 шт. В пути: 0 шт. Страховой запас: 0 шт. MOQ: 15 шт.
Systeme,300200947_,"G164 Рамка 3-ная ""ARTGALLERY"" базальт GAL1403 (5)",7.372153472239101,25.0,0.0,25.0,2.253811586328069,5.0,0.0,0,0.0,17.627846527760898,3.391139386088621,LOW,LOW,STABLE,1.1742424242424243,False,False,False,Прогноз спроса: 7 шт. Свободный остаток: 25 шт. В пути: 0 шт. Страховой запас: 2 шт. MOQ: 5 шт.
Systeme,030200250_,"S379 Рамка 1-ная ""GLOSSA"" белый GSL101 (45)",2.7312127018414567,14.0,0.0,14.0,1.3656063509207284,45.0,0.0,0,0.0,11.268787298158543,5.125928123635639,LOW,LOW,DECLINING,3.721294363256785,False,False,False,Прогноз спроса: 3 шт. Свободный остаток: 14 шт. В пути: 0 шт. Страховой запас: 1 шт. MOQ: 45 шт. Наблюдается снижение спроса.
Systeme,300200952_,"G169 Выкл. 1 кл кнопочный 10А механизм ""ARTGALLERY"" базальт GAL1415 (5)",0.012825762272279686,27.0,0.0,27.0,0.006412881136139843,5.0,0.0,0,0.0,26.98717423772772,2105.1380359945615,LOW,LOW,STABLE,0.25,False,False,False,Прогноз спроса: 0 шт. Свободный остаток: 27 шт. В пути: 0 шт. Страховой запас: 0 шт. MOQ: 5 шт.
Systeme,300200289_,"S391 Переключ. 1 кл 10А с/у б/рамки ""ATLAS"" белый ATN161 (20)",103.7791369633703,308.0,0.0,308.0,19.79496779487134,20.0,0.0,0,0.0,204.22086303662968,2.9678412156068625,LOW,LOW,DECLINING,1.43683030152006,False,False,False,Прогноз спроса: 104 шт. Свободный остаток: 308 шт. В пути: 0 шт. Страховой запас: 20 шт. MOQ: 20 шт. Наблюдается снижение спроса.
Systeme,300200953_,"G170 Вывод кабеля механизм ""ARTGALLERY"" базальт GAL1499 (5)",1.194835963290978,10.0,0.0,10.0,0.47819103574478117,5.0,0.0,0,0.0,8.805164036709023,8.369349690861878,LOW,LOW,GROWING,0.25,False,False,False,Прогноз спроса: 1 шт. Свободный остаток: 10 шт. В пути: 0 шт. Страховой запас: 0 шт. MOQ: 5 шт. Наблюдается рост спроса.
Systeme,300200291_,"S393 Перекрест.переключ. 1 кл 10А с/у б/рамки ""ATLAS"" белый ATN171 (5)",26.86133353169705,50.0,0.0,50.0,5.338695221368875,5.0,0.0,0,0.0,23.13866646830295,1.8614116808831827,LOW,LOW,GROWING,1.405727923627685,False,False,False,Прогноз спроса: 27 шт. Свободный остаток: 50 шт. В пути: 0 шт. Страховой запас: 5 шт. MOQ: 5 шт. Наблюдается рост спроса.
Systeme,300200950_,"G167 Переключ. 2 кл механизм ""ARTGALLERY"" базальт GAL1465 (5)",0.693483415860358,29.0,0.0,29.0,0.346741707930179,5.0,0.0,0,0.0,28.306516584139644,41.817870963823495,LOW,LOW,DECLINING,0.6108374384236452,False,False,False,Прогноз спроса: 1 шт. Свободный остаток: 29 шт. В пути: 0 шт. Страховой запас: 0 шт. MOQ: 5 шт. Наблюдается снижение спроса.
Systeme,300200951_,"G168 Диммер поворотно-нажимной механизм 400Вт ""ARTGALLERY"" базальт GAL1423 (1)",0.029731543468491918,3.0,0.0,3.0,0.0,1.0,0.0,0,0.0,2.970268456531508,100.90293506555615,LOW,LOW,STABLE,0.25,False,False,False,Прогноз спроса: 0 шт. Свободный остаток: 3 шт. В пути: 0 шт. Страховой запас: 0 шт. MOQ: 1 шт.
Systeme,300200290_,"S392 Переключ. 1 кл с инд 10А с/у б/рамки  ""ATLAS"" белый ATN163 (20)",0.6660399610859304,14.0,0.0,14.0,0.3330199805429652,20.0,0.0,0,0.0,13.33396003891407,21.019759801159683,LOW,LOW,DECLINING,0.25,False,False,False,Прогноз спроса: 1 шт. Свободный остаток: 14 шт. В пути: 0 шт. Страховой запас: 0 шт. MOQ: 20 шт. Наблюдается снижение спроса.
Systeme,030300013_, Распределительная коробка с/у для твердых стен  75х30 карболит IP30 У-195 Systeme Electric (108),0.16357571173242066,1.0,0.0,1.0,5.465586674532399e-07,108.0,0.0,0,0.0,0.8364242882675793,6.113377037514062,LOW,LOW,STABLE,0.3682739343116701,False,False,False,Прогноз спроса: 0 шт. Свободный остаток: 1 шт. В пути: 0 шт. Страховой запас: 0 шт. MOQ: 108 шт.
Systeme,ATN001232,"ATLASDESIGN РОЗЕТКА 16А с 2 USB A+C, 5В/2,4А/3,0А, 2х5В/1,5А, механизм, ПЕСОЧНЫЙ !!!",0.476489268120511,6.0,0.0,6.0,0.2382446340602555,1.0,0.0,0,0.0,5.523510731879489,12.592098923165072,LOW,LOW,DECLINING,0.25,False,False,False,Прогноз спроса: 0 шт. Свободный остаток: 6 шт. В пути: 0 шт. Страховой запас: 0 шт. MOQ: 1 шт. Наблюдается снижение спроса.
Systeme,030300014_, Распределительная коробка с/у для твердых стен 102х36 карболит IP30 У-192 Systeme Electric (56),109.32506256563396,994.0,0.0,994.0,54.66253128281698,56.0,0.0,0,0.0,884.674937434366,9.092151211011164,LOW,LOW,GROWING,1.564596068065422,False,False,False,Прогноз спроса: 109 шт. Свободный остаток: 994 шт. В пути: 0 шт. Страховой запас: 55 шт. MOQ: 56 шт. Наблюдается рост спроса.
Systeme,030300078_, Распределительная коробка с/у для твердых стен 102х15 карболит IP30 У-191 Systeme Electric (100),0.4084951569515041,90.0,0.0,90.0,0.20424757847575206,100.0,0.0,0,0.0,89.5915048430485,220.32084950932392,LOW,LOW,STABLE,1.297071129707113,False,False,False,Прогноз спроса: 0 шт. Свободный остаток: 90 шт. В пути: 0 шт. Страховой запас: 0 шт. MOQ: 100 шт.
Systeme,ATN000399,"ВЫВОД КАБЕЛЯ, механизм ""ATLAS"" алюминий ATN399 !!!",0.0002855100247093683,2.0,0.0,2.0,0.0,10.0,0.0,0,0.0,1.9997144899752906,7005.0079748894195,LOW,LOW,STABLE,4.0,False,False,False,Прогноз спроса: 0 шт. Свободный остаток: 2 шт. В пути: 0 шт. Страховой запас: 0 шт. MOQ: 10 шт.
Systeme,030200261_,"S377 Телефонная роз. RJ11 механизм б/рамки ""GLOSSA"" белый GSL181T (10)",0.0,0.0,0.0,0.0,0.0,10.0,0.0,0,0.0,0.0,inf,LOW,LOW,STABLE,0.25,True,False,False,Прогноз спроса: 0 шт. Свободный остаток: 0 шт. В пути: 0 шт. Страховой запас: 0 шт. MOQ: 10 шт. Есть сигнал предыдущего stockout.
Systeme,ATN000446,Роз. с з/к  со з/ш с крышкой 16А IP20 механизм жемчуг ATLASDESIGN,1.8719383050871716,16.0,0.0,16.0,0.6679102983684738,10.0,0.0,0,0.0,14.128061694912828,8.547290237353693,LOW,LOW,DECLINING,2.2142857142857144,False,False,False,Прогноз спроса: 2 шт. Свободный остаток: 16 шт. В пути: 0 шт. Страховой запас: 1 шт. MOQ: 10 шт. Наблюдается снижение спроса.
Systeme,030200379_,"S266 1кл с/у инд 10А ""Wessen 59"" ВС 110-153-18 (10/60) !!!",0.0,0.0,0.0,0.0,0.0,1.0,0.0,0,0.0,0.0,inf,LOW,LOW,STABLE,0.25,True,False,False,Прогноз спроса: 0 шт. Свободный остаток: 0 шт. В пути: 0 шт. Страховой запас: 0 шт. MOQ: 1 шт. Есть сигнал предыдущего stockout.
Systeme,LNVA105011,Выкл 2 кл о/у 10А 250B белый BLANCA,0.5180346088408468,15.0,0.0,15.0,0.2590173044204234,15.0,0.0,0,0.0,14.481965391159154,28.955594363789647,LOW,LOW,DECLINING,0.4025974025974026,False,False,False,Прогноз спроса: 1 шт. Свободный остаток: 15 шт. В пути: 0 шт. Страховой запас: 0 шт. MOQ: 15 шт. Наблюдается снижение спроса.
Systeme,030200292_,"S378 USB розетка - 2х5В/ 1050 мА с/у б/рамки ""GLOSSA"" белый GSL133 (1)",0.0,2.0,0.0,2.0,0.0,1.0,0.0,0,0.0,2.0,inf,LOW,LOW,STABLE,0.25,False,False,False,Прогноз спроса: 0 шт. Свободный остаток: 2 шт. В пути: 0 шт. Страховой запас: 0 шт. MOQ: 1 шт.
Systeme,030201459_, Установочная коробка для полых стен г/к  65х60 IMT35151 System Electric(120),134.2484691773915,4183.0,12000.0,16183.0,67.12423458869576,120.0,0.0,0,0.0,16048.751530822608,120.54513618785712,LOW,LOW,STABLE,0.25,False,True,False,Прогноз спроса: 134 шт. Свободный остаток: 4183 шт. В пути: 12000 шт. Страховой запас: 67 шт. MOQ: 120 шт. В истории обнаружена аномальная продажа.
Systeme,ATN540115,"AtlasDesign PROFI IP54 О/У 1-клавишный кнопочный ВЫКЛЮЧАТЕЛЬ 10 АХ, БЕЛЫЙ !!!",0.5008774261285708,7.0,0.0,7.0,0.2504387130642854,12.0,0.0,0,0.0,6.499122573871429,13.975475105965671,LOW,LOW,DECLINING,0.25,False,False,False,Прогноз спроса: 1 шт. Свободный остаток: 7 шт. В пути: 0 шт. Страховой запас: 0 шт. MOQ: 12 шт. Наблюдается снижение спроса.
Systeme,030200263_,"S374 Комп. роз. RJ45 5Е механизм б/рамки ""GLOSSA"" белый GSL181K (10)",0.0540447959631789,1.0,0.0,1.0,0.0,10.0,0.0,0,0.0,0.9459552040368211,18.50316912439279,LOW,LOW,STABLE,1.4903846153846154,False,False,False,Прогноз спроса: 0 шт. Свободный остаток: 1 шт. В пути: 0 шт. Страховой запас: 0 шт. MOQ: 10 шт.
Systeme,030200382_," S179   2кл с/у 16А  ""Wessen 59"" ВС 510-252-18 (10/60) !!!",2.465729714834244,34.0,0.0,34.0,1.232864857417122,1.0,0.0,0,0.0,31.534270285165757,13.789021479300953,LOW,LOW,DECLINING,0.9641148325358851,False,False,False,Прогноз спроса: 2 шт. Свободный остаток: 34 шт. В пути: 0 шт. Страховой запас: 1 шт. MOQ: 1 шт. Наблюдается снижение спроса.
Systeme,ATN544015,"AtlasDesign PROFI IP54 О/У 1-клавишный кнопочный ВЫКЛЮЧАТЕЛЬ 10 АХ, АНТРАЦИТ !!!",0.4998477270887042,18.0,0.0,18.0,0.2499238635443521,12.0,0.0,0,0.0,17.500152272911297,36.01096698956416,LOW,LOW,STABLE,0.25,False,False,False,Прогноз спроса: 0 шт. Свободный остаток: 18 шт. В пути: 0 шт. Страховой запас: 0 шт. MOQ: 12 шт.
Systeme,300100003_,"S199 Рамка 3-ная ""Wessen 59"" (15/60) !!!",0.0,0.0,0.0,0.0,0.0,15.0,0.0,0,0.0,0.0,inf,LOW,LOW,STABLE,0.25,True,False,False,Прогноз спроса: 0 шт. Свободный остаток: 0 шт. В пути: 0 шт. Страховой запас: 0 шт. MOQ: 15 шт. Есть сигнал предыдущего stockout.
Systeme,300201153_,"B006 Роз. 3-ная о/у с  з/к без ш/т 16А 250В ""BLANCA"" антрацит BLNRA010316 (5)",29.332298269416974,218.0,0.0,218.0,9.839088711190005,5.0,0.0,0,0.0,188.66770173058302,7.432080432214052,LOW,LOW,GROWING,0.8603401969561325,False,False,False,Прогноз спроса: 29 шт. Свободный остаток: 218 шт. В пути: 0 шт. Страховой запас: 10 шт. MOQ: 5 шт. Наблюдается рост спроса.
Systeme,030200258_,"S371 Роз. с з/к 16А с/у з/ш IP44 ""GLOSSA"" белый GSL148 (10)",0.06602575972595968,4.0,0.0,4.0,0.0,10.0,0.0,0,0.0,3.9339742402740403,60.582415357309394,LOW,LOW,STABLE,0.6118421052631579,False,False,False,Прогноз спроса: 0 шт. Свободный остаток: 4 шт. В пути: 0 шт. Страховой запас: 0 шт. MOQ: 10 шт.
Systeme,280300174_, Распределительная коробка с/у для твердых стен  70х40 IP30 IMT35120 Systeme Electric (175),745.8625007085184,2577.0,0.0,2577.0,223.73896118021108,175.0,0.0,0,0.0,1831.1374992914816,3.4550604133496807,LOW,LOW,GROWING,0.6159225639125602,False,False,False,Прогноз спроса: 746 шт. Свободный остаток: 2577 шт. В пути: 0 шт. Страховой запас: 224 шт. MOQ: 175 шт. Наблюдается рост спроса.
Systeme,300201154_,"B007 Роз. 4-ная о/у без  з/к без ш/т 16А 250В ""BLANCA"" антрацит BLNRA000416 (5)",2.2158197555826598,69.0,0.0,69.0,0.7479416198251497,5.0,0.0,0,0.0,66.78418024441734,31.139716949520626,LOW,LOW,GROWING,1.7547169811320755,False,False,False,Прогноз спроса: 2 шт. Свободный остаток: 69 шт. В пути: 0 шт. Страховой запас: 1 шт. MOQ: 5 шт. Наблюдается рост спроса.
Systeme,300201151_,"B004 Роз. 2-ная о/у без з/к без ш/т 16А 250В ""BLANCA"" антрацит BLNRA000216 (10)",10.457438954162468,72.0,0.0,72.0,2.0725990125122276,10.0,0.0,0,0.0,61.54256104583753,6.885050949433579,LOW,LOW,DECLINING,0.8691588785046729,False,False,False,Прогноз спроса: 10 шт. Свободный остаток: 72 шт. В пути: 0 шт. Страховой запас: 2 шт. MOQ: 10 шт. Наблюдается снижение спроса.
Systeme,300201152_,"B005 Роз. 3-ная о/у без з/к без ш/т16А 250В ""BLANCA"" антрацит BLNRA000316 (6)",4.47496440406215,29.0,0.0,29.0,2.237482202031075,6.0,0.0,0,0.0,24.52503559593785,6.480498475848265,LOW,LOW,STABLE,0.25,False,False,False,Прогноз спроса: 4 шт. Свободный остаток: 29 шт. В пути: 0 шт. Страховой запас: 2 шт. MOQ: 6 шт.
Systeme,ATN000109,"S416 Заглушка б/с ""ATLAS"" белый ATN109  (15)",0.45329812494603666,7.0,0.0,7.0,0.22664906247301833,5.0,0.0,0,0.0,6.546701875053963,15.442375811356648,LOW,LOW,DECLINING,0.4920634920634921,False,False,False,Прогноз спроса: 0 шт. Свободный остаток: 7 шт. В пути: 0 шт. Страховой запас: 0 шт. MOQ: 5 шт. Наблюдается снижение спроса.
Systeme,ATN000389,"РОЗЕТКА двойная комп+ТВ, RJ45+TV, кат.5E, механизм""ATLAS"" алюминий ATN389 !!!",0.00012198043223156813,19.0,0.0,19.0,0.0,5.0,0.0,0,0.0,18.999878019567767,155762.68793613,LOW,LOW,STABLE,3.1,False,False,False,Прогноз спроса: 0 шт. Свободный остаток: 19 шт. В пути: 0 шт. Страховой запас: 0 шт. MOQ: 5 шт.
Systeme,300201155_,"B008 Роз. 4-ная о/у с  з/к со ш/т 16А 250В ""BLANCA"" антрацит BLNRA011416 (4)",17.075576929886054,469.0,0.0,469.0,3.378451938388349,4.0,0.0,0,0.0,451.92442307011396,27.46612907579982,LOW,LOW,STABLE,0.25,False,False,False,Прогноз спроса: 17 шт. Свободный остаток: 469 шт. В пути: 0 шт. Страховой запас: 3 шт. MOQ: 4 шт.
Systeme,300200924_,"G141 Рамка 4-ная ""ARTGALLERY"" мокко GAL0604 (5)",0.7166397459372974,26.0,0.0,26.0,0.3258322676879415,5.0,0.0,0,0.0,25.283360254062703,36.28043259866147,LOW,LOW,STABLE,3.256302521008404,False,False,False,Прогноз спроса: 1 шт. Свободный остаток: 26 шт. В пути: 0 шт. Страховой запас: 0 шт. MOQ: 5 шт.
Systeme,300200925_,"G142 Рамка 5-ная ""ARTGALLERY"" мокко GAL0605 (5)",0.07120555709125528,79.0,0.0,79.0,0.03560277854562764,5.0,0.0,0,0.0,78.92879444290874,1109.4639692061612,LOW,LOW,STABLE,4.0,False,False,False,Прогноз спроса: 0 шт. Свободный остаток: 79 шт. В пути: 0 шт. Страховой запас: 0 шт. MOQ: 5 шт.
Systeme,030200222_,Распределительная коробка с/у для полых стен г/к 100х100х50 IP20 IMT35161 Systeme Electric (72),449.0199580091142,1335.0,0.0,1335.0,59.75338205212029,72.0,0.0,0,0.0,885.9800419908859,2.9731417862118774,LOW,LOW,GROWING,1.4388278910594612,False,False,False,Прогноз спроса: 449 шт. Свободный остаток: 1335 шт. В пути: 0 шт. Страховой запас: 60 шт. MOQ: 72 шт. Наблюдается рост спроса.
Systeme,300200312_,"S404 USB розетка - 2 порта с/у б/рамки ""ATLAS"" белый (1) ATL133",0.8952805831196867,6.0,0.0,6.0,0.44764029155984336,1.0,0.0,0,0.0,5.104719416880314,6.701809592577618,LOW,LOW,STABLE,0.25,False,False,False,Прогноз спроса: 1 шт. Свободный остаток: 6 шт. В пути: 0 шт. Страховой запас: 0 шт. MOQ: 1 шт.
Systeme,300200922_,"G139 Рамка 2-ная ""ARTGALLERY"" мокко GAL0602 (10)",15.06776502944081,52.0,0.0,52.0,7.533882514720405,10.0,0.0,0,0.0,36.93223497055919,3.4510758495634577,LOW,LOW,DECLINING,0.25,False,False,False,Прогноз спроса: 15 шт. Свободный остаток: 52 шт. В пути: 0 шт. Страховой запас: 8 шт. MOQ: 10 шт. Наблюдается снижение спроса.
Systeme,300200313_,"S414 Выкл 1 кл  с/у 6А 250B ""BLANCA"" белый BLNVS006101 (60)",29.577258779880758,132.0,0.0,132.0,4.048518247457958,10.0,0.0,0,0.0,102.42274122011924,4.462888227146659,LOW,LOW,GROWING,2.041316978695933,False,False,False,Прогноз спроса: 30 шт. Свободный остаток: 132 шт. В пути: 0 шт. Страховой запас: 4 шт. MOQ: 10 шт. Наблюдается рост спроса.
Systeme,300200923_,"G140 Рамка 3-ная ""ARTGALLERY"" мокко GAL0603 (5)",1.9576819227456326,36.0,0.0,36.0,0.9788409613728163,5.0,0.0,0,0.0,34.042318077254365,18.389095583776093,LOW,LOW,STABLE,1.3766447368421053,False,False,False,Прогноз спроса: 2 шт. Свободный остаток: 36 шт. В пути: 0 шт. Страховой запас: 1 шт. MOQ: 5 шт.
Systeme,030200221_,Распределительная коробка с/у для полых стен г/к  80х45 IP20 IMT35160 Systeme Electric (120),1590.7679090114884,5246.0,0.0,5246.0,257.33876246431794,120.0,0.0,0,0.0,3655.2320909885116,3.2977783687250093,LOW,LOW,DECLINING,1.1918805272189017,False,False,False,Прогноз спроса: 1591 шт. Свободный остаток: 5246 шт. В пути: 0 шт. Страховой запас: 257 шт. MOQ: 120 шт. Наблюдается снижение спроса.
Systeme,300200928_,"G145 Вывод кабеля механизм ""ARTGALLERY"" мокко GAL0699 (5)",0.00033701759375861855,28.0,0.0,28.0,0.00016850879687930928,5.0,0.0,0,0.0,27.999662982406242,83081.71596541154,LOW,LOW,DECLINING,0.25,False,False,False,Прогноз спроса: 0 шт. Свободный остаток: 28 шт. В пути: 0 шт. Страховой запас: 0 шт. MOQ: 5 шт. Наблюдается снижение спроса.
Systeme,300200308_,"S412 Рамка 1-ная AQUA IP 44 ""ATLAS"" белый ATN0101 (10)",13.742343043625064,60.0,0.0,60.0,6.871171521812532,10.0,0.0,0,0.0,46.25765695637494,4.36606769380811,LOW,LOW,DECLINING,1.106014271151886,False,False,False,Прогноз спроса: 14 шт. Свободный остаток: 60 шт. В пути: 0 шт. Страховой запас: 7 шт. MOQ: 10 шт. Наблюдается снижение спроса.
Systeme,030200224_,Распределительная  коробка о/у  с сальниками 100х100х50 IP55 IMT35091 Systeme Electric (45),2144.6702557750777,5163.0,0.0,5163.0,217.26780115025505,45.0,0.0,0,0.0,3018.3297442249223,2.407363083484415,LOW,LOW,GROWING,0.9910037909366262,False,False,False,Прогноз спроса: 2145 шт. Свободный остаток: 5163 шт. В пути: 0 шт. Страховой запас: 217 шт. MOQ: 45 шт. Наблюдается рост спроса.
Systeme,300200929_,"G146 Роз. 2-ная TV комп. RJ45 5Е ""ARTGALLERY"" мокко GAL0689 (5)",4.5957993865777424e-05,43.0,0.0,43.0,0.0,5.0,0.0,0,0.0,42.99995404200613,935637.0107360127,LOW,LOW,STABLE,4.0,False,False,False,Прогноз спроса: 0 шт. Свободный остаток: 43 шт. В пути: 0 шт. Страховой запас: 0 шт. MOQ: 5 шт.
Systeme,300200309_,"S413 Рамка 2-ная AQUA IP 44 ""ATLAS"" белый ATN0102 (5)",6.292801947608994,33.0,0.0,33.0,1.8774816909892884,5.0,0.0,0,0.0,26.707198052391007,5.244086859040374,LOW,LOW,STABLE,1.1840277777777777,False,False,False,Прогноз спроса: 6 шт. Свободный остаток: 33 шт. В пути: 0 шт. Страховой запас: 2 шт. MOQ: 5 шт.
Systeme,300200926_,"G143 Переключ. 2 кл механизм ""ARTGALLERY"" мокко GAL0665 (10)",0.3197863701221569,8.0,0.0,8.0,0.15989318506107844,10.0,0.0,0,0.0,7.680213629877843,25.016700983672436,LOW,LOW,STABLE,2.155629139072848,False,False,False,Прогноз спроса: 0 шт. Свободный остаток: 8 шт. В пути: 0 шт. Страховой запас: 0 шт. MOQ: 10 шт.
Systeme,300200310_,"S410 Переключ. AQUA 1 кл 10А с/у б/рамки IP 44 ""ATLAS"" белый ATN0161 (20)",0.2907848443705133,54.0,0.0,54.0,0.14539242218525664,20.0,0.0,0,0.0,53.70921515562949,185.70431384379197,LOW,LOW,STABLE,1.0557275541795663,False,True,False,Прогноз спроса: 0 шт. Свободный остаток: 54 шт. В пути: 0 шт. Страховой запас: 0 шт. MOQ: 20 шт. В истории обнаружена аномальная продажа.
Systeme,030200223_,Распределительная  коробка о/у  с сальниками  70х70х40 IP55 IMT35090 Systeme Electric (96),708.2099713376032,2985.0,0.0,2985.0,183.74345543900813,96.0,0.0,0,0.0,2276.7900286623967,4.214851697671245,LOW,LOW,GROWING,1.6897514481474945,False,False,False,Прогноз спроса: 708 шт. Свободный остаток: 2985 шт. В пути: 0 шт. Страховой запас: 184 шт. MOQ: 96 шт. Наблюдается рост спроса.
Systeme,300200927_,"G144 Выкл. 1 кл кнопочный 10А механизм ""ARTGALLERY"" мокко GAL0615 (5)",4.495612048612171e-05,18.0,0.0,18.0,0.0,5.0,0.0,0,0.0,17.999955043879513,400390.4208228273,LOW,LOW,STABLE,4.0,False,False,False,Прогноз спроса: 0 шт. Свободный остаток: 18 шт. В пути: 0 шт. Страховой запас: 0 шт. MOQ: 5 шт.
Systeme,300200916_,"G133 Роз. комп. RJ45 6A механизм, ""ARTGALLERY"" мокко GAL0686 (5)",0.8376533935000785,27.0,0.0,27.0,0.41882669675003925,5.0,0.0,0,0.0,26.16234660649992,32.23290230722078,LOW,LOW,DECLINING,1.8153153153153156,False,False,False,Прогноз спроса: 1 шт. Свободный остаток: 27 шт. В пути: 0 шт. Страховой запас: 0 шт. MOQ: 5 шт. Наблюдается снижение спроса.
Systeme,300200318_,"S420 Роз  2-ная  с/у с з/к 16А 250В ""BLANCA""  белый BLNRS001021 (36)",35.94788102286835,230.0,0.0,230.0,17.973940511434176,6.0,0.0,0,0.0,194.05211897713164,6.398151809106212,LOW,LOW,DECLINING,1.0773825685582403,False,False,False,Прогноз спроса: 36 шт. Свободный остаток: 230 шт. В пути: 0 шт. Страховой запас: 18 шт. MOQ: 6 шт. Наблюдается снижение спроса.
Systeme,300200917_,"G134 Переключ. 1 кл механизм ""ARTGALLERY"" мокко GAL0661 (10)",0.1398398248288822,47.0,0.0,47.0,0.0699199124144411,10.0,0.0,0,0.0,46.86016017517112,336.09881918482444,LOW,LOW,STABLE,4.0,False,False,False,Прогноз спроса: 0 шт. Свободный остаток: 47 шт. В пути: 0 шт. Страховой запас: 0 шт. MOQ: 10 шт.
Systeme,300200317_,"S418 Роз  с/у с з/к 16А 250В ""BLANCA""  белый BLNRS001011 (60)",33.05405728059185,288.0,0.0,288.0,4.418417891809967,10.0,0.0,0,0.0,254.94594271940815,8.712999967150877,LOW,LOW,DECLINING,1.7845528455284554,False,False,False,Прогноз спроса: 33 шт. Свободный остаток: 288 шт. В пути: 0 шт. Страховой запас: 4 шт. MOQ: 10 шт. Наблюдается снижение спроса.
Systeme,030200201_, Установочная коробка для твердых стен 65х60 IMT35101 Systeme Electric (120),30081.005590432153,60996.0,0.0,60996.0,1591.0678906790806,120.0,0.0,0,0.0,30914.994409567847,2.027724765271842,LOW,LOW,STABLE,0.9723231517423094,False,False,False,Прогноз спроса: 30081 шт. Свободный остаток: 60996 шт. В пути: 0 шт. Страховой запас: 1591 шт. MOQ: 120 шт.
Systeme,300200914_,"G131 Выкл. 2 кл 10А механизм ""ARTGALLERY"" мокко GAL0651 (10)",6.063066221026229,54.0,0.0,54.0,3.0315331105131147,10.0,0.0,0,0.0,47.93693377897377,8.906384662719386,LOW,LOW,DECLINING,2.206597222222222,False,False,False,Прогноз спроса: 6 шт. Свободный остаток: 54 шт. В пути: 0 шт. Страховой запас: 3 шт. MOQ: 10 шт. Наблюдается снижение спроса.
Systeme,030200193_, Установочная коробка для полых стен г/к  65х45 IMT35150 Systeme Electric (210),25956.374099488625,39531.0,37800.0,77331.0,376.1308617577967,3780.0,0.0,0,0.0,51374.625900511375,2.979268202237982,LOW,LOW,STABLE,1.0964503901676446,False,True,False,Прогноз спроса: 25956 шт. Свободный остаток: 39531 шт. В пути: 37800 шт. Страховой запас: 376 шт. MOQ: 3780 шт. В истории обнаружена аномальная продажа.
Systeme,300200915_,"G132 Выкл. 2 кл с инд 10А механизм ""ARTGALLERY"" мокко GAL0653 (10)",0.00017052173305043532,108.0,0.0,108.0,0.0,10.0,0.0,0,0.0,107.99982947826695,633350.3540458198,LOW,LOW,STABLE,3.0392156862745097,False,False,False,Прогноз спроса: 0 шт. Свободный остаток: 108 шт. В пути: 0 шт. Страховой запас: 0 шт. MOQ: 10 шт.
Systeme,300200319_,"S422 Выкл 1 кл  о/у 6А 250B ИЗОЛ.ПЛ. ""BLANCA""  белый BLNVA061011 (90)",324.9591944780457,789.0,0.0,789.0,24.182948538174802,15.0,0.0,0,0.0,464.0408055219543,2.4279971559730864,LOW,LOW,STABLE,1.4342312401609236,False,True,False,Прогноз спроса: 325 шт. Свободный остаток: 789 шт. В пути: 0 шт. Страховой запас: 24 шт. MOQ: 15 шт. В истории обнаружена аномальная продажа.
Systeme,300200920_,"G137 Роз. TV оконечная механизм ""ARTGALLERY"" мокко GAL0691 (5)",0.11864967503446246,49.0,0.0,49.0,0.0,5.0,0.0,0,0.0,48.88135032496554,412.98048212747045,LOW,LOW,STABLE,3.1,False,False,False,Прогноз спроса: 0 шт. Свободный остаток: 49 шт. В пути: 0 шт. Страховой запас: 0 шт. MOQ: 5 шт.
Systeme,300200315_,"S416 Роз  с/у без з/к 16А 250В ""BLANCA""  белый BLNRS000011 (60)",0.9735620527253074,110.0,0.0,110.0,0.4867810263626537,10.0,0.0,0,0.0,109.02643794727469,112.98714826864429,LOW,LOW,STABLE,2.330827067669173,False,False,False,Прогноз спроса: 1 шт. Свободный остаток: 110 шт. В пути: 0 шт. Страховой запас: 0 шт. MOQ: 10 шт.
Systeme,300200921_,"G138 Рамка 1-ная ""ARTGALLERY"" мокко GAL0601 (20)",22.438768134791506,97.0,0.0,97.0,11.219384067395753,20.0,0.0,0,0.0,74.5612318652085,4.322875454539799,LOW,LOW,DECLINING,0.9205240174672488,False,False,False,Прогноз спроса: 22 шт. Свободный остаток: 97 шт. В пути: 0 шт. Страховой запас: 11 шт. MOQ: 20 шт. Наблюдается снижение спроса.
Systeme,300200314_,"S415 Выкл 2 кл  с/у 6А 250B ""BLANCA"" белый BLNVS006501 (60)",12.009868213656208,125.0,0.0,125.0,2.8443108421314784,10.0,0.0,0,0.0,112.9901317863438,10.408107547580308,LOW,LOW,GROWING,1.965992647058824,False,False,False,Прогноз спроса: 12 шт. Свободный остаток: 125 шт. В пути: 0 шт. Страховой запас: 3 шт. MOQ: 10 шт. Наблюдается рост спроса.
Systeme,030200220_, Распределительная коробка с/у для твердых стен 100х100х50 IP30 IMT35122 Systeme Electric (72),1550.570681239792,3683.0,0.0,3683.0,166.85935694470365,72.0,0.0,0,0.0,2132.429318760208,2.3752545076211415,LOW,LOW,STABLE,1.4460583567954954,False,False,False,Прогноз спроса: 1551 шт. Свободный остаток: 3683 шт. В пути: 0 шт. Страховой запас: 167 шт. MOQ: 72 шт.
Systeme,030200219_, Распределительная коробка с/у для твердых стен 100х50 IP30 IMT35121 Systeme Electric (84),4382.366530334248,17066.0,0.0,17066.0,371.4107543374314,84.0,0.0,0,0.0,12683.633469665752,3.894242957970555,LOW,LOW,GROWING,0.9627681572079804,False,False,False,Прогноз спроса: 4382 шт. Свободный остаток: 17066 шт. В пути: 0 шт. Страховой запас: 371 шт. MOQ: 84 шт. Наблюдается рост спроса.
Systeme,300200918_,"G135 Перекрест. переключ. 1 кл ""ARTGALLERY"" мокко GAL0671 (5)",0.09261017786580104,64.0,0.0,64.0,0.04630508893290052,5.0,0.0,0,0.0,63.9073898221342,691.0687515657372,LOW,LOW,STABLE,4.0,False,False,False,Прогноз спроса: 0 шт. Свободный остаток: 64 шт. В пути: 0 шт. Страховой запас: 0 шт. MOQ: 5 шт.
Systeme,030200203_,Соединитель коробок IMT35150/IMT351501 Systeme Electric (900),2245.078090938514,6252.0,0.0,6252.0,235.78510555164425,900.0,0.0,0,0.0,4006.921909061486,2.784758367753019,LOW,LOW,STABLE,1.4209473626131095,False,True,False,Прогноз спроса: 2245 шт. Свободный остаток: 6252 шт. В пути: 0 шт. Страховой запас: 236 шт. MOQ: 900 шт. В истории обнаружена аномальная продажа.
Systeme,300200919_,"G136 Роз. 2-ная комп. RJ45+RJ45 6А механизм ""ARTGALLERY"" мокко GAL0688 (1)",0.08386212662985575,4.0,0.0,4.0,0.04193106331492787,1.0,0.0,0,0.0,3.916137873370144,47.69733562392109,LOW,LOW,DECLINING,2.1136363636363638,False,False,False,Прогноз спроса: 0 шт. Свободный остаток: 4 шт. В пути: 0 шт. Страховой запас: 0 шт. MOQ: 1 шт. Наблюдается снижение спроса.
Systeme,300200299_,"S396 Роз. 2-ная с/у 16А с з/к з/ш со сдвиж.крыш.""ATLAS"" белый ATN128 (6)",0.334591411159478,118.0,0.0,118.0,0.1428869016623597,6.0,0.0,0,0.0,117.66540858884052,352.6689450607477,LOW,LOW,STABLE,3.378205128205128,False,False,False,Прогноз спроса: 0 шт. Свободный остаток: 118 шт. В пути: 0 шт. Страховой запас: 0 шт. MOQ: 6 шт.
Systeme,300200940_,"G157 Перекрест. переключ. 1 кл ""ARTGALLERY"" базальт GAL1471 (5)",0.0,24.0,0.0,24.0,0.0,5.0,0.0,0,0.0,24.0,inf,LOW,LOW,STABLE,1.0108695652173914,False,False,False,Прогноз спроса: 0 шт. Свободный остаток: 24 шт. В пути: 0 шт. Страховой запас: 0 шт. MOQ: 5 шт.
Systeme,300200941_,"G158 Роз. 2-ная комп. RJ45+RJ45 6A механизм ""ARTGALLERY"" базальт GAL1488 (1)",3.5940821578088237e-06,6.0,0.0,6.0,0.0,1.0,0.0,0,0.0,5.999996405917842,1669410.9195483648,LOW,LOW,STABLE,0.25,False,False,False,Прогноз спроса: 0 шт. Свободный остаток: 6 шт. В пути: 0 шт. Страховой запас: 0 шт. MOQ: 1 шт.
Systeme,300200298_,"S395 Роз. 2-ная с/у 16А с з/к з/ш ""ATLAS"" белый ATN126 (10)",857.6099167048179,2668.0,0.0,2668.0,94.7572078392984,10.0,0.0,0,0.0,1810.3900832951822,3.11097148952197,LOW,LOW,GROWING,1.1186487943631598,False,False,False,Прогноз спроса: 858 шт. Свободный остаток: 2668 шт. В пути: 0 шт. Страховой запас: 95 шт. MOQ: 10 шт. Наблюдается рост спроса.
Systeme,300200938_,"G155 Роз. комп. RJ45 6A механизм ""ARTGALLERY"" базальт GAL1486 (5)",1.430807980370534,70.0,0.0,70.0,0.715403990185267,5.0,0.0,0,0.0,68.56919201962947,48.92340618751107,LOW,LOW,STABLE,2.1136363636363638,False,False,False,Прогноз спроса: 1 шт. Свободный остаток: 70 шт. В пути: 0 шт. Страховой запас: 1 шт. MOQ: 5 шт.
Systeme,300200939_,"G156 Переключ. 1 кл механизм ""ARTGALLERY"" базальт GAL1461 (5)",0.7576377625274874,33.0,0.0,33.0,0.34411722808756545,5.0,0.0,0,0.0,32.24236223747251,43.55643505665776,LOW,LOW,DECLINING,2.438202247191011,False,False,False,Прогноз спроса: 1 шт. Свободный остаток: 33 шт. В пути: 0 шт. Страховой запас: 0 шт. MOQ: 5 шт. Наблюдается снижение спроса.
Systeme,030200243_,"S362 Выкл 2 кл 10А с/у ""GLOSSA"" белый GSL152 (15)",0.3193923649751269,90.0,0.0,90.0,0.1464155046434482,15.0,0.0,0,0.0,89.68060763502487,281.7850702442711,LOW,LOW,STABLE,1.3399532710280373,False,False,False,Прогноз спроса: 0 шт. Свободный остаток: 90 шт. В пути: 0 шт. Страховой запас: 0 шт. MOQ: 15 шт.
Systeme,300200300_,"S403 ТЕРМОСТАТ для теп.пола с датч. с/у 16А ""ATLAS"" белый (1) ATN138",0.19045948110690183,17.0,0.0,17.0,0.09522974055345092,1.0,0.0,0,0.0,16.809540518893098,89.25783007073392,LOW,LOW,STABLE,1.251121076233184,False,False,False,Прогноз спроса: 0 шт. Свободный остаток: 17 шт. В пути: 0 шт. Страховой запас: 0 шт. MOQ: 1 шт.
Systeme,300200944_,"G161 Роз. TV оконечная 1DB механизм ""ARTGALLERY"" базальт GAL1491 (5)",5.04755583309115e-05,56.0,0.0,56.0,2.523777916545575e-05,5.0,0.0,0,0.0,55.99994952444167,1109447.8565818123,LOW,LOW,STABLE,0.25,False,False,False,Прогноз спроса: 0 шт. Свободный остаток: 56 шт. В пути: 0 шт. Страховой запас: 0 шт. MOQ: 5 шт.
Systeme,300200295_,"S401 ТV роз. оконечная с/у б/рамки ""ATLAS"" белый ATN191 (10)",20.028793273573438,333.0,0.0,333.0,2.2968819444339337,10.0,0.0,0,0.0,312.97120672642654,16.626064059454333,LOW,LOW,STABLE,1.101427269966596,False,True,False,Прогноз спроса: 20 шт. Свободный остаток: 333 шт. В пути: 0 шт. Страховой запас: 2 шт. MOQ: 10 шт. В истории обнаружена аномальная продажа.
Systeme,300200945_,"G162 Рамка 1-ная ""ARTGALLERY"" базальт GAL1401 (10)",27.786155845915797,165.0,0.0,165.0,13.156307105972651,10.0,0.0,0,0.0,137.2138441540842,5.9382089741014985,LOW,LOW,GROWING,0.8340807174887892,False,False,False,Прогноз спроса: 28 шт. Свободный остаток: 165 шт. В пути: 0 шт. Страховой запас: 13 шт. MOQ: 10 шт. Наблюдается рост спроса.
Systeme,300200296_,"S384 Выкл 1 кл 10А с/у ""ATLAS"" белый ATN112  (15)",456.4610432582673,1090.0,0.0,1090.0,57.39718997186759,15.0,0.0,0,0.0,633.5389567417327,2.3879365306170808,LOW,LOW,GROWING,1.581085753803596,False,False,False,Прогноз спроса: 456 шт. Свободный остаток: 1090 шт. В пути: 0 шт. Страховой запас: 57 шт. MOQ: 15 шт. Наблюдается рост спроса.
Systeme,300200942_,"G159 Роз. с з/к с/ш 16А механизм ""ARTGALLERY"" базальт GAL1445 (5)",0.03285815146209907,77.0,0.0,77.0,0.016429075731049535,5.0,0.0,0,0.0,76.9671418485379,2343.4063260928506,LOW,LOW,STABLE,0.25,False,False,False,Прогноз спроса: 0 шт. Свободный остаток: 77 шт. В пути: 0 шт. Страховой запас: 0 шт. MOQ: 5 шт.
Systeme,300200297_,"S394 Роз. 2-ная с/у 16А ""ATLAS"" белый ATN120 (15)",559.580883168398,1009.0,0.0,1009.0,23.72879974840743,15.0,0.0,0,0.0,449.41911683160197,1.8031352220021348,LOW,LOW,STABLE,1.617129511873656,False,True,False,Прогноз спроса: 560 шт. Свободный остаток: 1009 шт. В пути: 0 шт. Страховой запас: 24 шт. MOQ: 15 шт. В истории обнаружена аномальная продажа.
Systeme,300200943_,"G160 Роз. с з/к с/ш с крышкой 16А механизм IP20 ""ARTGALLERY"" базальт GAL1446 (5)",0.14385701675965748,15.0,0.0,15.0,0.07192850837982874,5.0,0.0,0,0.0,14.856142983240343,104.27020063303942,LOW,LOW,STABLE,0.5081967213114754,False,False,False,Прогноз спроса: 0 шт. Свободный остаток: 15 шт. В пути: 0 шт. Страховой запас: 0 шт. MOQ: 5 шт.
Systeme,030200245_,"S364 Выкл 3 кл 10А с/у б/рамки ""GLOSSA"" белый GSL131 (20)",0.22002375315730877,31.0,0.0,31.0,0.11001187657865438,20.0,0.0,0,0.0,30.77997624684269,140.89387875242795,LOW,LOW,STABLE,0.25,False,False,False,Прогноз спроса: 0 шт. Свободный остаток: 31 шт. В пути: 0 шт. Страховой запас: 0 шт. MOQ: 20 шт.
Systeme,300200932_,"G149 Роз. с з/к с/ш с крышкой 16А механизм IP20 ""ARTGALLERY"" мокко GAL0646 (10)",0.21399517893376827,72.0,0.0,72.0,0.10699758946688413,10.0,0.0,0,0.0,71.78600482106623,336.45617793232657,LOW,LOW,STABLE,2.6050420168067228,False,False,False,Прогноз спроса: 0 шт. Свободный остаток: 72 шт. В пути: 0 шт. Страховой запас: 0 шт. MOQ: 10 шт.
Systeme,300200305_,"S407 Рамка 3-ная ""ATLAS"" белый (15) ATN103",392.10355621053895,1385.0,0.0,1385.0,23.097878690476197,15.0,0.0,0,0.0,992.896443789461,3.5322301419177333,LOW,LOW,GROWING,1.5608899297423888,False,False,False,Прогноз спроса: 392 шт. Свободный остаток: 1385 шт. В пути: 0 шт. Страховой запас: 23 шт. MOQ: 15 шт. Наблюдается рост спроса.
Systeme,300200933_,"G150 Роз. с з/к 16А механизм ""ARTGALLERY"" базальт GAL1443 (5)",46.48575309651591,281.0,0.0,281.0,9.429074053161276,5.0,0.0,0,0.0,234.5142469034841,6.044862808107563,LOW,LOW,GROWING,1.248426881449786,False,False,False,Прогноз спроса: 46 шт. Свободный остаток: 281 шт. В пути: 0 шт. Страховой запас: 9 шт. MOQ: 5 шт. Наблюдается рост спроса.
Systeme,030200226_,Распределительная  коробка о/у  с сальниками  65х45 IP55 IMT35093 Systeme Electric (150),33.40577858886126,202.0,0.0,202.0,16.70288929443063,150.0,0.0,0,0.0,168.59422141113873,6.046858014779347,LOW,LOW,DECLINING,1.99726368159204,False,False,False,Прогноз спроса: 33 шт. Свободный остаток: 202 шт. В пути: 0 шт. Страховой запас: 17 шт. MOQ: 150 шт. Наблюдается снижение спроса.
Systeme,300200307_,"S409 Рамка 5-ная ""ATLAS"" белый (5) ATN105",24.198967614060926,86.0,0.0,86.0,5.492510051576329,5.0,0.0,0,0.0,61.801032385939074,3.553870618432056,LOW,LOW,STABLE,1.2762413576367064,False,False,False,Прогноз спроса: 24 шт. Свободный остаток: 86 шт. В пути: 0 шт. Страховой запас: 5 шт. MOQ: 5 шт.
Systeme,300200930_,"G147 Роз. USB A+C 45Вт высокоскор.заряд., механизм ""ARTGALLERY"" мокко GAL0629 (1)",0.0237249390431797,17.0,0.0,17.0,0.01186246952158985,1.0,0.0,0,0.0,16.97627506095682,716.5455712682666,LOW,LOW,STABLE,0.25,False,False,False,Прогноз спроса: 0 шт. Свободный остаток: 17 шт. В пути: 0 шт. Страховой запас: 0 шт. MOQ: 1 шт.
Systeme,030200225_,Распределительная  коробка о/у  с сальниками  85х85х40 IP55 IMT35092 Systeme Electric (72),1863.7002478854301,5218.0,0.0,5218.0,383.6977491029452,72.0,0.0,0,0.0,3354.29975211457,2.799806463469856,LOW,LOW,STABLE,1.038915774092792,False,False,False,Прогноз спроса: 1864 шт. Свободный остаток: 5218 шт. В пути: 0 шт. Страховой запас: 384 шт. MOQ: 72 шт.
Systeme,300200931_,"G148 Диммер поворотно-нажимной механизм 400Вт ""ARTGALLERY"" мокко GAL0623 (1)",4.532779960015164e-05,5.0,0.0,5.0,0.0,1.0,0.0,0,0.0,4.9999546722004,110307.58263375469,LOW,LOW,STABLE,4.0,False,False,False,Прогноз спроса: 0 шт. Свободный остаток: 5 шт. В пути: 0 шт. Страховой запас: 0 шт. MOQ: 1 шт.
Systeme,300200306_,"S408 Рамка 4-ная ""ATLAS"" белый (15) ATN104",143.20229625920663,247.0,0.0,247.0,13.529058232805777,15.0,0.0,0,0.0,103.79770374079337,1.724832676934956,LOW,LOW,GROWING,1.2856638625801518,False,False,False,Прогноз спроса: 143 шт. Свободный остаток: 247 шт. В пути: 0 шт. Страховой запас: 14 шт. MOQ: 15 шт. Наблюдается рост спроса.
Systeme,300200936_,"G153 Выкл. 2 кл 10А механизм ""ARTGALLERY"" базальт GAL1451 (5)",5.407421019300735,50.0,0.0,50.0,2.3295385809211355,5.0,0.0,0,0.0,44.592578980699265,9.246552066416644,LOW,LOW,DECLINING,0.7126436781609194,False,False,False,Прогноз спроса: 5 шт. Свободный остаток: 50 шт. В пути: 0 шт. Страховой запас: 2 шт. MOQ: 5 шт. Наблюдается снижение спроса.
Systeme,300200302_,"S386 Выкл 2 кл 10А с/у ""ATLAS"" белый ATN152 (15)",203.71778807531658,449.0,0.0,449.0,31.14147823509141,15.0,0.0,0,0.0,245.28221192468342,2.204029428367836,LOW,LOW,STABLE,1.5770552591118747,False,False,False,Прогноз спроса: 204 шт. Свободный остаток: 449 шт. В пути: 0 шт. Страховой запас: 31 шт. MOQ: 15 шт.
Systeme,300200937_,"G154 Выкл. 2 кл с инд 10А механизм ""ARTGALLERY"" базальт GAL1453 (5)",0.0,69.0,0.0,69.0,0.0,5.0,0.0,0,0.0,69.0,inf,LOW,LOW,STABLE,0.25,False,False,False,Прогноз спроса: 0 шт. Свободный остаток: 69 шт. В пути: 0 шт. Страховой запас: 0 шт. MOQ: 5 шт.
Systeme,030200240_,"S259 2-я. о/у.з/к.16А IP20 ""ХИТ"" РА 16-238I-б (84) !!!",0.5521845060981291,1.0,0.0,1.0,0.27609225304906454,16.0,0.0,0,0.0,0.4478154939018709,1.8109888795436238,LOW,LOW,STABLE,0.376967095851216,False,False,False,Прогноз спроса: 1 шт. Свободный остаток: 1 шт. В пути: 0 шт. Страховой запас: 0 шт. MOQ: 16 шт.
Systeme,300200301_,"S399 Роз. с з/к 16А с/у з/ш ""ATLAS"" белый ATN144 (15)",375.07353597846594,930.0,0.0,930.0,27.708861398476987,15.0,0.0,0,0.0,554.926464021534,2.4795137774086893,LOW,LOW,GROWING,1.237554532958824,False,False,False,Прогноз спроса: 375 шт. Свободный остаток: 930 шт. В пути: 0 шт. Страховой запас: 28 шт. MOQ: 15 шт. Наблюдается рост спроса.
Systeme,030200239_,"S258  2-я.о/у. 10А IP20 ""ХИТ"" РА 16-237I-б / РА 16-233I-б (112) !!!",7.124809646458874,2657.0,0.0,2657.0,0.0,16.0,0.0,0,0.0,2649.8751903535413,372.9222437992522,LOW,LOW,STABLE,0.72766929788118,False,False,False,Прогноз спроса: 7 шт. Свободный остаток: 2657 шт. В пути: 0 шт. Страховой запас: 0 шт. MOQ: 16 шт.
Systeme,030200227_,Распределительная  коробка о/у  с сальниками  80х40 IP55 IMT35094 Systeme Electric (96),163.378520978301,894.0,0.0,894.0,5.306474033354711,96.0,0.0,0,0.0,730.621479021699,5.4719555217343165,LOW,LOW,STABLE,1.5787141300399563,False,True,False,Прогноз спроса: 163 шт. Свободный остаток: 894 шт. В пути: 0 шт. Страховой запас: 5 шт. MOQ: 96 шт. В истории обнаружена аномальная продажа.
Systeme,300200934_,"G151 Выкл. 1 кл 10А ""ARTGALLERY"" базальт GAL1411 (5)",10.884814787884709,75.0,0.0,75.0,3.648515679926104,5.0,0.0,0,0.0,64.11518521211529,6.890333134880567,LOW,LOW,GROWING,1.4695259593679455,False,False,False,Прогноз спроса: 11 шт. Свободный остаток: 75 шт. В пути: 0 шт. Страховой запас: 4 шт. MOQ: 5 шт. Наблюдается рост спроса.
Systeme,300200304_,"S406 Рамка 2-ная ""ATLAS"" белый (30) ATN102",1023.3731955045541,2985.0,0.0,2985.0,71.03695282503963,30.0,0.0,0,0.0,1961.6268044954459,2.9168244909212264,LOW,LOW,STABLE,1.5108957748506442,False,False,False,Прогноз спроса: 1023 шт. Свободный остаток: 2985 шт. В пути: 0 шт. Страховой запас: 71 шт. MOQ: 30 шт.
Systeme,300200303_,"S405 Рамка 1-ная ""ATLAS"" белый (45) ATN101",3945.50303495585,9434.0,0.0,9434.0,346.1770481511801,45.0,0.0,0,0.0,5488.49696504415,2.3910766045337906,LOW,LOW,GROWING,1.5527100802854594,False,False,False,Прогноз спроса: 3946 шт. Свободный остаток: 9434 шт. В пути: 0 шт. Страховой запас: 346 шт. MOQ: 45 шт. Наблюдается рост спроса.
Systeme,300200935_,"G152 Выкл. 1 кл с инд 10А механизм ""ARTGALLERY"" базальт GAL1413 (5)",3.7656986411464534e-05,57.0,0.0,57.0,0.0,5.0,0.0,0,0.0,56.999962343013586,1513663.344622993,LOW,LOW,STABLE,0.25,False,False,False,Прогноз спроса: 0 шт. Свободный остаток: 57 шт. В пути: 0 шт. Страховой запас: 0 шт. MOQ: 5 шт.
Systeme,300200534_,"K015 ТV роз. оконечная с/у б/рамки ""ATLAS"" СТАЛЬ ATN991(5)",0.015122551589883841,6.0,0.0,6.0,0.0075612757949419206,5.0,0.0,0,0.0,5.984877448410116,396.7584414797878,LOW,LOW,STABLE,0.369047619047619,False,False,False,Прогноз спроса: 0 шт. Свободный остаток: 6 шт. В пути: 0 шт. Страховой запас: 0 шт. MOQ: 5 шт.
Systeme,300200782_,"K094 Рамка 1-ная AQUA IP44 ""ATLAS"" КАРБОН ATN441001     (10) NEW",3.836326144897031,167.0,0.0,167.0,0.8108123498483821,10.0,0.0,0,0.0,163.16367385510296,43.53123110300164,LOW,LOW,STABLE,2.79639175257732,False,False,False,Прогноз спроса: 4 шт. Свободный остаток: 167 шт. В пути: 0 шт. Страховой запас: 1 шт. MOQ: 10 шт.
Systeme,300200783_,"K095 Рамка 2-ная AQUA IP44 ""ATLAS"" КАРБОН ATN441002     (5) NEW",0.24564419003685037,13.0,0.0,13.0,0.12282209501842518,5.0,0.0,0,0.0,12.75435580996315,52.92207398860035,LOW,LOW,DECLINING,0.8378378378378378,False,False,False,Прогноз спроса: 0 шт. Свободный остаток: 13 шт. В пути: 0 шт. Страховой запас: 0 шт. MOQ: 5 шт. Наблюдается снижение спроса.
Systeme,300200533_,"K014 Роз. с з/к 16А с/у з/ш ""ATLAS"" СТАЛЬ ATN944 (5)",0.07765447605809954,24.0,0.0,24.0,0.03882723802904977,5.0,0.0,0,0.0,23.9223455239419,309.0613860048927,LOW,LOW,STABLE,0.2583333333333333,False,False,False,Прогноз спроса: 0 шт. Свободный остаток: 24 шт. В пути: 0 шт. Страховой запас: 0 шт. MOQ: 5 шт.
Systeme,300200781_,"K091 Выкл. AQUA 2 кл IP44 мех. ""ATLAS"" КАРБОН ATN441051   (5) NEW",0.007189799151990629,14.0,0.0,14.0,0.0035948995759953143,5.0,0.0,0,0.0,13.992810200848009,1947.2032116674416,LOW,LOW,STABLE,0.25,False,False,False,Прогноз спроса: 0 шт. Свободный остаток: 14 шт. В пути: 0 шт. Страховой запас: 0 шт. MOQ: 5 шт.
Systeme,300200535_,"K016 Телефонная роз. RJ11 механизм б/рамки ""ATLAS"" СТАЛЬ ATN981 (5)",4.580490319629046e-05,4.0,0.0,4.0,0.0,1.0,0.0,0,0.0,3.999954195096804,87326.89561330505,LOW,LOW,STABLE,3.875,False,False,False,Прогноз спроса: 0 шт. Свободный остаток: 4 шт. В пути: 0 шт. Страховой запас: 0 шт. MOQ: 1 шт.
Systeme,300200537_,"K018 Рамка 2-ная ""ATLAS"" СТАЛЬ ATN902 (5)",21.029957172257756,108.0,0.0,108.0,6.765057279875761,5.0,0.0,0,0.0,86.97004282774225,5.135531143281222,LOW,LOW,STABLE,0.9335695305580158,False,False,False,Прогноз спроса: 21 шт. Свободный остаток: 108 шт. В пути: 0 шт. Страховой запас: 7 шт. MOQ: 5 шт.
Systeme,300200778_,"К1044 Роз. без з/к без с/ш 16А б/рамки ""ATLAS"" ПЕСОЧНЫЙ ATN1241 (5) NEW",5.194302088881702,71.0,0.0,71.0,2.286190426597634,5.0,0.0,0,0.0,65.8056979111183,13.668823796747219,LOW,LOW,STABLE,0.9366113744075828,False,False,False,Прогноз спроса: 5 шт. Свободный остаток: 71 шт. В пути: 0 шт. Страховой запас: 2 шт. MOQ: 5 шт.
Systeme,300200536_,"K017 Рамка 1-ная ""ATLAS"" СТАЛЬ ATN901 (5)",58.90575881831635,237.0,0.0,237.0,13.43927081355236,10.0,0.0,0,0.0,178.09424118168366,4.023375723432773,LOW,LOW,DECLINING,0.6034351145038168,False,False,False,Прогноз спроса: 59 шт. Свободный остаток: 237 шт. В пути: 0 шт. Страховой запас: 13 шт. MOQ: 10 шт. Наблюдается снижение спроса.
Systeme,300200779_,"K093 Роз. AQUA с з/к с ш/т 16А с крышкой IP44 механизам ""ATLAS"" КАРБОН ATN441046 (10) NEW",17.21877614878191,50.0,0.0,50.0,3.9391200370979633,10.0,0.0,0,0.0,32.78122385121809,2.9038068424820715,LOW,LOW,DECLINING,0.7771002710027101,False,False,False,Прогноз спроса: 17 шт. Свободный остаток: 50 шт. В пути: 0 шт. Страховой запас: 4 шт. MOQ: 10 шт. Наблюдается снижение спроса.
Systeme,300200530_,"K011 Роз. 2-ная с/у 16А ""ATLAS"" СТАЛЬ ATN920 (6)",0.5633182347673608,27.0,0.0,27.0,0.2816591173836804,6.0,0.0,0,0.0,26.43668176523264,47.930278719186965,LOW,LOW,GROWING,0.25,False,False,False,Прогноз спроса: 1 шт. Свободный остаток: 27 шт. В пути: 0 шт. Страховой запас: 0 шт. MOQ: 6 шт. Наблюдается рост спроса.
Systeme,300200787_,"G004 Выкл. 2 кл 10А механизм ""ARTGALLERY"" алюминий GAL0351 (10)",0.641438936135749,156.0,0.0,156.0,0.2928310092869232,10.0,0.0,0,0.0,155.35856106386424,243.2031970802992,LOW,LOW,STABLE,0.4078947368421052,False,True,False,Прогноз спроса: 1 шт. Свободный остаток: 156 шт. В пути: 0 шт. Страховой запас: 0 шт. MOQ: 10 шт. В истории обнаружена аномальная продажа.
Systeme,300200788_,"G005 Выкл. 2 кл с инд 10А механизм ""ARTGALLERY"" алюминий GAL0353 (10)",0.10337329411577885,142.0,0.0,142.0,0.051686647057889425,10.0,0.0,0,0.0,141.89662670588422,1373.6623294693402,LOW,LOW,STABLE,4.0,False,False,False,Прогноз спроса: 0 шт. Свободный остаток: 142 шт. В пути: 0 шт. Страховой запас: 0 шт. MOQ: 10 шт.
Systeme,300200529_,"K010 Перекрест.переключ. 1 кл 10А с/у б/рамки ""ATLAS"" СТАЛЬ ATN971 (2)",0.13198422783762806,68.0,0.0,68.0,0.06599211391881403,1.0,0.0,0,0.0,67.86801577216237,515.2130759415901,LOW,LOW,STABLE,1.0616438356164384,False,False,False,Прогноз спроса: 0 шт. Свободный остаток: 68 шт. В пути: 0 шт. Страховой запас: 0 шт. MOQ: 1 шт.
Systeme,300200789_,"G006 Роз. комп. RJ45 6A механизм ""ARTGALLERY"" алюминий GAL0386 (5)",0.479122423381436,49.0,0.0,49.0,0.14288690166235202,5.0,0.0,0,0.0,48.52087757661857,102.2703125730987,LOW,LOW,STABLE,4.0,False,True,False,Прогноз спроса: 0 шт. Свободный остаток: 49 шт. В пути: 0 шт. Страховой запас: 0 шт. MOQ: 5 шт. В истории обнаружена аномальная продажа.
Systeme,300200784_,"G001 Роз. с з/к 16А механизм ""ARTGALLERY"" алюминий GAL0343 (10)",0.31759070954323976,57.0,0.0,57.0,0.15879535477161988,10.0,0.0,0,0.0,56.68240929045676,179.47628279800008,LOW,LOW,STABLE,1.096985583224115,False,True,False,Прогноз спроса: 0 шт. Свободный остаток: 57 шт. В пути: 0 шт. Страховой запас: 0 шт. MOQ: 10 шт. В истории обнаружена аномальная продажа.
Systeme,300200532_,"K013 Роз. RJ45+RJ45 5Е кат 5Е механизм б/рамки ""ATLAS"" СТАЛЬ ATN985 (5)",0.023244913175779123,8.0,0.0,8.0,0.011622456587889561,1.0,0.0,0,0.0,7.9767550868242205,344.1613199199165,LOW,LOW,STABLE,4.0,False,False,False,Прогноз спроса: 0 шт. Свободный остаток: 8 шт. В пути: 0 шт. Страховой запас: 0 шт. MOQ: 1 шт.
Systeme,300200785_,"G002 Выкл. 1 кл 10А ""ARTGALLERY"" алюминий GAL0311 (10)",1.517296723232274,150.0,0.0,150.0,0.7229568912920546,10.0,0.0,0,0.0,148.48270327676772,98.86003027836064,LOW,LOW,STABLE,1.8188775510204085,False,False,False,Прогноз спроса: 2 шт. Свободный остаток: 150 шт. В пути: 0 шт. Страховой запас: 1 шт. MOQ: 10 шт.
Systeme,300200531_,"K012 Роз. 2-ная с/у 16А с з/к з/ш ""ATLAS"" СТАЛЬ ATN926 (6)",2.0822384479912093,8.0,0.0,8.0,1.0411192239956046,6.0,0.0,0,0.0,5.917761552008791,3.8420191538187245,LOW,LOW,DECLINING,0.6608527131782946,False,False,False,Прогноз спроса: 2 шт. Свободный остаток: 8 шт. В пути: 0 шт. Страховой запас: 1 шт. MOQ: 6 шт. Наблюдается снижение спроса.
Systeme,300200786_,"G003 Выкл. 1 кл с инд 10А механизм ""ARTGALLERY"" алюминий GAL0313 (10)",0.010566797559928778,164.0,0.0,164.0,0.0,10.0,0.0,0,0.0,163.98943320244007,15520.312475931014,LOW,LOW,STABLE,4.0,False,False,False,Прогноз спроса: 0 шт. Свободный остаток: 164 шт. В пути: 0 шт. Страховой запас: 0 шт. MOQ: 10 шт.
Systeme,300200777_,"К0944 Выкл. 2 кл 10А б/рамки ""ATLAS"" ПЕСОЧНЫЙ ATN1251 (5) NEW",21.36736262913403,71.0,0.0,71.0,5.478087029246616,5.0,0.0,0,0.0,49.63263737086597,3.322824685120134,LOW,LOW,DECLINING,0.932438685793614,False,False,False,Прогноз спроса: 21 шт. Свободный остаток: 71 шт. В пути: 0 шт. Страховой запас: 5 шт. MOQ: 5 шт. Наблюдается снижение спроса.
Systeme,300200755_,К124 Блок:Роз+выкл 1-кл з/к з/ш о/у IP54 16А Atlas Profi 54 АНТРАЦИТ ATN544070 (6),6.7819098007226195,33.0,0.0,33.0,1.5402651286926763,6.0,0.0,0,0.0,26.21809019927738,4.8658860069893315,LOW,LOW,STABLE,1.7174515235457064,False,False,False,Прогноз спроса: 7 шт. Свободный остаток: 33 шт. В пути: 0 шт. Страховой запас: 2 шт. MOQ: 6 шт.
Systeme,300200543_,"K024 Выкл 1 кл 10А с/у ""ATLAS"" ШАМПАНЬ ATN512 (10)",53.42773399525017,135.0,0.0,135.0,13.8617970215505,10.0,0.0,0,0.0,81.57226600474982,2.5267775723372763,LOW,LOW,DECLINING,1.838320115356885,False,False,False,Прогноз спроса: 53 шт. Свободный остаток: 135 шт. В пути: 0 шт. Страховой запас: 14 шт. MOQ: 10 шт. Наблюдается снижение спроса.
Systeme,300200767_,"S3899 Диммер поворотно-нажимной с/у б/рамки 400Вт ""ATLAS"" белый ATN123 (1)",0.14757658669124715,4.0,0.0,4.0,0.07378829334562358,1.0,0.0,0,0.0,3.852423413308753,27.104570512723765,LOW,LOW,STABLE,3.3972602739726026,False,False,False,Прогноз спроса: 0 шт. Свободный остаток: 4 шт. В пути: 0 шт. Страховой запас: 0 шт. MOQ: 1 шт.
Systeme,300200771_,"S417 Перекрест. перекл. 2 кл 10А с/у б/рамки мех. ""ATLAS"" белый ATN173   (5) NEW",17.161002128331592,32.0,0.0,32.0,5.177161384388167,5.0,0.0,0,0.0,14.838997871668408,1.8646929684351172,LOW,LOW,DECLINING,1.7083027185892723,False,False,False,Прогноз спроса: 17 шт. Свободный остаток: 32 шт. В пути: 0 шт. Страховой запас: 5 шт. MOQ: 5 шт. Наблюдается снижение спроса.
Systeme,300200752_,К121 Роз. 2-я з/к о/у IP54 16А Atlas Profi 54 АНТРАЦИТ ATN544026 (6),45.99170566024398,49.0,60.0,109.0,6.500647403656568,6.0,0.0,0,0.0,63.00829433975602,2.369992554858027,LOW,LOW,GROWING,1.2551910299003324,False,False,False,Прогноз спроса: 46 шт. Свободный остаток: 49 шт. В пути: 60 шт. Страховой запас: 7 шт. MOQ: 6 шт. Наблюдается рост спроса.
Systeme,300200753_,К122 Перекл 1-кл о/у IP54 Atlas Profi 54 АНТРАЦИТ ATN544061 (12),20.50390885360601,70.0,0.0,70.0,2.4147463634924495,12.0,0.0,0,0.0,49.496091146393994,3.4139831824159295,LOW,LOW,GROWING,0.7924335378323109,False,False,False,Прогноз спроса: 21 шт. Свободный остаток: 70 шт. В пути: 0 шт. Страховой запас: 2 шт. MOQ: 12 шт. Наблюдается рост спроса.
Systeme,300200542_,"K023 Роз. с з/к 16А с/у б/рамки ""ATLAS"" ШАМПАНЬ ATN543 (10)",435.2557775162238,1726.0,0.0,1726.0,87.34850552051029,10.0,0.0,0,0.0,1290.7442224837762,3.965484409763325,LOW,LOW,STABLE,1.301641507237378,False,False,False,Прогноз спроса: 435 шт. Свободный остаток: 1726 шт. В пути: 0 шт. Страховой запас: 87 шт. MOQ: 10 шт.
Systeme,300200545_,"K026 Выкл 2 кл 10А с/у ""ATLAS"" ШАМПАНЬ ATN552 (10)",19.97016369471098,84.0,0.0,84.0,3.7609395989123406,10.0,0.0,0,0.0,64.02983630528902,4.206274985229443,LOW,LOW,GROWING,1.175561797752809,False,False,False,Прогноз спроса: 20 шт. Свободный остаток: 84 шт. В пути: 0 шт. Страховой запас: 4 шт. MOQ: 10 шт. Наблюдается рост спроса.
Systeme,300200754_,К123 Блок:Роз+выкл 2-кл з/к з/ш о/у IP54 16А Atlas Profi 54 АНТРАЦИТ ATN544074 (6),3.0271678343183925,6.0,0.0,6.0,0.7479416198251472,6.0,0.0,0,0.0,2.9728321656816075,1.9820506586979445,LOW,LOW,GROWING,0.9601769911504424,False,False,False,Прогноз спроса: 3 шт. Свободный остаток: 6 шт. В пути: 0 шт. Страховой запас: 1 шт. MOQ: 6 шт. Наблюдается рост спроса.
Systeme,300200539_,"K020 Рамка 4-ная ""ATLAS"" СТАЛЬ ATN904 (2)",4.4395322780427815,61.0,0.0,61.0,2.2197661390213907,5.0,0.0,0,0.0,56.56046772195722,13.740186168190796,LOW,LOW,DECLINING,1.4708029197080292,False,False,False,Прогноз спроса: 4 шт. Свободный остаток: 61 шт. В пути: 0 шт. Страховой запас: 2 шт. MOQ: 5 шт. Наблюдается снижение спроса.
Systeme,300200775_,"K090 Диммер повортно нажимной мех. LED RC 400Вт ""ATLAS"" КАРБОН ATN1023 (1) NEW",0.595469938890548,12.0,0.0,12.0,0.0,1.0,0.0,0,0.0,11.404530061109451,20.152150790949822,LOW,LOW,STABLE,1.2916666666666663,False,False,False,Прогноз спроса: 1 шт. Свободный остаток: 12 шт. В пути: 0 шт. Страховой запас: 0 шт. MOQ: 1 шт.
Systeme,300200776_,"K0588 Роз. без з/к без з/ш б/рамки 16А ""ATLAS"" ГРИФЕЛЬ ATN741   (10) NEW",0.14328860193711918,130.0,0.0,130.0,0.07164430096855959,10.0,0.0,0,0.0,129.85671139806288,907.2598814038904,LOW,LOW,DECLINING,0.6888888888888889,False,False,False,Прогноз спроса: 0 шт. Свободный остаток: 130 шт. В пути: 0 шт. Страховой запас: 0 шт. MOQ: 10 шт. Наблюдается снижение спроса.
Systeme,300200538_,"K019 Рамка 3-ная ""ATLAS"" СТАЛЬ ATN903 (2)",10.84096019633814,28.0,0.0,28.0,2.207128602203927,5.0,0.0,0,0.0,17.159039803661862,2.582797048683736,LOW,LOW,DECLINING,2.2764578833693303,False,False,False,Прогноз спроса: 11 шт. Свободный остаток: 28 шт. В пути: 0 шт. Страховой запас: 2 шт. MOQ: 5 шт. Наблюдается снижение спроса.
Systeme,300200774_,"А3933 Перекрест. переключ. 2 кл 10А с/у б/рамки ""ATLAS"" алюминий ATN373 (5) NEW",0.01613238004582487,74.0,0.0,74.0,0.008066190022912435,5.0,0.0,0,0.0,73.98386761995417,4587.047899305566,LOW,LOW,STABLE,0.25,False,False,False,Прогноз спроса: 0 шт. Свободный остаток: 74 шт. В пути: 0 шт. Страховой запас: 0 шт. MOQ: 5 шт.
Systeme,300200772_,"K0777 Перекрест. перекл. 2 кл 10А с/у б/рамки мех. ""ATLAS"" КАРБОН ATN1073   (5) NEW",7.3465618374542885,136.0,0.0,136.0,2.3600141242515233,5.0,0.0,0,0.0,128.6534381625457,18.51206088086592,LOW,LOW,DECLINING,0.8178391959798995,False,False,False,Прогноз спроса: 7 шт. Свободный остаток: 136 шт. В пути: 0 шт. Страховой запас: 2 шт. MOQ: 5 шт. Наблюдается снижение спроса.
Systeme,300200541_,"K022 Переключ. 2 кл 10А с/у б/рамки ""ATLAS"" СТАЛЬ ATN965 (5)",0.5152574298321144,60.0,0.0,60.0,0.14641550464346312,5.0,0.0,0,0.0,59.48474257016789,116.44664691113665,LOW,LOW,STABLE,0.3974358974358974,False,False,False,Прогноз спроса: 1 шт. Свободный остаток: 60 шт. В пути: 0 шт. Страховой запас: 0 шт. MOQ: 5 шт.
Systeme,300200773_,"K0322 Перекрест. перекл. 2 кл 10А с/у б/рамки ""ATLAS"" ШАМПАНЬ ATN573 (5) NEW",2.848889524438747,17.0,0.0,17.0,0.9243578852370985,5.0,0.0,0,0.0,14.151110475561254,5.967237358334957,LOW,LOW,DECLINING,1.4213973799126638,False,False,False,Прогноз спроса: 3 шт. Свободный остаток: 17 шт. В пути: 0 шт. Страховой запас: 1 шт. MOQ: 5 шт. Наблюдается снижение спроса.
Systeme,300200540_,"K021 Рамка 5-ная ""ATLAS"" СТАЛЬ ATN905 (2)",0.4047481805540654,74.0,0.0,74.0,0.2023740902770327,5.0,0.0,0,0.0,73.59525181944593,182.82972859495098,LOW,LOW,STABLE,1.690909090909091,False,False,False,Прогноз спроса: 0 шт. Свободный остаток: 74 шт. В пути: 0 шт. Страховой запас: 0 шт. MOQ: 5 шт.
Systeme,300200804_,"G021 Выкл. 1 кл кнопочный 10А механизм ""ARTGALLERY"" алюминий GAL0315 (5)",4.4259353627458504e-05,59.0,0.0,59.0,0.0,5.0,0.0,0,0.0,58.99995574064637,1333051.5510148888,LOW,LOW,STABLE,4.0,False,False,False,Прогноз спроса: 0 шт. Свободный остаток: 59 шт. В пути: 0 шт. Страховой запас: 0 шт. MOQ: 5 шт.
Systeme,300200515_,"K079 Роз. 2-ная с/у 16А с з/к з/ш ""ATLAS"" КАРБОН ATN1026 (6)",79.77410150431709,113.0,0.0,113.0,16.33179159390257,6.0,0.0,0,0.0,33.22589849568291,1.4164998147159933,LOW,LOW,GROWING,1.261872455902307,False,False,False,Прогноз спроса: 80 шт. Свободный остаток: 113 шт. В пути: 0 шт. Страховой запас: 16 шт. MOQ: 6 шт. Наблюдается рост спроса.
Systeme,300200805_,"G022 Вывод кабеля механизм ""ARTGALLERY"" алюминий GAL0399 (5)",0.0010698121464630082,49.0,0.0,49.0,0.0005349060732315041,5.0,0.0,0,0.0,48.99893018785354,45802.43378428898,LOW,LOW,STABLE,2.583333333333333,False,False,False,Прогноз спроса: 0 шт. Свободный остаток: 49 шт. В пути: 0 шт. Страховой запас: 0 шт. MOQ: 5 шт.
Systeme,300200511_,"K057 Роз. RJ45+RJ45 5Е кат 5Е механизм б/рамки ""ATLAS"" ГРИФЕЛЬ ATN785 (10)",0.036912661068903556,6.0,0.0,6.0,0.018456330534451778,10.0,0.0,0,0.0,5.963087338931096,162.5458535433144,LOW,LOW,STABLE,0.5886075949367089,False,False,False,Прогноз спроса: 0 шт. Свободный остаток: 6 шт. В пути: 0 шт. Страховой запас: 0 шт. MOQ: 10 шт.
Systeme,300200516_,"K081 Роз. с з/к 16А с/у з/ш ""ATLAS"" КАРБОН ATN1044 (5)",26.723818382785293,231.0,0.0,231.0,13.361909191392646,5.0,0.0,0,0.0,204.27618161721472,8.643974326243868,LOW,LOW,DECLINING,0.6831836047164515,False,False,False,Прогноз спроса: 27 шт. Свободный остаток: 231 шт. В пути: 0 шт. Страховой запас: 13 шт. MOQ: 5 шт. Наблюдается снижение спроса.
Systeme,300200801_,"G018 Рамка 1-ная IP44 ""ARTGALLERY"" алюминий GAL440301 (10)",0.1928202182589126,49.0,0.0,49.0,0.0964101091294563,10.0,0.0,0,0.0,48.807179781741084,254.1227286352535,LOW,LOW,STABLE,1.273972602739726,False,False,False,Прогноз спроса: 0 шт. Свободный остаток: 49 шт. В пути: 0 шт. Страховой запас: 0 шт. MOQ: 10 шт.
Systeme,300200806_,"G023 Роз. 2-ная TV комп. RJ45 5Е ""ARTGALLERY"" алюминий GAL0389 (5)",0.00031768823181359897,55.0,0.0,55.0,0.0,5.0,0.0,0,0.0,54.99968231176819,173125.70782373458,LOW,LOW,STABLE,4.0,False,False,False,Прогноз спроса: 0 шт. Свободный остаток: 55 шт. В пути: 0 шт. Страховой запас: 0 шт. MOQ: 5 шт.
Systeme,300200802_,"G019 Рамка 2-ная IP44 ""ARTGALLERY"" алюминий GAL440302 (5)",0.00010986293970736626,127.0,0.0,127.0,0.0,5.0,0.0,0,0.0,126.99989013706029,1155985.8159474018,LOW,LOW,STABLE,0.25,False,False,False,Прогноз спроса: 0 шт. Свободный остаток: 127 шт. В пути: 0 шт. Страховой запас: 0 шт. MOQ: 5 шт.
Systeme,300200803_,"G020 Роз. с з/к с/ш с крышкой 16A механизм IP44 ""ARTGALLERY"" алюминий GAL440346 (10)",0.43934653383802164,72.0,0.0,72.0,0.21967326691901082,10.0,0.0,0,0.0,71.56065346616198,163.87974970697044,LOW,LOW,STABLE,3.333333333333333,False,True,False,Прогноз спроса: 0 шт. Свободный остаток: 72 шт. В пути: 0 шт. Страховой запас: 0 шт. MOQ: 10 шт. В истории обнаружена аномальная продажа.
Systeme,300200517_,"K076 Переключ. 1 кл с инд 10А с/у б/рамки  ""ATLAS"" КАРБОН ATN1063 (2)",8.434902900914407e-06,20.0,0.0,20.0,0.0,5.0,0.0,0,0.0,19.999991565097098,2371100.205294817,LOW,LOW,STABLE,0.25,False,False,False,Прогноз спроса: 0 шт. Свободный остаток: 20 шт. В пути: 0 шт. Страховой запас: 0 шт. MOQ: 5 шт.
Systeme,300200518_,"K080 Роз. RJ45+RJ45 5Е кат 5Е механизм б/рамки ""ATLAS"" КАРБОН ATN1085 (5)",11.244661573172232,32.0,0.0,32.0,4.373833177736283,5.0,0.0,0,0.0,20.75533842682777,2.8457948504511976,LOW,LOW,DECLINING,0.8579335793357933,False,False,False,Прогноз спроса: 11 шт. Свободный остаток: 32 шт. В пути: 0 шт. Страховой запас: 4 шт. MOQ: 5 шт. Наблюдается снижение спроса.
Systeme,300200496_,"S419 Выкл. 1 кл с самовозвр. механизм ""ATLAS"" белый ATN000115 (5)",2.905605392796924,54.0,0.0,54.0,0.7858779591429361,5.0,0.0,0,0.0,51.09439460720308,18.584767268765226,LOW,LOW,GROWING,1.6939890710382512,False,True,False,Прогноз спроса: 3 шт. Свободный остаток: 54 шт. В пути: 0 шт. Страховой запас: 1 шт. MOQ: 5 шт. В истории обнаружена аномальная продажа. Наблюдается рост спроса.
Systeme,010400433_,City 9 ЩРН-П  8 Прозрач./дв. Systeme Electric,9.81588792425834,27.0,0.0,27.0,1.7627866197207533,1.0,0.0,0,0.0,17.18411207574166,2.750642652843863,LOW,LOW,GROWING,1.81244153414406,False,False,False,Прогноз спроса: 10 шт. Свободный остаток: 27 шт. В пути: 0 шт. Страховой запас: 2 шт. MOQ: 1 шт. Наблюдается рост спроса.
Systeme,300200810_,"G027 Роз. с з/к механизм 16A ""ARTGALLERY"" шампань GAL0543 (10)",102.67303010820379,417.0,0.0,417.0,33.02684766469044,10.0,0.0,0,0.0,314.32696989179624,4.061436577458921,LOW,LOW,GROWING,0.8428644370691856,False,False,False,Прогноз спроса: 103 шт. Свободный остаток: 417 шт. В пути: 0 шт. Страховой запас: 33 шт. MOQ: 10 шт. Наблюдается рост спроса.
Systeme,300200473_,Роз. 2-ная с з/к 16А в сборе жемчуг ATLASDESIGN !!!,0.0,1.0,0.0,1.0,0.0,6.0,0.0,0,0.0,1.0,inf,LOW,LOW,STABLE,0.25,False,False,False,Прогноз спроса: 0 шт. Свободный остаток: 1 шт. В пути: 0 шт. Страховой запас: 0 шт. MOQ: 6 шт.
Systeme,300200811_,"G028 Роз. с з/к с/ш механизм ""ARTGALLERY"" шампань GAL0545 (10)",0.0,18.0,0.0,18.0,0.0,10.0,0.0,0,0.0,18.0,inf,LOW,LOW,STABLE,0.25,False,False,False,Прогноз спроса: 0 шт. Свободный остаток: 18 шт. В пути: 0 шт. Страховой запас: 0 шт. MOQ: 10 шт.
Systeme,010400436_,City  9 ЩРВ-П 12 Прозрач./дв. Systeme Electric,17.055309266046738,53.0,0.0,53.0,3.265833227013666,1.0,0.0,0,0.0,35.944690733953266,3.1075367308355415,LOW,LOW,STABLE,1.4071672354948803,False,False,False,Прогноз спроса: 17 шт. Свободный остаток: 53 шт. В пути: 0 шт. Страховой запас: 3 шт. MOQ: 1 шт.
Systeme,300200809_,"G026 Роз. с з/к с/ш LED 16A механизм IP20 ""ARTGALLERY"" алюминий GAL0346 (10)",0.00016705283654628632,34.0,0.0,34.0,0.0,10.0,0.0,0,0.0,33.999832947163455,203528.42072561526,LOW,LOW,STABLE,4.0,False,False,False,Прогноз спроса: 0 шт. Свободный остаток: 34 шт. В пути: 0 шт. Страховой запас: 0 шт. MOQ: 10 шт.
Systeme,300200807_,"G024 Роз. USB A+C 45Вт высокоскор.заряд., механизм ""ARTGALLERY"" алюминий GAL0329 (1)",4.55289779031853e-05,10.0,0.0,10.0,0.0,1.0,0.0,0,0.0,9.999954471022097,219640.3359035297,LOW,LOW,STABLE,4.0,False,False,False,Прогноз спроса: 0 шт. Свободный остаток: 10 шт. В пути: 0 шт. Страховой запас: 0 шт. MOQ: 1 шт.
Systeme,300200498_,"S414 Переключ. 2 кл 10А с/у б/рамки ""ATLAS"" белый ATN165 (20)",83.57886084210126,217.0,0.0,217.0,14.257363594531368,20.0,0.0,0,0.0,133.42113915789872,2.5963502949622685,LOW,LOW,DECLINING,1.433790918690602,False,False,False,Прогноз спроса: 84 шт. Свободный остаток: 217 шт. В пути: 0 шт. Страховой запас: 14 шт. MOQ: 20 шт. Наблюдается снижение спроса.
Systeme,010400432_,City 9 ЩРВ-П  8 Прозрач./дв. Systeme Electric,5.523596332010566,62.0,0.0,62.0,1.1214573851318022,1.0,0.0,0,0.0,56.47640366798943,11.224571144110428,LOW,LOW,GROWING,1.3676470588235294,False,False,False,Прогноз спроса: 6 шт. Свободный остаток: 62 шт. В пути: 0 шт. Страховой запас: 1 шт. MOQ: 1 шт. Наблюдается рост спроса.
Systeme,300200808_,"G025 Диммер поворотно-нажимной механизм 400Вт ""ARTGALLERY"" алюминий GAL0323 (1)",4.4966061314129287e-05,14.0,0.0,14.0,0.0,1.0,0.0,0,0.0,13.999955033938686,311345.92603512964,LOW,LOW,STABLE,4.0,False,False,False,Прогноз спроса: 0 шт. Свободный остаток: 14 шт. В пути: 0 шт. Страховой запас: 0 шт. MOQ: 1 шт.
Systeme,300200525_,"K006 Выкл 3 кл 10А с/у б/рамки ""ATLAS"" СТАЛЬ ATN931 (5)",0.12353584219524652,39.0,0.0,39.0,0.06176792109762326,5.0,0.0,0,0.0,38.876464157804755,315.6978517891277,LOW,LOW,STABLE,0.5344827586206897,False,False,False,Прогноз спроса: 0 шт. Свободный остаток: 39 шт. В пути: 0 шт. Страховой запас: 0 шт. MOQ: 5 шт.
Systeme,300200793_,"G010 Роз. с з/к с/ш 16A механизм ""ARTGALLERY"" алюминий GAL0345 (10)",0.0,100.0,0.0,100.0,0.0,10.0,0.0,0,0.0,100.0,inf,LOW,LOW,STABLE,0.25,False,False,False,Прогноз спроса: 0 шт. Свободный остаток: 100 шт. В пути: 0 шт. Страховой запас: 0 шт. MOQ: 10 шт.
Systeme,300200524_,"K005 Выкл 2 кл с инд 10А с/у б/рамки ""ATLAS"" СТАЛЬ ATN953 (5)",0.0,2.0,0.0,2.0,0.0,5.0,0.0,0,0.0,2.0,inf,LOW,LOW,STABLE,0.25,False,False,False,Прогноз спроса: 0 шт. Свободный остаток: 2 шт. В пути: 0 шт. Страховой запас: 0 шт. MOQ: 5 шт.
Systeme,300200794_,"G011 Роз. TV оконечная механизм ""ARTGALLERY"" алюминий GAL0391 (5)",0.09178372474546818,101.0,0.0,101.0,0.0,5.0,0.0,0,0.0,100.90821627525453,1100.4129575269483,LOW,LOW,STABLE,4.0,False,False,False,Прогноз спроса: 0 шт. Свободный остаток: 101 шт. В пути: 0 шт. Страховой запас: 0 шт. MOQ: 5 шт.
Systeme,300200523_,"K004 Выкл 2 кл 10А с/у ""ATLAS"" СТАЛЬ ATN952 (5) NEW",5.2771344482152935,48.0,0.0,48.0,0.6792765759737744,5.0,0.0,0,0.0,42.72286555178471,9.095845571308764,LOW,LOW,STABLE,0.81353591160221,False,False,False,Прогноз спроса: 5 шт. Свободный остаток: 48 шт. В пути: 0 шт. Страховой запас: 1 шт. MOQ: 5 шт.
Systeme,300200792_,"G009 Роз. 2-ная комп. RJ45+RJ45 6A механизм ""ARTGALLERY"" алюминий GAL0388 (1)",0.0,2.0,0.0,2.0,0.0,1.0,0.0,0,0.0,2.0,inf,LOW,LOW,STABLE,0.25,False,False,False,Прогноз спроса: 0 шт. Свободный остаток: 2 шт. В пути: 0 шт. Страховой запас: 0 шт. MOQ: 1 шт.
Systeme,300200527_,"K008 Переключ. 1 кл 10А с/у б/рамки ""ATLAS"" СТАЛЬ ATN961 (5)",1.0533236739925012,275.0,0.0,275.0,0.5266618369962506,5.0,0.0,0,0.0,273.9466763260075,261.07834352345316,LOW,LOW,GROWING,1.3398821218074657,False,False,False,Прогноз спроса: 1 шт. Свободный остаток: 275 шт. В пути: 0 шт. Страховой запас: 1 шт. MOQ: 5 шт. Наблюдается рост спроса.
Systeme,300200790_,"G007 Переключ. 1 кл механизм ""ARTGALLERY"" алюминий GAL0361 (10)",0.15099637479454628,42.0,0.0,42.0,0.07549818739727314,10.0,0.0,0,0.0,41.849003625205455,278.1523732417248,LOW,LOW,STABLE,2.333333333333333,False,False,False,Прогноз спроса: 0 шт. Свободный остаток: 42 шт. В пути: 0 шт. Страховой запас: 0 шт. MOQ: 10 шт.
Systeme,300200526_,"K007 Комп. роз. RJ45 5Е механизм б/рамки ""ATLAS"" СТАЛЬ ATN983 (5)",6.956096594304316,42.0,0.0,42.0,2.1077634275854273,1.0,0.0,0,0.0,35.04390340569569,6.03786900176024,LOW,LOW,DECLINING,1.4703557312252964,False,False,False,Прогноз спроса: 7 шт. Свободный остаток: 42 шт. В пути: 0 шт. Страховой запас: 2 шт. MOQ: 1 шт. Наблюдается снижение спроса.
Systeme,300200791_,"G008 Перекрест. переключ. 1 кл ""ARTGALLERY"" алюминий GAL0371 (5)",0.028174543799793075,91.0,0.0,91.0,0.0,5.0,0.0,0,0.0,90.97182545620021,3229.8659615091387,LOW,LOW,STABLE,4.0,False,False,False,Прогноз спроса: 0 шт. Свободный остаток: 91 шт. В пути: 0 шт. Страховой запас: 0 шт. MOQ: 5 шт.
Systeme,300200795_,"G012 Рамка 1-ная ""ARTGALLERY"" алюминий GAL0301 (20)",0.9723753446121538,211.0,0.0,211.0,0.4861876723060769,20.0,0.0,0,0.0,210.02762465538785,216.99439539384912,LOW,LOW,STABLE,1.1411042944785277,False,True,False,Прогноз спроса: 1 шт. Свободный остаток: 211 шт. В пути: 0 шт. Страховой запас: 0 шт. MOQ: 20 шт. В истории обнаружена аномальная продажа.
Systeme,300200798_,"G015 Рамка 4-ная ""ARTGALLERY"" алюминий GAL0304 (5)",0.4430910461807758,71.0,0.0,71.0,0.2215455230903879,5.0,0.0,0,0.0,70.55690895381922,160.23794796122522,LOW,LOW,STABLE,4.0,False,False,False,Прогноз спроса: 0 шт. Свободный остаток: 71 шт. В пути: 0 шт. Страховой запас: 0 шт. MOQ: 5 шт.
Systeme,300200520_,"K001 Роз. с з/к 16А с/у б/рамки ""ATLAS"" СТАЛЬ ATN943 (5)",73.35905441040043,461.0,0.0,461.0,32.17158166249629,5.0,0.0,0,0.0,387.6409455895996,6.284159517937326,LOW,LOW,DECLINING,1.780886278697277,False,False,False,Прогноз спроса: 73 шт. Свободный остаток: 461 шт. В пути: 0 шт. Страховой запас: 32 шт. MOQ: 5 шт. Наблюдается снижение спроса.
Systeme,300200799_,"G016 Рамка 5-ная ""ARTGALLERY"" алюминий GAL0305 (5)",0.27981372651204633,120.0,0.0,120.0,0.13990686325602317,5.0,0.0,0,0.0,119.72018627348795,428.8567308538877,LOW,LOW,STABLE,4.0,False,False,False,Прогноз спроса: 0 шт. Свободный остаток: 120 шт. В пути: 0 шт. Страховой запас: 0 шт. MOQ: 5 шт.
Systeme,300200519_,"K089 Переключ. 2 кл 10А с/у б/рамки ""ATLAS"" КАРБОН ATN1065 (5)",33.14194488336543,54.0,0.0,54.0,5.296942907627534,5.0,0.0,0,0.0,20.858055116634567,1.6293551929447454,LOW,LOW,DECLINING,1.5197167951245742,False,False,False,Прогноз спроса: 33 шт. Свободный остаток: 54 шт. В пути: 0 шт. Страховой запас: 5 шт. MOQ: 5 шт. Наблюдается снижение спроса.
Systeme,300200800_,"G017 Переключ. 2 кл механизм ""ARTGALLERY"" алюминий GAL0365 (10)",0.3519081439622666,78.0,0.0,78.0,0.0,10.0,0.0,0,0.0,77.64809185603774,221.64874936330986,LOW,LOW,STABLE,2.9245283018867925,False,False,False,Прогноз спроса: 0 шт. Свободный остаток: 78 шт. В пути: 0 шт. Страховой запас: 0 шт. MOQ: 10 шт.
Systeme,300200522_,"K003 Выкл 1 кл с инд 10А с/у б/рамки ""ATLAS"" СТАЛЬ ATN913 (5)",0.0,9.0,0.0,9.0,0.0,5.0,0.0,0,0.0,9.0,inf,LOW,LOW,STABLE,0.25,True,False,False,Прогноз спроса: 0 шт. Свободный остаток: 9 шт. В пути: 0 шт. Страховой запас: 0 шт. MOQ: 5 шт. Есть сигнал предыдущего stockout.
Systeme,300200796_,"G013 Рамка 2-ная ""ARTGALLERY"" алюминий GAL0302 (10)",0.273324459566051,114.0,0.0,114.0,0.1366622297830255,10.0,0.0,0,0.0,113.72667554043394,417.0867114527341,LOW,LOW,STABLE,3.327683615819209,False,True,False,Прогноз спроса: 0 шт. Свободный остаток: 114 шт. В пути: 0 шт. Страховой запас: 0 шт. MOQ: 10 шт. В истории обнаружена аномальная продажа.
Systeme,300200521_,"K002 Выкл 1 кл 10А с/у ""ATLAS"" СТАЛЬ ATN912 (5) NEW",4.87655094237024,30.0,0.0,30.0,2.43827547118512,5.0,0.0,0,0.0,25.12344905762976,6.151888979430726,LOW,LOW,GROWING,1.5,False,False,False,Прогноз спроса: 5 шт. Свободный остаток: 30 шт. В пути: 0 шт. Страховой запас: 2 шт. MOQ: 5 шт. Наблюдается рост спроса.
Systeme,300200797_,"G014 Рамка 3-ная ""ARTGALLERY"" алюминий GAL0303 (5)",0.8888989757299662,99.0,0.0,99.0,0.4444494878649831,5.0,0.0,0,0.0,98.11110102427003,111.373736164676,LOW,LOW,STABLE,0.7948717948717948,False,False,False,Прогноз спроса: 1 шт. Свободный остаток: 99 шт. В пути: 0 шт. Страховой запас: 0 шт. MOQ: 5 шт.
Systeme,300200571_,"K052 Переключ. 1 кл 10А с/у б/рамки ""ATLAS"" ГРИФЕЛЬ ATN761 (10)",1.9860519345364844,16.0,0.0,16.0,0.930412095077586,10.0,0.0,0,0.0,14.013948065463516,8.056184091547518,LOW,LOW,STABLE,0.26878612716763,False,False,False,Прогноз спроса: 2 шт. Свободный остаток: 16 шт. В пути: 0 шт. Страховой запас: 1 шт. MOQ: 10 шт.
Systeme,300200721_,К093 Выкл 1 кл с инд 10А с/у б/рамки ATLAS ПЕСОЧНЫЙ ATN1213,0.4681432902243859,9.0,0.0,9.0,0.23407164511219294,5.0,0.0,0,0.0,8.531856709775614,19.224883038879415,LOW,LOW,DECLINING,0.25,False,False,False,Прогноз спроса: 0 шт. Свободный остаток: 9 шт. В пути: 0 шт. Страховой запас: 0 шт. MOQ: 5 шт. Наблюдается снижение спроса.
Systeme,300200722_,К094 Выкл 2 кл 10А с/у ATLAS ПЕСОЧНЫЙ ATN1252 (5),8.696437738599169,8.0,40.0,48.0,3.752787852605935,5.0,0.0,0,0.0,39.30356226140083,5.51950136858358,LOW,LOW,STABLE,0.8507135016465422,False,False,False,Прогноз спроса: 9 шт. Свободный остаток: 8 шт. В пути: 40 шт. Страховой запас: 4 шт. MOQ: 5 шт.
Systeme,300200570_,"K051 Комп. роз. RJ45 5Е механизм б/рамки ""ATLAS"" ГРИФЕЛЬ ATN783 (10)",2.2087975485936577,10.0,0.0,10.0,1.0128857289941444,5.0,0.0,0,0.0,7.791202451406342,4.527350189412789,LOW,LOW,DECLINING,0.9841269841269842,False,False,False,Прогноз спроса: 2 шт. Свободный остаток: 10 шт. В пути: 0 шт. Страховой запас: 1 шт. MOQ: 5 шт. Наблюдается снижение спроса.
Systeme,300200723_,К095 Выкл 2 кл с инд 10А с/у б/рамки ATLAS ПЕСОЧНЫЙ ATN1253,0.015384439341792946,6.0,0.0,6.0,0.007692219670896473,5.0,0.0,0,0.0,5.984615560658207,390.0044627366149,LOW,LOW,STABLE,0.3369565217391304,False,False,False,Прогноз спроса: 0 шт. Свободный остаток: 6 шт. В пути: 0 шт. Страховой запас: 0 шт. MOQ: 5 шт.
Systeme,300200573_,"K054 Перекрест.переключ. 1 кл 10А с/у б/рамки ""ATLAS"" ГРИФЕЛЬ ATN771 (5)",0.0661903625711612,51.0,0.0,51.0,0.0330951812855806,5.0,0.0,0,0.0,50.93380963742884,770.50491973314,LOW,LOW,STABLE,0.25,False,False,False,Прогноз спроса: 0 шт. Свободный остаток: 51 шт. В пути: 0 шт. Страховой запас: 0 шт. MOQ: 5 шт.
Systeme,300200719_,К091 Роз. с з/к с з/ш 16А механизм ATLAS ПЕСОЧНЫЙ ATN1245 (5),3.350216936172013,61.0,0.0,61.0,1.6751084680860064,5.0,0.0,0,0.0,57.64978306382799,18.207776141714312,LOW,LOW,DECLINING,0.25,False,False,False,Прогноз спроса: 3 шт. Свободный остаток: 61 шт. В пути: 0 шт. Страховой запас: 2 шт. MOQ: 5 шт. Наблюдается снижение спроса.
Systeme,300200572_,"K053 Переключ. 1 кл с инд 10А с/у б/рамки  ""ATLAS"" ГРИФЕЛЬ ATN763  (10)",0.00010092768952355299,6.0,0.0,6.0,5.0463844761776496e-05,5.0,0.0,0,0.0,5.999899072310477,59448.50247067045,LOW,LOW,STABLE,0.25,False,False,False,Прогноз спроса: 0 шт. Свободный остаток: 6 шт. В пути: 0 шт. Страховой запас: 0 шт. MOQ: 5 шт.
Systeme,300200720_,К092 Выкл 1 кл 10А с/у ATLAS ПЕСОЧНЫЙ ATN1212 (5),17.641689965086847,3.0,80.0,83.0,6.997958035503407,5.0,0.0,0,0.0,65.35831003491316,4.704764688885144,LOW,LOW,STABLE,0.953074433656958,False,False,False,Прогноз спроса: 18 шт. Свободный остаток: 3 шт. В пути: 80 шт. Страховой запас: 7 шт. MOQ: 5 шт.
Systeme,300200718_,К090 Роз. с з/к 16А с/у б/рамки ATLAS ПЕСОЧНЫЙ ATN1243 (5),230.63422603658782,599.0,0.0,599.0,16.610318078431323,5.0,0.0,0,0.0,368.36577396341215,2.597186073783232,LOW,LOW,STABLE,1.2241425437423084,False,False,False,Прогноз спроса: 231 шт. Свободный остаток: 599 шт. В пути: 0 шт. Страховой запас: 17 шт. MOQ: 5 шт.
Systeme,300200727_,К099 Переключ. 1 кл с инд 10А с/у б/рамки ATLAS ПЕСОЧНЫЙ ATN1263,5.953804592531905e-05,5.0,0.0,5.0,0.0,5.0,0.0,0,0.0,4.999940461954075,83979.91439409516,LOW,LOW,STABLE,0.25,False,False,False,Прогноз спроса: 0 шт. Свободный остаток: 5 шт. В пути: 0 шт. Страховой запас: 0 шт. MOQ: 5 шт.
Systeme,300200566_,"K047 Выкл 1 кл с инд 10А с/у б/рамки ""ATLAS"" ГРИФЕЛЬ ATN713 (10)",0.03925160797568946,73.0,0.0,73.0,0.0,10.0,0.0,0,0.0,72.96074839202431,1859.7964201928403,LOW,LOW,STABLE,1.0,False,False,False,Прогноз спроса: 0 шт. Свободный остаток: 73 шт. В пути: 0 шт. Страховой запас: 0 шт. MOQ: 10 шт.
Systeme,300200728_,К100 Перекрест.переключ. 1 кл 10А с/у б/рамки ATLAS ПЕСОЧНЫЙ ATN1271 (5),1.737625339015569,13.0,0.0,13.0,0.8688126695077845,5.0,0.0,0,0.0,11.262374660984431,7.481474693137818,LOW,LOW,DECLINING,0.7622950819672131,False,False,False,Прогноз спроса: 2 шт. Свободный остаток: 13 шт. В пути: 0 шт. Страховой запас: 1 шт. MOQ: 5 шт. Наблюдается снижение спроса.
Systeme,300200565_,"K046 Выкл 1 кл 10А с/у ""ATLAS"" ГРИФЕЛЬ ATN712 (10)",4.579563090548339,50.0,0.0,50.0,2.2897815452741694,10.0,0.0,0,0.0,45.42043690945166,10.91807209801169,LOW,LOW,DECLINING,0.8563535911602209,False,False,False,Прогноз спроса: 5 шт. Свободный остаток: 50 шт. В пути: 0 шт. Страховой запас: 2 шт. MOQ: 10 шт. Наблюдается снижение спроса.
Systeme,300200729_,К101 Роз. 2-ная с/у 16А ATLAS ПЕСОЧНЫЙ ATN1220 (6),10.464854010590704,58.0,0.0,58.0,2.829737914837107,6.0,0.0,0,0.0,47.535145989409294,5.542361120499387,LOW,LOW,GROWING,0.7646666666666666,False,False,False,Прогноз спроса: 10 шт. Свободный остаток: 58 шт. В пути: 0 шт. Страховой запас: 3 шт. MOQ: 6 шт. Наблюдается рост спроса.
Systeme,300200567_,"K048 Выкл 2 кл 10А с/у ""ATLAS"" ГРИФЕЛЬ ATN752 (10)",4.2923096129915725,82.0,0.0,82.0,1.1630151188469848,10.0,0.0,0,0.0,77.70769038700843,19.103934103870294,LOW,LOW,DECLINING,0.25,False,True,False,Прогноз спроса: 4 шт. Свободный остаток: 82 шт. В пути: 0 шт. Страховой запас: 1 шт. MOQ: 10 шт. В истории обнаружена аномальная продажа. Наблюдается снижение спроса.
Systeme,300200569_,"K050 Выкл 3 кл 10А с/у б/рамки ""ATLAS"" ГРИФЕЛЬ ATN731 (10)",0.25706234435235287,40.0,0.0,40.0,0.12853117217617643,10.0,0.0,0,0.0,39.742937655647644,155.6042760785391,LOW,LOW,STABLE,0.25,False,False,False,Прогноз спроса: 0 шт. Свободный остаток: 40 шт. В пути: 0 шт. Страховой запас: 0 шт. MOQ: 10 шт.
Systeme,300200724_,К096 Выкл 3 кл 10А с/у б/рамки ATLAS ПЕСОЧНЫЙ ATN1231 (5),1.0373655983407946,7.0,0.0,7.0,0.5186827991703973,5.0,0.0,0,0.0,5.962634401659205,6.747862095288382,LOW,LOW,DECLINING,0.25,False,False,False,Прогноз спроса: 1 шт. Свободный остаток: 7 шт. В пути: 0 шт. Страховой запас: 1 шт. MOQ: 5 шт. Наблюдается снижение спроса.
Systeme,300200568_,"K049 Выкл 2 кл с инд 10А с/у б/рамки ""ATLAS"" ГРИФЕЛЬ ATN753 (10)",0.00018440621400479812,64.0,0.0,64.0,0.0,10.0,0.0,0,0.0,63.999815593785996,347059.8881138288,LOW,LOW,STABLE,1.55,False,False,False,Прогноз спроса: 0 шт. Свободный остаток: 64 шт. В пути: 0 шт. Страховой запас: 0 шт. MOQ: 10 шт.
Systeme,300200725_,К097 Комп. роз. RJ45 5Е механизм б/рамки ATLAS ПЕСОЧНЫЙ ATN1283 (5),5.33301693697468,32.0,0.0,32.0,1.5600213673750356,5.0,0.0,0,0.0,26.66698306302532,6.000355967020986,LOW,LOW,GROWING,0.9454253611556982,False,False,False,Прогноз спроса: 5 шт. Свободный остаток: 32 шт. В пути: 0 шт. Страховой запас: 2 шт. MOQ: 5 шт. Наблюдается рост спроса.
Systeme,300200726_,К098 Переключ. 1 кл 10А с/у б/рамки ATLAS ПЕСОЧНЫЙ ATN1261 (5),16.00261925873197,66.0,0.0,66.0,2.4857803938937666,5.0,0.0,0,0.0,49.99738074126803,4.1243248328855,LOW,LOW,GROWING,1.478847884788479,False,True,False,Прогноз спроса: 16 шт. Свободный остаток: 66 шт. В пути: 0 шт. Страховой запас: 2 шт. MOQ: 5 шт. В истории обнаружена аномальная продажа. Наблюдается рост спроса.
Systeme,300200591_,"K0488 Выкл 2-кл 10А механизм ""ATLAS"" ГРИФЕЛЬ ATN751 (10)",4.3540737138520775,24.0,0.0,24.0,2.1770368569260388,10.0,0.0,0,0.0,19.645926286147922,5.5120793944407165,LOW,LOW,STABLE,2.098958333333333,False,False,False,Прогноз спроса: 4 шт. Свободный остаток: 24 шт. В пути: 0 шт. Страховой запас: 2 шт. MOQ: 10 шт.
Systeme,300200592_,"Выкл 1-кл, сх.1, 10АХ, механизм, шампань ""ATLAS""",49.731217581125335,207.0,0.0,207.0,24.865608790562668,10.0,0.0,0,0.0,157.26878241887465,4.162375466925295,LOW,LOW,STABLE,1.5467207334273625,False,False,False,Прогноз спроса: 50 шт. Свободный остаток: 207 шт. В пути: 0 шт. Страховой запас: 25 шт. MOQ: 10 шт.
Systeme,300200584_,"K066 Переключ. 2 кл 10А с/у б/рамки ""ATLAS"" ГРИФЕЛЬ ATN765 (10)",0.21971395362619833,46.0,0.0,46.0,0.10985697681309917,10.0,0.0,0,0.0,45.7802860463738,209.36312528543493,LOW,LOW,STABLE,0.25,False,False,False,Прогноз спроса: 0 шт. Свободный остаток: 46 шт. В пути: 0 шт. Страховой запас: 0 шт. MOQ: 10 шт.
Systeme,300200583_,"K065 Рамка 5-ная ""ATLAS"" ГРИФЕЛЬ ATN705 (5)",0.34530738791514226,40.0,0.0,40.0,0.17265369395757113,5.0,0.0,0,0.0,39.65469261208486,115.83881897664413,LOW,LOW,DECLINING,1.1742424242424243,False,False,False,Прогноз спроса: 0 шт. Свободный остаток: 40 шт. В пути: 0 шт. Страховой запас: 0 шт. MOQ: 5 шт. Наблюдается снижение спроса.
Systeme,300200593_,"K0266 Выкл. 2 кл 10А б/рамки ""ATLAS"" ШАМПАНЬ ATN551 (10) NEW",32.06000549974762,230.0,0.0,230.0,16.03000274987381,10.0,0.0,0,0.0,197.9399945002524,7.174047428089512,LOW,LOW,DECLINING,1.4122432377465934,False,False,False,Прогноз спроса: 32 шт. Свободный остаток: 230 шт. В пути: 0 шт. Страховой запас: 16 шт. MOQ: 10 шт. Наблюдается снижение спроса.
Systeme,300200582_,"K064 Рамка 4-ная ""ATLAS"" ГРИФЕЛЬ ATN704 (15)",1.3212859741494476,13.0,0.0,13.0,0.6606429870747238,5.0,0.0,0,0.0,11.678714025850553,9.838899567800604,LOW,LOW,DECLINING,0.4946808510638298,False,False,False,Прогноз спроса: 1 шт. Свободный остаток: 13 шт. В пути: 0 шт. Страховой запас: 1 шт. MOQ: 5 шт. Наблюдается снижение спроса.
Systeme,300200590_,"K0461 Выкл. 1-кл 10А с/у б/рамки ""ATLAS"" ГРИФЕЛЬ ATN711 (10) NEW",6.5948226036575885,68.0,0.0,68.0,3.2974113018287943,10.0,0.0,0,0.0,61.40517739634241,10.311118901407017,LOW,LOW,STABLE,1.128738621586476,False,False,False,Прогноз спроса: 7 шт. Свободный остаток: 68 шт. В пути: 0 шт. Страховой запас: 3 шт. MOQ: 10 шт.
Systeme,300200588_,"А3844 Выкл 1 кл 10А механизм ""ATLAS"" алюминий ATN311 (10)",34.20916373478323,260.0,0.0,260.0,5.365017862660513,10.0,0.0,0,0.0,225.79083626521677,7.6003027146681434,LOW,LOW,GROWING,1.2328664332166084,False,False,False,Прогноз спроса: 34 шт. Свободный остаток: 260 шт. В пути: 0 шт. Страховой запас: 5 шт. MOQ: 10 шт. Наблюдается рост спроса.
Systeme,300200579_,"K061 Рамка 1-ная ""ATLAS"" ГРИФЕЛЬ ATN701 (10)",30.72907980893314,158.0,0.0,158.0,12.452657012327366,20.0,0.0,0,0.0,127.27092019106686,5.141709448587797,LOW,LOW,GROWING,1.15527950310559,False,False,False,Прогноз спроса: 31 шт. Свободный остаток: 158 шт. В пути: 0 шт. Страховой запас: 12 шт. MOQ: 20 шт. Наблюдается рост спроса.
Systeme,300200575_,"K056 Роз. 2-ная с/у 16А с з/к з/ш ""ATLAS"" ГРИФЕЛЬ ATN726 (6)",2.0303909800893702,18.0,0.0,18.0,1.0151954900446851,6.0,0.0,0,0.0,15.96960901991063,8.865287610373302,LOW,LOW,DECLINING,0.25,False,False,False,Прогноз спроса: 2 шт. Свободный остаток: 18 шт. В пути: 0 шт. Страховой запас: 1 шт. MOQ: 6 шт. Наблюдается снижение спроса.
Systeme,300200700_,"S4000 Роз. с з/к 16А с/у з/ш с крышкой б/рамки""ATLAS"" белый  ATN146 (15)",66.5530566324378,86.0,0.0,86.0,12.824368080598207,15.0,0.0,0,0.0,19.4469433675622,1.2922021068839054,LOW,LOW,GROWING,1.475260006303183,False,False,False,Прогноз спроса: 67 шт. Свободный остаток: 86 шт. В пути: 0 шт. Страховой запас: 13 шт. MOQ: 15 шт. Наблюдается рост спроса.
Systeme,300200704_,"K02333 Роз. без з/к без с/ш 16А мех. ""ATLAS"" ШАМПАНЬ ATN541 (10) NEW",1.8643970063056972,235.0,0.0,235.0,0.5469041658884549,10.0,0.0,0,0.0,233.1356029936943,126.04611528831647,LOW,LOW,GROWING,1.1136554621848738,False,False,False,Прогноз спроса: 2 шт. Свободный остаток: 235 шт. В пути: 0 шт. Страховой запас: 1 шт. MOQ: 10 шт. Наблюдается рост спроса.
Systeme,300200574_,"K055 Роз. 2-ная с/у 16А ""ATLAS"" ГРИФЕЛЬ ATN720 (6)",0.3764926813926478,108.0,0.0,108.0,0.1882463406963239,6.0,0.0,0,0.0,107.62350731860735,286.8581657431098,LOW,LOW,DECLINING,0.25,False,False,False,Прогноз спроса: 0 шт. Свободный остаток: 108 шт. В пути: 0 шт. Страховой запас: 0 шт. MOQ: 6 шт. Наблюдается снижение спроса.
Systeme,300200632_,"А3999 Роз. без з/к без шторок 16А механизм ""ATLAS"" алюминий ATN341 (10)",20.164615337725934,119.0,0.0,119.0,9.261893254981219,10.0,0.0,0,0.0,98.83538466227407,5.901426732270125,LOW,LOW,DECLINING,1.3995205753096285,False,False,False,Прогноз спроса: 20 шт. Свободный остаток: 119 шт. В пути: 0 шт. Страховой запас: 9 шт. MOQ: 10 шт. Наблюдается снижение спроса.
Systeme,300200595_,"Выкл 2-кл, сх.5, 10АХ, механизм, сталь ""ATLAS""",3.7924955441864516,350.0,0.0,350.0,1.1091006116068385,5.0,0.0,0,0.0,346.20750445581353,92.28751778931367,LOW,LOW,GROWING,0.3965884861407249,False,False,False,Прогноз спроса: 4 шт. Свободный остаток: 350 шт. В пути: 0 шт. Страховой запас: 1 шт. MOQ: 5 шт. Наблюдается рост спроса.
Systeme,300200624_,"K0233 Роз. с з/к с з/ш, 16А, механизм ""ATLAS"" ШАМПАНЬ ATN545 (10)",2.9742509910993964,45.0,0.0,45.0,1.4871254955496982,10.0,0.0,0,0.0,42.025749008900604,15.129859630093385,LOW,LOW,DECLINING,2.1145431145431144,False,False,False,Прогноз спроса: 3 шт. Свободный остаток: 45 шт. В пути: 0 шт. Страховой запас: 1 шт. MOQ: 10 шт. Наблюдается снижение спроса.
Systeme,300200576_,"K058 Роз. с з/к 16А с/у з/ш ""ATLAS"" ГРИФЕЛЬ ATN744 (10)",3.3229156318577773,45.0,0.0,45.0,1.2472970776843797,10.0,0.0,0,0.0,41.677084368142225,13.542323966510512,LOW,LOW,DECLINING,1.3247863247863247,False,False,False,Прогноз спроса: 3 шт. Свободный остаток: 45 шт. В пути: 0 шт. Страховой запас: 1 шт. MOQ: 10 шт. Наблюдается снижение спроса.
Systeme,300200577_,"K059 ТV роз. оконечная с/у б/рамки ""ATLAS"" ГРИФЕЛЬ ATN791 (10)",0.14095873611363657,37.0,0.0,37.0,0.0,10.0,0.0,0,0.0,36.85904126388636,262.4881651192711,LOW,LOW,STABLE,0.25,False,False,False,Прогноз спроса: 0 шт. Свободный остаток: 37 шт. В пути: 0 шт. Страховой запас: 0 шт. MOQ: 10 шт.
Systeme,300200744_,К113 Роз. з/к з/ш о/у IP54 16А 250В Atlas Profi 54 БЕЛЫЙ ATN540145 (12),94.21773587462253,241.0,0.0,241.0,12.100926273086147,12.0,0.0,0,0.0,146.78226412537748,2.5579048123243338,LOW,LOW,STABLE,0.9320261437908496,False,False,False,Прогноз спроса: 94 шт. Свободный остаток: 241 шт. В пути: 0 шт. Страховой запас: 12 шт. MOQ: 12 шт.
Systeme,300200552_,"K033 Роз. 2-ная с/у 16А ""ATLAS"" ШАМПАНЬ ATN520 (6)",9.147437109231651,114.0,0.0,114.0,2.248369779788625,6.0,0.0,0,0.0,104.85256289076835,12.462507108679706,LOW,LOW,GROWING,2.3620906801007555,False,False,False,Прогноз спроса: 9 шт. Свободный остаток: 114 шт. В пути: 0 шт. Страховой запас: 2 шт. MOQ: 6 шт. Наблюдается рост спроса.
Systeme,300200745_,К114 Роз. 2-я з/к о/у IP54 16А Atlas Profi 54 БЕЛЫЙ ATN540126 (6),61.224616805471825,23.0,120.0,143.0,5.803741609226473,6.0,0.0,0,0.0,81.77538319452817,2.335661821361039,LOW,LOW,DECLINING,1.2336513846869908,False,False,False,Прогноз спроса: 61 шт. Свободный остаток: 23 шт. В пути: 120 шт. Страховой запас: 6 шт. MOQ: 6 шт. Наблюдается снижение спроса.
Systeme,300200551_,"K032 Перекрест.переключ. 1 кл 10А с/у б/рамки ""ATLAS"" ШАМПАНЬ ATN571 (5)",3.916476503957805,20.0,0.0,20.0,1.2005901326708748,5.0,0.0,0,0.0,16.083523496042194,5.106630916791905,LOW,LOW,GROWING,1.6131221719457014,False,False,False,Прогноз спроса: 4 шт. Свободный остаток: 20 шт. В пути: 0 шт. Страховой запас: 1 шт. MOQ: 5 шт. Наблюдается рост спроса.
Systeme,300200553_,"K034 Роз. 2-ная с/у 16А с з/к з/ш ""ATLAS"" ШАМПАНЬ ATN526 (6)",25.98228920976723,86.0,0.0,86.0,6.105134451153921,6.0,0.0,0,0.0,60.01771079023277,3.309946991417176,LOW,LOW,DECLINING,1.6690741956664477,False,False,False,Прогноз спроса: 26 шт. Свободный остаток: 86 шт. В пути: 0 шт. Страховой запас: 6 шт. MOQ: 6 шт. Наблюдается снижение спроса.
Systeme,300200555_,"K036 Роз. с з/к 16А с/у з/ш ""ATLAS"" ШАМПАНЬ ATN544 (10)",1.6745091068528368,31.0,0.0,31.0,0.5355876834531017,10.0,0.0,0,0.0,29.325490893147162,18.512888268647927,LOW,LOW,DECLINING,0.25,False,False,False,Прогноз спроса: 2 шт. Свободный остаток: 31 шт. В пути: 0 шт. Страховой запас: 1 шт. MOQ: 10 шт. Наблюдается снижение спроса.
Systeme,300200741_,К113 Выкл 1-кл сх.1 10АХ механизм ПЕСОЧНЫЙ ATLAS ATN1211 (5),35.100763103464416,103.0,0.0,103.0,9.277311032837035,5.0,0.0,0,0.0,67.89923689653558,2.934409137955009,LOW,LOW,GROWING,1.7264227642276422,False,False,False,Прогноз спроса: 35 шт. Свободный остаток: 103 шт. В пути: 0 шт. Страховой запас: 9 шт. MOQ: 5 шт. Наблюдается рост спроса.
Systeme,300200746_,К115 Перекл 1-кл о/у IP54 Atlas Profi 54 БЕЛЫЙ ATN540161 (12),59.584800498384766,168.0,0.0,168.0,7.300667777676232,12.0,0.0,0,0.0,108.41519950161523,2.8195109926491098,LOW,LOW,DECLINING,1.076969152440851,False,False,False,Прогноз спроса: 60 шт. Свободный остаток: 168 шт. В пути: 0 шт. Страховой запас: 7 шт. MOQ: 12 шт. Наблюдается снижение спроса.
Systeme,300200742_,К111 Выкл 1-кл о/у IP54 10А Atlas Profi 54 БЕЛЫЙ ATN540111 (12),55.40736041183076,188.0,0.0,188.0,10.34820837955377,12.0,0.0,0,0.0,132.59263958816925,3.3930510062677093,LOW,LOW,DECLINING,0.8903044698769165,False,False,False,Прогноз спроса: 55 шт. Свободный остаток: 188 шт. В пути: 0 шт. Страховой запас: 10 шт. MOQ: 12 шт. Наблюдается снижение спроса.
Systeme,300200554_,"K035 Роз. RJ45+RJ45 5Е кат 5Е механизм б/рамки ""ATLAS"" ШАМПАНЬ ATN585 (10)",0.13638115612893584,7.0,0.0,7.0,0.06819057806446792,5.0,0.0,0,0.0,6.863618843871064,51.326738962251824,LOW,LOW,STABLE,2.48,False,False,False,Прогноз спроса: 0 шт. Свободный остаток: 7 шт. В пути: 0 шт. Страховой запас: 0 шт. MOQ: 5 шт.
Systeme,300200743_,К112 Выкл 2-кл о/у IP54 10А Atlas Profi 54 БЕЛЫЙ ATN540151 (12),13.753879001901314,33.0,0.0,33.0,2.4113619941159117,12.0,0.0,0,0.0,19.246120998098686,2.3993231288015644,LOW,LOW,DECLINING,0.7069555302166477,False,False,False,Прогноз спроса: 14 шт. Свободный остаток: 33 шт. В пути: 0 шт. Страховой запас: 2 шт. MOQ: 12 шт. Наблюдается снижение спроса.
Systeme,300200548_,"K029 Комп. роз. RJ45 5Е механизм б/рамки ""ATLAS"" ШАМПАНЬ ATN583 (10)",16.948730430467176,65.0,0.0,65.0,3.0060633171419866,5.0,0.0,0,0.0,48.05126956953282,3.8350955115290213,LOW,LOW,GROWING,1.707627118644068,False,False,False,Прогноз спроса: 17 шт. Свободный остаток: 65 шт. В пути: 0 шт. Страховой запас: 3 шт. MOQ: 5 шт. Наблюдается рост спроса.
Systeme,300200750_,К119 Выкл 2-кл о/у IP54 Atlas Profi 54 АНТРАЦИТ ATN544051 (12),14.5088506300082,34.0,0.0,34.0,3.0805302573853517,12.0,0.0,0,0.0,19.491149369991803,2.343397204026546,LOW,LOW,DECLINING,1.1397058823529411,False,False,False,Прогноз спроса: 15 шт. Свободный остаток: 34 шт. В пути: 0 шт. Страховой запас: 3 шт. MOQ: 12 шт. Наблюдается снижение спроса.
Systeme,300200547_,"K028 Выкл 3 кл 10А с/у б/рамки ""ATLAS"" ШАМПАНЬ ATN531 (10)",3.8314093030868777,15.0,0.0,15.0,0.7144345083117621,10.0,0.0,0,0.0,11.168590696913123,3.9150085029847497,LOW,LOW,GROWING,1.339506172839506,False,False,False,Прогноз спроса: 4 шт. Свободный остаток: 15 шт. В пути: 0 шт. Страховой запас: 1 шт. MOQ: 10 шт. Наблюдается рост спроса.
Systeme,300200751_,К120 Роз. з/к з/ш о/у IP54 16А 250В Atlas Profi 54 АНТРАЦИТ ATN544045 (12),71.67652608722231,245.0,0.0,245.0,14.032774137710621,12.0,0.0,0,0.0,173.32347391277767,3.418134407098112,LOW,LOW,STABLE,1.0739204684069286,False,False,False,Прогноз спроса: 72 шт. Свободный остаток: 245 шт. В пути: 0 шт. Страховой запас: 14 шт. MOQ: 12 шт.
Systeme,300200749_,К118 Выкл 1-кл о/у IP54 Atlas Profi 54 АНТРАЦИТ ATN544011 (12),39.76923583819296,77.0,0.0,77.0,6.568136468334582,12.0,0.0,0,0.0,37.23076416180704,1.9361699659829001,LOW,LOW,GROWING,1.7386493704692865,False,False,False,Прогноз спроса: 40 шт. Свободный остаток: 77 шт. В пути: 0 шт. Страховой запас: 7 шт. MOQ: 12 шт. Наблюдается рост спроса.
Systeme,300200550_,"K031 Переключ. 1 кл с инд 10А с/у б/рамки  ""ATLAS"" ШАМПАНЬ ATN563  (10)",0.502265305440954,12.0,0.0,12.0,0.251132652720477,10.0,0.0,0,0.0,11.497734694559046,23.891755751404794,LOW,LOW,STABLE,0.25,False,False,False,Прогноз спроса: 1 шт. Свободный остаток: 12 шт. В пути: 0 шт. Страховой запас: 0 шт. MOQ: 10 шт.
Systeme,300200748_,"К117 Роз,Выкл.1-кл з/к з/ш о/у IP54 16А Atlas Profi 54 БЕЛЫЙ ATN540170 (6)",1.6865261612359594,11.0,0.0,11.0,0.8432630806179797,6.0,0.0,0,0.0,9.31347383876404,6.5222824601420495,LOW,LOW,GROWING,2.066666666666667,False,False,False,Прогноз спроса: 2 шт. Свободный остаток: 11 шт. В пути: 0 шт. Страховой запас: 1 шт. MOQ: 6 шт. Наблюдается рост спроса.
Systeme,300200549_,"K030 Переключ. 1 кл 10А с/у б/рамки ""ATLAS"" ШАМПАНЬ ATN561 (10)",19.759944279058683,63.0,0.0,63.0,7.2543779884976995,10.0,0.0,0,0.0,43.240055720941314,3.188268099863345,LOW,LOW,STABLE,1.5907070707070703,False,False,False,Прогноз спроса: 20 шт. Свободный остаток: 63 шт. В пути: 0 шт. Страховой запас: 7 шт. MOQ: 10 шт.
Systeme,300200562_,"K043 Рамка 5-ная ""ATLAS"" ШАМПАНЬ ATN505 (5)",1.4968237603310044,73.0,0.0,73.0,0.1720586140438116,5.0,0.0,0,0.0,71.50317623966899,48.76993667167398,LOW,LOW,GROWING,2.043956043956044,False,False,False,Прогноз спроса: 1 шт. Свободный остаток: 73 шт. В пути: 0 шт. Страховой запас: 0 шт. MOQ: 5 шт. Наблюдается рост спроса.
Systeme,300200733_,К105 ТV роз. оконечная с/у б/рамки ATLAS ПЕСОЧНЫЙ ATN1291 (5),0.0823204691601834,13.0,0.0,13.0,0.0411602345800917,5.0,0.0,0,0.0,12.917679530839816,157.9194109633162,LOW,LOW,STABLE,2.101694915254237,False,False,False,Прогноз спроса: 0 шт. Свободный остаток: 13 шт. В пути: 0 шт. Страховой запас: 0 шт. MOQ: 5 шт.
Systeme,300200561_,"K042 Рамка 4-ная ""ATLAS"" ШАМПАНЬ ATN504 (15)",15.167951835851726,64.0,0.0,64.0,2.481464621280491,5.0,0.0,0,0.0,48.832048164148276,4.219422680966485,LOW,LOW,DECLINING,1.0588544403573306,False,False,False,Прогноз спроса: 15 шт. Свободный остаток: 64 шт. В пути: 0 шт. Страховой запас: 2 шт. MOQ: 5 шт. Наблюдается снижение спроса.
Systeme,300200734_,К106 Телефонная роз. RJ11 механизм б/рамки ATLAS ПЕСОЧНЫЙ ATN1281 (5),0.0,3.0,0.0,3.0,0.0,5.0,0.0,0,0.0,3.0,inf,LOW,LOW,STABLE,0.25,False,False,False,Прогноз спроса: 0 шт. Свободный остаток: 3 шт. В пути: 0 шт. Страховой запас: 0 шт. MOQ: 5 шт.
Systeme,300200564_,"K045 Роз. с з/к 16А с/у б/рамки ""ATLAS"" ГРИФЕЛЬ ATN743 (10)",48.873536147745256,151.0,0.0,151.0,11.95682510814078,10.0,0.0,0,0.0,102.12646385225474,3.089606603122092,LOW,LOW,GROWING,0.9411764705882352,False,False,False,Прогноз спроса: 49 шт. Свободный остаток: 151 шт. В пути: 0 шт. Страховой запас: 12 шт. MOQ: 10 шт. Наблюдается рост спроса.
Systeme,300200730_,К102 Роз. 2-ная с/у 16А с з/к з/ш ATLAS ПЕСОЧНЫЙ ATN1226 (6),8.086857245021191,65.0,0.0,65.0,2.6230548348569935,6.0,0.0,0,0.0,56.91314275497881,8.037733081045586,LOW,LOW,STABLE,0.25,False,False,False,Прогноз спроса: 8 шт. Свободный остаток: 65 шт. В пути: 0 шт. Страховой запас: 3 шт. MOQ: 6 шт.
Systeme,300200731_,К103 Роз. RJ45+RJ45 5Е кат 5Е механизм б/рамки ATLAS ПЕСОЧНЫЙ ATN1285 (5),0.05336940803303596,6.0,0.0,6.0,0.02668470401651798,5.0,0.0,0,0.0,5.946630591966964,112.42395636627572,LOW,LOW,STABLE,0.6326530612244898,False,False,False,Прогноз спроса: 0 шт. Свободный остаток: 6 шт. В пути: 0 шт. Страховой запас: 0 шт. MOQ: 5 шт.
Systeme,300200563_,"K044 Переключ. 2 кл 10А с/у б/рамки ""ATLAS"" ШАМПАНЬ ATN565 (10)",21.54157269961171,80.0,0.0,80.0,5.45221667458904,10.0,0.0,0,0.0,58.458427300388294,3.7137492752069123,LOW,LOW,GROWING,2.3270777479892764,False,False,False,Прогноз спроса: 22 шт. Свободный остаток: 80 шт. В пути: 0 шт. Страховой запас: 5 шт. MOQ: 10 шт. Наблюдается рост спроса.
Systeme,300200560_,"K041 Рамка 3-ная ""ATLAS"" ШАМПАНЬ ATN503 (15)",41.46771218722779,158.0,0.0,158.0,11.686890804087591,5.0,0.0,0,0.0,116.53228781277221,3.8101933206882967,LOW,LOW,STABLE,1.5363667117726656,False,False,False,Прогноз спроса: 41 шт. Свободный остаток: 158 шт. В пути: 0 шт. Страховой запас: 12 шт. MOQ: 5 шт.
Systeme,300200738_,К110 Рамка 4-ная ATLAS ПЕСОЧНЫЙ ATN1204 (5),10.610211266671941,29.0,0.0,29.0,1.186907747046927,5.0,0.0,0,0.0,18.38978873332806,2.733216075639586,LOW,LOW,STABLE,1.89718482252142,False,False,False,Прогноз спроса: 11 шт. Свободный остаток: 29 шт. В пути: 0 шт. Страховой запас: 1 шт. MOQ: 5 шт.
Systeme,300200557_,"K038 Телефонная роз. RJ11 механизм б/рамки ""ATLAS"" ШАМПАНЬ ATN581 (10)",0.0,2.0,0.0,2.0,0.0,10.0,0.0,0,0.0,2.0,inf,LOW,LOW,DECLINING,0.543859649122807,False,False,False,Прогноз спроса: 0 шт. Свободный остаток: 2 шт. В пути: 0 шт. Страховой запас: 0 шт. MOQ: 10 шт. Наблюдается снижение спроса.
Systeme,300200739_,К111 Рамка 5-ная ATLAS ПЕСОЧНЫЙ ATN1205 (5),0.6172956266928581,4.0,0.0,4.0,0.30864781334642905,5.0,0.0,0,0.0,3.382704373307142,6.4798774315474645,LOW,LOW,STABLE,0.842391304347826,False,False,False,Прогноз спроса: 1 шт. Свободный остаток: 4 шт. В пути: 0 шт. Страховой запас: 0 шт. MOQ: 5 шт.
Systeme,300200556_,"K037 ТV роз. оконечная с/у б/рамки ""ATLAS"" ШАМПАНЬ ATN591(10)",3.171671450546455,40.0,0.0,40.0,0.4202429852676458,10.0,0.0,0,0.0,36.828328549453545,12.6116467684912,LOW,LOW,DECLINING,0.9798850574712644,False,True,False,Прогноз спроса: 3 шт. Свободный остаток: 40 шт. В пути: 0 шт. Страховой запас: 0 шт. MOQ: 10 шт. В истории обнаружена аномальная продажа. Наблюдается снижение спроса.
Systeme,300200740_,К112 Переключ. 2 кл 10А с/у б/рамки ATLAS ПЕСОЧНЫЙ ATN1265 (5),9.84421331379217,35.0,0.0,35.0,2.933882524346648,5.0,0.0,0,0.0,25.15578668620783,3.555388214816869,LOW,LOW,DECLINING,0.2689804772234273,False,False,False,Прогноз спроса: 10 шт. Свободный остаток: 35 шт. В пути: 0 шт. Страховой запас: 3 шт. MOQ: 5 шт. Наблюдается снижение спроса.
Systeme,300200735_,К107 Рамка 1-ная ATLAS ПЕСОЧНЫЙ ATN1201 (10),120.87636871089573,523.0,0.0,523.0,23.25687891069364,10.0,0.0,0,0.0,402.12363128910425,4.326734874463987,LOW,LOW,DECLINING,0.9617521763289498,False,False,False,Прогноз спроса: 121 шт. Свободный остаток: 523 шт. В пути: 0 шт. Страховой запас: 23 шт. MOQ: 10 шт. Наблюдается снижение спроса.
Systeme,300200559_,"K040 Рамка 2-ная ""ATLAS"" ШАМПАНЬ ATN502 (10)",121.44868727160896,611.0,0.0,611.0,43.168731932576705,10.0,0.0,0,0.0,489.55131272839105,5.030931282390513,LOW,LOW,DECLINING,1.3113700564971753,False,False,False,Прогноз спроса: 121 шт. Свободный остаток: 611 шт. В пути: 0 шт. Страховой запас: 43 шт. MOQ: 10 шт. Наблюдается снижение спроса.
Systeme,300200736_,К108 Рамка 2-ная ATLAS ПЕСОЧНЫЙ ATN1202 (5),60.197424294159376,189.0,0.0,189.0,15.05149217408914,5.0,0.0,0,0.0,128.80257570584064,3.139669217015613,LOW,LOW,GROWING,0.9994066455696202,False,False,False,Прогноз спроса: 60 шт. Свободный остаток: 189 шт. В пути: 0 шт. Страховой запас: 15 шт. MOQ: 5 шт. Наблюдается рост спроса.
Systeme,300200737_,К109 Рамка 3-ная ATLAS ПЕСОЧНЫЙ ATN1203 (5),24.542170505905037,67.0,0.0,67.0,5.291447502023115,5.0,0.0,0,0.0,42.457829494094966,2.729994887122118,LOW,LOW,GROWING,0.8527508090614887,False,False,False,Прогноз спроса: 25 шт. Свободный остаток: 67 шт. В пути: 0 шт. Страховой запас: 5 шт. MOQ: 5 шт. Наблюдается рост спроса.
Systeme,300200558_,"K039 Рамка 1-ная ""ATLAS"" ШАМПАНЬ ATN501 (10)",301.28899448079903,762.0,0.0,762.0,41.14214890676795,20.0,0.0,0,0.0,460.71100551920097,2.529133204195289,LOW,LOW,STABLE,1.404872247057376,False,False,False,Прогноз спроса: 301 шт. Свободный остаток: 762 шт. В пути: 0 шт. Страховой запас: 41 шт. MOQ: 20 шт.
Systeme,300200472_,"K074 Комп. роз. RJ45 5Е механизм б/рамки ""ATLAS"" КАРБОН ATN1083 (5)",57.85302742906652,158.0,0.0,158.0,9.113451596404039,5.0,0.0,0,0.0,100.14697257093349,2.731058460055932,LOW,LOW,DECLINING,1.5531778575089696,False,False,False,Прогноз спроса: 58 шт. Свободный остаток: 158 шт. В пути: 0 шт. Страховой запас: 9 шт. MOQ: 5 шт. Наблюдается снижение спроса.
Systeme,300200378_,"G407 Рамка 3-ная ""ATLAS"" жемчуг ATN403 (15)",16.995425214671656,29.0,0.0,29.0,3.2664583266896234,5.0,0.0,0,0.0,12.004574785328344,1.7063415380137206,LOW,LOW,DECLINING,1.6948310139165008,False,False,False,Прогноз спроса: 17 шт. Свободный остаток: 29 шт. В пути: 0 шт. Страховой запас: 3 шт. MOQ: 5 шт. Наблюдается снижение спроса.
Systeme,300200872_,"G089 Рамка 5-ная ""ARTGALLERY"" карбон GAL1005 (5)",1.0860769242470452,123.0,0.0,123.0,0.28577380332469443,5.0,0.0,0,0.0,121.91392307575296,113.25164659517407,LOW,LOW,STABLE,1.8452380952380956,False,True,False,Прогноз спроса: 1 шт. Свободный остаток: 123 шт. В пути: 0 шт. Страховой запас: 0 шт. MOQ: 5 шт. В истории обнаружена аномальная продажа.
Systeme,300200377_,"G406 Рамка 2-ная ""ATLAS"" жемчуг ATN402 (10)",49.42454094304183,100.0,0.0,100.0,6.637092737034794,10.0,0.0,0,0.0,50.57545905695817,2.0232863693209144,LOW,LOW,STABLE,1.3784968684759915,False,False,False,Прогноз спроса: 49 шт. Свободный остаток: 100 шт. В пути: 0 шт. Страховой запас: 7 шт. MOQ: 10 шт.
Systeme,300200873_,G090 Переключ. 2 кл механизм карбон GAL1065 (5),8.682291836954803,28.0,0.0,28.0,1.9881314510531432,5.0,0.0,0,0.0,19.317708163045197,3.224954945746286,LOW,LOW,DECLINING,0.6086956521739131,False,True,False,Прогноз спроса: 9 шт. Свободный остаток: 28 шт. В пути: 0 шт. Страховой запас: 2 шт. MOQ: 5 шт. В истории обнаружена аномальная продажа. Наблюдается снижение спроса.
Systeme,030200052_,"S286 о/у.з/ш. 10А IP44 ""Рондо"" РА 10-125Б-би (12/72) !!!",0.0,0.0,0.0,0.0,0.0,1.0,0.0,0,0.0,0.0,inf,LOW,LOW,STABLE,0.25,True,False,False,Прогноз спроса: 0 шт. Свободный остаток: 0 шт. В пути: 0 шт. Страховой запас: 0 шт. MOQ: 1 шт. Есть сигнал предыдущего stockout.
Systeme,300200874_,"G091 Диммер поворотно-нажимной механизм 400Вт ""ARTGALLERY"" карбон GAL1023 (1)",0.0,8.0,0.0,8.0,0.0,1.0,0.0,0,0.0,8.0,inf,LOW,LOW,STABLE,0.25,False,False,False,Прогноз спроса: 0 шт. Свободный остаток: 8 шт. В пути: 0 шт. Страховой запас: 0 шт. MOQ: 1 шт.
Systeme,300200871_,"G088 Рамка 4-ная ""ARTGALLERY"" карбон GAL1004 (5)",6.9201407598924085,36.0,0.0,36.0,1.6407124976667808,5.0,0.0,0,0.0,29.07985924010759,5.202206320519948,LOW,LOW,DECLINING,0.6888888888888889,False,True,False,Прогноз спроса: 7 шт. Свободный остаток: 36 шт. В пути: 0 шт. Страховой запас: 2 шт. MOQ: 5 шт. В истории обнаружена аномальная продажа. Наблюдается снижение спроса.
Systeme,300200869_,"G086 Рамка 2-ная ""ARTGALLERY"" карбон GAL1002 (5)",48.23972731402323,76.0,0.0,76.0,20.8486630266787,5.0,0.0,0,0.0,27.760272685976773,1.5754649586899074,LOW,LOW,GROWING,0.2739183424741011,False,False,False,Прогноз спроса: 48 шт. Свободный остаток: 76 шт. В пути: 0 шт. Страховой запас: 21 шт. MOQ: 5 шт. Наблюдается рост спроса.
Systeme,300200380_,"G409 Рамка 5-ная ""ATLAS"" жемчуг ATN405 (5)",1.1556536795268764,24.0,0.0,24.0,0.5778268397634382,5.0,0.0,0,0.0,22.844346320473125,20.767467300260385,LOW,LOW,DECLINING,1.1324200913242009,False,False,False,Прогноз спроса: 1 шт. Свободный остаток: 24 шт. В пути: 0 шт. Страховой запас: 1 шт. MOQ: 5 шт. Наблюдается снижение спроса.
Systeme,300200870_,"G087 Рамка 3-ная ""ARTGALLERY"" карбон GAL1003 (5)",11.136476725745961,33.0,0.0,33.0,3.07854132125371,5.0,0.0,0,0.0,21.86352327425404,2.963235214572726,LOW,LOW,DECLINING,0.2818181818181818,False,True,False,Прогноз спроса: 11 шт. Свободный остаток: 33 шт. В пути: 0 шт. Страховой запас: 3 шт. MOQ: 5 шт. В истории обнаружена аномальная продажа. Наблюдается снижение спроса.
Systeme,300200379_,"G408 Рамка 4-ная ""ATLAS"" жемчуг ATN404 (15)",3.5148281443847553,20.0,0.0,20.0,1.0288849141991756,5.0,0.0,0,0.0,16.485171855615246,5.6901786313369955,LOW,LOW,DECLINING,1.4512353706111834,False,False,False,Прогноз спроса: 4 шт. Свободный остаток: 20 шт. В пути: 0 шт. Страховой запас: 1 шт. MOQ: 5 шт. Наблюдается снижение спроса.
Systeme,300200376_,"G405 Рамка 1-ная ""ATLAS"" жемчуг  ATN401 (20)",61.86339692755503,269.0,0.0,269.0,8.299502997167576,20.0,0.0,0,0.0,207.13660307244498,4.348290157991352,LOW,LOW,GROWING,1.2268610758920486,False,False,False,Прогноз спроса: 62 шт. Свободный остаток: 269 шт. В пути: 0 шт. Страховой запас: 8 шт. MOQ: 20 шт. Наблюдается рост спроса.
Systeme,030200054_,"S288 2-я.о/у. з/к.з/ш 16А IP44 ""Рондо"" РА 16-227Б-би (5/30) !!!",6.438550073372774e-05,18.0,0.0,18.0,3.219275036686387e-05,1.0,0.0,0,0.0,17.999935614499265,279566.0481766024,LOW,LOW,STABLE,0.25,False,False,False,Прогноз спроса: 0 шт. Свободный остаток: 18 шт. В пути: 0 шт. Страховой запас: 0 шт. MOQ: 1 шт.
Systeme,300200373_,"G395 Роз. 2-ная с/у 16А с з/к з/ш ""ATLAS"" жемчуг ATN426 (6)",12.122264160700238,49.0,0.0,49.0,5.942789748931054,6.0,0.0,0,0.0,36.87773583929976,4.042149168705257,LOW,LOW,GROWING,0.5024311183144247,False,False,False,Прогноз спроса: 12 шт. Свободный остаток: 49 шт. В пути: 0 шт. Страховой запас: 6 шт. MOQ: 6 шт. Наблюдается рост спроса.
Systeme,300200878_,"G095 Выкл. 1 кл кнопочный 10А механизм ""ARTGALLERY"" карбон GAL1015 (5)",0.0,10.0,0.0,10.0,0.0,5.0,0.0,0,0.0,10.0,inf,LOW,LOW,STABLE,0.911764705882353,False,False,False,Прогноз спроса: 0 шт. Свободный остаток: 10 шт. В пути: 0 шт. Страховой запас: 0 шт. MOQ: 5 шт.
Systeme,300200879_,"G096 Вывод кабеля механизм ""ARTGALLERY"" карбон    GAL1099 (5)",0.6312941291075499,56.0,0.0,56.0,0.31564706455377495,5.0,0.0,0,0.0,55.36870587089245,88.70667002585036,LOW,LOW,STABLE,2.0,False,True,False,Прогноз спроса: 1 шт. Свободный остаток: 56 шт. В пути: 0 шт. Страховой запас: 0 шт. MOQ: 5 шт. В истории обнаружена аномальная продажа.
Systeme,300200372_,"G394 Роз. 2-ная с/у 16А ""ATLAS"" жемчуг ATN420 (6)",9.068040782629145,73.0,0.0,73.0,3.7696153649941637,6.0,0.0,0,0.0,63.93195921737085,8.050250517161295,LOW,LOW,GROWING,1.1556572923479398,False,False,False,Прогноз спроса: 9 шт. Свободный остаток: 73 шт. В пути: 0 шт. Страховой запас: 4 шт. MOQ: 6 шт. Наблюдается рост спроса.
Systeme,030200072_," S186  с/у. з/ш 16А  ""Wessen 59""  РС 16-151-18 (10/60) !!!",0.4084649911945571,3.0,0.0,3.0,0.1464155046434761,1.0,0.0,0,0.0,2.591535008805443,7.344570684568318,LOW,LOW,DECLINING,0.25,False,False,False,Прогноз спроса: 0 шт. Свободный остаток: 3 шт. В пути: 0 шт. Страховой запас: 0 шт. MOQ: 1 шт. Наблюдается снижение спроса.
Systeme,300200877_,"G094 Рамка 2-ная IP44 ""ARTGALLERY"" карбон GAL441002 (5)",0.4984866813980533,36.0,0.0,36.0,0.14288690166235204,5.0,0.0,0,0.0,35.501513318601944,72.21857943934344,LOW,LOW,STABLE,0.25,False,False,False,Прогноз спроса: 0 шт. Свободный остаток: 36 шт. В пути: 0 шт. Страховой запас: 0 шт. MOQ: 5 шт.
Systeme,300200374_,"G399 Роз. с з/к 16А с/у з/ш ""ATLAS"" жемчуг ATN444 (10)",0.8832426740620498,71.0,0.0,71.0,0.285773803324706,10.0,0.0,0,0.0,70.11675732593795,80.38560871778269,LOW,LOW,DECLINING,2.8027397260273976,False,True,False,Прогноз спроса: 1 шт. Свободный остаток: 71 шт. В пути: 0 шт. Страховой запас: 0 шт. MOQ: 10 шт. В истории обнаружена аномальная продажа. Наблюдается снижение спроса.
Systeme,300200875_,"G092 Роз. с з/к с/ш с крышкой 16А механизм IP44 ""ARTGALLERY"" карбон GAL441046 (5)",2.562304631342077,72.0,0.0,72.0,1.2811523156710385,5.0,0.0,0,0.0,69.43769536865793,28.099703337104003,LOW,LOW,DECLINING,2.313432835820896,False,True,False,Прогноз спроса: 3 шт. Свободный остаток: 72 шт. В пути: 0 шт. Страховой запас: 1 шт. MOQ: 5 шт. В истории обнаружена аномальная продажа. Наблюдается снижение спроса.
Systeme,300200375_,"G386 Выкл 2 кл 10А с/у ""ATLAS"" жемчуг ATN452 (10)",17.069934754298583,56.0,0.0,56.0,3.935619921520198,10.0,0.0,0,0.0,38.930065245701414,3.280621795340956,LOW,LOW,DECLINING,1.7069271758436946,False,False,False,Прогноз спроса: 17 шт. Свободный остаток: 56 шт. В пути: 0 шт. Страховой запас: 4 шт. MOQ: 10 шт. Наблюдается снижение спроса.
Systeme,300200876_,"G093 Рамка 1-ная IP44 ""ARTGALLERY"" карбон GAL441001 (5)",0.10932089350089283,141.0,0.0,141.0,0.054660446750446415,5.0,0.0,0,0.0,140.8906791064991,1289.7808962643398,LOW,LOW,STABLE,0.25,False,False,False,Прогноз спроса: 0 шт. Свободный остаток: 141 шт. В пути: 0 шт. Страховой запас: 0 шт. MOQ: 5 шт.
Systeme,030200053_,"S287 о/у.з/к.з/ш.16А IP44 ""Рондо"" РА 16-112Б-би (10/60) !!!",0.0,0.0,0.0,0.0,0.0,1.0,0.0,0,0.0,0.0,inf,LOW,LOW,STABLE,0.25,True,False,False,Прогноз спроса: 0 шт. Свободный остаток: 0 шт. В пути: 0 шт. Страховой запас: 0 шт. MOQ: 1 шт. Есть сигнал предыдущего stockout.
Systeme,030200037_,"S252 2-я с/у 10А IP20  ""ХИТ""  РС 16-235-б / 16-230-б (80) !!!",0.6968536020732596,1.0,0.0,1.0,0.0,10.0,0.0,0,0.0,0.30314639792674036,1.4350216415970694,LOW,LOW,STABLE,1.0108695652173914,False,False,False,Прогноз спроса: 1 шт. Свободный остаток: 1 шт. В пути: 0 шт. Страховой запас: 0 шт. MOQ: 10 шт.
Systeme,300200424_,"G393 Перекрест.переключ. 1 кл 10А с/у б/рамки ""ATLAS"" жемчуг ATN471 (5)",0.17841829278915514,65.0,0.0,65.0,0.08920914639457757,5.0,0.0,0,0.0,64.82158170721084,364.3124198975124,LOW,LOW,DECLINING,0.4366197183098591,False,False,False,Прогноз спроса: 0 шт. Свободный остаток: 65 шт. В пути: 0 шт. Страховой запас: 0 шт. MOQ: 5 шт. Наблюдается снижение спроса.
Systeme,300200861_,"G078 Роз. комп. RJ45 6A механизм ""ARTGALLERY"" карбон GAL1086 (5)",9.802813178127087,41.0,0.0,41.0,4.435021608365247,5.0,0.0,0,0.0,31.19718682187291,4.18247285294418,LOW,LOW,GROWING,0.3616666666666666,False,False,False,Прогноз спроса: 10 шт. Свободный остаток: 41 шт. В пути: 0 шт. Страховой запас: 4 шт. MOQ: 5 шт. Наблюдается рост спроса.
Systeme,300200422_,"G387 Выкл 2 кл с инд 10А с/у б/рамки ""ATLAS"" жемчуг ATN453 (10)",0.3250385175016632,15.0,0.0,15.0,0.1625192587508316,10.0,0.0,0,0.0,14.674961482498336,46.14837686097694,LOW,LOW,STABLE,0.5698529411764707,False,False,False,Прогноз спроса: 0 шт. Свободный остаток: 15 шт. В пути: 0 шт. Страховой запас: 0 шт. MOQ: 10 шт.
Systeme,300200862_,"G079 Переключ. 1 кл механизм ""ARTGALLERY"" карбон GAL1061 (5)",2.5003464790947865,57.0,0.0,57.0,0.526940856896395,5.0,0.0,0,0.0,54.49965352090521,22.7968405485291,LOW,LOW,DECLINING,0.285451197053407,False,True,False,Прогноз спроса: 3 шт. Свободный остаток: 57 шт. В пути: 0 шт. Страховой запас: 1 шт. MOQ: 5 шт. В истории обнаружена аномальная продажа. Наблюдается снижение спроса.
Systeme,300200860_,"G077 Выкл. 2 кл с инд 10А механизм ""ARTGALLERY"" карбон GAL1053 (5)",0.47663437549262266,121.0,0.0,121.0,0.23831718774631133,5.0,0.0,0,0.0,120.52336562450738,253.86335149440524,LOW,LOW,DECLINING,1.148148148148148,False,False,False,Прогноз спроса: 0 шт. Свободный остаток: 121 шт. В пути: 0 шт. Страховой запас: 0 шт. MOQ: 5 шт. Наблюдается снижение спроса.
Systeme,300200426_,"G392 Переключ. 1 кл с инд 10А с/у б/рамки  ""ATLAS"" жемчуг ATN463 (10)",3.7249529844354347e-06,23.0,0.0,23.0,0.0,10.0,0.0,0,0.0,22.999996275047014,6174574.577479117,LOW,LOW,STABLE,0.25,False,False,False,Прогноз спроса: 0 шт. Свободный остаток: 23 шт. В пути: 0 шт. Страховой запас: 0 шт. MOQ: 10 шт.
Systeme,300200858_,"G075 Выкл. 1 кл с инд 10А механизм ""ARTGALLERY"" карбон GAL1013 (5)",0.16500909223015087,95.0,0.0,95.0,0.0,5.0,0.0,0,0.0,94.83499090776985,575.7258507155242,LOW,LOW,STABLE,2.6666666666666665,False,False,False,Прогноз спроса: 0 шт. Свободный остаток: 95 шт. В пути: 0 шт. Страховой запас: 0 шт. MOQ: 5 шт.
Systeme,300200859_,"G076 Выкл. 2 кл 10А механизм ""ARTGALLERY"" карбон GAL1051 (5)",13.456437921097482,113.0,0.0,113.0,1.8902160370356507,5.0,0.0,0,0.0,99.54356207890251,8.397467491960454,LOW,LOW,DECLINING,0.25,False,True,False,Прогноз спроса: 13 шт. Свободный остаток: 113 шт. В пути: 0 шт. Страховой запас: 2 шт. MOQ: 5 шт. В истории обнаружена аномальная продажа. Наблюдается снижение спроса.
Systeme,300200425_,"G402 Телефонная роз. RJ11 механизм б/рамки ""ATLAS"" жемчуг ATN481 (10)",0.00040901403488434793,27.0,0.0,27.0,0.00020450701744217397,5.0,0.0,0,0.0,26.999590985965117,66012.40470301826,LOW,LOW,STABLE,0.8157894736842105,False,False,False,Прогноз спроса: 0 шт. Свободный остаток: 27 шт. В пути: 0 шт. Страховой запас: 0 шт. MOQ: 5 шт.
Systeme,300200866_,"G083 Роз. с з/к с/ш с крышкой 16А механизм IP20 ""ARTGALLERY"" карбон GAL1046 (5)",0.23419941310111778,97.0,0.0,97.0,0.11709970655055889,5.0,0.0,0,0.0,96.76580058689888,414.1769559350661,LOW,LOW,STABLE,0.25,False,False,False,Прогноз спроса: 0 шт. Свободный остаток: 97 шт. В пути: 0 шт. Страховой запас: 0 шт. MOQ: 5 шт.
Systeme,300200418_,"G397 Роз. RJ45+RJ45 5Е кат 5Е механизм б/рамки ""ATLAS"" жемчуг ATN485 (10)",0.0933358823488222,22.0,0.0,22.0,0.0,10.0,0.0,0,0.0,21.90666411765118,235.70784832546897,LOW,LOW,STABLE,1.7714285714285714,False,False,False,Прогноз спроса: 0 шт. Свободный остаток: 22 шт. В пути: 0 шт. Страховой запас: 0 шт. MOQ: 10 шт.
Systeme,300200867_,"G084 Роз. TV оконечная механизм ""ARTGALLERY"" карбон GAL1091 (5)",0.01955227628443733,41.0,0.0,41.0,0.009776138142218666,5.0,0.0,0,0.0,40.980447723715564,2096.9425453871077,LOW,LOW,STABLE,0.25,False,False,False,Прогноз спроса: 0 шт. Свободный остаток: 41 шт. В пути: 0 шт. Страховой запас: 0 шт. MOQ: 5 шт.
Systeme,300200413_,"Blanca Силовой Комплект О/У 2К+3 32А, 250В розетка, вилка, подъем.коробка",8.40366574456131,32.0,0.0,32.0,0.9326038816131957,6.0,0.0,0,0.0,23.59633425543869,3.8078620655170368,LOW,LOW,DECLINING,2.1796875,False,False,False,Прогноз спроса: 8 шт. Свободный остаток: 32 шт. В пути: 0 шт. Страховой запас: 1 шт. MOQ: 6 шт. Наблюдается снижение спроса.
Systeme,300200868_,"G085 Рамка 1-ная ""ARTGALLERY"" карбон GAL1001 (10)",40.196963303387044,289.0,0.0,289.0,10.294056740015922,10.0,0.0,0,0.0,248.80303669661296,7.189597826551453,LOW,LOW,DECLINING,0.269805846909172,False,True,False,Прогноз спроса: 40 шт. Свободный остаток: 289 шт. В пути: 0 шт. Страховой запас: 10 шт. MOQ: 10 шт. В истории обнаружена аномальная продажа. Наблюдается снижение спроса.
Systeme,300200419_,"G404 USB розетка - 2 порта с/у б/рамки ""ATLAS"" жемчуг ATN433 (1) !!!",0.0,1.0,0.0,1.0,0.0,1.0,0.0,0,0.0,1.0,inf,LOW,LOW,STABLE,0.25,False,False,False,Прогноз спроса: 0 шт. Свободный остаток: 1 шт. В пути: 0 шт. Страховой запас: 0 шт. MOQ: 1 шт.
Systeme,300200421_,"G414 Переключ. 2 кл 10А с/у б/рамки ""ATLAS"" жемчуг ATN465 (10)",3.43200432290394,37.0,0.0,37.0,1.2005901326708814,10.0,0.0,0,0.0,33.56799567709606,10.780872201435047,LOW,LOW,DECLINING,1.2622149837133552,False,False,False,Прогноз спроса: 3 шт. Свободный остаток: 37 шт. В пути: 0 шт. Страховой запас: 1 шт. MOQ: 10 шт. Наблюдается снижение спроса.
Systeme,300200863_,"G080 Перекрест. переключ. 1 кл ""ARTGALLERY"" карбон GAL1071 (5)",0.9625962975189737,89.0,0.0,89.0,0.48129814875948684,5.0,0.0,0,0.0,88.03740370248103,92.45828207462613,LOW,LOW,STABLE,0.25,False,True,False,Прогноз спроса: 1 шт. Свободный остаток: 89 шт. В пути: 0 шт. Страховой запас: 0 шт. MOQ: 5 шт. В истории обнаружена аномальная продажа.
Systeme,300200864_,"G081 Роз. 2-ная комп. RJ45+RJ45 6A механизм ""ARTGALLERY"" карбон GAL1088 (1)",0.03768866819919812,44.0,0.0,44.0,0.01884433409959906,1.0,0.0,0,0.0,43.962311331800805,1167.4596663231566,LOW,LOW,STABLE,1.9787234042553192,False,False,False,Прогноз спроса: 0 шт. Свободный остаток: 44 шт. В пути: 0 шт. Страховой запас: 0 шт. MOQ: 1 шт.
Systeme,300200865_,"G082 Роз. с з/к с/ш 16А механизм ""ARTGALLERY"" карбон GAL1045 (5)",0.0,48.0,0.0,48.0,0.0,5.0,0.0,0,0.0,48.0,inf,LOW,LOW,STABLE,0.9090909090909092,False,True,False,Прогноз спроса: 0 шт. Свободный остаток: 48 шт. В пути: 0 шт. Страховой запас: 0 шт. MOQ: 5 шт. В истории обнаружена аномальная продажа.
Systeme,300200420_,"G385 Выкл 1 кл с инд 10А с/у б/рамки ""ATLAS"" жемчуг ATN413 (10)",0.20042261584973353,16.0,0.0,16.0,0.10021130792486677,10.0,0.0,0,0.0,15.799577384150266,79.83131011520162,LOW,LOW,STABLE,0.6981981981981982,False,False,False,Прогноз спроса: 0 шт. Свободный остаток: 16 шт. В пути: 0 шт. Страховой запас: 0 шт. MOQ: 10 шт.
Systeme,300200347_,"S421 Роз  2-ная  с/у с з/к с штор. 16А 250В ""BLANCA"" белый BLNRS001121 (36)",2.349651245254594,67.0,0.0,67.0,0.379390959301879,6.0,0.0,0,0.0,64.65034875474541,28.5148700835133,LOW,LOW,STABLE,0.25,False,True,False,Прогноз спроса: 2 шт. Свободный остаток: 67 шт. В пути: 0 шт. Страховой запас: 0 шт. MOQ: 6 шт. В истории обнаружена аномальная продажа.
Systeme,300200896_,"G113 Роз. с з/к с/ш 16А механизм ""ARTGALLERY"" сталь GAL0945 (5)",0.00014136446627873285,28.0,0.0,28.0,0.0,5.0,0.0,0,0.0,27.99985863553372,198069.5767265269,LOW,LOW,STABLE,0.25,False,False,False,Прогноз спроса: 0 шт. Свободный остаток: 28 шт. В пути: 0 шт. Страховой запас: 0 шт. MOQ: 5 шт.
Systeme,300200346_,"S419 Роз  с/у с з/к с штор. 16А 250В ""BLANCA"" белый BLNRS001111 (60)",0.09212978201759597,36.0,0.0,36.0,0.04606489100879799,10.0,0.0,0,0.0,35.907870217982406,390.7531225149791,LOW,LOW,STABLE,0.25,False,False,False,Прогноз спроса: 0 шт. Свободный остаток: 36 шт. В пути: 0 шт. Страховой запас: 0 шт. MOQ: 10 шт.
Systeme,030200134_," S190  с/у. з/ш. з/к.16А, IP44 ""Wessen 59"" РС 16-152Б-18 (10/60) !!!",13.30325579203976,898.0,0.0,898.0,3.767583774781922,10.0,0.0,0,0.0,884.6967442079603,67.50227267954467,LOW,LOW,GROWING,1.7086614173228347,False,False,False,Прогноз спроса: 13 шт. Свободный остаток: 898 шт. В пути: 0 шт. Страховой запас: 4 шт. MOQ: 10 шт. Наблюдается рост спроса.
Systeme,300200897_,"G114 Роз. TV оконечная механизм ""ARTGALLERY"" сталь GAL0991 (5)",0.0,62.0,0.0,62.0,0.0,5.0,0.0,0,0.0,62.0,inf,LOW,LOW,STABLE,0.25,False,False,False,Прогноз спроса: 0 шт. Свободный остаток: 62 шт. В пути: 0 шт. Страховой запас: 0 шт. MOQ: 5 шт.
Systeme,300200895_,"G112 Роз. 2-ная комп. RJ45+RJ45 6А механизм ""ARTGALLERY"" сталь GAL0988 (1)",4.949902416383857e-05,13.0,0.0,13.0,0.0,1.0,0.0,0,0.0,12.999950500975837,262631.4401061896,LOW,LOW,STABLE,0.25,False,False,False,Прогноз спроса: 0 шт. Свободный остаток: 13 шт. В пути: 0 шт. Страховой запас: 0 шт. MOQ: 1 шт.
Systeme,030200128_," S174  (1кл, инд с/у 16А, IP44) Переключатель ""Wessen 59"" ВС 616-157Б-18 (60) !!!",0.0,0.0,0.0,0.0,0.0,1.0,0.0,0,0.0,0.0,inf,LOW,LOW,STABLE,0.25,True,False,False,Прогноз спроса: 0 шт. Свободный остаток: 0 шт. В пути: 0 шт. Страховой запас: 0 шт. MOQ: 1 шт. Есть сигнал предыдущего stockout.
Systeme,300200350_,"S434 Роз с/у компьютерная RJ45 кат.5Е ""BLANCA"" белый BLNIS045001 (60)",0.1242400559129976,28.0,0.0,28.0,0.0621200279564988,10.0,0.0,0,0.0,27.875759944087,225.3701497012183,LOW,LOW,STABLE,0.3009708737864077,False,False,False,Прогноз спроса: 0 шт. Свободный остаток: 28 шт. В пути: 0 шт. Страховой запас: 0 шт. MOQ: 10 шт.
Systeme,300200893_,"G110 Переключ. 1 кл механизм ""ARTGALLERY"" сталь GAL0961 (5)",0.05702430311729487,24.0,0.0,24.0,0.028512151558647433,5.0,0.0,0,0.0,23.942975696882705,420.87318367808433,LOW,LOW,DECLINING,0.775,False,False,False,Прогноз спроса: 0 шт. Свободный остаток: 24 шт. В пути: 0 шт. Страховой запас: 0 шт. MOQ: 5 шт. Наблюдается снижение спроса.
Systeme,030200127_," S183  Переключатель 1кл, с инд.,с/у 16А ""Wessen 59"" ВС 616-157-18 (60) !!!",0.0,0.0,0.0,0.0,0.0,1.0,0.0,0,0.0,0.0,inf,LOW,LOW,STABLE,0.25,True,False,False,Прогноз спроса: 0 шт. Свободный остаток: 0 шт. В пути: 0 шт. Страховой запас: 0 шт. MOQ: 1 шт. Есть сигнал предыдущего stockout.
Systeme,300200343_,"K067 Роз. с з/к 16А с/у б/рамки ""ATLAS"" КАРБОН ATN1043 (5)",1377.0447426720307,3875.0,0.0,3875.0,80.34018556529367,10.0,0.0,0,0.0,2497.9552573279693,2.81399716357866,LOW,LOW,STABLE,1.4500580947531951,False,False,False,Прогноз спроса: 1377 шт. Свободный остаток: 3875 шт. В пути: 0 шт. Страховой запас: 80 шт. MOQ: 10 шт.
Systeme,300200348_,"S433 Роз  2-ная  с/у с з/к с крыш. IP44 16А 250B ""BLANCA"" белый BLNRS441121 (30)",1.0731577839471724,47.0,0.0,47.0,0.526940856896357,5.0,0.0,0,0.0,45.926842216052826,43.79598294216318,LOW,LOW,STABLE,1.2729468599033815,False,False,False,Прогноз спроса: 1 шт. Свободный остаток: 47 шт. В пути: 0 шт. Страховой запас: 1 шт. MOQ: 5 шт.
Systeme,300200894_,"G111 Перекрест. переключ. 1 кл ""ARTGALLERY"" сталь GAL0971 (5)",0.0,13.0,0.0,13.0,0.0,5.0,0.0,0,0.0,13.0,inf,LOW,LOW,STABLE,0.25,False,False,False,Прогноз спроса: 0 шт. Свободный остаток: 13 шт. В пути: 0 шт. Страховой запас: 0 шт. MOQ: 5 шт.
Systeme,300200901_,"G118 Рамка 4-ная ""ARTGALLERY"" сталь GAL0904 (5)",0.19667865331498596,27.0,0.0,27.0,0.09833932665749298,5.0,0.0,0,0.0,26.803321346685014,137.27976852047487,LOW,LOW,DECLINING,2.719298245614035,False,False,False,Прогноз спроса: 0 шт. Свободный остаток: 27 шт. В пути: 0 шт. Страховой запас: 0 шт. MOQ: 5 шт. Наблюдается снижение спроса.
Systeme,300200331_,"S3833 Выкл 1 кл 10А с/у б/рамки ""ATLAS"" белый (20) ATN111",1142.75066280689,3087.0,0.0,3087.0,134.12713620541695,20.0,0.0,0,0.0,1944.24933719311,2.7013766873847467,LOW,LOW,GROWING,1.52847939575697,False,False,False,Прогноз спроса: 1143 шт. Свободный остаток: 3087 шт. В пути: 0 шт. Страховой запас: 134 шт. MOQ: 20 шт. Наблюдается рост спроса.
Systeme,030200141_," S184  Диммер (с/у 600Вт) ""Wessen 59"" ВПП-5С2-18(2/16) !!!",0.0,0.0,0.0,0.0,0.0,1.0,0.0,0,0.0,0.0,inf,LOW,LOW,STABLE,0.25,True,False,False,Прогноз спроса: 0 шт. Свободный остаток: 0 шт. В пути: 0 шт. Страховой запас: 0 шт. MOQ: 1 шт. Есть сигнал предыдущего stockout.
Systeme,300200902_,"G119 Рамка 5-ная ""ARTGALLERY"" сталь GAL0905 (5)",5.0291430742608354e-05,61.0,0.0,61.0,0.0,5.0,0.0,0,0.0,60.999949708569254,1212930.2964594134,LOW,LOW,STABLE,0.25,False,False,False,Прогноз спроса: 0 шт. Свободный остаток: 61 шт. В пути: 0 шт. Страховой запас: 0 шт. MOQ: 5 шт.
Systeme,300200330_,"S432 Звонок проводной  о/у ""BLANCA"" белый BLNZA000011 (48)",1.2391682404419846,9.0,0.0,9.0,0.42387104957364813,8.0,0.0,0,0.0,7.760831759558015,7.2629363037822,LOW,LOW,DECLINING,1.2916666666666663,False,False,False,Прогноз спроса: 1 шт. Свободный остаток: 9 шт. В пути: 0 шт. Страховой запас: 0 шт. MOQ: 8 шт. Наблюдается снижение спроса.
Systeme,300200903_,"G120 Переключ. 2 кл механизм ""ARTGALLERY"" сталь GAL0965 (5)",0.15729885919909603,43.0,0.0,43.0,0.07864942959954802,5.0,0.0,0,0.0,42.842701140800905,273.36498318512355,LOW,LOW,STABLE,0.25,False,False,False,Прогноз спроса: 0 шт. Свободный остаток: 43 шт. В пути: 0 шт. Страховой запас: 0 шт. MOQ: 5 шт.
Systeme,300200898_,"G115 Рамка 1-ная ""ARTGALLERY"" сталь GAL0901 (10)",18.009149196165854,88.0,0.0,88.0,7.659857483443582,10.0,0.0,0,0.0,69.99085080383415,4.886405184467859,LOW,LOW,GROWING,0.7458158995815899,False,False,False,Прогноз спроса: 18 шт. Свободный остаток: 88 шт. В пути: 0 шт. Страховой запас: 8 шт. MOQ: 10 шт. Наблюдается рост спроса.
Systeme,300200333_,"S3866 Выкл 2 кл 10А механизм ""ATLAS"" белый ATN151 (20)",426.45570433129063,1054.0,0.0,1054.0,49.25007021991663,20.0,0.0,0,0.0,627.5442956687093,2.47153453288364,LOW,LOW,GROWING,1.8105686032138444,False,False,False,Прогноз спроса: 426 шт. Свободный остаток: 1054 шт. В пути: 0 шт. Страховой запас: 49 шт. MOQ: 20 шт. Наблюдается рост спроса.
Systeme,030200136_," S189  с/у. з/ш, з,к, 2-я 16А  ""Wessen 59"" РС 16-255-18 (6/36) !!!",1.0745232987193427,55.0,0.0,55.0,0.5372616493596714,6.0,0.0,0,0.0,53.92547670128066,51.18548854692222,LOW,LOW,DECLINING,0.2583333333333333,False,False,False,Прогноз спроса: 1 шт. Свободный остаток: 55 шт. В пути: 0 шт. Страховой запас: 1 шт. MOQ: 6 шт. Наблюдается снижение спроса.
Systeme,300200900_,"G117 Рамка 3-ная ""ARTGALLERY"" сталь GAL0903 (5)",2.2209674621903557,30.0,0.0,30.0,0.5607286925659022,5.0,0.0,0,0.0,27.779032537809645,13.507626973703385,LOW,LOW,DECLINING,0.25,False,False,False,Прогноз спроса: 2 шт. Свободный остаток: 30 шт. В пути: 0 шт. Страховой запас: 1 шт. MOQ: 5 шт. Наблюдается снижение спроса.
Systeme,300200332_,"S3988 Роз. без з/к без шторок 16А механизм ""ATLAS"" белый ATN141 (20)",465.8532731089136,1257.0,0.0,1257.0,57.10161775291578,20.0,0.0,0,0.0,791.1467268910865,2.698274483747421,LOW,LOW,GROWING,1.4255431702248251,False,False,False,Прогноз спроса: 466 шт. Свободный остаток: 1257 шт. В пути: 0 шт. Страховой запас: 57 шт. MOQ: 20 шт. Наблюдается рост спроса.
Systeme,300200899_,"G116 Рамка 2-ная ""ARTGALLERY"" сталь GAL0902 (5)",6.778995740271734,47.0,0.0,47.0,2.9835660989270316,5.0,0.0,0,0.0,40.22100425972827,6.933180341269254,LOW,LOW,STABLE,0.3389662027833002,False,False,False,Прогноз спроса: 7 шт. Свободный остаток: 47 шт. В пути: 0 шт. Страховой запас: 3 шт. MOQ: 5 шт.
Systeme,300200368_,"G390 Комп. роз. RJ45 5Е механизм б/рамки ""ATLAS"" жемчуг ATN483 (10)",2.408414818144042,32.0,0.0,32.0,0.8459339020671985,5.0,0.0,0,0.0,29.591585181855958,13.286747681057554,LOW,LOW,DECLINING,2.049226441631505,False,False,False,Прогноз спроса: 2 шт. Свободный остаток: 32 шт. В пути: 0 шт. Страховой запас: 1 шт. MOQ: 5 шт. Наблюдается снижение спроса.
Systeme,030200093_," S187 с/у. з/ш. з/к.16А ""Wessen 59"" РС 16-152-18 (10/60) !!!",0.0,3.0,0.0,3.0,0.0,20.0,0.0,0,0.0,3.0,inf,LOW,LOW,STABLE,0.25,False,False,False,Прогноз спроса: 0 шт. Свободный остаток: 3 шт. В пути: 0 шт. Страховой запас: 0 шт. MOQ: 20 шт.
Systeme,300200883_,"G100 Рамка 2-ная ""ARTGALLERY"" золото GAL1602 (5)",0.36131062230945526,82.0,0.0,82.0,0.0,5.0,0.0,0,0.0,81.63868937769054,226.95153404531973,LOW,LOW,STABLE,4.0,False,False,False,Прогноз спроса: 0 шт. Свободный остаток: 82 шт. В пути: 0 шт. Страховой запас: 0 шт. MOQ: 5 шт.
Systeme,300200884_,"G101 Рамка 3-ная ""ARTGALLERY"" золото GAL1603 (5)",0.06885567621507811,32.0,0.0,32.0,0.034427838107539056,5.0,0.0,0,0.0,31.93114432378492,464.7401893206968,LOW,LOW,STABLE,4.0,False,False,False,Прогноз спроса: 0 шт. Свободный остаток: 32 шт. В пути: 0 шт. Страховой запас: 0 шт. MOQ: 5 шт.
Systeme,030200094_," S191 роз тел. с\у 1А ""Wessen 59"" РСИ 152 Т-18 (60) !!!",0.0,0.0,0.0,0.0,0.0,1.0,0.0,0,0.0,0.0,inf,LOW,LOW,STABLE,0.25,True,False,False,Прогноз спроса: 0 шт. Свободный остаток: 0 шт. В пути: 0 шт. Страховой запас: 0 шт. MOQ: 1 шт. Есть сигнал предыдущего stockout.
Systeme,300200885_,"G102 Рамка 4-ная ""ARTGALLERY"" золото GAL1604 (5)",0.31129471702620237,40.0,0.0,40.0,0.14288690166235204,5.0,0.0,0,0.0,39.6887052829738,128.4955953705861,LOW,LOW,STABLE,4.0,False,False,False,Прогноз спроса: 0 шт. Свободный остаток: 40 шт. В пути: 0 шт. Страховой запас: 0 шт. MOQ: 5 шт.
Systeme,300200880_,"G097 Роз. 2-ная TV комп. RJ45 5Е ""ARTGALLERY"" карбон GAL1089 (5)",5.623778603644497e-05,72.0,0.0,72.0,0.0,5.0,0.0,0,0.0,71.99994376221396,1280277.9958894595,LOW,LOW,STABLE,0.25,False,False,False,Прогноз спроса: 0 шт. Свободный остаток: 72 шт. В пути: 0 шт. Страховой запас: 0 шт. MOQ: 5 шт.
Systeme,300200371_,"G384 Выкл 1 кл 10А с/у ""ATLAS"" жемчуг ATN412 (10)",8.297849362058729,94.0,0.0,94.0,1.4585666480029846,10.0,0.0,0,0.0,85.70215063794127,11.328236498219368,LOW,LOW,GROWING,1.2975432211101,False,True,False,Прогноз спроса: 8 шт. Свободный остаток: 94 шт. В пути: 0 шт. Страховой запас: 1 шт. MOQ: 10 шт. В истории обнаружена аномальная продажа. Наблюдается рост спроса.
Systeme,300200881_,"G098 Роз. USB A+C 45Вт высокоскор.заряд., механизм ""ARTGALLERY"" карбон GAL1029 (1)",0.028562935235515206,3.0,0.0,3.0,0.014281467617757603,1.0,0.0,0,0.0,2.9714370647644848,105.03122229083075,LOW,LOW,STABLE,1.5,False,False,False,Прогноз спроса: 0 шт. Свободный остаток: 3 шт. В пути: 0 шт. Страховой запас: 0 шт. MOQ: 1 шт.
Systeme,030200090_," S192 роз информ. с\у 1А  ""Wessen 59"" РСИ 152 К5Е-18 (60) !!!",0.0,0.0,0.0,0.0,0.0,1.0,0.0,0,0.0,0.0,inf,LOW,LOW,STABLE,0.25,True,False,False,Прогноз спроса: 0 шт. Свободный остаток: 0 шт. В пути: 0 шт. Страховой запас: 0 шт. MOQ: 1 шт. Есть сигнал предыдущего stockout.
Systeme,300200370_,"G401 ТV роз. оконечная с/у б/рамки ""ATLAS"" жемчуг ATN491  (10)",0.17551667404890528,44.0,0.0,44.0,0.0,10.0,0.0,0,0.0,43.82448332595109,250.68843309861268,LOW,LOW,STABLE,2.8181818181818183,False,False,False,Прогноз спроса: 0 шт. Свободный остаток: 44 шт. В пути: 0 шт. Страховой запас: 0 шт. MOQ: 10 шт.
Systeme,300200882_,"G099 Рамка 1-ная ""ARTGALLERY"" золото GAL1601 (5)",0.0,40.0,0.0,40.0,0.0,10.0,0.0,0,0.0,40.0,inf,LOW,LOW,STABLE,0.25,False,False,False,Прогноз спроса: 0 шт. Свободный остаток: 40 шт. В пути: 0 шт. Страховой запас: 0 шт. MOQ: 10 шт.
Systeme,300200892_,"G109 Роз. комп. RJ45 6A механизм ""ARTGALLERY"" сталь GAL0986 (5)",0.2371600838145092,21.0,0.0,21.0,0.1185800419072546,5.0,0.0,0,0.0,20.76283991618549,88.54778452694762,LOW,LOW,STABLE,1.7222222222222223,False,False,False,Прогноз спроса: 0 шт. Свободный остаток: 21 шт. В пути: 0 шт. Страховой запас: 0 шт. MOQ: 5 шт.
Systeme,030200096_," S185 роз-ТВ. с\у  ""Wessen 59"" РТС 151-18 (60) !!!",0.0,0.0,0.0,0.0,0.0,1.0,0.0,0,0.0,0.0,inf,LOW,LOW,STABLE,0.25,True,False,False,Прогноз спроса: 0 шт. Свободный остаток: 0 шт. В пути: 0 шт. Страховой запас: 0 шт. MOQ: 1 шт. Есть сигнал предыдущего stockout.
Systeme,300200889_,"G106 Выкл. 1 кл с инд механизм ""ARTGALLERY"" сталь GAL0913 (5)",0.0,40.0,0.0,40.0,0.0,5.0,0.0,0,0.0,40.0,inf,LOW,LOW,STABLE,0.25,False,False,False,Прогноз спроса: 0 шт. Свободный остаток: 40 шт. В пути: 0 шт. Страховой запас: 0 шт. MOQ: 5 шт.
Systeme,300200363_,"G388 Выкл 3 кл 10А с/у б/рамки ""ATLAS"" жемчуг ATN431 (10)",0.5754496160868346,35.0,0.0,35.0,0.2877248080434173,10.0,0.0,0,0.0,34.424550383913164,60.822005995948984,LOW,LOW,DECLINING,1.8744186046511628,False,False,False,Прогноз спроса: 1 шт. Свободный остаток: 35 шт. В пути: 0 шт. Страховой запас: 0 шт. MOQ: 10 шт. Наблюдается снижение спроса.
Systeme,300200890_,"G107 Выкл. 2 кл 10А механизм ""ARTGALLERY"" сталь GAL0951 (5)",2.0302076901963075,22.0,0.0,22.0,1.0151038450981538,5.0,0.0,0,0.0,19.969792309803694,10.83632975396362,LOW,LOW,DECLINING,0.25,False,False,False,Прогноз спроса: 2 шт. Свободный остаток: 22 шт. В пути: 0 шт. Страховой запас: 1 шт. MOQ: 5 шт. Наблюдается снижение спроса.
Systeme,300200352_,"S435 Роз TV коннектор ""BLANCA"" белый BLNTS000011  (60)",0.0,36.0,0.0,36.0,0.0,10.0,0.0,0,0.0,36.0,inf,LOW,LOW,STABLE,0.25,False,False,False,Прогноз спроса: 0 шт. Свободный остаток: 36 шт. В пути: 0 шт. Страховой запас: 0 шт. MOQ: 10 шт.
Systeme,300200888_,"G105 Выкл. 1 кл 10А ""ARTGALLERY"" сталь GAL0911 (5)",4.224303686865247,36.0,0.0,36.0,2.1121518434326236,5.0,0.0,0,0.0,31.775696313134752,8.522114570487881,LOW,LOW,DECLINING,0.25,False,False,False,Прогноз спроса: 4 шт. Свободный остаток: 36 шт. В пути: 0 шт. Страховой запас: 2 шт. MOQ: 5 шт. Наблюдается снижение спроса.
Systeme,300200366_,Выкл 2 кл 10А механизм жемчуг ATN000451,2.0653218962340207,99.0,0.0,99.0,0.1464155046434632,10.0,0.0,0,0.0,96.93467810376598,47.934416509368354,LOW,LOW,STABLE,1.254637436762226,False,True,False,Прогноз спроса: 2 шт. Свободный остаток: 99 шт. В пути: 0 шт. Страховой запас: 0 шт. MOQ: 10 шт. В истории обнаружена аномальная продажа.
Systeme,300200886_,"G103 Рамка 5-ная ""ARTGALLERY"" золото GAL1605 (5)",4.592447846133399e-05,46.0,0.0,46.0,0.0,5.0,0.0,0,0.0,45.999954075521536,1001644.4724294386,LOW,LOW,STABLE,4.0,False,False,False,Прогноз спроса: 0 шт. Свободный остаток: 46 шт. В пути: 0 шт. Страховой запас: 0 шт. MOQ: 5 шт.
Systeme,300200365_,"G398 Роз. с з/к 16А с/у б/рамки ""ATLAS"" жемчуг ATN443 (10)",121.99729816384323,318.0,0.0,318.0,14.057522452409659,10.0,0.0,0,0.0,196.00270183615677,2.606615103663392,LOW,LOW,STABLE,0.9253274030145788,False,False,False,Прогноз спроса: 122 шт. Свободный остаток: 318 шт. В пути: 0 шт. Страховой запас: 14 шт. MOQ: 10 шт.
Systeme,030200095_," S194 2-я роз тел/комп с\у 1А  ""Wessen 59"" РСИ 251 ТК5Е-18 (60) !!!",0.0,0.0,0.0,0.0,0.0,1.0,0.0,0,0.0,0.0,inf,LOW,LOW,STABLE,4.0,True,False,False,Прогноз спроса: 0 шт. Свободный остаток: 0 шт. В пути: 0 шт. Страховой запас: 0 шт. MOQ: 1 шт. Есть сигнал предыдущего stockout.
Systeme,300200887_,"G104 Роз. с з/к 16А механизм ""ARTGALLERY"" сталь GAL0943 (5)",35.29690516676324,158.0,0.0,158.0,8.657814389324827,5.0,0.0,0,0.0,122.70309483323676,4.476313128686935,LOW,LOW,STABLE,0.283289817232376,False,False,False,Прогноз спроса: 35 шт. Свободный остаток: 158 шт. В пути: 0 шт. Страховой запас: 9 шт. MOQ: 5 шт.
Systeme,300200364_,"G3988 Роз. без з/к без с/ш 16А б/рамки ""ATLAS"" жемчуг ATN441 (10) NEW",0.11855851990025122,75.0,0.0,75.0,0.05927925995012561,10.0,0.0,0,0.0,74.88144148009975,632.598990465645,LOW,LOW,STABLE,2.302205882352941,False,False,False,Прогноз спроса: 0 шт. Свободный остаток: 75 шт. В пути: 0 шт. Страховой запас: 0 шт. MOQ: 10 шт.
Systeme,300200459_,"K068 Выкл 1 кл 10А с/у ""ATLAS"" КАРБОН ATN1012 (5)",58.0738183777868,184.0,0.0,184.0,7.469856089644591,5.0,0.0,0,0.0,125.92618162221319,3.1683812971109866,LOW,LOW,STABLE,1.5583071520975789,False,False,False,Прогноз спроса: 58 шт. Свободный остаток: 184 шт. В пути: 0 шт. Страховой запас: 7 шт. MOQ: 5 шт.
Systeme,300200827_,"G044 Выкл. 1 кл кнопочный 10А механизм ""ARTGALLERY"" шампань GAL0515 (5)",3.0508685997235152e-06,48.0,0.0,48.0,0.0,5.0,0.0,0,0.0,47.9999969491314,15733224.303514743,LOW,LOW,STABLE,0.25,False,False,False,Прогноз спроса: 0 шт. Свободный остаток: 48 шт. В пути: 0 шт. Страховой запас: 0 шт. MOQ: 5 шт.
Systeme,020100159_,"K069 Выкл 1 кл с инд 10А с/у б/рамки ""ATLAS"" КАРБОН - ATN1013",4.561072351720798,68.0,0.0,68.0,1.46415504643463,5.0,0.0,0,0.0,63.438927648279204,14.90877468197693,LOW,LOW,STABLE,1.0229147571035746,False,False,False,Прогноз спроса: 5 шт. Свободный остаток: 68 шт. В пути: 0 шт. Страховой запас: 1 шт. MOQ: 5 шт.
Systeme,300200828_,"G045 Вывод кабеля механизм ""ARTGALLERY"" шампань GAL0599 (5)",0.0,28.0,0.0,28.0,0.0,5.0,0.0,0,0.0,28.0,inf,LOW,LOW,DECLINING,0.25,False,False,False,Прогноз спроса: 0 шт. Свободный остаток: 28 шт. В пути: 0 шт. Страховой запас: 0 шт. MOQ: 5 шт. Наблюдается снижение спроса.
Systeme,300200452_,"А396 Роз. 2-ная с/у 16А с з/к з/ш со сдвиж.крыш.""ATLAS"" алюминий ATN328 (6)",0.03129991197534801,8.0,0.0,8.0,0.015649955987674005,6.0,0.0,0,0.0,7.968700088024652,255.5917731110824,LOW,LOW,STABLE,0.25,False,False,False,Прогноз спроса: 0 шт. Свободный остаток: 8 шт. В пути: 0 шт. Страховой запас: 0 шт. MOQ: 6 шт.
Systeme,300200826_,"G043 Переключ. 2 кл механизм ""ARTGALLERY"" шампань GAL0565 (10)",3.5971115749983946,35.0,0.0,35.0,1.7985557874991973,10.0,0.0,0,0.0,31.402888425001606,9.730029016410374,LOW,LOW,GROWING,0.9064327485380118,False,False,False,Прогноз спроса: 4 шт. Свободный остаток: 35 шт. В пути: 0 шт. Страховой запас: 2 шт. MOQ: 10 шт. Наблюдается рост спроса.
Systeme,020100158_,"K0688 Выкл 1 кл 10А механизм ""ATLAS"" КАРБОН ATN1011 (5)",216.8112008107081,489.0,0.0,489.0,18.90216037035616,10.0,0.0,0,0.0,272.1887991892919,2.255418530830114,LOW,LOW,DECLINING,1.432537175112684,False,False,False,Прогноз спроса: 217 шт. Свободный остаток: 489 шт. В пути: 0 шт. Страховой запас: 19 шт. MOQ: 10 шт. Наблюдается снижение спроса.
Systeme,300200462_,"K075 Переключ. 1 кл 10А с/у б/рамки ""ATLAS"" КАРБОН ATN1061 (5)",37.93377769883663,111.0,0.0,111.0,4.848058030455854,10.0,0.0,0,0.0,73.06622230116338,2.926152013681574,LOW,LOW,DECLINING,1.8080947983995077,False,False,False,Прогноз спроса: 38 шт. Свободный остаток: 111 шт. В пути: 0 шт. Страховой запас: 5 шт. MOQ: 10 шт. Наблюдается снижение спроса.
Systeme,300200824_,"G041 Рамка 4-ная ""ARTGALLERY"" шампань GAL0504 (5)",4.110139997553654,21.0,0.0,21.0,1.9881314510531405,5.0,0.0,0,0.0,16.889860002446348,5.109315014208556,LOW,LOW,STABLE,0.9601769911504424,False,False,False,Прогноз спроса: 4 шт. Свободный остаток: 21 шт. В пути: 0 шт. Страховой запас: 2 шт. MOQ: 5 шт.
Systeme,010400448_,City 9 ЩРН-П 36 Прозрач./дв. Systeme Electric,13.030733424687542,37.0,0.0,37.0,1.58726704327491,1.0,0.0,0,0.0,23.96926657531246,2.839441096224191,LOW,LOW,GROWING,1.5594512195121952,False,False,False,Прогноз спроса: 13 шт. Свободный остаток: 37 шт. В пути: 0 шт. Страховой запас: 2 шт. MOQ: 1 шт. Наблюдается рост спроса.
Systeme,300200461_,"K072 Выкл 3 кл 10А с/у б/рамки ""ATLAS"" КАРБОН  ATN1031",14.018630525171478,26.0,0.0,26.0,3.325307003370765,5.0,0.0,0,0.0,11.981369474828522,1.8546747453907924,LOW,LOW,GROWING,1.0378177309361438,False,False,False,Прогноз спроса: 14 шт. Свободный остаток: 26 шт. В пути: 0 шт. Страховой запас: 3 шт. MOQ: 5 шт. Наблюдается рост спроса.
Systeme,300200825_,"G042 Рамка 5-ная ""ARTGALLERY"" шампань GAL0505 (5)",0.48509053556263004,69.0,0.0,69.0,0.24254526778131502,5.0,0.0,0,0.0,68.51490946443737,142.24148883871888,LOW,LOW,DECLINING,0.6595744680851063,False,False,False,Прогноз спроса: 0 шт. Свободный остаток: 69 шт. В пути: 0 шт. Страховой запас: 0 шт. MOQ: 5 шт. Наблюдается снижение спроса.
Systeme,300200460_,"K070 Выкл 2 кл 10А с/у ""ATLAS"" КАРБОН ATN1052 (5)",33.53148477786466,84.0,0.0,84.0,5.728321452805052,5.0,0.0,0,0.0,50.46851522213534,2.50510827529628,LOW,LOW,GROWING,1.199957228400342,False,False,False,Прогноз спроса: 34 шт. Свободный остаток: 84 шт. В пути: 0 шт. Страховой запас: 6 шт. MOQ: 5 шт. Наблюдается рост спроса.
Systeme,300200449_,"А388 Выкл 3 кл 10А с/у б/рамки ""ATLAS"" алюминий ATN331 (10)",0.45513617941362483,53.0,0.0,53.0,0.22756808970681242,10.0,0.0,0,0.0,52.54486382058637,116.44866393236988,LOW,LOW,STABLE,1.2055555555555555,False,False,False,Прогноз спроса: 0 шт. Свободный остаток: 53 шт. В пути: 0 шт. Страховой запас: 0 шт. MOQ: 10 шт.
Systeme,300200832_,"G049 Роз. с з/к с/ш с крышкой 16А механизм IP20 ""ARTGALLERY"" шампань GAL0546 (10)",0.6042702712729231,79.0,0.0,79.0,0.30213513563646155,10.0,0.0,0,0.0,78.39572972872708,130.73620159003167,LOW,LOW,DECLINING,0.9281437125748504,False,False,False,Прогноз спроса: 1 шт. Свободный остаток: 79 шт. В пути: 0 шт. Страховой запас: 0 шт. MOQ: 10 шт. Наблюдается снижение спроса.
Systeme,020100162_,"K077 Перекрест.переключ. 1 кл 10А с/у б/рамки ""ATLAS"", КАРБОН -  ATN1071 (2)",11.706772091333216,34.0,0.0,34.0,3.6063023537505274,5.0,0.0,0,0.0,22.293227908666786,2.9043018634633673,LOW,LOW,DECLINING,1.576271186440678,False,False,False,Прогноз спроса: 12 шт. Свободный остаток: 34 шт. В пути: 0 шт. Страховой запас: 4 шт. MOQ: 5 шт. Наблюдается снижение спроса.
Systeme,300200833_,"G050 Выкл. 1 кл 10А ""ARTGALLERY"" лотос GAL1311 (5)",12.68231589788443,686.0,0.0,686.0,4.085666000380678,5.0,0.0,0,0.0,673.3176841021155,54.09106708297917,LOW,LOW,DECLINING,0.25,False,False,False,Прогноз спроса: 13 шт. Свободный остаток: 686 шт. В пути: 0 шт. Страховой запас: 4 шт. MOQ: 5 шт. Наблюдается снижение спроса.
Systeme,300200448_,"А393 Перекрест. переключ. 1 кл 10А с/у б/рамки ""ATLAS"" алюминий ATN371 (5)",0.3127026545759169,85.0,0.0,85.0,0.15635132728795845,5.0,0.0,0,0.0,84.68729734542408,271.8237237713119,LOW,LOW,STABLE,0.25,False,False,False,Прогноз спроса: 0 шт. Свободный остаток: 85 шт. В пути: 0 шт. Страховой запас: 0 шт. MOQ: 5 шт.
Systeme,300200834_,"G051 Выкл. 1 кл с инд 10А механизм ""ARTGALLERY"" лотос GAL1313 (5)",0.023948574280279158,100.0,0.0,100.0,0.011974287140139579,5.0,0.0,0,0.0,99.97605142571972,4175.61391461815,LOW,LOW,DECLINING,0.25,False,False,False,Прогноз спроса: 0 шт. Свободный остаток: 100 шт. В пути: 0 шт. Страховой запас: 0 шт. MOQ: 5 шт. Наблюдается снижение спроса.
Systeme,300200829_,"G046 Роз. 2-ная TV комп. RJ45 5Е ""ARTGALLERY"" шампань GAL0589 (5)",0.01052234889623015,178.0,0.0,178.0,0.0,5.0,0.0,0,0.0,177.98947765110378,16916.37501810762,LOW,LOW,STABLE,0.25,False,False,False,Прогноз спроса: 0 шт. Свободный остаток: 178 шт. В пути: 0 шт. Страховой запас: 0 шт. MOQ: 5 шт.
Systeme,300200451_,"А392 Переключ. 1 кл с инд 10А с/у б/рамки  ""ATLAS"" алюминий ATN363  (10)",0.0,7.0,0.0,7.0,0.0,10.0,0.0,0,0.0,7.0,inf,LOW,LOW,STABLE,0.25,False,False,False,Прогноз спроса: 0 шт. Свободный остаток: 7 шт. В пути: 0 шт. Страховой запас: 0 шт. MOQ: 10 шт.
Systeme,020100160_,"K0700 Выкл 2 кл 10А механизм ""ATLAS"" КАРБОН ATN1051 (5)",141.91890472846956,320.0,0.0,320.0,14.133096499588616,10.0,0.0,0,0.0,178.08109527153044,2.2548088333421767,LOW,LOW,STABLE,1.9632297669756955,False,False,False,Прогноз спроса: 142 шт. Свободный остаток: 320 шт. В пути: 0 шт. Страховой запас: 14 шт. MOQ: 10 шт.
Systeme,300200830_,"G047 Роз. USB A+C 45Вт высокоскор.заряд., механизм ""ARTGALLERY"" шампань GAL0529 (1)",0.05974902559350823,2.0,0.0,2.0,0.0,1.0,0.0,0,0.0,1.9402509744064917,33.47334923261579,LOW,LOW,STABLE,2.3846153846153846,False,False,False,Прогноз спроса: 0 шт. Свободный остаток: 2 шт. В пути: 0 шт. Страховой запас: 0 шт. MOQ: 1 шт.
Systeme,300200450_,"А402 Телефонная роз. RJ11 механизм б/рамки ""ATLAS"" алюминий ATN381 (10)",0.0,92.0,0.0,92.0,0.0,10.0,0.0,0,0.0,92.0,inf,LOW,LOW,STABLE,0.25,False,False,False,Прогноз спроса: 0 шт. Свободный остаток: 92 шт. В пути: 0 шт. Страховой запас: 0 шт. MOQ: 10 шт.
Systeme,300200831_,"G048 Диммер поворотно-нажимной механизм 400Вт ""ARTGALLERY"" шампань GAL0523 (1)",0.0,4.0,0.0,4.0,0.0,1.0,0.0,0,0.0,4.0,inf,LOW,LOW,STABLE,0.25,False,False,False,Прогноз спроса: 0 шт. Свободный остаток: 4 шт. В пути: 0 шт. Страховой запас: 0 шт. MOQ: 1 шт.
Systeme,020100161_,"K071 Выкл 2 кл с инд 10А с/у б/рамки ""ATLAS"" КАРБОН  - ATN1053",0.6546998485192614,17.0,0.0,17.0,0.19170289512667468,5.0,0.0,0,0.0,16.34530015148074,25.966097347431806,LOW,LOW,STABLE,0.25,False,False,False,Прогноз спроса: 1 шт. Свободный остаток: 17 шт. В пути: 0 шт. Страховой запас: 0 шт. MOQ: 5 шт.
Systeme,300200447_,"А389 Диммер поворотно-нажимной с/у б/рамки 315Вт ""ATLAS"" алюминий ATN334 (1) !!!",0.496830930215376,1.0,0.0,1.0,0.0,1.0,0.0,0,0.0,0.5031690697846241,2.012757135644716,LOW,LOW,STABLE,0.25,False,False,False,Прогноз спроса: 0 шт. Свободный остаток: 1 шт. В пути: 0 шт. Страховой запас: 0 шт. MOQ: 1 шт.
Systeme,300200823_,"G040 Рамка 3-ная ""ARTGALLERY"" шампань GAL0503 (5)",8.954747382015276,44.0,0.0,44.0,4.229066090758092,5.0,0.0,0,0.0,35.04525261798472,4.913594780838781,LOW,LOW,DECLINING,1.1896162528216705,False,False,False,Прогноз спроса: 9 шт. Свободный остаток: 44 шт. В пути: 0 шт. Страховой запас: 4 шт. MOQ: 5 шт. Наблюдается снижение спроса.
Systeme,010400440_,City 9 ЩРВ-П 18 Прозрач./дв. Systeme Electric,15.24035282298497,31.0,0.0,31.0,1.9138312360289178,1.0,0.0,0,0.0,15.75964717701503,2.034073643836308,LOW,LOW,STABLE,2.056784219964136,False,False,False,Прогноз спроса: 15 шт. Свободный остаток: 31 шт. В пути: 0 шт. Страховой запас: 2 шт. MOQ: 1 шт.
Systeme,300200815_,"G032 Выкл. 2 кл с инд 10А механизм ""ARTGALLERY"" шампань GAL0553 (10)",9.468329359314692e-05,102.0,0.0,102.0,0.0,10.0,0.0,0,0.0,101.9999053167064,1077275.5797690444,LOW,LOW,STABLE,0.25,False,False,False,Прогноз спроса: 0 шт. Свободный остаток: 102 шт. В пути: 0 шт. Страховой запас: 0 шт. MOQ: 10 шт.
Systeme,300200468_,"K078 Роз. 2-ная с/у 16А ""ATLAS"" КАРБОН ATN1020 (6)",53.567032344305225,162.0,0.0,162.0,8.034514090264988,6.0,0.0,0,0.0,108.43296765569477,3.0242481785949153,LOW,LOW,DECLINING,1.5726411369917097,False,False,False,Прогноз спроса: 54 шт. Свободный остаток: 162 шт. В пути: 0 шт. Страховой запас: 8 шт. MOQ: 6 шт. Наблюдается снижение спроса.
Systeme,300200816_,"G033 Роз. комп. RJ45, 6A механизм ""ARTGALLERY"" шампань GAL0586 (5)",2.28114897449852,61.0,0.0,61.0,1.14057448724926,5.0,0.0,0,0.0,58.71885102550148,26.7409102526546,LOW,LOW,DECLINING,0.8288770053475936,False,False,False,Прогноз спроса: 2 шт. Свободный остаток: 61 шт. В пути: 0 шт. Страховой запас: 1 шт. MOQ: 5 шт. Наблюдается снижение спроса.
Systeme,010400441_,City 9 ЩРН-П 18 Прозрач./дв. Systeme Electric,12.985211109531315,31.0,0.0,31.0,1.2056809970579654,1.0,0.0,0,0.0,18.014788890468687,2.38733122923551,LOW,LOW,STABLE,1.6382113821138211,False,False,False,Прогноз спроса: 13 шт. Свободный остаток: 31 шт. В пути: 0 шт. Страховой запас: 1 шт. MOQ: 1 шт.
Systeme,300200467_,"K088 Рамка 5-ая ""ATLAS"" КАРБОН ATN1005",18.157022332965532,36.0,0.0,36.0,4.709635513143942,5.0,0.0,0,0.0,17.842977667034468,1.9827039555180317,LOW,LOW,GROWING,1.676660787771899,False,False,False,Прогноз спроса: 18 шт. Свободный остаток: 36 шт. В пути: 0 шт. Страховой запас: 5 шт. MOQ: 5 шт. Наблюдается рост спроса.
Systeme,300200817_,"G034 Переключ. 1 кл механизм ""ARTGALLERY"" шампань GAL0561 (10)",2.479274891821614,67.0,0.0,67.0,1.239637445910807,10.0,0.0,0,0.0,64.52072510817838,27.024030381226765,LOW,LOW,GROWING,0.7158081705150977,False,False,False,Прогноз спроса: 2 шт. Свободный остаток: 67 шт. В пути: 0 шт. Страховой запас: 1 шт. MOQ: 10 шт. Наблюдается рост спроса.
Systeme,300200812_,"G029 Выкл. 1 кл 10А ""ARTGALLERY"" шампань GAL0511 (10)",21.608618963967103,101.0,0.0,101.0,6.703208187129496,10.0,0.0,0,0.0,79.3913810360329,4.674060853607533,LOW,LOW,STABLE,0.25,False,False,False,Прогноз спроса: 22 шт. Свободный остаток: 101 шт. В пути: 0 шт. Страховой запас: 7 шт. MOQ: 10 шт.
Systeme,300200813_,"G030 Выкл. 1 кл с инд 10А механизм ""ARTGALLERY"" шампань GAL0513 (10)",0.010522648213925463,158.0,0.0,158.0,0.0,10.0,0.0,0,0.0,157.98947735178606,15015.231602146116,LOW,LOW,STABLE,0.25,False,False,False,Прогноз спроса: 0 шт. Свободный остаток: 158 шт. В пути: 0 шт. Страховой запас: 0 шт. MOQ: 10 шт.
Systeme,300200471_,"K082 ТV роз. оконечная с/у б/рамки ""ATLAS"" КАРБОН ATN1091",3.147058096679403,113.0,0.0,113.0,1.0616025621671927,5.0,0.0,0,0.0,109.8529419033206,35.90655034911214,LOW,LOW,STABLE,0.992,False,True,False,Прогноз спроса: 3 шт. Свободный остаток: 113 шт. В пути: 0 шт. Страховой запас: 1 шт. MOQ: 5 шт. В истории обнаружена аномальная продажа.
Systeme,300200814_,"G031 Выкл. 2 кл 10А механизм ""ARTGALLERY"" шампань GAL0551 (10)",15.315880047216789,61.0,0.0,61.0,4.110079074665105,10.0,0.0,0,0.0,45.68411995278321,3.9827943162224595,LOW,LOW,STABLE,0.892235609103079,False,False,False,Прогноз спроса: 15 шт. Свободный остаток: 61 шт. В пути: 0 шт. Страховой запас: 4 шт. MOQ: 10 шт.
Systeme,300200470_,"K083 Телефонная роз. RJ11 механизм б/рамки ""ATLAS"" КАРБОН ATN1081",0.11213114030729836,29.0,0.0,29.0,0.0,5.0,0.0,0,0.0,28.887868859692702,258.62574767834104,LOW,LOW,STABLE,0.25,False,False,False,Прогноз спроса: 0 шт. Свободный остаток: 29 шт. В пути: 0 шт. Страховой запас: 0 шт. MOQ: 5 шт.
Systeme,010400437_,City 9 ЩРН-П 12 Прозрач./дв. Systeme Electric,15.023909339280019,53.0,0.0,53.0,0.46520604753868355,1.0,0.0,0,0.0,37.97609066071998,3.527710318474265,LOW,LOW,STABLE,2.1029770619814543,False,True,False,Прогноз спроса: 15 шт. Свободный остаток: 53 шт. В пути: 0 шт. Страховой запас: 0 шт. MOQ: 1 шт. В истории обнаружена аномальная продажа.
Systeme,300200464_,"K085 Рамка 2-ая ""ATLAS"" КАРБОН ATN1002 (5)",344.8345433313709,887.0,0.0,887.0,40.60603403436435,10.0,0.0,0,0.0,542.1654566686291,2.5722481031943247,LOW,LOW,DECLINING,1.4602758352758354,False,False,False,Прогноз спроса: 345 шт. Свободный остаток: 887 шт. В пути: 0 шт. Страховой запас: 41 шт. MOQ: 10 шт. Наблюдается снижение спроса.
Systeme,300200821_,"G038 Рамка 1-ная ""ARTGALLERY"" шампань GAL0501 (20)",40.31109979364336,158.0,0.0,158.0,13.146216185655852,20.0,0.0,0,0.0,117.68890020635664,3.91951598464984,LOW,LOW,STABLE,0.3730258210077713,False,False,False,Прогноз спроса: 40 шт. Свободный остаток: 158 шт. В пути: 0 шт. Страховой запас: 13 шт. MOQ: 20 шт.
Systeme,300200463_,"K084 Рамка 1-ая ""ATLAS"" КАРБОН ATN1001 (10)",584.5467365793636,1397.0,0.0,1397.0,46.61425390013882,20.0,0.0,0,0.0,812.4532634206364,2.3898858937694714,LOW,LOW,GROWING,1.1454039652064885,False,False,False,Прогноз спроса: 585 шт. Свободный остаток: 1397 шт. В пути: 0 шт. Страховой запас: 47 шт. MOQ: 20 шт. Наблюдается рост спроса.
Systeme,300200822_,"G039 Рамка 2-ная ""ARTGALLERY"" шампань GAL0502 (10)",32.08292938966468,83.0,60.0,143.0,11.723171499214702,10.0,0.0,0,0.0,110.91707061033532,4.457198975292655,LOW,LOW,STABLE,1.1003505696757232,False,False,False,Прогноз спроса: 32 шт. Свободный остаток: 83 шт. В пути: 60 шт. Страховой запас: 12 шт. MOQ: 10 шт.
Systeme,010400447_,City 9 ЩРВ-П 36 Прозрач./дв. Systeme Electric,27.498242529209893,74.0,0.0,74.0,1.2651745597611475,1.0,0.0,0,0.0,46.50175747079011,2.6910810725955963,LOW,LOW,STABLE,1.6887159533073928,False,False,False,Прогноз спроса: 27 шт. Свободный остаток: 74 шт. В пути: 0 шт. Страховой запас: 1 шт. MOQ: 1 шт.
Systeme,010400445_,City 9 ЩРН-П 24 Прозрач./дв. Systeme Electric,14.860160442357284,50.0,0.0,50.0,1.56002136737501,1.0,0.0,0,0.0,35.139839557642716,3.3647012220325965,LOW,LOW,STABLE,1.0765155974102414,False,False,False,Прогноз спроса: 15 шт. Свободный остаток: 50 шт. В пути: 0 шт. Страховой запас: 2 шт. MOQ: 1 шт.
Systeme,300200818_,"G035 Перекрест. переключ. 1 кл ""ARTGALLERY"" шампань GAL0571 (5)",0.7709314333069401,77.0,0.0,77.0,0.38546571665347007,5.0,0.0,0,0.0,76.22906856669306,99.87918078486634,LOW,LOW,DECLINING,3.234782608695652,False,False,False,Прогноз спроса: 1 шт. Свободный остаток: 77 шт. В пути: 0 шт. Страховой запас: 0 шт. MOQ: 5 шт. Наблюдается снижение спроса.
Systeme,300200466_,"K087 Рамка 4-ая ""ATLAS"" КАРБОН ATN1004",59.05201024036209,298.0,0.0,298.0,11.231901182198186,5.0,0.0,0,0.0,238.94798975963792,5.046398908132628,LOW,LOW,DECLINING,1.986072423398329,False,True,False,Прогноз спроса: 59 шт. Свободный остаток: 298 шт. В пути: 0 шт. Страховой запас: 11 шт. MOQ: 5 шт. В истории обнаружена аномальная продажа. Наблюдается снижение спроса.
Systeme,010400444_,City 9 ЩРВ-П 24 Прозрач./дв. Systeme Electric,33.821764082491576,54.0,0.0,54.0,5.979436985759371,1.0,0.0,0,0.0,20.178235917508424,1.5966050696910288,LOW,LOW,DECLINING,1.6366064092029582,False,False,False,Прогноз спроса: 34 шт. Свободный остаток: 54 шт. В пути: 0 шт. Страховой запас: 6 шт. MOQ: 1 шт. Наблюдается снижение спроса.
Systeme,300200465_,"K086 Рамка 3-ая ""ATLAS"" КАРБОН ATN1003 (15)",170.8099753064134,457.0,0.0,457.0,10.074691889415748,5.0,0.0,0,0.0,286.19002469358657,2.675487770431409,LOW,LOW,STABLE,1.4253455218195668,False,False,False,Прогноз спроса: 171 шт. Свободный остаток: 457 шт. В пути: 0 шт. Страховой запас: 10 шт. MOQ: 5 шт.
Systeme,300200820_,"G037 Роз. TV оконечная 1DB механизм ""ARTGALLERY"" шампань GAL0591 (5)",0.18139287823432002,43.0,0.0,43.0,0.09069643911716001,5.0,0.0,0,0.0,42.81860712176568,237.05451073141572,LOW,LOW,DECLINING,1.5196078431372548,False,False,False,Прогноз спроса: 0 шт. Свободный остаток: 43 шт. В пути: 0 шт. Страховой запас: 0 шт. MOQ: 5 шт. Наблюдается снижение спроса.
Systeme,300200819_,"G036 Роз. 2-ная комп. RJ45+RJ45 6A механизм ""ARTGALLERY"" шампань GAL0588 (1)",0.0,10.0,0.0,10.0,0.0,1.0,0.0,0,0.0,10.0,inf,LOW,LOW,STABLE,0.25,False,False,False,Прогноз спроса: 0 шт. Свободный остаток: 10 шт. В пути: 0 шт. Страховой запас: 0 шт. MOQ: 1 шт.
Systeme,300200849_,"G066 Рамка 4-ная ""ARTGALLERY"" лотос GAL1304 (5)",0.7864702526394949,104.0,0.0,104.0,0.2857738033246902,5.0,0.0,0,0.0,103.21352974736051,132.2364064641513,LOW,LOW,STABLE,1.1923076923076923,False,False,False,Прогноз спроса: 1 шт. Свободный остаток: 104 шт. В пути: 0 шт. Страховой запас: 0 шт. MOQ: 5 шт.
Systeme,030200015_,"S236 с/у з/к.з/ш.16А IP20 ""Прима"" РС 16-004-б (81) !!!",0.02963182464745656,3.0,0.0,3.0,0.01481591232372828,1.0,0.0,0,0.0,2.9703681753525433,101.2424997681506,LOW,LOW,STABLE,0.25,False,False,False,Прогноз спроса: 0 шт. Свободный остаток: 3 шт. В пути: 0 шт. Страховой запас: 0 шт. MOQ: 1 шт.
Systeme,300200434_,"А397 Роз. RJ45+RJ45 5Е кат 5Е механизм б/рамки ""ATLAS"" алюминий ATN385 (10)",0.605264475710771,37.0,0.0,37.0,0.3026322378553855,5.0,0.0,0,0.0,36.39473552428923,61.130301685970174,LOW,LOW,DECLINING,0.8645418326693226,False,False,False,Прогноз спроса: 1 шт. Свободный остаток: 37 шт. В пути: 0 шт. Страховой запас: 0 шт. MOQ: 5 шт. Наблюдается снижение спроса.
Systeme,300200850_,"G067 Рамка 5-ная ""ARTGALLERY"" лотос GAL1305 (5)",0.4902138493272572,150.0,0.0,150.0,0.2451069246636286,5.0,0.0,0,0.0,149.50978615067274,305.9889070980998,LOW,LOW,STABLE,2.9245283018867925,False,False,False,Прогноз спроса: 0 шт. Свободный остаток: 150 шт. В пути: 0 шт. Страховой запас: 0 шт. MOQ: 5 шт.
Systeme,300200433_,"А390 Комп. роз. RJ45 5Е механизм б/рамки ""ATLAS"" алюминий ATN383 (10)",3.631296548372978,78.0,0.0,78.0,0.46520604753879674,5.0,0.0,0,0.0,74.36870345162703,21.479931192881594,LOW,LOW,STABLE,0.3203214695752009,False,False,False,Прогноз спроса: 4 шт. Свободный остаток: 78 шт. В пути: 0 шт. Страховой запас: 0 шт. MOQ: 5 шт.
Systeme,030200025_,"S284 2кл. о/у 6А IP44  ""Рондо"" ВА 56-225Б-би (10/60) !!!",1.2414578942506165e-07,1.0,0.0,1.0,0.0,1.0,0.0,0,0.0,0.9999998758542106,8055045.641347601,LOW,LOW,STABLE,0.25,False,False,False,Прогноз спроса: 0 шт. Свободный остаток: 1 шт. В пути: 0 шт. Страховой запас: 0 шт. MOQ: 1 шт.
Systeme,300200851_,"G068 Переключ. 2 кл механизм ""ARTGALLERY"" лотос GAL1365 (5)",2.292138562520303,9.0,0.0,9.0,1.1460692812601514,5.0,0.0,0,0.0,6.707861437479697,3.9264641968695475,LOW,LOW,GROWING,0.5299145299145299,False,False,False,Прогноз спроса: 2 шт. Свободный остаток: 9 шт. В пути: 0 шт. Страховой запас: 1 шт. MOQ: 5 шт. Наблюдается рост спроса.
Systeme,300200846_,"G063 Рамка 1-ная ""ARTGALLERY"" лотос GAL1301 (10)",38.601929362806075,1202.0,0.0,1202.0,11.686890804087591,10.0,0.0,0,0.0,1163.398070637194,31.138339970078206,LOW,LOW,DECLINING,0.2781655034895314,False,False,False,Прогноз спроса: 39 шт. Свободный остаток: 1202 шт. В пути: 0 шт. Страховой запас: 12 шт. MOQ: 10 шт. Наблюдается снижение спроса.
Systeme,300200436_,"А394 Роз. 2-ная с/у 16А ""ATLAS"" алюминий ATN320 (6)",27.719772069896475,176.0,0.0,176.0,7.603946343840152,6.0,0.0,0,0.0,148.28022793010354,6.349258556535357,LOW,LOW,DECLINING,0.6719908727895038,False,False,False,Прогноз спроса: 28 шт. Свободный остаток: 176 шт. В пути: 0 шт. Страховой запас: 8 шт. MOQ: 6 шт. Наблюдается снижение спроса.
Systeme,300200847_,"G064 Рамка 2-ная ""ARTGALLERY"" лотос GAL1302 (5)",14.40509246258007,493.0,0.0,493.0,6.474211663721436,5.0,0.0,0,0.0,478.59490753741994,34.224008022208814,LOW,LOW,DECLINING,0.6584967320261438,False,False,False,Прогноз спроса: 14 шт. Свободный остаток: 493 шт. В пути: 0 шт. Страховой запас: 6 шт. MOQ: 5 шт. Наблюдается снижение спроса.
Systeme,030200009_,"S243 о\у 10А IP20  ""Прима"" РА 10-164-б (168) !!!",4.756528434487574e-06,2.0,0.0,2.0,0.0,1.0,0.0,0,0.0,1.9999952434715655,420474.7280598276,LOW,LOW,STABLE,0.25,False,False,False,Прогноз спроса: 0 шт. Свободный остаток: 2 шт. В пути: 0 шт. Страховой запас: 0 шт. MOQ: 1 шт.
Systeme,300200435_,"А405 Рамка 1-ная ""ATLAS"" алюминий ATN301 (20)",124.45392446065928,652.0,0.0,652.0,24.59855178663979,20.0,0.0,0,0.0,527.5460755393407,5.238886622704305,LOW,LOW,GROWING,0.945344129554656,False,False,False,Прогноз спроса: 124 шт. Свободный остаток: 652 шт. В пути: 0 шт. Страховой запас: 25 шт. MOQ: 20 шт. Наблюдается рост спроса.
Systeme,300200848_,"G065 Рамка 3-ная ""ARTGALLERY"" лотос GAL1303 (5)",5.122029816159118,281.0,0.0,281.0,2.083651642349708,5.0,0.0,0,0.0,275.8779701838409,54.86106291562256,LOW,LOW,DECLINING,1.2105263157894737,False,False,False,Прогноз спроса: 5 шт. Свободный остаток: 281 шт. В пути: 0 шт. Страховой запас: 2 шт. MOQ: 5 шт. Наблюдается снижение спроса.
Systeme,300200855_,"G072 Роз. USB A+C 45Вт высокоскор.заряд., механизм ""ARTGALLERY"" лотос GAL1329 (1)",4.935133758712247e-06,7.0,0.0,7.0,0.0,1.0,0.0,0,0.0,6.9999950648662415,1418401.2718282533,LOW,LOW,STABLE,0.25,False,False,False,Прогноз спроса: 0 шт. Свободный остаток: 7 шт. В пути: 0 шт. Страховой запас: 0 шт. MOQ: 1 шт.
Systeme,300200429_,"А399 Роз. с з/к 16А с/у з/ш ""ATLAS"" алюминий ATN344 (10)",12.197402712334396,46.0,0.0,46.0,4.151104270753371,10.0,0.0,0,0.0,33.802597287665606,3.7712946833741383,LOW,LOW,GROWING,0.983243566726511,False,False,False,Прогноз спроса: 12 шт. Свободный остаток: 46 шт. В пути: 0 шт. Страховой запас: 4 шт. MOQ: 10 шт. Наблюдается рост спроса.
Systeme,300200856_,"G073 Роз. с з/к 16А механизм ""ARTGALLERY"" карбон GAL1043 (5)",103.55019109314169,297.0,0.0,297.0,40.027515536190826,5.0,0.0,0,0.0,193.44980890685832,2.8681743303868306,LOW,LOW,DECLINING,0.2955195424213537,False,True,False,Прогноз спроса: 104 шт. Свободный остаток: 297 шт. В пути: 0 шт. Страховой запас: 40 шт. MOQ: 5 шт. В истории обнаружена аномальная продажа. Наблюдается снижение спроса.
Systeme,030200028_,"S254 о/у. 6А IP20  ""ХИТ"" ВА 16-131-б (168) !!!",0.670278680603252,1.0,0.0,1.0,0.0,25.0,0.0,0,0.0,0.329721319396748,1.4919167637854724,LOW,LOW,STABLE,0.7631480790749721,False,False,False,Прогноз спроса: 1 шт. Свободный остаток: 1 шт. В пути: 0 шт. Страховой запас: 0 шт. MOQ: 25 шт.
Systeme,300200428_,"A398 Роз. с з/к 16А с/у б/рамки ""ATLAS"" алюминий ATN343 (10)",192.31544590720188,1118.0,0.0,1118.0,36.791643072850036,10.0,0.0,0,0.0,925.6845540927982,5.813365612554435,LOW,LOW,STABLE,0.909971351605593,False,False,False,Прогноз спроса: 192 шт. Свободный остаток: 1118 шт. В пути: 0 шт. Страховой запас: 37 шт. MOQ: 10 шт.
Systeme,300200857_,"G074 Выкл. 1 кл 10А ""ARTGALLERY"" карбон GAL1011 (5)",17.453971388557523,90.0,0.0,90.0,5.62800290215513,5.0,0.0,0,0.0,72.54602861144248,5.156419590500888,LOW,LOW,DECLINING,0.2735294117647059,False,True,False,Прогноз спроса: 17 шт. Свободный остаток: 90 шт. В пути: 0 шт. Страховой запас: 6 шт. MOQ: 5 шт. В истории обнаружена аномальная продажа. Наблюдается снижение спроса.
Systeme,030200027_,"S285 с/у.з/к.з/ш 16А IP44 ""Рондо"" РС 16-126Б-би (10/60) !!!",0.0,21.0,0.0,21.0,0.0,1.0,0.0,0,0.0,21.0,inf,LOW,LOW,DECLINING,0.3924050632911392,False,False,False,Прогноз спроса: 0 шт. Свободный остаток: 21 шт. В пути: 0 шт. Страховой запас: 0 шт. MOQ: 1 шт. Наблюдается снижение спроса.
Systeme,300200430_,"А384 Выкл 1 кл 10А с/у ""ATLAS"" алюминий ATN312 (10)",15.963402648268511,76.0,0.0,76.0,2.991766479300603,10.0,0.0,0,0.0,60.03659735173149,4.7608897472897755,LOW,LOW,GROWING,0.6439699942296595,False,False,False,Прогноз спроса: 16 шт. Свободный остаток: 76 шт. В пути: 0 шт. Страховой запас: 3 шт. MOQ: 10 шт. Наблюдается рост спроса.
Systeme,300200432_,"А386 Выкл 2 кл 10А с/у ""ATLAS"" алюминий ATN352 (10)",7.868206582436552,89.0,0.0,89.0,0.9020000923872912,10.0,0.0,0,0.0,81.13179341756344,11.311345103554629,LOW,LOW,STABLE,0.9316303531179564,False,True,False,Прогноз спроса: 8 шт. Свободный остаток: 89 шт. В пути: 0 шт. Страховой запас: 1 шт. MOQ: 10 шт. В истории обнаружена аномальная продажа.
Systeme,300200852_,"G069 Выкл. 1 кл кнопочный 10А механизм ""ARTGALLERY"" лотос GAL1315 (5)",0.1665060744243386,96.0,0.0,96.0,0.0,5.0,0.0,0,0.0,95.83349392557567,576.5555420839796,LOW,LOW,STABLE,2.240963855421687,False,False,False,Прогноз спроса: 0 шт. Свободный остаток: 96 шт. В пути: 0 шт. Страховой запас: 0 шт. MOQ: 5 шт.
Systeme,030200026_,"S283 о/у. 6А IP44 ""Рондо"" ВА 66-102Б-би переключатель (10/60) !!!",0.0002531993941972768,4.0,0.0,4.0,0.0001265996970986384,1.0,0.0,0,0.0,3.9997468006058026,15797.826107290983,LOW,LOW,DECLINING,0.25,False,False,False,Прогноз спроса: 0 шт. Свободный остаток: 4 шт. В пути: 0 шт. Страховой запас: 0 шт. MOQ: 1 шт. Наблюдается снижение спроса.
Systeme,300200431_,"А395 Роз. 2-ная с/у 16А с з/к з/ш ""ATLAS"" алюминий ATN326 (6)",13.348454510654703,56.0,0.0,56.0,2.8210665831679016,6.0,0.0,0,0.0,42.651545489345295,4.195242224880861,LOW,LOW,GROWING,1.1063197026022304,False,False,False,Прогноз спроса: 13 шт. Свободный остаток: 56 шт. В пути: 0 шт. Страховой запас: 3 шт. MOQ: 6 шт. Наблюдается рост спроса.
Systeme,300200854_,"G071 Роз. 2-ная TV комп. RJ45 5Е ""ARTGALLERY"" лотос GAL1389 (5)",2.666940591107991e-05,119.0,0.0,119.0,0.0,5.0,0.0,0,0.0,118.99997333059409,4462041.651650027,LOW,LOW,STABLE,3.5769230769230766,False,False,False,Прогноз спроса: 0 шт. Свободный остаток: 119 шт. В пути: 0 шт. Страховой запас: 0 шт. MOQ: 5 шт.
Systeme,300200853_,"G070 Вывод кабеля механизм ""ARTGALLERY"" лотос GAL1399 (5)",0.09198657076451151,16.0,0.0,16.0,0.04599328538225576,5.0,0.0,0,0.0,15.908013429235488,173.93843326283462,LOW,LOW,DECLINING,2.1232876712328768,False,False,False,Прогноз спроса: 0 шт. Свободный остаток: 16 шт. В пути: 0 шт. Страховой запас: 0 шт. MOQ: 5 шт. Наблюдается снижение спроса.
Systeme,300200838_,"G055 Роз. комп. RJ45 6A механизм ""ARTGALLERY"" лотос GAL1386 (5)",1.2116314625600995,33.0,0.0,33.0,0.36147844564602544,5.0,0.0,0,0.0,31.7883685374399,27.236004527542658,LOW,LOW,DECLINING,1.1302083333333333,False,False,False,Прогноз спроса: 1 шт. Свободный остаток: 33 шт. В пути: 0 шт. Страховой запас: 0 шт. MOQ: 5 шт. Наблюдается снижение спроса.
Systeme,300200444_,"А387 Выкл 2 кл с инд 10А с/у б/рамки ""ATLAS"" алюминий ATN353 (10)",0.09581309294059516,40.0,0.0,40.0,0.04790654647029758,10.0,0.0,0,0.0,39.904186907059405,417.4794777244098,LOW,LOW,STABLE,0.3333333333333333,False,False,False,Прогноз спроса: 0 шт. Свободный остаток: 40 шт. В пути: 0 шт. Страховой запас: 0 шт. MOQ: 10 шт.
Systeme,030200003_,"S242 2кл.инд  о/у 6А IP20  ""Прима"" ВА 56-007-б (130) !!!",2.1806246043524973,14.0,0.0,14.0,0.7208357418071519,1.0,0.0,0,0.0,11.819375395647503,6.420178866209337,LOW,LOW,STABLE,2.786516853932584,False,False,False,Прогноз спроса: 2 шт. Свободный остаток: 14 шт. В пути: 0 шт. Страховой запас: 1 шт. MOQ: 1 шт.
Systeme,300200839_,"G056 Переключ. 1 кл механизм ""ARTGALLERY"" лотос GAL1361 (5)",3.2243239710247558,85.0,0.0,85.0,1.3235369280832325,5.0,0.0,0,0.0,81.77567602897524,26.362115210459223,LOW,LOW,STABLE,0.25,False,False,False,Прогноз спроса: 3 шт. Свободный остаток: 85 шт. В пути: 0 шт. Страховой запас: 1 шт. MOQ: 5 шт.
Systeme,300200443_,"А385 Выкл 1 кл с инд 10А с/у б/рамки ""ATLAS"" алюминий ATN313  (10)",0.3411928274761273,64.0,0.0,64.0,0.17059641373806364,10.0,0.0,0,0.0,63.65880717252387,187.5772139567558,LOW,LOW,STABLE,0.7661596958174904,False,False,False,Прогноз спроса: 0 шт. Свободный остаток: 64 шт. В пути: 0 шт. Страховой запас: 0 шт. MOQ: 10 шт.
Systeme,030200005_,"S233 1кл. инд.с/у 6А IP20 ""Прима"" ВС 16-053-б (96) !!!",3.3675210549243455,378.0,0.0,378.0,1.064003837712377,1.0,0.0,0,0.0,374.63247894507566,112.24874138418478,LOW,LOW,STABLE,0.25,False,False,False,Прогноз спроса: 3 шт. Свободный остаток: 378 шт. В пути: 0 шт. Страховой запас: 1 шт. MOQ: 1 шт.
Systeme,300200840_,"G057 Перекрест. переключ. 1 кл ""ARTGALLERY"" лотос GAL1371 (5)",0.0,153.0,0.0,153.0,0.0,5.0,0.0,0,0.0,153.0,inf,LOW,LOW,DECLINING,2.0666666666666664,False,False,False,Прогноз спроса: 0 шт. Свободный остаток: 153 шт. В пути: 0 шт. Страховой запас: 0 шт. MOQ: 5 шт. Наблюдается снижение спроса.
Systeme,020100163_,"K0677 Роз. без з/к без шторок, 16А, механизм ""ATLAS"" КАРБОН ATN1041 (10)",59.93833574309996,286.0,0.0,286.0,8.272460587193137,10.0,0.0,0,0.0,226.06166425690003,4.771570589243863,LOW,LOW,GROWING,2.007253066068838,False,True,False,Прогноз спроса: 60 шт. Свободный остаток: 286 шт. В пути: 0 шт. Страховой запас: 8 шт. MOQ: 10 шт. В истории обнаружена аномальная продажа. Наблюдается рост спроса.
Systeme,300200835_,"G052 Выкл. 2 кл 10А механизм ""ARTGALLERY"" лотос GAL1351 (5)",4.253035897055906,147.0,0.0,147.0,1.2812103652406441,5.0,0.0,0,0.0,142.7469641029441,34.56354556089177,LOW,LOW,DECLINING,0.3653198653198653,False,False,False,Прогноз спроса: 4 шт. Свободный остаток: 147 шт. В пути: 0 шт. Страховой запас: 1 шт. MOQ: 5 шт. Наблюдается снижение спроса.
Systeme,300200446_,"А414 Переключ. 2 кл 10А с/у б/рамки ""ATLAS"" алюминий ATN365 (10)",2.058657985234195,115.0,0.0,115.0,1.0293289926170974,10.0,0.0,0,0.0,112.94134201476581,55.86163453319688,LOW,LOW,DECLINING,0.450363196125908,False,False,False,Прогноз спроса: 2 шт. Свободный остаток: 115 шт. В пути: 0 шт. Страховой запас: 1 шт. MOQ: 10 шт. Наблюдается снижение спроса.
Systeme,030200002_,"S239 1кл о/у. 6А IP20  ""Прима"" ВА 16-051-б (130) !!!",0.0,3.0,0.0,3.0,0.0,1.0,0.0,0,0.0,3.0,inf,LOW,LOW,STABLE,4.0,False,False,False,Прогноз спроса: 0 шт. Свободный остаток: 3 шт. В пути: 0 шт. Страховой запас: 0 шт. MOQ: 1 шт.
Systeme,300200445_,"А409 Рамка 5-ная ""ATLAS"" алюминий ATN305 (5)",0.9026627991710174,73.0,0.0,73.0,0.38340579025361493,5.0,0.0,0,0.0,72.09733720082899,80.87183837313485,LOW,LOW,STABLE,0.8104575163398693,False,False,False,Прогноз спроса: 1 шт. Свободный остаток: 73 шт. В пути: 0 шт. Страховой запас: 0 шт. MOQ: 5 шт.
Systeme,300200837_,"G054 Диммер поворотно-нажимной механизм 400Вт ""ARTGALLERY"" лотос GAL1323 (1)",3.1483494172280323e-06,4.0,0.0,4.0,0.0,1.0,0.0,0,0.0,3.999996851650583,1270507.00856508,LOW,LOW,STABLE,0.25,False,False,False,Прогноз спроса: 0 шт. Свободный остаток: 4 шт. В пути: 0 шт. Страховой запас: 0 шт. MOQ: 1 шт.
Systeme,300200836_,"G053 Выкл. 2 кл с инд 10А механизм ""ARTGALLERY"" лотос GAL1353 (5)",0.10426784682385162,102.0,0.0,102.0,0.05213392341192581,5.0,0.0,0,0.0,101.89573215317616,978.2497971049227,LOW,LOW,DECLINING,1.6666666666666667,False,False,False,Прогноз спроса: 0 шт. Свободный остаток: 102 шт. В пути: 0 шт. Страховой запас: 0 шт. MOQ: 5 шт. Наблюдается снижение спроса.
Systeme,300200437_,"А406 Рамка 2-ная ""ATLAS"" алюминий ATN302 (10)",36.571637137090384,155.0,0.0,155.0,5.975679877637373,10.0,0.0,0,0.0,118.42836286290961,4.238257079358403,LOW,LOW,STABLE,0.8067868309729631,False,False,False,Прогноз спроса: 37 шт. Свободный остаток: 155 шт. В пути: 0 шт. Страховой запас: 6 шт. MOQ: 10 шт.
Systeme,300200439_,"А391 Переключ. 1 кл 10А с/у б/рамки ""ATLAS"" алюминий ATN361 (10)",5.34147781000645,40.0,0.0,40.0,2.1116344380597702,10.0,0.0,0,0.0,34.65852218999355,7.488564293025061,LOW,LOW,DECLINING,1.0585365853658537,False,False,False,Прогноз спроса: 5 шт. Свободный остаток: 40 шт. В пути: 0 шт. Страховой запас: 2 шт. MOQ: 10 шт. Наблюдается снижение спроса.
Systeme,030200007_,"S234 2кл.инд.с/у 6А IP20 ""Прима"" ВС 56-039-б (96) !!!",0.0,117.0,0.0,117.0,0.0,1.0,0.0,0,0.0,117.0,inf,LOW,LOW,STABLE,0.25,False,False,False,Прогноз спроса: 0 шт. Свободный остаток: 117 шт. В пути: 0 шт. Страховой запас: 0 шт. MOQ: 1 шт.
Systeme,300200844_,"G061 Роз. с з/к с/ш с крышкой 16А механизм IP20 ""ARTGALLERY"" лотос GAL1346 (5)",1.1154513339809093,65.0,0.0,65.0,0.23260302376941464,5.0,0.0,0,0.0,63.88454866601909,58.272376409307746,LOW,LOW,GROWING,0.25,False,False,False,Прогноз спроса: 1 шт. Свободный остаток: 65 шт. В пути: 0 шт. Страховой запас: 0 шт. MOQ: 5 шт. Наблюдается рост спроса.
Systeme,300200438_,"А407 Рамка 3-ная ""ATLAS"" алюминий ATN303 (15)",23.334207837120083,123.0,0.0,123.0,3.713410382204848,5.0,0.0,0,0.0,99.66579216287991,5.271231012365094,LOW,LOW,DECLINING,0.7145390070921985,False,False,False,Прогноз спроса: 23 шт. Свободный остаток: 123 шт. В пути: 0 шт. Страховой запас: 4 шт. MOQ: 5 шт. Наблюдается снижение спроса.
Systeme,300200845_,"G062 Роз. TV оконечная механизм ""ARTGALLERY"" лотос GAL1391 (5)",0.0742704558099618,205.0,0.0,205.0,0.0371352279049809,5.0,0.0,0,0.0,204.92572954419003,2760.1823331277255,LOW,LOW,STABLE,3.780487804878049,False,False,False,Прогноз спроса: 0 шт. Свободный остаток: 205 шт. В пути: 0 шт. Страховой запас: 0 шт. MOQ: 5 шт.
Systeme,300200843_,"G060 Роз. с з/к с/ш 16А механизм ""ARTGALLERY"" лотос GAL1345 (5)",3.7273346971741534,386.0,0.0,386.0,1.8279236883555557e-07,5.0,0.0,0,0.0,382.2726653028258,103.55925382623744,LOW,LOW,STABLE,0.25,False,True,False,Прогноз спроса: 4 шт. Свободный остаток: 386 шт. В пути: 0 шт. Страховой запас: 0 шт. MOQ: 5 шт. В истории обнаружена аномальная продажа.
Systeme,300200441_,"А401 ТV роз. оконечная с/у б/рамки ""ATLAS"" алюминий ATN391(10)",0.0,18.0,0.0,18.0,0.0,10.0,0.0,0,0.0,18.0,inf,LOW,LOW,STABLE,1.0,False,False,False,Прогноз спроса: 0 шт. Свободный остаток: 18 шт. В пути: 0 шт. Страховой запас: 0 шт. MOQ: 10 шт.
Systeme,300200841_,"G058 Роз. 2-ная комп. RJ45+RJ45 6A механизм ""ARTGALLERY"" лотос GAL1388 (1)",0.13728831294936455,24.0,0.0,24.0,0.06864415647468228,1.0,0.0,0,0.0,23.862711687050634,174.81458897999434,LOW,LOW,DECLINING,1.7222222222222223,False,False,False,Прогноз спроса: 0 шт. Свободный остаток: 24 шт. В пути: 0 шт. Страховой запас: 0 шт. MOQ: 1 шт. Наблюдается снижение спроса.
Systeme,030200006_,"S231 1кл с/у. 6А IP20 ""Прима"" ВС 16-057-б (96) !!!",0.0,1.0,0.0,1.0,0.0,1.0,0.0,0,0.0,1.0,inf,LOW,LOW,STABLE,0.25,False,False,False,Прогноз спроса: 0 шт. Свободный остаток: 1 шт. В пути: 0 шт. Страховой запас: 0 шт. MOQ: 1 шт.
Systeme,300200440_,"А408 Рамка 4-ная ""ATLAS"" алюминий ATN304 (15)",7.806285037061201,58.0,0.0,58.0,1.6800607627900475,5.0,0.0,0,0.0,50.1937149629388,7.429910607240011,LOW,LOW,GROWING,0.270873786407767,False,False,False,Прогноз спроса: 8 шт. Свободный остаток: 58 шт. В пути: 0 шт. Страховой запас: 2 шт. MOQ: 5 шт. Наблюдается рост спроса.
Systeme,300200842_,"G059 Роз. с з/к 16А механизм ""ARTGALLERY"" лотос GAL1343 (5)",56.972220425042714,558.0,0.0,558.0,21.846281148058043,5.0,0.0,0,0.0,501.02777957495726,9.79424701788041,LOW,LOW,DECLINING,0.6741385078621612,False,False,False,Прогноз спроса: 57 шт. Свободный остаток: 558 шт. В пути: 0 шт. Страховой запас: 22 шт. MOQ: 5 шт. Наблюдается снижение спроса.
Systeme,щщщ0116254,"GLOSSA 2-клавишный ВЫКЛЮЧАТЕЛЬ, сх.5, 10АХ, механизм, БЕЛЫЙ",9.88919864067228e-05,37.0,0.0,37.0,0.0,20.0,0.0,0,0.0,36.999901108013596,374145.583928575,LOW,LOW,STABLE,3.444444444444444,False,False,False,Прогноз спроса: 0 шт. Свободный остаток: 37 шт. В пути: 0 шт. Страховой запас: 0 шт. MOQ: 20 шт.
