supplier,sku,product_name,month,forecast,stock,incoming,safety_stock,moq,net_requirement,recommended_order,risk,reason
IEK,130300792_, Трубы гибкая двустенная красная (с протяжкой)   Ø50 IEK (50) ,2026-08-01,1823.14998802342,0.0,0.0,2622.4469425837133,50.0,4445.596930607133,4450,HIGH,Прогноз 1823 шт.; остаток 0; в пути 0; страховой запас 2622; MOQ 50.0.
IEK,250600087_,Бокс КМПн 1/2 для 1-2-х авт.выкл н/у IEK (252) ,2026-08-01,776.1012449329459,6.0,0.0,302.1861457225772,252.0,1072.287390655523,1260,HIGH,Прогноз 776 шт.; остаток 6; в пути 0; страховой запас 302; MOQ 252.0.
IEK,280300085_, Лоток проволочный (60х200х3000) IEK (6),2026-08-01,192.6916370977075,0.0,0.0,77.96345297637862,6.0,270.65509007408616,276,HIGH,Прогноз 193 шт.; остаток 0; в пути 0; страховой запас 78; MOQ 6.0.
IEK,280300295_,Бокс КМПн 1/4 для 4-х авт.выкл н/у IEK (135),2026-08-01,127.06770557550605,10.0,0.0,44.04476889105763,135.0,161.1124744665637,270,HIGH,Прогноз 127 шт.; остаток 10; в пути 0; страховой запас 44; MOQ 135.0.
IEK,270300105_,Кабель-канал перфорированный  40х60 ИМПАКТ IEK (24),2026-08-01,142.86040421348247,0.0,0.0,99.57794267139016,24.0,242.43834688487263,264,HIGH,Прогноз 143 шт.; остаток 0; в пути 0; страховой запас 100; MOQ 24.0.
IEK,130200032_,Розетка на дин-рейку РАр10-3-ОП с заземлением IEK,2026-08-01,120.96915630531069,0.0,0.0,86.5095370465014,5.0,207.4786933518121,210,HIGH,Прогноз 121 шт.; остаток 0; в пути 0; страховой запас 87; MOQ 5.0.
IEK,030200459_,"Роз. комп. 2-ая RJ45 кат.5E б/рамки ""BRITE"" белый (1/100)",2026-08-01,118.13611938763081,10.0,0.0,91.82247364706892,1.0,199.95859303469973,200,HIGH,Прогноз 118 шт.; остаток 10; в пути 0; страховой запас 92; MOQ 1.0.
IEK,280300396_, Распределительная коробка с/у для твердых стен  92x92x45 IP20 КМ41001 IEK (126),2026-08-01,84.3388425535439,6.0,0.0,105.12821536898014,,183.46705792252402,184,HIGH,Прогноз 84 шт.; остаток 6; в пути 0; страховой запас 105; MOQ не указан.
IEK,280100340_,Кабель-канал 15х10 дуб ЭЛЕКОР IEK (144),2026-08-01,7.038661027960525,0.0,0.0,17.23948955160796,144.0,24.278150579568486,144,HIGH,Прогноз 7 шт.; остаток 0; в пути 0; страховой запас 17; MOQ 144.0.
IEK,130600063_,Разъем РРМ77/4(PTF14A) для РЭК77/4(LY4) модульный IEK (10/400),2026-08-01,66.93511245677288,4.0,0.0,45.85348042042902,10.0,108.7885928772019,110,HIGH,Прогноз 67 шт.; остаток 4; в пути 0; страховой запас 46; MOQ 10.0.
IEK,280100376_,Кабель-канал 20х10 сосна ЭЛЕКОР IEK (96),2026-08-01,6.657158608548004,0.0,0.0,18.37117307087384,96.0,25.028331679421846,96,HIGH,Прогноз 7 шт.; остаток 0; в пути 0; страховой запас 18; MOQ 96.0.
IEK,081100392_,LED Лампа T8  18w 230v 4000K G13  IEK (20),2026-08-01,6.4665842456236335,1.0,0.0,81.56898920545723,,87.03557345108086,88,HIGH,Прогноз 6 шт.; остаток 1; в пути 0; страховой запас 82; MOQ не указан.
IEK,280200083_,Соединитель на стык КМС 25х16 Белый ЭЛЕКОР IEK (4),2026-08-01,69.05409141514639,1.0,25.0,26.81681686305569,1.0,69.87090827820208,70,HIGH,Прогноз 69 шт.; остаток 1; в пути 25; страховой запас 27; MOQ 1.0.
IEK,270300150_,Кабель-канал перфорированный  60х60 ИМПАКТ IEK (16),2026-08-01,50.437789085831334,16.0,0.0,23.678400846904054,16.0,58.11618993273538,64,HIGH,Прогноз 50 шт.; остаток 16; в пути 0; страховой запас 24; MOQ 16.0.
IEK,130301736_,"Перемычка гребенчатая для CP 2,5мм2 3PIN IEK",2026-08-01,0.0004447939163330196,0.0,0.0,1.020620726159662,50.0,1.021065520075995,50,HIGH,Прогноз 0 шт.; остаток 0; в пути 0; страховой запас 1; MOQ 50.0.
IEK,280200054_,Поворот 90° КМП 25х16 Белый ЭЛЕКОР IEK (4),2026-08-01,54.11517276879008,0.0,20.0,15.687574701017358,1.0,49.80274746980744,50,HIGH,Прогноз 54 шт.; остаток 0; в пути 20; страховой запас 16; MOQ 1.0.
IEK,CKK10-025-016-1-K34_,Кабель-канал 25х16 сосна ЭЛЕКОР IEK (за штуку) (50),2026-08-01,2.2686065478175942e-07,0.0,0.0,0.0,50.0,2.2686065478175942e-07,50,HIGH,Прогноз 0 шт.; остаток 0; в пути 0; страховой запас 0; MOQ 50.0.
IEK,020100005_,Переносная вилка 024 3р+ре 32А 380В IEK,2026-08-01,34.54301116727715,17.0,0.0,29.076479612681183,10.0,46.61949077995833,50,HIGH,Прогноз 35 шт.; остаток 17; в пути 0; страховой запас 29; MOQ 10.0.
IEK,130301619_,Колодка клеммная CTS 25мм2 синяя IEK,2026-08-01,1.4175195905959024,0.0,0.0,14.249268987097782,50.0,15.666788577693683,50,HIGH,Прогноз 1 шт.; остаток 0; в пути 0; страховой запас 14; MOQ 50.0.
IEK,280300289_,Крышка на лоток осн. 150 мм. IEK (6),2026-08-01,20.718422624688166,3.0,0.0,19.015125558354857,6.0,36.73354818304303,42,HIGH,Прогноз 21 шт.; остаток 3; в пути 0; страховой запас 19; MOQ 6.0.
IEK,010300018_, УЗО ВД1 63 (2ф) 50А 30мА IEK  (1/48),2026-08-01,22.499833263721136,0.0,0.0,8.959631688858646,1.0,31.459464952579783,32,HIGH,Прогноз 22 шт.; остаток 0; в пути 0; страховой запас 9; MOQ 1.0.
IEK,270300151_,Кабель-канал перфорированный  80х60 ИМПАКТ IEK (16),2026-08-01,2.8779281765266687,0.0,0.0,13.386560424545202,16.0,16.26448860107187,32,HIGH,Прогноз 3 шт.; остаток 0; в пути 0; страховой запас 13; MOQ 16.0.
IEK,EPP14-04-01-K01,"Ппл27-04-К51 Патрон подвесной с шнуром, пластик, Е27, белый (50 шт), стикер на изделии, IEK E-PRO",2026-08-01,5.139710910056369,0.0,0.0,25.819888974716115,,30.959599884772484,31,HIGH,Прогноз 5 шт.; остаток 0; в пути 0; страховой запас 26; MOQ не указан.
IEK,ярп40255,Розетка 1-ая з/к о/у 16А IP54 AQUATIC РСш12-2-А IEK,2026-08-01,9.141306195989136,0.0,0.0,12.475642936003998,10.0,21.616949131993135,30,HIGH,Прогноз 9 шт.; остаток 0; в пути 0; страховой запас 12; MOQ 10.0.
IEK,200400001_, I1  выкл. 1кл. 10А КВАРТА ВС 10-1-0-КБ (200),2026-08-01,16.92706605871912,0.0,0.0,8.593117400959818,10.0,25.52018345967894,30,HIGH,Прогноз 17 шт.; остаток 0; в пути 0; страховой запас 9; MOQ 10.0.
IEK,280300017_,Пластина соединительная  h 50 IEK (2),2026-08-01,13.967649457960295,0.0,0.0,13.455172487436348,,27.42282194539664,28,HIGH,Прогноз 14 шт.; остаток 0; в пути 0; страховой запас 13; MOQ не указан.
IEK,280200051_,Поворот 90° КМП 100х60 Белый ЭЛЕКОР IEK (2),2026-08-01,15.303071282038875,0.0,0.0,12.507664316996468,4.0,27.810735599035343,28,HIGH,Прогноз 15 шт.; остаток 0; в пути 0; страховой запас 13; MOQ 4.0.
IEK,280300741_,"STRUT-профиль перфорированный  41х21х2000-1,5 IEK",2026-08-01,6.43017845786663,1.0,0.0,14.979152178945242,2.0,20.409330636811873,22,HIGH,Прогноз 6 шт.; остаток 1; в пути 0; страховой запас 15; MOQ 2.0.
IEK,ярп40256,Розетка 2-ая з/к о/у 16А IP54 AQUATIC РСш22-2-А IEK ,2026-08-01,12.290975346223806,0.0,0.0,3.5449494589721233,5.0,15.83592480519593,20,HIGH,Прогноз 12 шт.; остаток 0; в пути 0; страховой запас 4; MOQ 5.0.
IEK,030200440_,"Выкл 1-кл. прох. 10А б/рамки ""BRITE"" шампань (1/100)",2026-08-01,11.914604946669598,0.0,0.0,5.537749241945385,1.0,17.452354188614983,18,HIGH,Прогноз 12 шт.; остаток 0; в пути 0; страховой запас 6; MOQ 1.0.
IEK,CKK10-060-040-1-K01-,Кабель-канал 60х40 белый ЭЛЕКОР IEK (за штуку) (18),2026-08-01,1.5098787087669832e-07,0.0,0.0,0.0,18.0,1.5098787087669832e-07,18,HIGH,Прогноз 0 шт.; остаток 0; в пути 0; страховой запас 0; MOQ 18.0.
IEK,030200565_,"Роз. 1-мест. с/з 16А б/рамки ""BRITE"" маренго (1/100)",2026-08-01,2.962492885883453,0.0,0.0,12.9746547802501,,15.937147666133553,16,HIGH,Прогноз 3 шт.; остаток 0; в пути 0; страховой запас 13; MOQ не указан.
IEK,010500188_, BA 47-60M (1ф) 16А 6кА B IEK E-PRO,2026-08-01,0.00657827580135328,0.0,0.0,14.338758663147939,,14.345336938949291,15,HIGH,Прогноз 0 шт.; остаток 0; в пути 0; страховой запас 14; MOQ не указан.
IEK,030200782_,"Роз. 2-я RJ11+RJ45 кат.5E б/рамки ""BRITE"" белый (1/100)",2026-08-01,7.933420390975413,2.0,0.0,5.674504383644425,1.0,11.607924774619839,12,HIGH,Прогноз 8 шт.; остаток 2; в пути 0; страховой запас 6; MOQ 1.0.
IEK,081100781_,Фотореле ФР 604 макс. нагрузка 3300ВА IP66 белый IEK,2026-08-01,6.808919101678715,1.0,0.0,4.966554808583779,1.0,10.775473910262495,11,HIGH,Прогноз 7 шт.; остаток 1; в пути 0; страховой запас 5; MOQ 1.0.
IEK,081100780_,Фотореле ФР 603 макс. нагрузка 2200ВА IP66 белый IEK (50),2026-08-01,7.45928777098798,2.0,0.0,5.426017569697564,1.0,10.885305340685544,11,HIGH,Прогноз 7 шт.; остаток 2; в пути 0; страховой запас 5; MOQ 1.0.
IEK,280300048_,Пластина соединительная h 100 IEK (2),2026-08-01,2.043014760649493,0.0,0.0,8.200101625386496,,10.24311638603599,11,HIGH,Прогноз 2 шт.; остаток 0; в пути 0; страховой запас 8; MOQ не указан.
IEK,081100713_,Лампа филаментная LED C35 свеча прозр. 7Вт 230В 3000К E27 серия 360° IEK,2026-08-01,3.197500637699632,0.0,0.0,6.47881161942528,10.0,9.676312257124913,10,HIGH,Прогноз 3 шт.; остаток 0; в пути 0; страховой запас 6; MOQ 10.0.
IEK,030200559_,"Рамка 1-мест. ""BRITE"" маренго (1/100)",2026-08-01,6.905010792543197,1.0,0.0,3.372684390808001,,9.277695183351199,10,HIGH,Прогноз 7 шт.; остаток 1; в пути 0; страховой запас 3; MOQ не указан.
IEK,150101155_,"Патрон подвесной E27 со шнуром 1,5м RETRO черный IEK",2026-08-01,0.00015971416919297293,0.0,0.0,0.0,10.0,0.00015971416919297293,10,HIGH,Прогноз 0 шт.; остаток 0; в пути 0; страховой запас 0; MOQ 10.0.
IEK,130300204_,Пост тельф.ПКТ-61 (на 2 кноп.) IP54 IEK (5/60),2026-08-01,3.6822039916192355,1.0,0.0,2.818096284136981,5.0,5.500300275756217,10,HIGH,Прогноз 4 шт.; остаток 1; в пути 0; страховой запас 3; MOQ 5.0.
IEK,130600060_,Разъем РРМ78/3(PYF11A) для РЭК78/3(MY3) модульный IEK E-PRO,2026-08-01,0.10671934245069505,0.0,0.0,9.223159256278006,,9.329878598728701,10,HIGH,Прогноз 0 шт.; остаток 0; в пути 0; страховой запас 9; MOQ не указан.
IEK,081100393_,LED Лампа T8  18w 230v 6500K G13 IEK (20),2026-08-01,9.058967644444927,1.0,0.0,0.0,,8.058967644444927,9,HIGH,Прогноз 9 шт.; остаток 1; в пути 0; страховой запас 0; MOQ не указан.
IEK,250600176_,ЩРН-П 12 модулей навесн. пластик IP41 GENERICA (10),2026-08-01,6.939961237402996,0.0,0.0,0.2041241452319315,,7.144085382634928,8,HIGH,Прогноз 7 шт.; остаток 0; в пути 0; страховой запас 0; MOQ не указан.
IEK,130301669_,Клемма вводная силовая КВС 6-50 кв.мм. 3-рядная серая IEK,2026-08-01,0.0058176171665258875,0.0,0.0,1.632993161855452,8.0,1.638810779021978,8,HIGH,Прогноз 0 шт.; остаток 0; в пути 0; страховой запас 2; MOQ 8.0.
IEK,020300080_,Распред. блок на DIN-рейку РБД-250А IEK,2026-08-01,2.8524180546155056,1.0,0.0,5.625092591830526,,7.4775106464460315,8,HIGH,Прогноз 3 шт.; остаток 1; в пути 0; страховой запас 6; MOQ не указан.
IEK,030200872_,"Роз 2-ая комп. RJ45 кат.5E б/рамки ""BRITE"" жемчуг (1/100)",2026-08-01,5.052091947625954,0.0,0.0,1.5491933384829664,1.0,6.60128528610892,7,HIGH,Прогноз 5 шт.; остаток 0; в пути 0; страховой запас 2; MOQ 1.0.
IEK,280300180_,Распределительная  коробка о/у  с сальниками  75х40 IP44 КМ41237 IEK (60),2026-08-01,1.2776187431570103,0.0,0.0,5.267035852039228,,6.5446545951962385,7,HIGH,Прогноз 1 шт.; остаток 0; в пути 0; страховой запас 5; MOQ не указан.
IEK,250600177_,ЩРН-П 18 модулей навесн. пластик IP41 GENERICA (10),2026-08-01,6.075775056204893,2.0,0.0,1.6633299933165182,,5.739105049521411,6,HIGH,Прогноз 6 шт.; остаток 2; в пути 0; страховой запас 2; MOQ не указан.
IEK,130300039_, ЗНИ 10мм ² (70А) серый  IEK (40),2026-08-01,0.31336526172321433,0.0,0.0,5.089204259999788,,5.402569521723002,6,HIGH,Прогноз 0 шт.; остаток 0; в пути 0; страховой запас 5; MOQ не указан.
IEK,280200046_,Заглушка КМЗ 16х16 Белый ЭЛЕКОР IEK (4) ,2026-08-01,0.18386740887639716,0.0,0.0,4.020779360604941,1.0,4.204646769481338,5,HIGH,Прогноз 0 шт.; остаток 0; в пути 0; страховой запас 4; MOQ 1.0.
IEK,030200560_,"Рамка 2-мест. ""BRITE"" маренго (1/100)",2026-08-01,1.3641522024603254,0.0,0.0,3.2002604060711426,,4.564412608531468,5,HIGH,Прогноз 1 шт.; остаток 0; в пути 0; страховой запас 3; MOQ не указан.
IEK,280100360_,Поворот 90град КМП 40х25 дуб ЭЛЕКОР IEK (4шт/компл) ,2026-08-01,0.10847625188562734,0.0,0.0,4.578937285731992,,4.687413537617619,5,HIGH,Прогноз 0 шт.; остаток 0; в пути 0; страховой запас 5; MOQ не указан.
IEK,280300232_,I30 Выкл 1кл о/у серый IP54 ФОРС IEK ВС20-1-0-ФСр (10/100),2026-08-01,2.872899263544962,0.0,0.0,1.966384160500664,,4.839283424045626,5,HIGH,Прогноз 3 шт.; остаток 0; в пути 0; страховой запас 2; MOQ не указан.
IEK,030200879_,"Роз 2-ая комп. RJ45 кат.5E ""BRITE"" сталь (1/100)",2026-08-01,0.02108830285432029,0.0,0.0,3.6742346141747673,1.0,3.6953229170290878,4,HIGH,Прогноз 0 шт.; остаток 0; в пути 0; страховой запас 4; MOQ 1.0.
IEK,270400047_,Рубильник  трехпозиционный ВРТ-63 3P 63А IEK,2026-08-01,0.02881372457249364,0.0,0.0,2.538043866182511,4.0,2.5668575907550046,4,HIGH,Прогноз 0 шт.; остаток 0; в пути 0; страховой запас 3; MOQ 4.0.
IEK,130200300_,"Датчик движения ДД 026 белый,до 2000 Вт,дальность 6 м IP20 IEK  (50)",2026-08-01,0.7158890636484802,0.0,0.0,2.5625508125043543,1.0,3.2784398761528344,4,HIGH,Прогноз 1 шт.; остаток 0; в пути 0; страховой запас 3; MOQ 1.0.
IEK,280300237_,I33 Роз 2-я з/к о/у серый IP54 ФОРС IEK РСб22-3-ФСр (5/60),2026-08-01,3.168015778405177,0.0,0.0,0.2041241452319316,,3.3721399236371083,4,HIGH,Прогноз 3 шт.; остаток 0; в пути 0; страховой запас 0; MOQ не указан.
IEK,290100035_,ВА 88-33 (3ф)  16А IEK (1/16) !!!,2026-08-01,0.04005451613602733,0.0,0.0,3.0618621784789726,,3.101916694615,4,HIGH,Прогноз 0 шт.; остаток 0; в пути 0; страховой запас 3; MOQ не указан.
IEK,030200553_,"Выкл 2-кл. 10А б/рамки ""BRITE"" маренго (1/100)",2026-08-01,2.444781817368594,1.0,0.0,1.3416407864998665,,2.7864226038684605,3,HIGH,Прогноз 2 шт.; остаток 1; в пути 0; страховой запас 1; MOQ не указан.
IEK,130300605_," ЗВИ  10 ПВХ (2,5-6мм ² 10А) 12 пар (2 шт/блистер) IEK (50)",2026-08-01,0.00036568711855244175,0.0,0.0,2.2453655975512463,,2.2457312846697985,3,HIGH,Прогноз 0 шт.; остаток 0; в пути 0; страховой запас 2; MOQ не указан.
IEK,CKK10-025-016-1-K28_,Кабель-канал 25х16 ольха ЭЛЕКОР IEK (за штуку) (50),2026-08-01,0.0007929465349920814,0.0,0.0,2.041241452319315,,2.0420343988543075,3,HIGH,Прогноз 0 шт.; остаток 0; в пути 0; страховой запас 2; MOQ не указан.
IEK,BR-M12-G-31-K96,BRITE Рамка 1-местная РУ-1-2-БрП стекло персиковый матовый IEK,2026-08-01,0.00012619481131157355,0.0,0.0,2.2453655975512463,,2.2454917923625577,3,HIGH,Прогноз 0 шт.; остаток 0; в пути 0; страховой запас 2; MOQ не указан.
IEK,251400044_,ЩРН-П 54 черн. прозр. дверь IP41 TEKFOR IEK,2026-08-01,0.872492286387319,0.0,0.0,1.934338818993888,1.0,2.8068311053812067,3,HIGH,Прогноз 1 шт.; остаток 0; в пути 0; страховой запас 2; MOQ 1.0.
IEK,010400928_,Реле напряжения и тока РНТ-д однофазное 54мм 50А IEK,2026-08-01,0.11046151064668364,0.0,0.0,2.065591117977289,1.0,2.1760526286239723,3,HIGH,Прогноз 0 шт.; остаток 0; в пути 0; страховой запас 2; MOQ 1.0.
IEK,010800019_,ВА 88-40 (3ф) 400А IEK (1/4) E-PRO,2026-08-01,0.017235516624571765,0.0,0.0,2.2453655975512463,,2.262601114175818,3,HIGH,Прогноз 0 шт.; остаток 0; в пути 0; страховой запас 2; MOQ не указан.
IEK,030200424_,"Роз. комп. RJ45 кат.5E б/рамки ""BRITE"" жемчуг (1/100)",2026-08-01,0.21153327012042747,0.0,0.0,1.290994448735803,1.0,1.5025277188562305,2,HIGH,Прогноз 0 шт.; остаток 0; в пути 0; страховой запас 1; MOQ 1.0.
IEK,270300099_,"  Трансформатор тока ТТИ-А  100/5А  5ВА  класс 0,5  IEK",2026-08-01,0.4497766881060887,0.0,0.0,0.7527726527090649,1.0,1.2025493408151535,2,HIGH,Прогноз 0 шт.; остаток 0; в пути 0; страховой запас 1; MOQ 1.0.
IEK,250600178_,ЩРН-П 24 модуля навесн. пластик IP41 GENERICA (10),2026-08-01,0.8374442243133958,0.0,0.0,0.4915960401250584,,1.3290402644384542,2,HIGH,Прогноз 1 шт.; остаток 0; в пути 0; страховой запас 0; MOQ не указан.
IEK,280300040_,Поворот 90º вертикальный внешний  50х200 IEK,2026-08-01,0.13087600475020628,0.0,0.0,0.9174239296348587,1.0,1.048299934385065,2,HIGH,Прогноз 0 шт.; остаток 0; в пути 0; страховой запас 1; MOQ 1.0.
IEK,250600179_,ЩРН-П 36 модулей навесн. пластик IP41 GENERICA (5),2026-08-01,1.3006567715371729,0.0,0.0,0.2041241452319399,,1.5047809167691129,2,HIGH,Прогноз 1 шт.; остаток 0; в пути 0; страховой запас 0; MOQ не указан.
IEK,010300150_, УЗО АД 12  (2ф) 40А 300мА IEK (4/32) !!!,2026-08-01,0.01035179184985946,0.0,0.0,1.3291601358251255,,1.339511927674985,2,HIGH,Прогноз 0 шт.; остаток 0; в пути 0; страховой запас 1; MOQ не указан.
IEK,130400154_,Изолятор ступенчатый ИС4-40 (М8) силовой с болтом IEK,2026-08-01,0.186556029695191,0.0,0.0,0.8366600265340756,2.0,1.0232160562292665,2,HIGH,Прогноз 0 шт.; остаток 0; в пути 0; страховой запас 1; MOQ 2.0.
IEK,130500010_, Сальник PG 16 (9-13мм) IEK (20),2026-08-01,0.057940823448502196,0.0,0.0,1.0,,1.0579408234485022,2,HIGH,Прогноз 0 шт.; остаток 0; в пути 0; страховой запас 1; MOQ не указан.
IEK,030200550_,"Роз. с с/з з/ш 16А б/рамки ""BRITE"" маренго (1/100)",2026-08-01,1.2074020865229178,0.0,0.0,0.0,,1.2074020865229178,2,HIGH,Прогноз 1 шт.; остаток 0; в пути 0; страховой запас 0; MOQ не указан.
IEK,280100444_,Поворот 90град КМП 25х16 черный ЭЛЕКОР IEK (4шт/компл) ,2026-08-01,0.0039493220577809535,0.0,0.0,1.8371173070873836,,1.8410666291451645,2,HIGH,Прогноз 0 шт.; остаток 0; в пути 0; страховой запас 2; MOQ не указан.
IEK,130500005_,Изолятор SM76 IEK (10),2026-08-01,0.00040755513928148634,0.0,0.0,1.632993161855452,,1.6334007169947335,2,HIGH,Прогноз 0 шт.; остаток 0; в пути 0; страховой запас 2; MOQ не указан.
IEK,130300764_,"Датчик движения МВ 301 белый,1200 Вт, 360гр. дальность 8 м IP20 IEK (50) ",2026-08-01,1.8360986133690254,0.0,0.0,0.0,1.0,1.8360986133690254,2,HIGH,Прогноз 2 шт.; остаток 0; в пути 0; страховой запас 0; MOQ 1.0.
IEK,280100438_,Заглушка КМЗ 40х25 черный ЭЛЕКОР IEK (4шт/компл)  ,2026-08-01,8.202354035978579e-08,0.0,0.0,0.0,,8.202354035978579e-08,1,HIGH,Прогноз 0 шт.; остаток 0; в пути 0; страховой запас 0; MOQ не указан.
IEK,280100441_,Поворот 90град КМП 15х10 черный ЭЛЕКОР IEK (4шт/компл),2026-08-01,0.0013648610819682896,0.0,0.0,0.816496580927726,,0.8178614420096944,1,HIGH,Прогноз 0 шт.; остаток 0; в пути 0; страховой запас 1; MOQ не указан.
IEK,240200017_,Круглая скоба 16мм IEK (100),2026-08-01,0.00016145006888841797,0.0,0.0,0.0,,0.00016145006888841797,1,HIGH,Прогноз 0 шт.; остаток 0; в пути 0; страховой запас 0; MOQ не указан.
IEK,010300130_, УЗО АВДТ 34  10А С 30мА  IEK E-PRO,2026-08-01,2.2194748720555027e-07,0.0,0.0,0.0,,2.2194748720555027e-07,1,HIGH,Прогноз 0 шт.; остаток 0; в пути 0; страховой запас 0; MOQ не указан.
IEK,280100440_,Заглушка КМЗ 100х60 черный ЭЛЕКОР IEK (2шт/компл)  ,2026-08-01,1.0150674452062891e-07,0.0,0.0,0.0,,1.0150674452062891e-07,1,HIGH,Прогноз 0 шт.; остаток 0; в пути 0; страховой запас 0; MOQ не указан.
IEK,ярп40242,ЩРН-П 36 IEK черный IP41,2026-08-01,8.200979334767576e-08,0.0,0.0,0.0,,8.200979334767576e-08,1,HIGH,Прогноз 0 шт.; остаток 0; в пути 0; страховой запас 0; MOQ не указан.
IEK,ярп40100,"Профиль перфорированный П-образный 2000-1,5 IEK E-PRO",2026-08-01,3.025283089826309e-07,0.0,0.0,0.0,,3.025283089826309e-07,1,HIGH,Прогноз 0 шт.; остаток 0; в пути 0; страховой запас 0; MOQ не указан.
IEK,250600181_,ЩРВ-П  6 модулей встр. пластик IP41 GENERICA (20),2026-08-01,0.5186586276838515,0.0,0.0,0.0,,0.5186586276838515,1,HIGH,Прогноз 1 шт.; остаток 0; в пути 0; страховой запас 0; MOQ не указан.
IEK,250600057_,ЩМП-5 IP65 GARANT (1000х650х275) IEK,2026-08-01,2.9994686521718427e-07,0.0,0.0,0.0,,2.9994686521718427e-07,1,HIGH,Прогноз 0 шт.; остаток 0; в пути 0; страховой запас 0; MOQ не указан.
IEK,280300058_,Поворот 90º вертикальный внутренний  50х300 IEK,2026-08-01,2.1943404863117191e-07,0.0,0.0,0.0,,2.1943404863117191e-07,1,HIGH,Прогноз 0 шт.; остаток 0; в пути 0; страховой запас 0; MOQ не указан.
IEK,010300168_, УЗО АВДТ 32  20А GENERICA (6/60) !!!,2026-08-01,9.920183943428548e-08,0.0,0.0,0.0,,9.920183943428548e-08,1,HIGH,Прогноз 0 шт.; остаток 0; в пути 0; страховой запас 0; MOQ не указан.
IEK,250600059_,ЩМП-7 IP65 GARANT (1400х650х275) IEK,2026-08-01,2.1943404863117191e-07,0.0,0.0,0.0,,2.1943404863117191e-07,1,HIGH,Прогноз 0 шт.; остаток 0; в пути 0; страховой запас 0; MOQ не указан.
IEK,010300169_, УЗО АВДТ 32  25А GENERICA (6/60) !!!,2026-08-01,0.00016143464567082877,0.0,0.0,0.0,,0.00016143464567082877,1,HIGH,Прогноз 0 шт.; остаток 0; в пути 0; страховой запас 0; MOQ не указан.
IEK,010300144_, УЗО АД 14  (4ф) 63А 100мА IEK !,2026-08-01,3.8018549416784496e-07,0.0,0.0,0.2041241452319315,,0.20412452541742568,1,HIGH,Прогноз 0 шт.; остаток 0; в пути 0; страховой запас 0; MOQ не указан.
IEK,010300156_, УЗО АД 12  (2ф) 16А GENERICA (5/40) !!!,2026-08-01,2.2727293554206816e-07,0.0,0.0,0.0,,2.2727293554206816e-07,1,HIGH,Прогноз 0 шт.; остаток 0; в пути 0; страховой запас 0; MOQ не указан.
IEK,ярп40223,ВА 88-32 (3ф)  80А 690В MASTER IEK!!!,2026-08-01,2.1943404863117191e-07,0.0,0.0,0.0,,2.1943404863117191e-07,1,HIGH,Прогноз 0 шт.; остаток 0; в пути 0; страховой запас 0; MOQ не указан.
IEK,030200524_,"Роз. без з/к 10А б/рамки ""BRITE"" шампань (1/100)",2026-08-01,0.18841455856275774,0.0,0.0,0.0,1.0,0.18841455856275774,1,HIGH,Прогноз 0 шт.; остаток 0; в пути 0; страховой запас 0; MOQ 1.0.
IEK,280100426_,Угол внешний КМН 100х60 черный ЭЛЕКОР IEK (2шт/компл) ,2026-08-01,1.5098787087669832e-07,0.0,0.0,0.0,,1.5098787087669832e-07,1,HIGH,Прогноз 0 шт.; остаток 0; в пути 0; страховой запас 0; MOQ не указан.
IEK,ярп40167,"Блок аварийного питания БАП200-1,0 универс. для LED IP65 IEK",2026-08-01,2.1943404863117191e-07,0.0,0.0,0.0,,2.1943404863117191e-07,1,HIGH,Прогноз 0 шт.; остаток 0; в пути 0; страховой запас 0; MOQ не указан.
IEK,030200754_,BRITE Рамка 5-местная РУ-5-БрЖ жемчуг IEK,2026-08-01,2.152025905197025e-07,0.0,0.0,0.0,,2.152025905197025e-07,1,HIGH,Прогноз 0 шт.; остаток 0; в пути 0; страховой запас 0; MOQ не указан.
IEK,280300049_,Разветвитель Т-образный  50х300 IEK,2026-08-01,1.6957608907000305e-07,0.0,0.0,0.0,,1.6957608907000305e-07,1,HIGH,Прогноз 0 шт.; остаток 0; в пути 0; страховой запас 0; MOQ не указан.
IEK,250600116_,ЩРН-П  9 PRIME IEK (20) !!!,2026-08-01,2.6045375226063317e-05,0.0,0.0,0.4183300132670378,,0.41835605864226383,1,HIGH,Прогноз 0 шт.; остаток 0; в пути 0; страховой запас 0; MOQ не указан.
IEK,080800023_,Индикатор AL-22TE Ø22мм (желтый неон) IEK (10/300) !!!,2026-08-01,9.22814739395467e-08,0.0,0.0,0.0,,9.22814739395467e-08,1,HIGH,Прогноз 0 шт.; остаток 0; в пути 0; страховой запас 0; MOQ не указан.
IEK,251400141_,ЩРН-П 24 белая дверь IP40 KREPTA 5 IEK,2026-08-01,1.746787521368278e-07,0.0,0.0,0.0,1.0,1.746787521368278e-07,1,HIGH,Прогноз 0 шт.; остаток 0; в пути 0; страховой запас 0; MOQ 1.0.
IEK,яярп6001,Шина АД 31Т 8х60 L4000 IEK,2026-08-01,2.2153639788327422e-07,0.0,0.0,0.0,,2.2153639788327422e-07,1,HIGH,Прогноз 0 шт.; остаток 0; в пути 0; страховой запас 0; MOQ не указан.
IEK,ярп40222,ВА 88-32 (3ф)  63А  690В MASTER IEK!!!,2026-08-01,1.7101988004448177e-07,0.0,0.0,0.0,,1.7101988004448177e-07,1,HIGH,Прогноз 0 шт.; остаток 0; в пути 0; страховой запас 0; MOQ не указан.
IEK,ярп40219,ВА 88-32 (3ф)  32А 690В MASTER IEK!!!,2026-08-01,2.1943404863117191e-07,0.0,0.0,0.0,,2.1943404863117191e-07,1,HIGH,Прогноз 0 шт.; остаток 0; в пути 0; страховой запас 0; MOQ не указан.
IEK,280100348_,Угол внешний КМН 40х25 дуб ЭЛЕКОР IEK (4шт/компл),2026-08-01,1.5098787087669832e-07,0.0,0.0,0.0,,1.5098787087669832e-07,1,HIGH,Прогноз 0 шт.; остаток 0; в пути 0; страховой запас 0; MOQ не указан.
IEK,010300163_, УЗО АД 12  (2ф) 50А GENERICA (5/40) !!!,2026-08-01,2.1943404863117191e-07,0.0,0.0,0.0,,2.1943404863117191e-07,1,HIGH,Прогноз 0 шт.; остаток 0; в пути 0; страховой запас 0; MOQ не указан.
IEK,010300157_, УЗО АД 12  (2ф) 25А GENERICA (5/40) !!!,2026-08-01,2.2727293554206816e-07,0.0,0.0,0.0,,2.2727293554206816e-07,1,HIGH,Прогноз 0 шт.; остаток 0; в пути 0; страховой запас 0; MOQ не указан.
IEK,280100430_,Угол внутренний КМВ 25х16 черный ЭЛЕКОР IEK (4шт/компл) ,2026-08-01,1.5098787087669832e-07,0.0,0.0,0.0,,1.5098787087669832e-07,1,HIGH,Прогноз 0 шт.; остаток 0; в пути 0; страховой запас 0; MOQ не указан.
IEK,250600063_,ЩМП-3 IP 31 (650х500х150) LIGHT IEK !,2026-08-01,0.009658738368546041,0.0,0.0,0.20412414523193154,,0.2137828836004776,1,HIGH,Прогноз 0 шт.; остаток 0; в пути 0; страховой запас 0; MOQ не указан.
IEK,280300055_,Поворот 90º вертикальный внутренний  50х50 IEK,2026-08-01,3.067597670941003e-07,0.0,0.0,0.0,,3.067597670941003e-07,1,HIGH,Прогноз 0 шт.; остаток 0; в пути 0; страховой запас 0; MOQ не указан.
IEK,ярп40240,ЩРН-П 18 IEK черный IP41,2026-08-01,2.1943404863117191e-07,0.0,0.0,0.0,,2.1943404863117191e-07,1,HIGH,Прогноз 0 шт.; остаток 0; в пути 0; страховой запас 0; MOQ не указан.
IEK,ярп40241,ЩРН-П 24 IEK черный IP41,2026-08-01,2.1943404863117191e-07,0.0,0.0,0.0,,2.1943404863117191e-07,1,HIGH,Прогноз 0 шт.; остаток 0; в пути 0; страховой запас 0; MOQ не указан.
IEK,114001003_,Мультиметр цифровой  Professional MY64 IEK E-PRO,2026-08-01,5.4402043638915003e-08,0.0,0.0,0.0,,5.4402043638915003e-08,1,HIGH,Прогноз 0 шт.; остаток 0; в пути 0; страховой запас 0; MOQ не указан.
IEK,280100354_,Заглушка КМЗ 25х16 дуб ЭЛЕКОР IEK (4шт/компл)  ,2026-08-01,1.5098787087669832e-07,0.0,0.0,0.0,,1.5098787087669832e-07,1,HIGH,Прогноз 0 шт.; остаток 0; в пути 0; страховой запас 0; MOQ не указан.
IEK,280100437_,Заглушка КМЗ 25х16 черный ЭЛЕКОР IEK (4шт/компл)  ,2026-08-01,9.861528130311842e-08,0.0,0.0,0.0,,9.861528130311842e-08,1,HIGH,Прогноз 0 шт.; остаток 0; в пути 0; страховой запас 0; MOQ не указан.
IEK,250600152_,ЩУРн-П 3/6 IP66 KREPTA 5 PC IEK E-PRO,2026-08-01,2.1943404863117191e-07,0.0,0.0,0.0,,2.1943404863117191e-07,1,HIGH,Прогноз 0 шт.; остаток 0; в пути 0; страховой запас 0; MOQ не указан.
IEK,120100031_,  Механизм блокировки для КМИ (40-95А) IEK,2026-08-01,2.1943404863117191e-07,0.0,0.0,0.0,,2.1943404863117191e-07,1,HIGH,Прогноз 0 шт.; остаток 0; в пути 0; страховой запас 0; MOQ не указан.
IEK,251400140_,ЩРН-П 12 белая дверь IP40 KREPTA 5 IEK,2026-08-01,2.5225760481886577e-07,0.0,0.0,0.0,1.0,2.5225760481886577e-07,1,HIGH,Прогноз 0 шт.; остаток 0; в пути 0; страховой запас 0; MOQ 1.0.
IEK,250600150_,ЩУРн-П 1/8 IP66 PC IEK NEW (1/10),2026-08-01,5.965305941704823e-09,0.0,0.0,0.0,,5.965305941704823e-09,1,HIGH,Прогноз 0 шт.; остаток 0; в пути 0; страховой запас 0; MOQ не указан.
IEK,280100434_,Заглушка КМЗ 15х10 черный ЭЛЕКОР IEK (4шт/компл)  ,2026-08-01,3.067597670941003e-07,0.0,0.0,0.0,,3.067597670941003e-07,1,HIGH,Прогноз 0 шт.; остаток 0; в пути 0; страховой запас 0; MOQ не указан.
IEK,яяярп5300,Светильник светодиодный консольный ДКУ 1013-150Д 5000К IP65 IEK,2026-08-01,2.938882413856404e-07,0.0,0.0,0.0,,2.938882413856404e-07,1,HIGH,Прогноз 0 шт.; остаток 0; в пути 0; страховой запас 0; MOQ не указан.
IEK,ярп40227,ВА 88-35 (3ф) 200А 690В MASTER IEK,2026-08-01,2.3922308402107086e-07,0.0,0.0,0.0,,2.3922308402107086e-07,1,HIGH,Прогноз 0 шт.; остаток 0; в пути 0; страховой запас 0; MOQ не указан.
IEK,280100435_,Заглушка КМЗ 16х16 черный ЭЛЕКОР IEK (4шт/компл)  ,2026-08-01,1.5309022012880063e-07,0.0,0.0,0.0,,1.5309022012880063e-07,1,HIGH,Прогноз 0 шт.; остаток 0; в пути 0; страховой запас 0; MOQ не указан.
IEK,270100217_,Разъединитель РЕ19-37-31140 400А IEK (4) NEW,2026-08-01,3.067597670941003e-07,0.0,0.0,0.0,1.0,3.067597670941003e-07,1,HIGH,Прогноз 0 шт.; остаток 0; в пути 0; страховой запас 0; MOQ 1.0.
IEK,280100352_,Угол внутренний КМВ 40х25 дуб ЭЛЕКОР IEK (4шт/компл) ,2026-08-01,0.0014791966991316756,0.0,0.0,0.816496580927726,,0.8179757776268577,1,HIGH,Прогноз 0 шт.; остаток 0; в пути 0; страховой запас 1; MOQ не указан.
IEK,130600007_,Реле РЭК77/4(LY4) 10A 24B DC IEK (200),2026-08-01,9.545972356748358e-08,0.0,0.0,0.0,,9.545972356748358e-08,1,HIGH,Прогноз 0 шт.; остаток 0; в пути 0; страховой запас 0; MOQ не указан.
IEK,яярп4829, BA 47-60M (3ф) 20А 6кА С IEK !!!,2026-08-01,2.1943404863117191e-07,0.0,0.0,0.0,,2.1943404863117191e-07,1,HIGH,Прогноз 0 шт.; остаток 0; в пути 0; страховой запас 0; MOQ не указан.
IEK,280300054_,Разветвитель Т-образный 100х400 IEK,2026-08-01,2.2873744707912688e-07,0.0,0.0,0.0,1.0,2.2873744707912688e-07,1,HIGH,Прогноз 0 шт.; остаток 0; в пути 0; страховой запас 0; MOQ 1.0.
IEK,250600291_,ЩМП  500х400х250 IP66  TITAN 5 IEK,2026-08-01,0.004126062995059259,0.0,0.0,0.6645800679125629,1.0,0.6687061309076221,1,HIGH,Прогноз 0 шт.; остаток 0; в пути 0; страховой запас 1; MOQ 1.0.
IEK,280100381_,Угол внешний КМН 25х16 сосна ЭЛЕКОР IEK (4шт/компл) ,2026-08-01,6.194413287667888e-08,0.0,0.0,0.0,,6.194413287667888e-08,1,HIGH,Прогноз 0 шт.; остаток 0; в пути 0; страховой запас 0; MOQ не указан.
IEK,250600252_,Корпус пластиковый ЩРВ-П-8 IP41 черный KREPTA 3 ИЭК,2026-08-01,2.2153639788327422e-07,0.0,0.0,0.0,,2.2153639788327422e-07,1,HIGH,Прогноз 0 шт.; остаток 0; в пути 0; страховой запас 0; MOQ не указан.
IEK,130500002_,Изолятор SM30 IEK (10),2026-08-01,0.7816204351599294,0.0,0.0,9.087509530323344e-07,,0.7816213439108824,1,HIGH,Прогноз 1 шт.; остаток 0; в пути 0; страховой запас 0; MOQ не указан.
IEK,ярп4522,Контактор КМИ-22510 25А 24В/АС3 1НО IEK,2026-08-01,1.4178361417023088e-07,0.0,0.0,0.0,,1.4178361417023088e-07,1,HIGH,Прогноз 0 шт.; остаток 0; в пути 0; страховой запас 0; MOQ не указан.
IEK,280100384_,Угол внутренний КМВ 16х16 сосна ЭЛЕКОР IEK (4шт/компл) ,2026-08-01,1.5098787087669832e-07,0.0,0.0,0.0,,1.5098787087669832e-07,1,HIGH,Прогноз 0 шт.; остаток 0; в пути 0; страховой запас 0; MOQ не указан.
IEK,ярп6060,Тепловое реле РТИ-5371 (90-120А) IEK !!!,2026-08-01,2.1943404863117191e-07,0.0,0.0,0.0,,2.1943404863117191e-07,1,HIGH,Прогноз 0 шт.; остаток 0; в пути 0; страховой запас 0; MOQ не указан.
IEK,081100598_, LED Прожектор 100W 6500K IP65  (СДО07-100) IEK (1),2026-08-01,2.9571540710571487e-07,0.0,0.0,0.0,,2.9571540710571487e-07,1,HIGH,Прогноз 0 шт.; остаток 0; в пути 0; страховой запас 0; MOQ не указан.
IEK,250600244_,ЩРВ-П 12 черный прозрачная дв. IP41 IEK,2026-08-01,2.9994686521718427e-07,0.0,0.0,0.0,,2.9994686521718427e-07,1,HIGH,Прогноз 0 шт.; остаток 0; в пути 0; страховой запас 0; MOQ не указан.
IEK,250600250_,ЩРН-П 12 IEK черный прозрачная дв. IP41,2026-08-01,7.935885736735668e-08,0.0,0.0,0.0,,7.935885736735668e-08,1,HIGH,Прогноз 0 шт.; остаток 0; в пути 0; страховой запас 0; MOQ не указан.
IEK,081100748_,"Патрон подвесной E27 со шнуром 1,5м RETRO золото IEK",2026-08-01,1.5098787087669832e-07,0.0,0.0,0.0,,1.5098787087669832e-07,1,HIGH,Прогноз 0 шт.; остаток 0; в пути 0; страховой запас 0; MOQ не указан.
IEK,ярп4673, BA 47-60M (3ф) 32А 6кА С IEK !!!,2026-08-01,2.2576785599474363e-07,0.0,0.0,0.0,,2.2576785599474363e-07,1,HIGH,Прогноз 0 шт.; остаток 0; в пути 0; страховой запас 0; MOQ не указан.
IEK,ярп5867,Сальник MG 32 диаметр проводника 16-24мм IP68 IEK,2026-08-01,2.152025905197025e-07,0.0,0.0,0.0,,2.152025905197025e-07,1,HIGH,Прогноз 0 шт.; остаток 0; в пути 0; страховой запас 0; MOQ не указан.
IEK,280100393_,Поворот 90град КМП 16х16 сосна ЭЛЕКОР IEK (4шт/компл) ,2026-08-01,3.067597670941003e-07,0.0,0.0,0.0,,3.067597670941003e-07,1,HIGH,Прогноз 0 шт.; остаток 0; в пути 0; страховой запас 0; MOQ не указан.
IEK,280100394_,Поворот 90град КМП 25х16 сосна ЭЛЕКОР IEK (4шт/компл) ,2026-08-01,1.4675641276522892e-07,0.0,0.0,0.0,,1.4675641276522892e-07,1,HIGH,Прогноз 0 шт.; остаток 0; в пути 0; страховой запас 0; MOQ не указан.
IEK,250200106_,ЩЭ 2 (1000х960х155) IP31 IEK *,2026-08-01,2.1943404863117191e-07,0.0,0.0,0.0,,2.1943404863117191e-07,1,HIGH,Прогноз 0 шт.; остаток 0; в пути 0; страховой запас 0; MOQ не указан.
IEK,ярп4795,Приставка ПКИ-40 доп.контакты 4з   IEK KPK10-40,2026-08-01,2.2153639788327422e-07,0.0,0.0,0.0,,2.2153639788327422e-07,1,HIGH,Прогноз 0 шт.; остаток 0; в пути 0; страховой запас 0; MOQ не указан.
IEK,270200130_,Предохранитель ППНИ-33   (32А) габарит 00 IEK (3/90)  !!!,2026-08-01,2.2153639788327422e-07,0.0,0.0,0.0,,2.2153639788327422e-07,1,HIGH,Прогноз 0 шт.; остаток 0; в пути 0; страховой запас 0; MOQ не указан.
IEK,280100390_,Заглушка КМЗ 25х16 сосна ЭЛЕКОР IEK (4шт/компл)  ,2026-08-01,1.5309022012880063e-07,0.0,0.0,0.0,,1.5309022012880063e-07,1,HIGH,Прогноз 0 шт.; остаток 0; в пути 0; страховой запас 0; MOQ не указан.
IEK,яярп4772, BA 47-150 (1ф) 125А 15кА х-ка C IEK !!!,2026-08-01,3.067597670941003e-07,0.0,0.0,0.0,,3.067597670941003e-07,1,HIGH,Прогноз 0 шт.; остаток 0; в пути 0; страховой запас 0; MOQ не указан.
IEK,280100447_,Поворот 90град КМП 100х60 черный ЭЛЕКОР IEK (2шт/компл) ,2026-08-01,1.2305299412091574e-07,0.0,0.0,0.0,,1.2305299412091574e-07,1,HIGH,Прогноз 0 шт.; остаток 0; в пути 0; страховой запас 0; MOQ не указан.
IEK,130500012_, Сальник PG 29 (18-24мм) IEK (20),2026-08-01,2.1943404863117191e-07,0.0,0.0,0.0,,2.1943404863117191e-07,1,HIGH,Прогноз 0 шт.; остаток 0; в пути 0; страховой запас 0; MOQ не указан.
IEK,250200005_,ЩЭ 4 (1000х960х155) IP31 IEK,2026-08-01,0.00016169350540814152,0.0,0.0,0.0,1.0,0.00016169350540814152,1,HIGH,Прогноз 0 шт.; остаток 0; в пути 0; страховой запас 0; MOQ 1.0.
IEK,081100289_,"LED R50 ""ECO"" 5w 230v 4000K E14 IEK (1) ",2026-08-01,8.686870274492666e-08,0.0,0.0,0.0,,8.686870274492666e-08,1,HIGH,Прогноз 0 шт.; остаток 0; в пути 0; страховой запас 0; MOQ не указан.
IEK,280100448_,Соединитель на стык КМС 15х10 черный ЭЛЕКОР IEK (4шт/компл),2026-08-01,3.8937863912304186e-07,0.0,0.0,0.0,,3.8937863912304186e-07,1,HIGH,Прогноз 0 шт.; остаток 0; в пути 0; страховой запас 0; MOQ не указан.
IEK,270300030_,"Трансформатор тока ТТИ-А  600\5А 5ВА кл.т.0,5 IEK (36) !!!",2026-08-01,2.1943404863117191e-07,0.0,0.0,0.0,,2.1943404863117191e-07,1,HIGH,Прогноз 0 шт.; остаток 0; в пути 0; страховой запас 0; MOQ не указан.
IEK,250600055_,ЩМП-3 IP65 GARANT (650х500х220) IEK ,2026-08-01,2.152025905197025e-07,0.0,0.0,0.0,,2.152025905197025e-07,1,HIGH,Прогноз 0 шт.; остаток 0; в пути 0; страховой запас 0; MOQ не указан.
IEK,130500015_, Сальник PG 48 (36-44мм) IEK (20),2026-08-01,1.6996666928721253e-07,0.0,0.0,0.0,,1.6996666928721253e-07,1,HIGH,Прогноз 0 шт.; остаток 0; в пути 0; страховой запас 0; MOQ не указан.
IEK,ярп40246,ЩРВ-П 12 IEK черный IP41,2026-08-01,3.067597670941003e-07,0.0,0.0,0.0,,3.067597670941003e-07,1,HIGH,Прогноз 0 шт.; остаток 0; в пути 0; страховой запас 0; MOQ не указан.
IEK,яярп4792, BA 47-60M (3ф) 40А 6кА С IEK !!!,2026-08-01,2.1943404863117191e-07,0.0,0.0,0.0,,2.1943404863117191e-07,1,HIGH,Прогноз 0 шт.; остаток 0; в пути 0; страховой запас 0; MOQ не указан.
IEK,081100774_,"Датчик движения ДД 201 белый, 1200Вт, 360 гр.,6М,IP20,IEK",2026-08-01,0.8173324893426838,0.0,0.0,0.0,1.0,0.8173324893426838,1,HIGH,Прогноз 1 шт.; остаток 0; в пути 0; страховой запас 0; MOQ 1.0.
IEK,280100445_,Поворот 90град КМП 40х25 черный ЭЛЕКОР IEK (4шт/компл) ,2026-08-01,1.6747003362707386e-07,0.0,0.0,0.0,,1.6747003362707386e-07,1,HIGH,Прогноз 0 шт.; остаток 0; в пути 0; страховой запас 0; MOQ не указан.
IEK,яярп4773, BA 47-60M (3ф) 32А 6кА B IEK !!!,2026-08-01,2.2153639788327422e-07,0.0,0.0,0.0,,2.2153639788327422e-07,1,HIGH,Прогноз 0 шт.; остаток 0; в пути 0; страховой запас 0; MOQ не указан.
IEK,250600053_,ЩМП-1 IP65 GARANT (395х310х220) IEK,2026-08-01,2.1943404863117191e-07,0.0,0.0,0.0,,2.1943404863117191e-07,1,HIGH,Прогноз 0 шт.; остаток 0; в пути 0; страховой запас 0; MOQ не указан.
IEK,010300125_, УЗО АВДТ 32  63А 100mA IEK !!!,2026-08-01,1.7427472049327976e-07,0.0,0.0,0.0,,1.7427472049327976e-07,1,HIGH,Прогноз 0 шт.; остаток 0; в пути 0; страховой запас 0; MOQ не указан.
IEK,130500013_, Сальник PG 36 (24-32мм) IEK (20),2026-08-01,5.965305941704823e-09,0.0,0.0,0.0,,5.965305941704823e-09,1,HIGH,Прогноз 0 шт.; остаток 0; в пути 0; страховой запас 0; MOQ не указан.
IEK,080800140_,"Светодиодная лента ""Неон"" LED 5м LSR5-5050RGB60-8-IP65-220В+драйвер IEK",2026-08-01,7.566023126248473e-08,0.0,0.0,0.0,1.0,7.566023126248473e-08,1,HIGH,Прогноз 0 шт.; остаток 0; в пути 0; страховой запас 0; MOQ 1.0.
IEK,250600054_,ЩМП-2 IP65 GARANT (500х400х220) IEK,2026-08-01,2.9571540710571487e-07,0.0,0.0,0.0,,2.9571540710571487e-07,1,HIGH,Прогноз 0 шт.; остаток 0; в пути 0; страховой запас 0; MOQ не указан.
IEK,081100772_,Датчик движения ДД 022 белый 2000Вт 360гр 4мх20м IP20 IEK,2026-08-01,0.5825612882506983,0.0,0.0,0.20412414523193895,1.0,0.7866854334826372,1,HIGH,Прогноз 1 шт.; остаток 0; в пути 0; страховой запас 0; MOQ 1.0.
IEK,250600184_,ЩРВ-П 18 модулей встр. пластик IP41 GENERICA (10),2026-08-01,0.3226059782301292,0.0,0.0,0.0,,0.3226059782301292,1,HIGH,Прогноз 0 шт.; остаток 0; в пути 0; страховой запас 0; MOQ не указан.
IEK,081100751_,Светильник LED настол. 2013 9Вт ночник белый IEK,2026-08-01,0.07489514446197726,0.0,0.0,0.0,,0.07489514446197726,1,HIGH,Прогноз 0 шт.; остаток 0; в пути 0; страховой запас 0; MOQ не указан.
IEK,081100753_,Светильник LED настол. 2015 8Вт белый IEK,2026-08-01,2.1943404863117191e-07,0.0,0.0,0.0,,2.1943404863117191e-07,1,HIGH,Прогноз 0 шт.; остаток 0; в пути 0; страховой запас 0; MOQ не указан.
IEK,130500007_, Сальник PG  9 (6-7мм) IEK (20),2026-08-01,0.40916336272577575,0.0,0.0,0.0,,0.40916336272577575,1,HIGH,Прогноз 0 шт.; остаток 0; в пути 0; страховой запас 0; MOQ не указан.
IEK,081100375_,LED ПРОЖЕКТОР СДО 06-100 100W 8000Lm 6500K IP65 IEK,2026-08-01,3.0684877706483654e-07,0.0,0.0,0.0,,3.0684877706483654e-07,1,HIGH,Прогноз 0 шт.; остаток 0; в пути 0; страховой запас 0; MOQ не указан.
IEK,250600186_,ЩРВ-П 36 модулей встр. пластик IP41 GENERICA (5),2026-08-01,0.8835498728797831,0.0,0.0,0.0,,0.8835498728797831,1,HIGH,Прогноз 1 шт.; остаток 0; в пути 0; страховой запас 0; MOQ не указан.
IEK,яярп4532, BA 47-60M (2ф) 10А 6кА С IEK !!!,2026-08-01,2.2153639788327422e-07,0.0,0.0,0.0,,2.2153639788327422e-07,1,HIGH,Прогноз 0 шт.; остаток 0; в пути 0; страховой запас 0; MOQ не указан.
IEK,130500006_, Сальник PG  7 (5-6мм) IEK (20),2026-08-01,1.7490034596848825e-07,0.0,0.0,0.0,,1.7490034596848825e-07,1,HIGH,Прогноз 0 шт.; остаток 0; в пути 0; страховой запас 0; MOQ не указан.
IEK,270200101_,Предохранитель ППНИ-33   (40А) IEK габарит 0 (72) !!!,2026-08-01,2.1943404863117191e-07,0.0,0.0,0.0,,2.1943404863117191e-07,1,HIGH,Прогноз 0 шт.; остаток 0; в пути 0; страховой запас 0; MOQ не указан.
IEK,ярп40309,"Клещи обжимные КО-02 1,5-2,5мм IEK!!!",2026-08-01,1.5098787087669832e-07,0.0,0.0,0.0,,1.5098787087669832e-07,1,HIGH,Прогноз 0 шт.; остаток 0; в пути 0; страховой запас 0; MOQ не указан.
IEK,130500009_," Сальник PG 13,5 (7-11мм) IEK (20)",2026-08-01,1.4636016688249876e-08,0.0,0.0,0.0,,1.4636016688249876e-08,1,HIGH,Прогноз 0 шт.; остаток 0; в пути 0; страховой запас 0; MOQ не указан.
IEK,270300007_, Ящик  ЯТП(укп) 380/36 IEK (1),2026-08-01,4.273910602834677e-07,0.0,0.0,0.2041241452319315,1.0,0.2041245726229918,1,HIGH,Прогноз 0 шт.; остаток 0; в пути 0; страховой запас 0; MOQ 1.0.
IEK,081100373_,LED ПРОЖЕКТОР СДО 06 - 30  30W 2400Lm 6500K IP65 IEK !!!,2026-08-01,1.3044653104488594e-07,0.0,0.0,0.0,,1.3044653104488594e-07,1,HIGH,Прогноз 0 шт.; остаток 0; в пути 0; страховой запас 0; MOQ не указан.
IEK,081100309_, LED Прожектор  50w 6500K IP65 (СДО07-50)) IEK (1)*,2026-08-01,2.1943404863117191e-07,0.0,0.0,0.0,,2.1943404863117191e-07,1,HIGH,Прогноз 0 шт.; остаток 0; в пути 0; страховой запас 0; MOQ не указан.
IEK,280100451_,Соединитель на стык КМС 25х16 черный ЭЛЕКОР IEK (4шт/компл),2026-08-01,3.8937863912304186e-07,0.0,0.0,0.0,,3.8937863912304186e-07,1,HIGH,Прогноз 0 шт.; остаток 0; в пути 0; страховой запас 0; MOQ не указан.
IEK,ярп40267,LED ДБА ОСНОВАНИЕ без пиктограммы (белый) 220В 301х101х20 IP52 IEK !,2026-08-01,2.6969496226742736e-06,0.0,0.0,0.408248290463863,,0.4082509874134857,1,HIGH,Прогноз 0 шт.; остаток 0; в пути 0; страховой запас 0; MOQ не указан.
IEK,ярп40269,LED ДБА ВЫХОД 24В 301х101х20 IP52 IEK !!!,2026-08-01,1.2991925426340012e-08,0.0,0.0,0.0,,1.2991925426340012e-08,1,HIGH,Прогноз 0 шт.; остаток 0; в пути 0; страховой запас 0; MOQ не указан.
IEK,081100374_,LED ПРОЖЕКТОР СДО 06 - 50  50W 4000Lm 6500K IP65 IEK,2026-08-01,2.1943404863117191e-07,0.0,0.0,0.0,,2.1943404863117191e-07,1,HIGH,Прогноз 0 шт.; остаток 0; в пути 0; страховой запас 0; MOQ не указан.
IEK,081100754_,Светильник LED настол. 2015 8Вт черный IEK,2026-08-01,2.1943404863117191e-07,0.0,0.0,0.0,,2.1943404863117191e-07,1,HIGH,Прогноз 0 шт.; остаток 0; в пути 0; страховой запас 0; MOQ не указан.
IEK,ярп40271,LED ДБА ВЫХОД 220В 301х101х20 (батарея на 10 часов) IP52 IEK !,2026-08-01,9.36816046218427e-08,0.0,0.0,0.0,,9.36816046218427e-08,1,HIGH,Прогноз 0 шт.; остаток 0; в пути 0; страховой запас 0; MOQ не указан.
IEK,081100757_,Светильник настол. 1005 с кармашком Е27 черный IEK,2026-08-01,6.443200956916607e-06,0.0,0.0,0.0,,6.443200956916607e-06,1,HIGH,Прогноз 0 шт.; остаток 0; в пути 0; страховой запас 0; MOQ не указан.
IEK,яярп4533, BA 47-60M (2ф) 16А 6кА С IEK !!!,2026-08-01,2.5729762416576934e-07,0.0,0.0,0.0,,2.5729762416576934e-07,1,HIGH,Прогноз 0 шт.; остаток 0; в пути 0; страховой запас 0; MOQ не указан.
IEK,250600185_,ЩРВ-П 24 модуля встр. пластик IP41 GENERICA (10),2026-08-01,0.7639850102120712,0.0,0.0,7.596962137072565e-07,,0.7639857699082849,1,HIGH,Прогноз 1 шт.; остаток 0; в пути 0; страховой запас 0; MOQ не указан.
IEK,251400139_,ЩРВ-П 24 прозр. дверь IP40 KREPTA 5 IEK,2026-08-01,2.3167920080504783e-07,0.0,0.0,0.0,,2.3167920080504783e-07,1,HIGH,Прогноз 0 шт.; остаток 0; в пути 0; страховой запас 0; MOQ не указан.
IEK,311101235_,Батарейка щелочная Alkaline LR03/AAA (4шт/блистер) IEK,2026-08-01,0.00016826818403634783,0.0,0.0,0.0,,0.00016826818403634783,1,HIGH,Прогноз 0 шт.; остаток 0; в пути 0; страховой запас 0; MOQ не указан.
IEK,311101225_,Батарейка щелочная Alkaline LR06/AA (10шт/бокс) IEK,2026-08-01,6.581465226035359e-06,0.0,0.0,0.0,,6.581465226035359e-06,1,HIGH,Прогноз 0 шт.; остаток 0; в пути 0; страховой запас 0; MOQ не указан.
IEK,311101236_,Батарейка щелочная Alkaline LR06/AA (4шт/блистер) IEK,2026-08-01,6.549986712437106e-06,0.0,0.0,0.0,,6.549986712437106e-06,1,HIGH,Прогноз 0 шт.; остаток 0; в пути 0; страховой запас 0; MOQ не указан.
IEK,311101238_,Батарейка щелочная Alkaline LR06/AA (10+2шт/кор) ПРОМО GENERICA,2026-08-01,0.00016826818403634783,0.0,0.0,0.0,,0.00016826818403634783,1,HIGH,Прогноз 0 шт.; остаток 0; в пути 0; страховой запас 0; MOQ не указан.
IEK,150101188_,Светильник уличный 5107 настенный GU10 IP65 белый IEK,2026-08-01,1.6680631851460648e-07,0.0,0.0,0.0,1.0,1.6680631851460648e-07,1,HIGH,Прогноз 0 шт.; остаток 0; в пути 0; страховой запас 0; MOQ 1.0.
IEK,нов3393,Контактор  КТИ 51853 185А 220В (реверс) IEK (4) !!!,2026-08-01,3.067597670941003e-07,0.0,0.0,0.0,,3.067597670941003e-07,1,HIGH,Прогноз 0 шт.; остаток 0; в пути 0; страховой запас 0; MOQ не указан.
IEK,311101237_,Батарейка щелочная Alkaline LR03/AAA (10+2шт/кор) ПРОМО GENERICA,2026-08-01,0.0001683009151856021,0.0,0.0,0.0,,0.0001683009151856021,1,HIGH,Прогноз 0 шт.; остаток 0; в пути 0; страховой запас 0; MOQ не указан.
IEK,150101196_,Светильник уличный 5220 настенный GU10 IP65 серый IEK,2026-08-01,2.315901908343116e-07,0.0,0.0,0.0,1.0,2.315901908343116e-07,1,HIGH,Прогноз 0 шт.; остаток 0; в пути 0; страховой запас 0; MOQ 1.0.
IEK,251400075_,ЩРВ  24 (1х24мод) 505х365х130 IP31 TITAN 5 IEK,2026-08-01,0.00205236754637727,0.0,0.0,0.408248290463863,1.0,0.4103006580102403,1,HIGH,Прогноз 0 шт.; остаток 0; в пути 0; страховой запас 0; MOQ 1.0.
IEK,311101219_,Аккумулятор GREEN Ni-MH AA 2700мАч (2шт/блистер) IEK,2026-08-01,2.1943404863117191e-07,0.0,0.0,0.0,,2.1943404863117191e-07,1,HIGH,Прогноз 0 шт.; остаток 0; в пути 0; страховой запас 0; MOQ не указан.
IEK,311101221_,Батарейка щелочная Alkaline 6LR61 9V (1шт/блистер) IEK,2026-08-01,6.553611126049712e-06,0.0,0.0,0.0,,6.553611126049712e-06,1,HIGH,Прогноз 0 шт.; остаток 0; в пути 0; страховой запас 0; MOQ не указан.
IEK,150101197_,Светильник уличный 5221 настенный 2хGU10 IP65 белый IEK,2026-08-01,8.694111671146324e-08,0.0,0.0,0.0,1.0,8.694111671146324e-08,1,HIGH,Прогноз 0 шт.; остаток 0; в пути 0; страховой запас 0; MOQ 1.0.
IEK,010500031_,Выкл. нагрузки ВН-32 (2ф)  63А IEK (120) !!!,2026-08-01,0.037420320828661334,0.0,0.0,0.0,,0.037420320828661334,1,HIGH,Прогноз 0 шт.; остаток 0; в пути 0; страховой запас 0; MOQ не указан.
IEK,311101224_,Батарейка щелочная Alkaline LR03/AAA (2шт/блистер) IEK,2026-08-01,8.200979334767576e-08,0.0,0.0,0.0,,8.200979334767576e-08,1,HIGH,Прогноз 0 шт.; остаток 0; в пути 0; страховой запас 0; MOQ не указан.
IEK,150101194_,Светильник уличный 5220 настенный GU10 IP65 белый IEK,2026-08-01,2.4107483110864804e-07,0.0,0.0,0.0,1.0,2.4107483110864804e-07,1,HIGH,Прогноз 0 шт.; остаток 0; в пути 0; страховой запас 0; MOQ 1.0.
IEK,150101195_,Светильник уличный 5220 настенный GU10 IP65 черный IEK,2026-08-01,2.315901908343116e-07,0.0,0.0,0.0,1.0,2.315901908343116e-07,1,HIGH,Прогноз 0 шт.; остаток 0; в пути 0; страховой запас 0; MOQ 1.0.
IEK,A650-33E055TM,"Преобразователь частоты A650 380В 3Ф 5,5кВт 13А M ONI",2026-08-01,2.1952305860190815e-07,0.0,0.0,0.0,,2.1952305860190815e-07,1,HIGH,Прогноз 0 шт.; остаток 0; в пути 0; страховой запас 0; MOQ не указан.
IEK,130600217_,Реле промежут. OIR 2 конт. 8А 230В AC IEK OIR-208-AC230V NEW,2026-08-01,5.965305941704823e-09,0.0,0.0,0.0,1.0,5.965305941704823e-09,1,HIGH,Прогноз 0 шт.; остаток 0; в пути 0; страховой запас 0; MOQ 1.0.
IEK,BR-D20-0600-K37,BRITE Светорегулятор поворотно-нажимной 600Вт СС10-1-0-БрШ шампань IEK,2026-08-01,2.1943404863117191e-07,0.0,0.0,0.0,,2.1943404863117191e-07,1,HIGH,Прогноз 0 шт.; остаток 0; в пути 0; страховой запас 0; MOQ не указан.
IEK,BR-AK20-1-K35,"Роз. 2-я TV+RJ45 кат.5E б/рамки ""BRITE"" маренго (1/100)",2026-08-01,2.1943404863117191e-07,0.0,0.0,0.0,,2.1943404863117191e-07,1,HIGH,Прогноз 0 шт.; остаток 0; в пути 0; страховой запас 0; MOQ не указан.
IEK,ЩУРн-3/18,Корпус металлический ЩУРн-3/18  ИЭК  IP31,2026-08-01,2.1943404863117191e-07,0.0,0.0,0.0,,2.1943404863117191e-07,1,HIGH,Прогноз 0 шт.; остаток 0; в пути 0; страховой запас 0; MOQ не указан.
IEK,150101177_,Светильник уличный LED 5103 наст. 10Вт 4000К IP54 черный IEK,2026-08-01,1.0049974291438715e-07,0.0,0.0,0.0,1.0,1.0049974291438715e-07,1,HIGH,Прогноз 0 шт.; остаток 0; в пути 0; страховой запас 0; MOQ 1.0.
IEK,Р654654528,Контактор  КТИ 52253 реверс 225А 220В IEK !!!,2026-08-01,2.2727293554206816e-07,0.0,0.0,0.0,,2.2727293554206816e-07,1,HIGH,Прогноз 0 шт.; остаток 0; в пути 0; страховой запас 0; MOQ не указан.
IEK,BR-H10-K37,BRITE Розетка HDMI РHDMI-0-БрШ шампань IEK,2026-08-01,2.1943404863117191e-07,0.0,0.0,0.0,,2.1943404863117191e-07,1,HIGH,Прогноз 0 шт.; остаток 0; в пути 0; страховой запас 0; MOQ не указан.
IEK,130600216_,Реле промежут. OIR 3 конт. 16А 24В AC/DC IEK OIR-316-ACDC24V NEW,2026-08-01,2.1952305860190815e-07,0.0,0.0,0.0,1.0,2.1952305860190815e-07,1,HIGH,Прогноз 0 шт.; остаток 0; в пути 0; страховой запас 0; MOQ 1.0.
IEK,AR-M06N-4-C032,ARMAT Автоматический выключатель M06N 4P C 32А IEK,2026-08-01,2.1943404863117191e-07,0.0,0.0,0.0,,2.1943404863117191e-07,1,HIGH,Прогноз 0 шт.; остаток 0; в пути 0; страховой запас 0; MOQ не указан.
IEK,нов26740,Предохранитель ППНИ-33   (32А) IEK габарит 0 (72) !!!,2026-08-01,2.2153639788327422e-07,0.0,0.0,0.0,,2.2153639788327422e-07,1,HIGH,Прогноз 0 шт.; остаток 0; в пути 0; страховой запас 0; MOQ не указан.
IEK,AR-KMR10-040-40-230,ARMAT Контактор модульный KMR 40А 230В AC 4НО IEK,2026-08-01,3.345481015193352e-07,0.0,0.0,0.0,,3.345481015193352e-07,1,HIGH,Прогноз 0 шт.; остаток 0; в пути 0; страховой запас 0; MOQ не указан.
IEK,AR-KMR10-063-22-230,ARMAT Контактор модульный KMR 63А 230В AC 2НО 2НЗ IEK,2026-08-01,1.5078187715256134e-07,0.0,0.0,0.0,,1.5078187715256134e-07,1,HIGH,Прогноз 0 шт.; остаток 0; в пути 0; страховой запас 0; MOQ не указан.
IEK,AR-KMR10-040-20-230,ARMAT Контактор модульный KMR 40А 230В AC 2НО IEK,2026-08-01,1.6410049907773566e-07,0.0,0.0,0.0,,1.6410049907773566e-07,1,HIGH,Прогноз 0 шт.; остаток 0; в пути 0; страховой запас 0; MOQ не указан.
IEK,270300304_,Термостат УККт от -20 до +60°C NO/NC IEK (100) NEW,2026-08-01,0.0001616922785884519,0.0,0.0,0.0,1.0,0.0001616922785884519,1,HIGH,Прогноз 0 шт.; остаток 0; в пути 0; страховой запас 0; MOQ 1.0.
IEK,150101178_,Светильник уличный LED 5103 наст. 10Вт 4000К IP54 серый IEK,2026-08-01,3.0997760475178374e-07,0.0,0.0,0.0,1.0,3.0997760475178374e-07,1,HIGH,Прогноз 0 шт.; остаток 0; в пути 0; страховой запас 0; MOQ 1.0.
IEK,AR-M06N-4-C025,ARMAT (4ф) 25А С  IEK (1),2026-08-01,2.1952305860190815e-07,0.0,0.0,0.0,1.0,2.1952305860190815e-07,1,HIGH,Прогноз 0 шт.; остаток 0; в пути 0; страховой запас 0; MOQ 1.0.
IEK,150101103_, ТУТ 30/15 синяя IEK (50),2026-08-01,0.520011167536402,0.0,0.0,0.0,,0.520011167536402,1,HIGH,Прогноз 1 шт.; остаток 0; в пути 0; страховой запас 0; MOQ не указан.
IEK,ст-9951105,Внутренний изменяемый угол 100х60  ПРАЙМЕР (72),2026-08-01,1.5888272126908053e-07,0.0,0.0,0.0,,1.5888272126908053e-07,1,HIGH,Прогноз 0 шт.; остаток 0; в пути 0; страховой запас 0; MOQ не указан.
IEK,130200343_,Кусачки боковые Expert 1000 В 160мм IEK,2026-08-01,2.9994686521718427e-07,0.0,0.0,0.0,,2.9994686521718427e-07,1,HIGH,Прогноз 0 шт.; остаток 0; в пути 0; страховой запас 0; MOQ не указан.
IEK,130600166_,Логическое реле PLR-S. 8DI/8DO серии ONI,2026-08-01,2.1943404863117191e-07,0.0,0.0,0.0,,2.1943404863117191e-07,1,HIGH,Прогноз 0 шт.; остаток 0; в пути 0; страховой запас 0; MOQ не указан.
IEK,130200342_,Пассатижи Profi 200мм IEK,2026-08-01,2.1943404863117191e-07,0.0,0.0,0.0,,2.1943404863117191e-07,1,HIGH,Прогноз 0 шт.; остаток 0; в пути 0; страховой запас 0; MOQ не указан.
IEK,ст-9951106,Плоский изменяемый угол 100х60  ПРАЙМЕР (96)!!!,2026-08-01,6.827794024025059e-08,0.0,0.0,0.0,,6.827794024025059e-08,1,HIGH,Прогноз 0 шт.; остаток 0; в пути 0; страховой запас 0; MOQ не указан.
IEK,130200387_,Кусачки боковые Master 160мм IEK,2026-08-01,2.1943404863117191e-07,0.0,0.0,0.0,,2.1943404863117191e-07,1,HIGH,Прогноз 0 шт.; остаток 0; в пути 0; страховой запас 0; MOQ не указан.
IEK,130600201_,Реле фаз ORF-04 3ф. 220-460В AC IEK ORF-04-220-460VAC NEW,2026-08-01,2.2131084092853937e-07,0.0,0.0,0.0,,2.2131084092853937e-07,1,HIGH,Прогноз 0 шт.; остаток 0; в пути 0; страховой запас 0; MOQ не указан.
IEK,130600150_,Реле промежут. OIR 3 конт. 16А 230В AC IEK OIR-316-AC230V NEW,2026-08-01,1.6252260993368811e-07,0.0,0.0,0.0,1.0,1.6252260993368811e-07,1,HIGH,Прогноз 0 шт.; остаток 0; в пути 0; страховой запас 0; MOQ 1.0.
IEK,151000553_,Отвертка крест.Master Ph3х150мм IEK (6),2026-08-01,2.1943404863117191e-07,0.0,0.0,0.0,,2.1943404863117191e-07,1,HIGH,Прогноз 0 шт.; остаток 0; в пути 0; страховой запас 0; MOQ не указан.
IEK,130200341_,Пассатижи Profi 180мм IEK,2026-08-01,2.1943404863117191e-07,0.0,0.0,0.0,1.0,2.1943404863117191e-07,1,HIGH,Прогноз 0 шт.; остаток 0; в пути 0; страховой запас 0; MOQ 1.0.
IEK,130600165_,Логическое реле PLR-S. CPU1206(R) 220В AC с экраном ONI PLR-S-CPU-1206R-AC-BE NEW,2026-08-01,2.1943404863117191e-07,0.0,0.0,0.0,,2.1943404863117191e-07,1,HIGH,Прогноз 0 шт.; остаток 0; в пути 0; страховой запас 0; MOQ не указан.
IEK,130600203_,Реле уровня ORL 24-240В AC/DC IEK ORL-01-ACDC24-240V NEW,2026-08-01,4.089508652281688e-05,0.0,0.0,0.408248290463863,1.0,0.40828918555038585,1,HIGH,Прогноз 0 шт.; остаток 0; в пути 0; страховой запас 0; MOQ 1.0.
IEK,150101210_,Светильник уличный 5222 потолочный GU10 IP65 белый IEK,2026-08-01,2.315901908343116e-07,0.0,0.0,0.0,1.0,2.315901908343116e-07,1,HIGH,Прогноз 0 шт.; остаток 0; в пути 0; страховой запас 0; MOQ 1.0.
IEK,130200421_,Тонкогубцы 200мм K4 ARMA2L 5 IEK (1),2026-08-01,0.02801025290685668,0.0,0.0,0.408248290463863,1.0,0.4362585433707197,1,HIGH,Прогноз 0 шт.; остаток 0; в пути 0; страховой запас 0; MOQ 1.0.
IEK,130300742_,"Кнопка APВВ-22N ""I-O"" d22мм неон/240В 1з+1р IEK E-PRO",2026-08-01,9.362237150697694e-08,0.0,0.0,0.0,,9.362237150697694e-08,1,HIGH,Прогноз 0 шт.; остаток 0; в пути 0; страховой запас 0; MOQ не указан.
IEK,ст-9950702,"Трансформатор тока ТТИ-А   30\5А 5ВА кл.т.0,5 IEK (36) !!!",2026-08-01,2.1943404863117191e-07,0.0,0.0,0.0,,2.1943404863117191e-07,1,HIGH,Прогноз 0 шт.; остаток 0; в пути 0; страховой запас 0; MOQ не указан.
IEK,150101203_,Светильник уличный 5110 потолочный GU10 IP65 белый IEK,2026-08-01,1.5309022012880063e-07,0.0,0.0,0.0,,1.5309022012880063e-07,1,HIGH,Прогноз 0 шт.; остаток 0; в пути 0; страховой запас 0; MOQ не указан.
IEK,251400117_,ЩМП  600х600х400 IP66  TITAN 5 IEK,2026-08-01,2.315901908343116e-07,0.0,0.0,0.0,1.0,2.315901908343116e-07,1,HIGH,Прогноз 0 шт.; остаток 0; в пути 0; страховой запас 0; MOQ 1.0.
IEK,030201024_,BRITE Розетка 1-местная с заземлением с защитными шторками и крышкой 16А IP44 РСбш10-3-44-БрЖ жемчуг,2026-08-01,2.152025905197025e-07,0.0,0.0,0.0,,2.152025905197025e-07,1,HIGH,Прогноз 0 шт.; остаток 0; в пути 0; страховой запас 0; MOQ не указан.
IEK,010500029_,Выкл. нагрузки ВН-32 (2ф)  32А IEK (120) !!!,2026-08-01,0.2644897091405812,0.0,0.0,0.0,,0.2644897091405812,1,HIGH,Прогноз 0 шт.; остаток 0; в пути 0; страховой запас 0; MOQ не указан.
IEK,ст-9950070,Шина соединительная PIN (штырь) 2ф 63А (1м) IEK ,2026-08-01,2.1943404863117191e-07,0.0,0.0,0.0,,2.1943404863117191e-07,1,HIGH,Прогноз 0 шт.; остаток 0; в пути 0; страховой запас 0; MOQ не указан.
IEK,010500030_,Выкл. нагрузки ВН-32 (2ф)  40А IEK (120) !!!,2026-08-01,0.41070748993943057,0.0,0.0,0.0,,0.41070748993943057,1,HIGH,Прогноз 0 шт.; остаток 0; в пути 0; страховой запас 0; MOQ не указан.
IEK,130600207_,Розетка ORS-G-2-4 для реле OGR-2 4C ONI ORS-G-2-4-G NEW,2026-08-01,0.0001617364673857602,0.0,0.0,0.0,,0.0001617364673857602,1,HIGH,Прогноз 0 шт.; остаток 0; в пути 0; страховой запас 0; MOQ не указан.
IEK,ст-9950184, BA 47-100 (4ф) 100А 10кА х-ка С IEK !!!,2026-08-01,1.6440183512932843e-07,0.0,0.0,0.0,,1.6440183512932843e-07,1,HIGH,Прогноз 0 шт.; остаток 0; в пути 0; страховой запас 0; MOQ не указан.
IEK,ст-9951101,Кабель-канал 100х60 парапетный  ПРАЙМЕР (12) ,2026-08-01,2.1943404863117191e-07,0.0,0.0,0.0,,2.1943404863117191e-07,1,HIGH,Прогноз 0 шт.; остаток 0; в пути 0; страховой запас 0; MOQ не указан.
IEK,ст-9951102,Заглушка 100х60  ПРАЙМЕР (216),2026-08-01,7.149984788663348e-08,0.0,0.0,0.0,,7.149984788663348e-08,1,HIGH,Прогноз 0 шт.; остаток 0; в пути 0; страховой запас 0; MOQ не указан.
IEK,ст-9950706,"Амперметр Э47 300/5А кл. точн. 1,5 72х72мм IEK",2026-08-01,2.1943404863117191e-07,0.0,0.0,0.0,,2.1943404863117191e-07,1,HIGH,Прогноз 0 шт.; остаток 0; в пути 0; страховой запас 0; MOQ не указан.
IEK,290200068_,"Катушка УК20 с т/з 4 места 2P+PE/20метров 3х1,5мм2 IP44 ""Industrial plus""",2026-08-01,2.1943404863117191e-07,0.0,0.0,0.0,,2.1943404863117191e-07,1,HIGH,Прогноз 0 шт.; остаток 0; в пути 0; страховой запас 0; MOQ не указан.
IEK,150101205_,Светильник уличный 5110 потолочный GU10 IP65 серый IEK,2026-08-01,1.5309022012880063e-07,0.0,0.0,0.0,1.0,1.5309022012880063e-07,1,HIGH,Прогноз 0 шт.; остаток 0; в пути 0; страховой запас 0; MOQ 1.0.
IEK,290200030_,"Катушка УК50 на мет с т/з 4 места 2P+PE/50м КГ 3х1,5мм2 IP44 ""Professional""",2026-08-01,2.1943404863117191e-07,0.0,0.0,0.0,,2.1943404863117191e-07,1,HIGH,Прогноз 0 шт.; остаток 0; в пути 0; страховой запас 0; MOQ не указан.
IEK,150101207_,Светильник уличный 5112 настенный GU10 IP65 серый IEK,2026-08-01,1.3804192852601068e-08,0.0,0.0,0.0,1.0,1.3804192852601068e-08,1,HIGH,Прогноз 0 шт.; остаток 0; в пути 0; страховой запас 0; MOQ 1.0.
IEK,311101217_,Аккумулятор GREEN Ni-MH  AAA 1100мАч (2шт/блистер) IEK,2026-08-01,2.1943404863117191e-07,0.0,0.0,0.0,,2.1943404863117191e-07,1,HIGH,Прогноз 0 шт.; остаток 0; в пути 0; страховой запас 0; MOQ не указан.
IEK,BR-KT20-O-1-K10,Розетка двойная RJ11+RJ45 кат.5E РК/Т12-БрКр бежевый IEK,2026-08-01,2.152025905197025e-07,0.0,0.0,0.0,,2.152025905197025e-07,1,HIGH,Прогноз 0 шт.; остаток 0; в пути 0; страховой запас 0; MOQ не указан.
IEK,130600244_,УПП SFB 3Ф 380В 22кВт 45A Uупр 110-220В ONI SFB-33-22-A-00 NEW,2026-08-01,3.2447152884691385e-06,0.0,0.0,0.2041241452319315,,0.20412738994722,1,HIGH,Прогноз 0 шт.; остаток 0; в пути 0; страховой запас 0; MOQ не указан.
IEK,010500187_,ВА47-29 (2ф)  3А  IEK (6/72) E-PRO,2026-08-01,0.00016176310466144297,0.0,0.0,0.0,,0.00016176310466144297,1,HIGH,Прогноз 0 шт.; остаток 0; в пути 0; страховой запас 0; MOQ не указан.
IEK,MVA31-3-025-B, BA 47-60M (3ф) 25А 6кА B IEK !!!,2026-08-01,9.416593555081544e-08,0.0,0.0,0.0,,9.416593555081544e-08,1,HIGH,Прогноз 0 шт.; остаток 0; в пути 0; страховой запас 0; MOQ не указан.
IEK,130300418_,"773-302 Клемма (2,5мм 32А)  TDM (100) !!!",2026-08-01,2.205268474181877e-07,0.0,0.0,0.0,,2.205268474181877e-07,1,HIGH,Прогноз 0 шт.; остаток 0; в пути 0; страховой запас 0; MOQ не указан.
IEK,130600242_,УПП SFB 3Ф 380В 30кВт 60A Uупр 110-220В Modbus ONI SFB-33-30-A-10 NEW,2026-08-01,2.2891868890550836e-07,0.0,0.0,0.0,,2.2891868890550836e-07,1,HIGH,Прогноз 0 шт.; остаток 0; в пути 0; страховой запас 0; MOQ не указан.
IEK,MVA20-3-013-C,"ВА47-29 (3ф) 13А 4,5кА С IEK !!!",2026-08-01,3.067597670941003e-07,0.0,0.0,0.0,,3.067597670941003e-07,1,HIGH,Прогноз 0 шт.; остаток 0; в пути 0; страховой запас 0; MOQ не указан.
IEK,FP-K10-2-K03,FORTE&PIANO Розетка компьютерная RJ45 кат.6 FP331 серый IEK,2026-08-01,2.1943404863117191e-07,0.0,0.0,0.0,,2.1943404863117191e-07,1,HIGH,Прогноз 0 шт.; остаток 0; в пути 0; страховой запас 0; MOQ не указан.
IEK,130300172_,"Приставка ПВИ-11 задержка на вкл.0,1-30 сек.1з+1р IEK (200)!!!",2026-08-01,3.8514718101157245e-07,0.0,0.0,0.0,,3.8514718101157245e-07,1,HIGH,Прогноз 0 шт.; остаток 0; в пути 0; страховой запас 0; MOQ не указан.
IEK,130600234_,Реле задержки включения ORT 1 конт. 230В AC IEK ORT-A1-AC230V NEW,2026-08-01,2.1943404863117191e-07,0.0,0.0,0.0,,2.1943404863117191e-07,1,HIGH,Прогноз 0 шт.; остаток 0; в пути 0; страховой запас 0; MOQ не указан.
IEK,OPS-DC24-060B,"Блок питания OPS 220В AC/24В DC 2,5А 60Вт ONI OPS-DC24-060B IEK",2026-08-01,6.617559098814828e-08,0.0,0.0,0.0,,6.617559098814828e-08,1,HIGH,Прогноз 0 шт.; остаток 0; в пути 0; страховой запас 0; MOQ не указан.
IEK,CLW10-VR-100,Консоль потолочная VR 100 IEK,2026-08-01,2.152025905197025e-07,0.0,0.0,0.0,,2.152025905197025e-07,1,HIGH,Прогноз 0 шт.; остаток 0; в пути 0; страховой запас 0; MOQ не указан.
IEK,ORI-01-05,"Реле контроля тока ORI 0,05-0,5А 24-240В AC/24В DC IEK",2026-08-01,2.1943404863117191e-07,0.0,0.0,0.0,,2.1943404863117191e-07,1,HIGH,Прогноз 0 шт.; остаток 0; в пути 0; страховой запас 0; MOQ не указан.
IEK,CLW10-TM-08-2-R,Шпилька резьбовая М8х2000 DIN 975 IEK,2026-08-01,2.152025905197025e-07,0.0,0.0,0.0,,2.152025905197025e-07,1,HIGH,Прогноз 0 шт.; остаток 0; в пути 0; страховой запас 0; MOQ не указан.
IEK,CTA10D-CF20-K41-100,ELASTA Держатель с защелкой CF20 IEK,2026-08-01,2.152025905197025e-07,0.0,0.0,0.0,,2.152025905197025e-07,1,HIGH,Прогноз 0 шт.; остаток 0; в пути 0; страховой запас 0; MOQ не указан.
IEK,MVA31-3-063-B, BA 47-60M (3ф) 63А 6кА B IEK !!!,2026-08-01,1.6381639795035625e-07,0.0,0.0,0.0,,1.6381639795035625e-07,1,HIGH,Прогноз 0 шт.; остаток 0; в пути 0; страховой запас 0; MOQ не указан.
IEK,CTA10D-CF16-K41-100,ELASTA Держатель с защелкой CF16 IEK,2026-08-01,2.152025905197025e-07,0.0,0.0,0.0,,2.152025905197025e-07,1,HIGH,Прогноз 0 шт.; остаток 0; в пути 0; страховой запас 0; MOQ не указан.
IEK,130600236_,"Преобр. давл. PPT10 0,5% 0-16Бар 0-10В G1/2 DIN43650 ONI PPT-G-ST-016-0-10-2-2 NEW",2026-08-01,1.5529779109433591e-07,0.0,0.0,0.0,,1.5529779109433591e-07,1,HIGH,Прогноз 0 шт.; остаток 0; в пути 0; страховой запас 0; MOQ не указан.
IEK,010700021_, BA 47-100 (3ф) 80А D IEK !!!,2026-08-01,9.366785760973267e-08,0.0,0.0,0.0,,9.366785760973267e-08,1,HIGH,Прогноз 0 шт.; остаток 0; в пути 0; страховой запас 0; MOQ не указан.
IEK,CO05-07542-R,ITK Органайзер кабельный вертикальный 75х12мм 42U черный,2026-08-01,2.1943404863117191e-07,0.0,0.0,0.0,,2.1943404863117191e-07,1,HIGH,Прогноз 0 шт.; остаток 0; в пути 0; страховой запас 0; MOQ не указан.
IEK,FP-R14-16-1-K03,FORTE&PIANO Розетка 1-местная с заземлением с защитными шторками безвинтовое крепление 16А FP313 сер,2026-08-01,2.1712980520220923e-07,0.0,0.0,0.0,,2.1712980520220923e-07,1,HIGH,Прогноз 0 шт.; остаток 0; в пути 0; страховой запас 0; MOQ не указан.
IEK,LLE-T80-12-230-40-GX,Лампа светодиодная T75 таблетка 12Вт 230В 4000К GX53 IEK,2026-08-01,2.1712980520220923e-07,0.0,0.0,0.0,,2.1712980520220923e-07,1,HIGH,Прогноз 0 шт.; остаток 0; в пути 0; страховой запас 0; MOQ не указан.
IEK,130300231_,ЗНИ  4мм ² (35А) синий  IEK (60),2026-08-01,2.152025905197025e-07,0.0,0.0,0.0,,2.152025905197025e-07,1,HIGH,Прогноз 0 шт.; остаток 0; в пути 0; страховой запас 0; MOQ не указан.
IEK,010500138_,ВА47-29 (1ф)  10А GENERICA (12/144) !!!,2026-08-01,0.00026898300740673797,0.0,0.0,0.0,,0.00026898300740673797,1,HIGH,Прогноз 0 шт.; остаток 0; в пути 0; страховой запас 0; MOQ не указан.
IEK,130600261_,Блок питания OPS 220В AC/24В DC 30Вт ONI OPS-DC24-030B NEW,2026-08-01,0.0021421693887349953,0.0,0.0,0.9874208829065748,,0.9895630522953098,1,HIGH,Прогноз 0 шт.; остаток 0; в пути 0; страховой запас 1; MOQ не указан.
IEK,130300227_, ЗНИ 10PEN 10мм2 (JXB-земля) IEK E-PRO,2026-08-01,2.152025905197025e-07,0.0,0.0,0.0,,2.152025905197025e-07,1,HIGH,Прогноз 0 шт.; остаток 0; в пути 0; страховой запас 0; MOQ не указан.
IEK,010500139_,ВА47-29 (1ф)  16А GENERICA (12/144) !!!,2026-08-01,2.6309105802444244e-08,0.0,0.0,0.0,,2.6309105802444244e-08,1,HIGH,Прогноз 0 шт.; остаток 0; в пути 0; страховой запас 0; MOQ не указан.
IEK,LBAL001,"LBAL001 L-office Balance 30/Д/5,0К/03/SD/IP40 LEDEL IEK",2026-08-01,2.1943404863117191e-07,0.0,0.0,0.0,,2.1943404863117191e-07,1,HIGH,Прогноз 0 шт.; остаток 0; в пути 0; страховой запас 0; MOQ не указан.
IEK,130600253_,"Преобраз. частоты A150 380В 3Ф  7,5кВт 17А встр. торм ONI A150-33-75NT NEW(6) NEW",2026-08-01,2.2110848290939146e-07,0.0,0.0,0.0,,2.2110848290939146e-07,1,HIGH,Прогноз 0 шт.; остаток 0; в пути 0; страховой запас 0; MOQ не указан.
IEK,LLE-A60-12-24-48-40-,Лампа светодиодная A60 груша 12Вт 24-48В 4000К E27 IEK,2026-08-01,2.152025905197025e-07,0.0,0.0,0.0,,2.152025905197025e-07,1,HIGH,Прогноз 0 шт.; остаток 0; в пути 0; страховой запас 0; MOQ не указан.
IEK,MKK12-20-20, Контактор КМ20-20МР АС KARAT IEK !!!,2026-08-01,8.200979334767576e-08,0.0,0.0,0.0,,8.200979334767576e-08,1,HIGH,Прогноз 0 шт.; остаток 0; в пути 0; страховой запас 0; MOQ не указан.
IEK,130600256_,"Преобраз. частоты A150 380В 3Ф  2,2кВт 6А встр. торм ONI A150-33-22NT NEW (12) NEW",2026-08-01,0.18908547148979368,0.0,0.0,0.0,,0.18908547148979368,1,HIGH,Прогноз 0 шт.; остаток 0; в пути 0; страховой запас 0; MOQ не указан.
IEK,130300271_,"Сизы-1 (1,5-3,5) синий IEK (100)",2026-08-01,2.523449640567552e-07,0.0,0.0,0.0,,2.523449640567552e-07,1,HIGH,Прогноз 0 шт.; остаток 0; в пути 0; страховой запас 0; MOQ не указан.
IEK,130600255_,"Преобраз. частоты A150 380В 3Ф  3,7кВт 10А встр. торм ONI A150-33-37NT NEW(12) NEW",2026-08-01,0.18801903335649894,0.0,0.0,0.0,,0.18801903335649894,1,HIGH,Прогноз 0 шт.; остаток 0; в пути 0; страховой запас 0; MOQ не указан.
IEK,MDV11-2-025-030,Выключатель дифференциальный (УЗО) ВД1-63 2Р 25А 30мА тип А IEK,2026-08-01,2.1943404863117191e-07,0.0,0.0,0.0,,2.1943404863117191e-07,1,HIGH,Прогноз 0 шт.; остаток 0; в пути 0; страховой запас 0; MOQ не указан.
IEK,130600257_,Преобраз. частоты A150 380В 3Ф 15кВт 32А встр. торм ONI A150-33-15T NEW (4) NEW,2026-08-01,2.2194748720555027e-07,0.0,0.0,0.0,,2.2194748720555027e-07,1,HIGH,Прогноз 0 шт.; остаток 0; в пути 0; страховой запас 0; MOQ не указан.
IEK,130300247_,Таймер ТО47 освещения 16 230В на DIN-рейку IEK !!! (200),2026-08-01,2.1943404863117191e-07,0.0,0.0,0.0,,2.1943404863117191e-07,1,HIGH,Прогноз 0 шт.; остаток 0; в пути 0; страховой запас 0; MOQ не указан.
IEK,MNV10-1-040,KARAT Выключатель нагрузки (мини-рубильник) ВН-32 1P 40А IEK,2026-08-01,2.2153639788327422e-07,0.0,0.0,0.0,,2.2153639788327422e-07,1,HIGH,Прогноз 0 шт.; остаток 0; в пути 0; страховой запас 0; MOQ не указан.
IEK,010500129_,ВА47-29 (2ф)  4А IEK (72) *!!!,2026-08-01,9.440651281021434e-08,0.0,0.0,0.0,,9.440651281021434e-08,1,HIGH,Прогноз 0 шт.; остаток 0; в пути 0; страховой запас 0; MOQ не указан.
IEK,LLE-T80-12-230-65-GX,Лампа светодиодная T75 таблетка 12Вт 230В 6500К GX53 IEK,2026-08-01,2.1712980520220923e-07,0.0,0.0,0.0,,2.1712980520220923e-07,1,HIGH,Прогноз 0 шт.; остаток 0; в пути 0; страховой запас 0; MOQ не указан.
IEK,130600262_,Блок питания OPSE 220В AC/24В DC 120Вт ONI OPSE-DC24-120B NEW,2026-08-01,8.200979334767576e-08,0.0,0.0,0.0,,8.200979334767576e-08,1,HIGH,Прогноз 0 шт.; остаток 0; в пути 0; страховой запас 0; MOQ не указан.
IEK,FP-V13-0-10-1-K03,FORTE&PIANO Выключатель 1-клавишный перекрестный 10А FP312 серый IEK,2026-08-01,2.2153639788327422e-07,0.0,0.0,0.0,,2.2153639788327422e-07,1,HIGH,Прогноз 0 шт.; остаток 0; в пути 0; страховой запас 0; MOQ не указан.
IEK,130300214_,ОПС1-В 3Р IEK (1) !!!,2026-08-01,2.1943404863117191e-07,0.0,0.0,0.0,,2.1943404863117191e-07,1,HIGH,Прогноз 0 шт.; остаток 0; в пути 0; страховой запас 0; MOQ не указан.
IEK,130600247_,УПП SFB 3Ф 380В 11кВт 22A Uупр 110-220В Modbus ONI SFB-33-11-A-10 NEW,2026-08-01,2.1943404863117191e-07,0.0,0.0,0.0,,2.1943404863117191e-07,1,HIGH,Прогноз 0 шт.; остаток 0; в пути 0; страховой запас 0; MOQ не указан.
IEK,010500148_,ВА47-29 (2ф)  16А GENERICA (72) !!!,2026-08-01,9.416593555081544e-08,0.0,0.0,0.0,,9.416593555081544e-08,1,HIGH,Прогноз 0 шт.; остаток 0; в пути 0; страховой запас 0; MOQ не указан.
IEK,FP-V12-0-10-1-K03,FORTE&PIANO Выключатель 1-клавишный проходной 10А FP303 серый IEK,2026-08-01,2.2153639788327422e-07,0.0,0.0,0.0,,2.2153639788327422e-07,1,HIGH,Прогноз 0 шт.; остаток 0; в пути 0; страховой запас 0; MOQ не указан.
IEK,010500147_,ВА47-29 (2ф)  10А GENERICA (6/72) !!!,2026-08-01,0.00016169350540814152,0.0,0.0,0.0,,0.00016169350540814152,1,HIGH,Прогноз 0 шт.; остаток 0; в пути 0; страховой запас 0; MOQ не указан.
IEK,MVA20-1-D05-C,"KARAT Авт. выкл. ВА47-29 1P C 0,5А 4,5кА IEK",2026-08-01,2.2153639788327422e-07,0.0,0.0,0.0,,2.2153639788327422e-07,1,HIGH,Прогноз 0 шт.; остаток 0; в пути 0; страховой запас 0; MOQ не указан.
IEK,010500151_,ВА47-29 (2ф)  32А GENERICA (6/72) !!!,2026-08-01,2.152025905197025e-07,0.0,0.0,0.0,,2.152025905197025e-07,1,HIGH,Прогноз 0 шт.; остаток 0; в пути 0; страховой запас 0; MOQ не указан.
IEK,FP-V10-0-10-1-K03,FORTE&PIANO Выключатель 1-клавишный 10А FP301 серый IEK,2026-08-01,2.2153639788327422e-07,0.0,0.0,0.0,,2.2153639788327422e-07,1,HIGH,Прогноз 0 шт.; остаток 0; в пути 0; страховой запас 0; MOQ не указан.
IEK,130600272_,Логическое реле PLR-S. USB кабель серии ONI PLR-S-CABLE-USB NEW,2026-08-01,2.1943404863117191e-07,0.0,0.0,0.0,,2.1943404863117191e-07,1,HIGH,Прогноз 0 шт.; остаток 0; в пути 0; страховой запас 0; MOQ не указан.
IEK,MPR10-1-050,Выключатель-разъединитель трехпозиционный ВРТ-63 1P 50А IEK,2026-08-01,2.1943404863117191e-07,0.0,0.0,0.0,,2.1943404863117191e-07,1,HIGH,Прогноз 0 шт.; остаток 0; в пути 0; страховой запас 0; MOQ не указан.
IEK,IPA10-6-0075-E,"Амперметр Э47 75/5А кл. точн. 1,5 72х72мм IEK",2026-08-01,2.2576785599474363e-07,0.0,0.0,0.0,,2.2576785599474363e-07,1,HIGH,Прогноз 0 шт.; остаток 0; в пути 0; страховой запас 0; MOQ не указан.
IEK,130600265_,Панель оператора ETG 7” базовая пластиковый корпус ONI ETG-A8TS-HSSN-S-070 NEW,2026-08-01,1.6252260993368811e-07,0.0,0.0,0.0,,1.6252260993368811e-07,1,HIGH,Прогноз 0 шт.; остаток 0; в пути 0; страховой запас 0; MOQ не указан.
IEK,IPA10-6-0030-E,"Амперметр Э47 30/5А класс точности 1,5 72х72мм IEK",2026-08-01,2.2153639788327422e-07,0.0,0.0,0.0,,2.2153639788327422e-07,1,HIGH,Прогноз 0 шт.; остаток 0; в пути 0; страховой запас 0; MOQ не указан.
IEK,130600248_,УПП SFB 3Ф 380В 11кВт 22A Uупр 110-220В ONI SFB-33-11-A-00 NEW,2026-08-01,8.200979334767576e-08,0.0,0.0,0.0,,8.200979334767576e-08,1,HIGH,Прогноз 0 шт.; остаток 0; в пути 0; страховой запас 0; MOQ не указан.
IEK,130600270_,Логическое реле PLR-S. CPU1206 серии ONI PLR-S-CPU-1206 NEW,2026-08-01,3.8727258368011266e-07,0.0,0.0,0.0,,3.8727258368011266e-07,1,HIGH,Прогноз 0 шт.; остаток 0; в пути 0; страховой запас 0; MOQ не указан.
IEK,FP-V20-0-10-1-K03,FORTE&PIANO Выключатель 2-клавишный 10А FP305 серый IEK,2026-08-01,2.2153639788327422e-07,0.0,0.0,0.0,,2.2153639788327422e-07,1,HIGH,Прогноз 0 шт.; остаток 0; в пути 0; страховой запас 0; MOQ не указан.
IEK,MPR10-4-050,Выключатель-разъединитель трехпозиционный ВРТ-63 4P 50А IEK,2026-08-01,2.2891868890550836e-07,0.0,0.0,0.0,,2.2891868890550836e-07,1,HIGH,Прогноз 0 шт.; остаток 0; в пути 0; страховой запас 0; MOQ не указан.
IEK,010700071_,ВА47-29 (3ф) 40А IEK (4/48) В !!!,2026-08-01,0.07797828878810495,0.0,0.0,0.7745966692414834,,0.8525749580295884,1,HIGH,Прогноз 0 шт.; остаток 0; в пути 0; страховой запас 1; MOQ не указан.
IEK,130600223_,Реле фаз ORF-08D 3ф. 2 конт. 220-460В AC ONI ORF-08D-220-460VAC NEW,2026-08-01,3.0684877706483654e-07,0.0,0.0,0.0,1.0,3.0684877706483654e-07,1,HIGH,Прогноз 0 шт.; остаток 0; в пути 0; страховой запас 0; MOQ 1.0.
IEK,150100957_, ТУТ 30/15 красная IEK (50),2026-08-01,2.938882413856404e-07,0.0,0.0,0.0,,2.938882413856404e-07,1,HIGH,Прогноз 0 шт.; остаток 0; в пути 0; страховой запас 0; MOQ не указан.
IEK,BR-U21-D31-K35,"BRITE Розетка USB A+A 5В 3,1А РЮ10-1-БрМ маренго IEK",2026-08-01,3.067597670941003e-07,0.0,0.0,0.0,,3.067597670941003e-07,1,HIGH,Прогноз 0 шт.; остаток 0; в пути 0; страховой запас 0; MOQ не указан.
IEK,150100959_, ТУТ 40/20  черная IEK (50),2026-08-01,2.1943404863117191e-07,0.0,0.0,0.0,,2.1943404863117191e-07,1,HIGH,Прогноз 0 шт.; остаток 0; в пути 0; страховой запас 0; MOQ не указан.
IEK,030201040_,"Термостат с инд. ""BRITE"" шампань (1/80)",2026-08-01,2.1943404863117191e-07,0.0,0.0,0.0,,2.1943404863117191e-07,1,HIGH,Прогноз 0 шт.; остаток 0; в пути 0; страховой запас 0; MOQ не указан.
IEK,150100953_, ТУТ 16/8 желтая IEK (100),2026-08-01,2.9571540710571487e-07,0.0,0.0,0.0,,2.9571540710571487e-07,1,HIGH,Прогноз 0 шт.; остаток 0; в пути 0; страховой запас 0; MOQ не указан.
IEK,130300038_, ЗВИ  60 ПВХ (6-16мм ² 60А) 12 пар IEK (10),2026-08-01,2.1943404863117191e-07,0.0,0.0,0.0,,2.1943404863117191e-07,1,HIGH,Прогноз 0 шт.; остаток 0; в пути 0; страховой запас 0; MOQ не указан.
IEK,010700058_,ВА 44-33 (3ф) 160А IEK (1/20)*,2026-08-01,2.1943404863117191e-07,0.0,0.0,0.0,,2.1943404863117191e-07,1,HIGH,Прогноз 0 шт.; остаток 0; в пути 0; страховой запас 0; MOQ не указан.
IEK,150100954_, ТУТ 16/8  красная IEK (100),2026-08-01,3.0103966400420007e-07,0.0,0.0,0.0,,3.0103966400420007e-07,1,HIGH,Прогноз 0 шт.; остаток 0; в пути 0; страховой запас 0; MOQ не указан.
IEK,130300037_," ЗВИ   5 ПВХ (1,5-4мм ² 5А) 12 пар IEK (10)",2026-08-01,2.152025905197025e-07,0.0,0.0,0.0,,2.152025905197025e-07,1,HIGH,Прогноз 0 шт.; остаток 0; в пути 0; страховой запас 0; MOQ не указан.
IEK,SFB-33-75-A-00,УПП SFB 3Ф 380В 75кВт 150А Uупр 110-220В ONI,2026-08-01,2.1943404863117191e-07,0.0,0.0,0.0,,2.1943404863117191e-07,1,HIGH,Прогноз 0 шт.; остаток 0; в пути 0; страховой запас 0; MOQ не указан.
IEK,130600224_,Реле фаз ORF-08D 3ф. 2 конт. 127-265В AC с контр. нейтр. ONI ORF-08D-127-265VAC NEW,2026-08-01,3.0684877706483654e-07,0.0,0.0,0.0,1.0,3.0684877706483654e-07,1,HIGH,Прогноз 0 шт.; остаток 0; в пути 0; страховой запас 0; MOQ 1.0.
IEK,130600222_,Реле фаз ORF-10 3ф. 2 конт. 127-265В AC с контр. нейтр. ONI ORF-10-127-265VAC NEW,2026-08-01,2.1943404863117191e-07,0.0,0.0,0.0,,2.1943404863117191e-07,1,HIGH,Прогноз 0 шт.; остаток 0; в пути 0; страховой запас 0; MOQ не указан.
IEK,BR-M12-G-41-K06,BRITE Рамка 1-местная РУ-1-2-Бр стекло эко грин RE IEK,2026-08-01,2.5748341545882242e-05,0.0,0.0,0.6123724356957945,,0.6123981840373404,1,HIGH,Прогноз 0 шт.; остаток 0; в пути 0; страховой запас 1; MOQ не указан.
IEK,BR-M22-G-31-K96,BRITE Рамка 2-местная РУ-2-2-БрП стекло персиковый матовый IEK,2026-08-01,3.404591984923387e-07,0.0,0.0,0.2041241452319315,,0.20412448569113,1,HIGH,Прогноз 0 шт.; остаток 0; в пути 0; страховой запас 0; MOQ не указан.
IEK,130600219_,Реле твердотельное OSS-2 40А 380В AC 3-32В DC ONI OSS-2-3-40-B NEW,2026-08-01,7.250939835172e-08,0.0,0.0,0.0,,7.250939835172e-08,1,HIGH,Прогноз 0 шт.; остаток 0; в пути 0; страховой запас 0; MOQ не указан.
IEK,WYP53-16-05-03-ZK,"Удлинитель У05В 5 мест 2P+PE/3м 3х1,5мм2 16А/250В UNO IEK E-PRO",2026-08-01,2.1952305860190815e-07,0.0,0.0,0.0,,2.1952305860190815e-07,1,HIGH,Прогноз 0 шт.; остаток 0; в пути 0; страховой запас 0; MOQ не указан.
IEK,150101010_, ТУТ 40/20 желтая  IEK (50),2026-08-01,2.9571540710571487e-07,0.0,0.0,0.0,,2.9571540710571487e-07,1,HIGH,Прогноз 0 шт.; остаток 0; в пути 0; страховой запас 0; MOQ не указан.
IEK,150101008_, ТУТ 16/8 зеленая IEK (100),2026-08-01,2.9571540710571487e-07,0.0,0.0,0.0,,2.9571540710571487e-07,1,HIGH,Прогноз 0 шт.; остаток 0; в пути 0; страховой запас 0; MOQ не указан.
IEK,BR-R16-16-44-K02_,BRITE Розетка 1-местная с заземлением с защитными шторками и крышкой 16А IP44 РСбш10-3-44-БрЧ черный,2026-08-01,9.618248762214371e-08,0.0,0.0,0.0,1.0,9.618248762214371e-08,1,HIGH,Прогноз 0 шт.; остаток 0; в пути 0; страховой запас 0; MOQ 1.0.
IEK,150100997_, ТУТ  4/2 черная IEK (1),2026-08-01,3.0103966400420007e-07,0.0,0.0,0.0,,3.0103966400420007e-07,1,HIGH,Прогноз 0 шт.; остаток 0; в пути 0; страховой запас 0; MOQ не указан.
IEK,UZA-25-D16,Наконечники герметичные изолированные НИМ 16  IEK,2026-08-01,2.152025905197025e-07,0.0,0.0,0.0,,2.152025905197025e-07,1,HIGH,Прогноз 0 шт.; остаток 0; в пути 0; страховой запас 0; MOQ не указан.
IEK,CKK10-025-025-1-K01-,Кабель-канал 25х25 белый ЭЛЕКОР IEK (за штуку) (32),2026-08-01,6.617559098814828e-08,0.0,0.0,0.0,,6.617559098814828e-08,1,HIGH,Прогноз 0 шт.; остаток 0; в пути 0; страховой запас 0; MOQ не указан.
IEK,150100666_, ТУТ 12/6 черная IEK (100),2026-08-01,2.1943404863117191e-07,0.0,0.0,0.0,,2.1943404863117191e-07,1,HIGH,Прогноз 0 шт.; остаток 0; в пути 0; страховой запас 0; MOQ не указан.
IEK,270300292_,Вентилятор с фильтром ВФИ 550 м3/час IP55 IEK (5) NEW,2026-08-01,0.00016121908036095976,0.0,0.0,0.0,1.0,0.00016121908036095976,1,HIGH,Прогноз 0 шт.; остаток 0; в пути 0; страховой запас 0; MOQ 1.0.
IEK,ORL-02-ACDC24-240V,Реле контроля уровня ORL-02 24-240В AC/DC IEK !!!,2026-08-01,2.1943404863117191e-07,0.0,0.0,0.0,,2.1943404863117191e-07,1,HIGH,Прогноз 0 шт.; остаток 0; в пути 0; страховой запас 0; MOQ не указан.
IEK,010700042_,"ВА47-29 (3ф) 20А 4,5кА х-ка D IEK !!!",2026-08-01,3.8727258368011266e-07,0.0,0.0,0.0,,3.8727258368011266e-07,1,HIGH,Прогноз 0 шт.; остаток 0; в пути 0; страховой запас 0; MOQ не указан.
IEK,CLP1M-SHU-6,Шайба плоская усиленная М6 IEK,2026-08-01,2.152025905197025e-07,0.0,0.0,0.0,,2.152025905197025e-07,1,HIGH,Прогноз 0 шт.; остаток 0; в пути 0; страховой запас 0; MOQ не указан.
IEK,150100667_, ТУТ 20/10 желтая IEK (100),2026-08-01,2.9571540710571487e-07,0.0,0.0,0.0,,2.9571540710571487e-07,1,HIGH,Прогноз 0 шт.; остаток 0; в пути 0; страховой запас 0; MOQ не указан.
IEK,130600229_,Реле задержки выключения ORT 1 конт. 12-240В AC/DC IEK  ORT-B1-ACDC12-240V NEW,2026-08-01,2.1952305860190815e-07,0.0,0.0,0.0,,2.1952305860190815e-07,1,HIGH,Прогноз 0 шт.; остаток 0; в пути 0; страховой запас 0; MOQ не указан.
IEK,010700043_,ВА47-29 (3ф) 25А D IEK !!!,2026-08-01,0.00016142447238619274,0.0,0.0,0.0,,0.00016142447238619274,1,HIGH,Прогноз 0 шт.; остаток 0; в пути 0; страховой запас 0; MOQ не указан.
IEK,CLP10-080-150-3,ESCA Лоток перфорированный 80х150х3000 IEK,2026-08-01,2.152025905197025e-07,0.0,0.0,0.0,,2.152025905197025e-07,1,HIGH,Прогноз 0 шт.; остаток 0; в пути 0; страховой запас 0; MOQ не указан.
IEK,150100720_, ТУТ 20/10 зеленая IEK (100),2026-08-01,2.9571540710571487e-07,0.0,0.0,0.0,,2.9571540710571487e-07,1,HIGH,Прогноз 0 шт.; остаток 0; в пути 0; страховой запас 0; MOQ не указан.
IEK,130300090_,"Сизы-1 (2,5-4,5) желтый P7-4 IEK (100)",2026-08-01,8.240037356488524e-08,0.0,0.0,0.0,,8.240037356488524e-08,1,HIGH,Прогноз 0 шт.; остаток 0; в пути 0; страховой запас 0; MOQ не указан.
IEK,ORT-ST-ACDC12-240V,Реле пуска звезда-треугольник ORT 12-230В AC/DC IEK,2026-08-01,2.1943404863117191e-07,0.0,0.0,0.0,,2.1943404863117191e-07,1,HIGH,Прогноз 0 шт.; остаток 0; в пути 0; страховой запас 0; MOQ не указан.
IEK,010700041_,ВА47-29 (3ф) 16А х-ка D IEK (4/48) E-PRO,2026-08-01,0.00016174097913649005,0.0,0.0,0.0,,0.00016174097913649005,1,HIGH,Прогноз 0 шт.; остаток 0; в пути 0; страховой запас 0; MOQ не указан.
IEK,130600232_,Реле задержки включения ORT 1 конт. 12-240В AC/DC IEK  ORT-A1-ACDC12-240V NEW,2026-08-01,2.1943404863117191e-07,0.0,0.0,0.0,,2.1943404863117191e-07,1,HIGH,Прогноз 0 шт.; остаток 0; в пути 0; страховой запас 0; MOQ не указан.
IEK,CLW10-TM-08-1-R,Шпилька резьбовая М8х1000 DIN 975 IEK,2026-08-01,2.152025905197025e-07,0.0,0.0,0.0,,2.152025905197025e-07,1,HIGH,Прогноз 0 шт.; остаток 0; в пути 0; страховой запас 0; MOQ не указан.
IEK,CLW10-TM-06-1-R,Шпилька резьбовая М6х1000 DIN 975 IEK,2026-08-01,2.152025905197025e-07,0.0,0.0,0.0,,2.152025905197025e-07,1,HIGH,Прогноз 0 шт.; остаток 0; в пути 0; страховой запас 0; MOQ не указан.
IEK,CLP1V-100-200,ESCA Поворот верт. внутр. 90град 100х200мм IEK,2026-08-01,2.1943404863117191e-07,0.0,0.0,0.0,,2.1943404863117191e-07,1,HIGH,Прогноз 0 шт.; остаток 0; в пути 0; страховой запас 0; MOQ не указан.
IEK,130600230_,Реле задержки выключения ORT 1 конт. 230В AC IEK ORT-B1-AC230V NEW,2026-08-01,2.1943404863117191e-07,0.0,0.0,0.0,,2.1943404863117191e-07,1,HIGH,Прогноз 0 шт.; остаток 0; в пути 0; страховой запас 0; MOQ не указан.
IEK,PLR-S-CPU-1410R-AC-B,Логическое реле PLR-S. CPU1410(R) 220В AC с экраном ONI,2026-08-01,2.1943404863117191e-07,0.0,0.0,0.0,,2.1943404863117191e-07,1,HIGH,Прогноз 0 шт.; остаток 0; в пути 0; страховой запас 0; MOQ не указан.
IEK,010700047_, BA 47-100 (3ф)  16А IEK (4) !!!,2026-08-01,2.1943404863117191e-07,0.0,0.0,0.0,,2.1943404863117191e-07,1,HIGH,Прогноз 0 шт.; остаток 0; в пути 0; страховой запас 0; MOQ не указан.
IEK,150100863_, ТУТ 50/25 черная IEK (25),2026-08-01,2.1943404863117191e-07,0.0,0.0,0.0,,2.1943404863117191e-07,1,HIGH,Прогноз 0 шт.; остаток 0; в пути 0; страховой запас 0; MOQ не указан.
IEK,010700049_, BA 47-100 (3ф)  10А IEK (4/40) !!!,2026-08-01,2.1943404863117191e-07,0.0,0.0,0.0,,2.1943404863117191e-07,1,HIGH,Прогноз 0 шт.; остаток 0; в пути 0; страховой запас 0; MOQ не указан.
IEK,130600225_,Реле пуска звезда-треугольник ORT 400В AC IEK ORT-ST-AC400V NEW,2026-08-01,8.200979334767576e-08,0.0,0.0,0.0,,8.200979334767576e-08,1,HIGH,Прогноз 0 шт.; остаток 0; в пути 0; страховой запас 0; MOQ не указан.
IEK,150100864_, ТУТ 60/30 черная IEK (25),2026-08-01,2.1943404863117191e-07,0.0,0.0,0.0,,2.1943404863117191e-07,1,HIGH,Прогноз 0 шт.; остаток 0; в пути 0; страховой запас 0; MOQ не указан.
IEK,CLM50D-PPP-030-15,"Профиль перфорированный П-образный 300-1,5 IEK",2026-08-01,2.152025905197025e-07,0.0,0.0,0.0,,2.152025905197025e-07,1,HIGH,Прогноз 0 шт.; остаток 0; в пути 0; страховой запас 0; MOQ не указан.
IEK,130600227_,Реле задержки выключения ORT 2 конт. 12-240В AC/DC IEK ORT-B2-ACDC12-240V NEW,2026-08-01,2.1943404863117191e-07,0.0,0.0,0.0,,2.1943404863117191e-07,1,HIGH,Прогноз 0 шт.; остаток 0; в пути 0; страховой запас 0; MOQ не указан.
IEK,130300042_, ЗНИ  6мм ²  серый IEK (20),2026-08-01,2.1943404863117191e-07,0.0,0.0,0.0,,2.1943404863117191e-07,1,HIGH,Прогноз 0 шт.; остаток 0; в пути 0; страховой запас 0; MOQ не указан.
IEK,010700044_,ВА47-29 (3ф) 32А D IEK !!!,2026-08-01,2.449949510007655e-07,0.0,0.0,0.0,,2.449949510007655e-07,1,HIGH,Прогноз 0 шт.; остаток 0; в пути 0; страховой запас 0; MOQ не указан.
IEK,CLM50D-RP-080-30,Перегородка разделительная h=80мм L3000 IEK,2026-08-01,2.152025905197025e-07,0.0,0.0,0.0,,2.152025905197025e-07,1,HIGH,Прогноз 0 шт.; остаток 0; в пути 0; страховой запас 0; MOQ не указан.
IEK,130600228_,Реле задержки выключения ORT 2 конт. 230В AC IEK ORT-B2-AC230V NEW,2026-08-01,2.1943404863117191e-07,0.0,0.0,0.0,,2.1943404863117191e-07,1,HIGH,Прогноз 0 шт.; остаток 0; в пути 0; страховой запас 0; MOQ не указан.
IEK,CLM50D-PPP-300-25,"Профиль перфорированный П-образный 3000-2,5 IEK",2026-08-01,2.152025905197025e-07,0.0,0.0,0.0,,2.152025905197025e-07,1,HIGH,Прогноз 0 шт.; остаток 0; в пути 0; страховой запас 0; MOQ не указан.
IEK,150100853_, ТУТ 16/8  черная IEK (100),2026-08-01,2.1943404863117191e-07,0.0,0.0,0.0,,2.1943404863117191e-07,1,HIGH,Прогноз 0 шт.; остаток 0; в пути 0; страховой запас 0; MOQ не указан.
IEK,PLR-S-CPU-1410,Логическое реле PLR-S. CPU1410 серии ONI,2026-08-01,2.1943404863117191e-07,0.0,0.0,0.0,,2.1943404863117191e-07,1,HIGH,Прогноз 0 шт.; остаток 0; в пути 0; страховой запас 0; MOQ не указан.
IEK,CLM50D-PPP-060-25,"Профиль перфорированный П-образный 600-2,5 IEK",2026-08-01,2.152025905197025e-07,0.0,0.0,0.0,,2.152025905197025e-07,1,HIGH,Прогноз 0 шт.; остаток 0; в пути 0; страховой запас 0; MOQ не указан.
IEK,ст-9951480, Контактор КМИп-10910 09А 24В/АС3 1НО IEK !!!,2026-08-01,1.2591158680563628e-05,0.0,0.0,0.2041241452319315,,0.20413673639061208,1,HIGH,Прогноз 0 шт.; остаток 0; в пути 0; страховой запас 0; MOQ не указан.
IEK,280300273_,Заглушка H80*150 IEK !!!,2026-08-01,2.1943404863117191e-07,0.0,0.0,0.0,,2.1943404863117191e-07,1,HIGH,Прогноз 0 шт.; остаток 0; в пути 0; страховой запас 0; MOQ не указан.
IEK,щт-0001654,Панель монтажная 500x730 TITAN (комп. 2шт.) IEK,2026-08-01,2.1943404863117191e-07,0.0,0.0,0.0,,2.1943404863117191e-07,1,HIGH,Прогноз 0 шт.; остаток 0; в пути 0; страховой запас 0; MOQ не указан.
IEK,280300260_,Анкер стальной забивной М8,2026-08-01,2.152025905197025e-07,0.0,0.0,0.0,,2.152025905197025e-07,1,HIGH,Прогноз 0 шт.; остаток 0; в пути 0; страховой запас 0; MOQ не указан.
IEK,130301261_,Устройство АВР модульное АВР-2 LITE 63А KARAT IEK,2026-08-01,2.1943404863117191e-07,0.0,0.0,0.0,,2.1943404863117191e-07,1,HIGH,Прогноз 0 шт.; остаток 0; в пути 0; страховой запас 0; MOQ не указан.
IEK,280300354_, 3 КВтп  10х70/120-02 IEK!!!,2026-08-01,7.250939835172e-08,0.0,0.0,0.0,,7.250939835172e-08,1,HIGH,Прогноз 0 шт.; остаток 0; в пути 0; страховой запас 0; MOQ не указан.
IEK,щт-0001653,Цоколь ВРУ хх.80.45 IP54 TITAN IEK,2026-08-01,2.1943404863117191e-07,0.0,0.0,0.0,,2.1943404863117191e-07,1,HIGH,Прогноз 0 шт.; остаток 0; в пути 0; страховой запас 0; MOQ не указан.
IEK,270300134_," Переключатель кулачковый ПКП25-33 /О 25А""1-0-2""3Р/400В  IEK",2026-08-01,0.18106125253685926,0.0,0.0,0.0,,0.18106125253685926,1,HIGH,Прогноз 0 шт.; остаток 0; в пути 0; страховой запас 0; MOQ не указан.
IEK,щт-0001952,Ящик управления ЯУ 7,2026-08-01,3.1573895700062093e-06,0.0,0.0,0.2041241452319315,,0.20412730262150153,1,HIGH,Прогноз 0 шт.; остаток 0; в пути 0; страховой запас 0; MOQ не указан.
IEK,280300235_,I31 Выкл 2кл о/у серый IP54 ФОРС IEK ВС20-2-0-ФСр (10/100) ,2026-08-01,0.4362638326848495,0.0,0.0,0.0,,0.4362638326848495,1,HIGH,Прогноз 0 шт.; остаток 0; в пути 0; страховой запас 0; MOQ не указан.
IEK,щт-0001786,"Трансформатор тока ТТИ-100 1600\5А 15ВА кл.т.0,5 IEK !!!",2026-08-01,3.067597670941003e-07,0.0,0.0,0.0,,3.067597670941003e-07,1,HIGH,Прогноз 0 шт.; остаток 0; в пути 0; страховой запас 0; MOQ не указан.
IEK,120100079_,  Пускатель ПРК32 2.5 In=2.5А Ir=1.6-2.5A Ue 660В IEK  (50) !!!,2026-08-01,2.1943404863117191e-07,0.0,0.0,0.0,,2.1943404863117191e-07,1,HIGH,Прогноз 0 шт.; остаток 0; в пути 0; страховой запас 0; MOQ не указан.
IEK,280300236_,I32 Роз з/к о/у серый IP54 ФОРС IEK РСб20-3-ФСр (10/100),2026-08-01,0.5590910258930096,0.0,0.0,0.2041241452319315,,0.7632151711249411,1,HIGH,Прогноз 1 шт.; остаток 0; в пути 0; страховой запас 0; MOQ не указан.
IEK,240100016_,Площадка (самоклеющаяся) 25х25 IEK (100),2026-08-01,2.1943404863117191e-07,0.0,0.0,0.0,,2.1943404863117191e-07,1,HIGH,Прогноз 0 шт.; остаток 0; в пути 0; страховой запас 0; MOQ не указан.
IEK,щт-0001636,ЩРн-12з-1 IP54 TITAN 3 PRO IEK,2026-08-01,1.6933551181060415e-07,0.0,0.0,0.0,,1.6933551181060415e-07,1,HIGH,Прогноз 0 шт.; остаток 0; в пути 0; страховой запас 0; MOQ не указан.
IEK,щт-0000861,Распред. блок на DIN-рейку РБД-125А IEK !!!,2026-08-01,2.1943404863117191e-07,0.0,0.0,0.0,,2.1943404863117191e-07,1,HIGH,Прогноз 0 шт.; остаток 0; в пути 0; страховой запас 0; MOQ не указан.
IEK,130600076_,"Тепловое реле РТИ-1302 (0,16-0,25А) IEK !!!",2026-08-01,0.03292683329993537,0.0,0.0,0.0,,0.03292683329993537,1,HIGH,Прогноз 0 шт.; остаток 0; в пути 0; страховой запас 0; MOQ не указан.
IEK,120100319_,Контактор КМ 25-40М AC/DC IEK !!!,2026-08-01,8.200979334767576e-08,0.0,0.0,0.0,,8.200979334767576e-08,1,HIGH,Прогноз 0 шт.; остаток 0; в пути 0; страховой запас 0; MOQ не указан.
IEK,280300591_,ЩМП- 2 IP 31 (500х400х220) GENERICA,2026-08-01,0.0001590680984771258,0.0,0.0,0.0,,0.0001590680984771258,1,HIGH,Прогноз 0 шт.; остаток 0; в пути 0; страховой запас 0; MOQ не указан.
IEK,130600077_,"Тепловое реле РТИ-1303 (0,25-0,4А) IEK !!!",2026-08-01,3.6805266271239784e-06,0.0,0.0,0.2041241452319315,,0.20412782575855865,1,HIGH,Прогноз 0 шт.; остаток 0; в пути 0; страховой запас 0; MOQ не указан.
IEK,щт-0000417,Полка кабельная К1161,2026-08-01,2.1943404863117191e-07,0.0,0.0,0.0,,2.1943404863117191e-07,1,HIGH,Прогноз 0 шт.; остаток 0; в пути 0; страховой запас 0; MOQ не указан.
IEK,280300590_,ЩМП- 1 IP 31 (395х310х220) GENERICA,2026-08-01,0.24888058599589452,0.0,0.0,0.0,,0.24888058599589452,1,HIGH,Прогноз 0 шт.; остаток 0; в пути 0; страховой запас 0; MOQ не указан.
IEK,120100220_,Контактор КМ 40-11 АС IEK (6/90) ,2026-08-01,2.1952305860190815e-07,0.0,0.0,0.0,,2.1952305860190815e-07,1,HIGH,Прогноз 0 шт.; остаток 0; в пути 0; страховой запас 0; MOQ не указан.
IEK,220400107_,ТТК  12/3 черная с клеем IEK (1),2026-08-01,2.152025905197025e-07,0.0,0.0,0.0,,2.152025905197025e-07,1,HIGH,Прогноз 0 шт.; остаток 0; в пути 0; страховой запас 0; MOQ не указан.
IEK,щт-0001406,Гайка со стопорным буртом М8,2026-08-01,2.152025905197025e-07,0.0,0.0,0.0,,2.152025905197025e-07,1,HIGH,Прогноз 0 шт.; остаток 0; в пути 0; страховой запас 0; MOQ не указан.
IEK,251400132_,ЩМП 1200х600х400 IP66  TITAN 5 IEK,2026-08-01,2.315901908343116e-07,0.0,0.0,0.0,,2.315901908343116e-07,1,HIGH,Прогноз 0 шт.; остаток 0; в пути 0; страховой запас 0; MOQ не указан.
IEK,011100354_,"Стабилизатор напряжения серии HOME 0,5 кВА (СНР1-0-0,5) IEK E-PRO",2026-08-01,3.0684877706483654e-07,0.0,0.0,0.0,,3.0684877706483654e-07,1,HIGH,Прогноз 0 шт.; остаток 0; в пути 0; страховой запас 0; MOQ не указан.
IEK,201000017_,"Преобраз. частоты CONTROL-A310 380В 3Ф  15-18,5кВт 32-37A IEK NEW",2026-08-01,3.831338417302064e-07,0.0,0.0,0.0,,3.831338417302064e-07,1,HIGH,Прогноз 0 шт.; остаток 0; в пути 0; страховой запас 0; MOQ не указан.
IEK,120100219_,Контактор КМ 63-11 АС IEK (6/90) !!!,2026-08-01,2.1943404863117191e-07,0.0,0.0,0.0,,2.1943404863117191e-07,1,HIGH,Прогноз 0 шт.; остаток 0; в пути 0; страховой запас 0; MOQ не указан.
IEK,011100249_,Стаб электрон СНР 1-0-5 кВА (1ф) IEK (1),2026-08-01,3.067597670941003e-07,0.0,0.0,0.0,,3.067597670941003e-07,1,HIGH,Прогноз 0 шт.; остаток 0; в пути 0; страховой запас 0; MOQ не указан.
IEK,201000018_,Преобраз. частоты CONTROL-A310 380В 3Ф 132-160кВт 253-300А IEK (1) NEW,2026-08-01,2.1943404863117191e-07,0.0,0.0,0.0,,2.1943404863117191e-07,1,HIGH,Прогноз 0 шт.; остаток 0; в пути 0; страховой запас 0; MOQ не указан.
IEK,щт-0001387,Совмещенный контакт АКДК-630/800/1600А IEK !!!,2026-08-01,2.2576785599474363e-07,0.0,0.0,0.0,,2.2576785599474363e-07,1,HIGH,Прогноз 0 шт.; остаток 0; в пути 0; страховой запас 0; MOQ не указан.
IEK,011100251_,Стаб электрон СНР 1-0-8 кВА (1ф) IEK (1),2026-08-01,2.1943404863117191e-07,0.0,0.0,0.0,,2.1943404863117191e-07,1,HIGH,Прогноз 0 шт.; остаток 0; в пути 0; страховой запас 0; MOQ не указан.
IEK,130600075_,"Тепловое реле РТИ-1301 (0,1-0,16 А)  IEK !!!",2026-08-01,2.1943404863117191e-07,0.0,0.0,0.0,,2.1943404863117191e-07,1,HIGH,Прогноз 0 шт.; остаток 0; в пути 0; страховой запас 0; MOQ не указан.
IEK,201000020_,Преобраз. частоты CONTROL-A310 380В 3Ф  37-45кВт 75-90А IEK (1) NEW,2026-08-01,3.875957953525309e-07,0.0,0.0,0.0,,3.875957953525309e-07,1,HIGH,Прогноз 0 шт.; остаток 0; в пути 0; страховой запас 0; MOQ не указан.
IEK,щщщ0115439,"Трансформатор тока ТТИ-А   80\5А 5ВА кл.т.0,5 IEK (36) !!!",2026-08-01,3.067597670941003e-07,0.0,0.0,0.0,,3.067597670941003e-07,1,HIGH,Прогноз 0 шт.; остаток 0; в пути 0; страховой запас 0; MOQ не указан.
IEK,щщ11503042,"ВА47-29 (3ф) 50А 4,5кА х-ка D IEK !!!",2026-08-01,9.36816046218427e-08,0.0,0.0,0.0,,9.36816046218427e-08,1,HIGH,Прогноз 0 шт.; остаток 0; в пути 0; страховой запас 0; MOQ не указан.
IEK,010300200_, УЗО АВДТ 34  20А С 30мА IEK !!!,2026-08-01,3.0787525549968143e-07,0.0,0.0,0.0,,3.0787525549968143e-07,1,HIGH,Прогноз 0 шт.; остаток 0; в пути 0; страховой запас 0; MOQ не указан.
IEK,280300074_,Поворот 90º  50х300 IEK,2026-08-01,2.1943404863117191e-07,0.0,0.0,0.0,,2.1943404863117191e-07,1,HIGH,Прогноз 0 шт.; остаток 0; в пути 0; страховой запас 0; MOQ не указан.
IEK,щщщ0116826, BA 47-60M (3ф) 16А 6кА C IEK !!!,2026-08-01,2.1943404863117191e-07,0.0,0.0,0.0,,2.1943404863117191e-07,1,HIGH,Прогноз 0 шт.; остаток 0; в пути 0; страховой запас 0; MOQ не указан.
IEK,010300171_, УЗО АВДТ 32  40А GENERICA (6/60),2026-08-01,1.8652755789721387e-07,0.0,0.0,0.0,,1.8652755789721387e-07,1,HIGH,Прогноз 0 шт.; остаток 0; в пути 0; страховой запас 0; MOQ не указан.
IEK,030200761_,BRITE Роз. USB A+C 18Вт РЮ11-1-БрЖ жемч. IEK,2026-08-01,2.2576785599474363e-07,0.0,0.0,0.0,,2.2576785599474363e-07,1,HIGH,Прогноз 0 шт.; остаток 0; в пути 0; страховой запас 0; MOQ не указан.
IEK,щщщ0115997,Зажим анкерный ЗАС 4х95-150/43200 (PA4120) IEK,2026-08-01,2.1649637853637065e-07,0.0,0.0,0.0,,2.1649637853637065e-07,1,HIGH,Прогноз 0 шт.; остаток 0; в пути 0; страховой запас 0; MOQ не указан.
IEK,280300081_,Разветвитель Т-образный 100х200 IEK,2026-08-01,2.1943404863117191e-07,0.0,0.0,0.0,,2.1943404863117191e-07,1,HIGH,Прогноз 0 шт.; остаток 0; в пути 0; страховой запас 0; MOQ не указан.
IEK,280300080_,Поворот 90º 100х400 IEK,2026-08-01,9.973076970869954e-08,0.0,0.0,0.0,,9.973076970869954e-08,1,HIGH,Прогноз 0 шт.; остаток 0; в пути 0; страховой запас 0; MOQ не указан.
IEK,щщщ0116157, Ящик  ЯТП(укп) 220/36-3 IEK  (1),2026-08-01,5.9450071086488694e-08,0.0,0.0,0.0,,5.9450071086488694e-08,1,HIGH,Прогноз 0 шт.; остаток 0; в пути 0; страховой запас 0; MOQ не указан.
IEK,010300185_, УЗО ВД1-63 (4ф) 32А 300мА IEK !!!,2026-08-01,3.067597670941003e-07,0.0,0.0,0.0,,3.067597670941003e-07,1,HIGH,Прогноз 0 шт.; остаток 0; в пути 0; страховой запас 0; MOQ не указан.
IEK,280300078_,Поворот 90º 100х200 IEK!!!,2026-08-01,0.0001641956092915477,0.0,0.0,0.408248290463863,,0.40841248607315456,1,HIGH,Прогноз 0 шт.; остаток 0; в пути 0; страховой запас 0; MOQ не указан.
IEK,120100067_,"  Пускатель ПРК32 1,6 In=1,6А Ir=1-1,6А Ue 660В IEK (1/50) !!!",2026-08-01,2.1943404863117191e-07,0.0,0.0,0.0,,2.1943404863117191e-07,1,HIGH,Прогноз 0 шт.; остаток 0; в пути 0; страховой запас 0; MOQ не указан.
IEK,010400842_,Реле напряжения и тока РНТ-д однофазное 36мм 63А IEK,2026-08-01,2.4949303202557365e-07,0.0,0.0,0.0,,2.4949303202557365e-07,1,HIGH,Прогноз 0 шт.; остаток 0; в пути 0; страховой запас 0; MOQ не указан.
IEK,щт00222756,ВА 44-33 (3ф)  25А IEK (20) !!!,2026-08-01,2.1943404863117191e-07,0.0,0.0,0.0,,2.1943404863117191e-07,1,HIGH,Прогноз 0 шт.; остаток 0; в пути 0; страховой запас 0; MOQ не указан.
IEK,130600057_,Тепловое реле РТИ-3359 (48-65А) IEK (50) !!!,2026-08-01,8.694900203035136e-08,0.0,0.0,0.0,,8.694900203035136e-08,1,HIGH,Прогноз 0 шт.; остаток 0; в пути 0; страховой запас 0; MOQ не указан.
IEK,120100068_," Пускатель ПРК32  2,5-4А 660В IEK (1) !!!",2026-08-01,2.152025905197025e-07,0.0,0.0,0.0,,2.152025905197025e-07,1,HIGH,Прогноз 0 шт.; остаток 0; в пути 0; страховой запас 0; MOQ не указан.
IEK,270300130_,"Трансформатор тока ТТИ-А  500\5А 5ВА кл.т.0,5 IEK (36) !!!",2026-08-01,2.1943404863117191e-07,0.0,0.0,0.0,,2.1943404863117191e-07,1,HIGH,Прогноз 0 шт.; остаток 0; в пути 0; страховой запас 0; MOQ не указан.
IEK,щщ0001047,ВА47-29 (3ф) 63А IEK (4/48) D !!!,2026-08-01,2.1943404863117191e-07,0.0,0.0,0.0,,2.1943404863117191e-07,1,HIGH,Прогноз 0 шт.; остаток 0; в пути 0; страховой запас 0; MOQ не указан.
IEK,020300082_,Распред. блок на DIN-рейку РБД- 80А IEK,2026-08-01,0.40111946122472447,0.0,0.0,0.0,,0.40111946122472447,1,HIGH,Прогноз 0 шт.; остаток 0; в пути 0; страховой запас 0; MOQ не указан.
IEK,120100054_,Контактор КТИ-7630  630А  400В/АС3 IEK,2026-08-01,8.200979334767576e-08,0.0,0.0,0.0,,8.200979334767576e-08,1,HIGH,Прогноз 0 шт.; остаток 0; в пути 0; страховой запас 0; MOQ не указан.
IEK,280100302_,Угол внутренний КМВ 20х10 дуб ЭЛЕКОР IEK (4шт/компл) ,2026-08-01,3.067597670941003e-07,0.0,0.0,0.0,,3.067597670941003e-07,1,HIGH,Прогноз 0 шт.; остаток 0; в пути 0; страховой запас 0; MOQ не указан.
IEK,270300113_,"Трансформатор тока ТТИ-А  300/5А  5ВА  класс 0,5 IEK (36) !!!",2026-08-01,0.24905444542210306,0.0,0.0,0.0,,0.24905444542210306,1,HIGH,Прогноз 0 шт.; остаток 0; в пути 0; страховой запас 0; MOQ не указан.
IEK,280100162_,Кабель-канал  40х40 Ecoline IEK (24) !!!,2026-08-01,9.25286594801248e-10,0.0,0.0,0.0,,9.25286594801248e-10,1,HIGH,Прогноз 0 шт.; остаток 0; в пути 0; страховой запас 0; MOQ не указан.
IEK,251400136_,ЩМП 1400х800х300 IP66  TITAN 5 IEK,2026-08-01,0.37733984711690155,0.0,0.0,0.5845225972250061,1.0,0.9618624443419077,1,HIGH,Прогноз 0 шт.; остаток 0; в пути 0; страховой запас 1; MOQ 1.0.
IEK,011100098_,"Стаб электрон СНР 1-0-1,5 кВА (1ф) переносной IEK (4)",2026-08-01,3.831338417302064e-07,0.0,0.0,0.0,,3.831338417302064e-07,1,HIGH,Прогноз 0 шт.; остаток 0; в пути 0; страховой запас 0; MOQ не указан.
IEK,010800037_,Электропривод ЭП-35/37 230В IEK (1/12) !!!,2026-08-01,2.1943404863117191e-07,0.0,0.0,0.0,,2.1943404863117191e-07,1,HIGH,Прогноз 0 шт.; остаток 0; в пути 0; страховой запас 0; MOQ не указан.
IEK,290100016_,У05 (5мест 2р+ре.5метра) IEK,2026-08-01,9.180237942620238e-08,0.0,0.0,0.0,,9.180237942620238e-08,1,HIGH,Прогноз 0 шт.; остаток 0; в пути 0; страховой запас 0; MOQ не указан.
IEK,010800039_,Электропривод ЭП-43 230В IEK (1/4) !!!,2026-08-01,3.067597670941003e-07,0.0,0.0,0.0,,3.067597670941003e-07,1,HIGH,Прогноз 0 шт.; остаток 0; в пути 0; страховой запас 0; MOQ не указан.
IEK,290100015_,У05 (5мест 2р+ре.3метра) IEK,2026-08-01,2.2686065478175942e-07,0.0,0.0,0.0,,2.2686065478175942e-07,1,HIGH,Прогноз 0 шт.; остаток 0; в пути 0; страховой запас 0; MOQ не указан.
IEK,ст-9952475,Лоток перфорированный 80х100х3000 (3м)IEK,2026-08-01,2.152025905197025e-07,0.0,0.0,0.0,,2.152025905197025e-07,1,HIGH,Прогноз 0 шт.; остаток 0; в пути 0; страховой запас 0; MOQ не указан.
IEK,151300042_,"LED A60 ""Шар"" 11w 230v 6500К E27 IEK",2026-08-01,2.573319189364699e-07,0.0,0.0,0.0,,2.573319189364699e-07,1,HIGH,Прогноз 0 шт.; остаток 0; в пути 0; страховой запас 0; MOQ не указан.
IEK,130300831_,"Клещи обжимные КО-03Е 6,0-16 мм2 (квадрат) IEK",2026-08-01,2.1943404863117191e-07,0.0,0.0,0.0,,2.1943404863117191e-07,1,HIGH,Прогноз 0 шт.; остаток 0; в пути 0; страховой запас 0; MOQ не указан.
IEK,290100014_,У04К-выкл (4места  .5метра ) IEK,2026-08-01,1.2778364430445269e-07,0.0,0.0,0.0,,1.2778364430445269e-07,1,HIGH,Прогноз 0 шт.; остаток 0; в пути 0; страховой запас 0; MOQ не указан.
IEK,010500002_,"Авт. выкл.ВА47-29 1Р  1,6А 4,5кА х-ка С IEK",2026-08-01,2.1943404863117191e-07,0.0,0.0,0.0,,2.1943404863117191e-07,1,HIGH,Прогноз 0 шт.; остаток 0; в пути 0; страховой запас 0; MOQ не указан.
IEK,130600132_,Реле циклическое ORT 2 конт. 12-240В AC/DC IEK ORT-S2-ACDC12-240V NEW,2026-08-01,2.1952305860190815e-07,0.0,0.0,0.0,,2.1952305860190815e-07,1,HIGH,Прогноз 0 шт.; остаток 0; в пути 0; страховой запас 0; MOQ не указан.
IEK,290100009_,У03 (3места 2р+ре.3метра) IEK,2026-08-01,0.4153156192417297,0.0,0.0,0.0,,0.4153156192417297,1,HIGH,Прогноз 0 шт.; остаток 0; в пути 0; страховой запас 0; MOQ не указан.
IEK,290100005_,У04 (4места 2р+ре.3метра) IEK,2026-08-01,0.32953589455490273,0.0,0.0,0.0,,0.32953589455490273,1,HIGH,Прогноз 0 шт.; остаток 0; в пути 0; страховой запас 0; MOQ не указан.
IEK,010800040_,ВА 88-33 (3ф)  40А IEK (16),2026-08-01,2.1943404863117191e-07,0.0,0.0,0.0,,2.1943404863117191e-07,1,HIGH,Прогноз 0 шт.; остаток 0; в пути 0; страховой запас 0; MOQ не указан.
IEK,251400125_,ЩМП  800х800х400 IP66  TITAN 5 IEK,2026-08-01,1.6293801935570102e-07,0.0,0.0,0.0,,1.6293801935570102e-07,1,HIGH,Прогноз 0 шт.; остаток 0; в пути 0; страховой запас 0; MOQ не указан.
IEK,200400009_,РСш 12-3-КБ Розетка 2местн. c з/к  с защ.штор. 16А КВАРТА (160) *,2026-08-01,2.152025905197025e-07,0.0,0.0,0.0,,2.152025905197025e-07,1,HIGH,Прогноз 0 шт.; остаток 0; в пути 0; страховой запас 0; MOQ не указан.
IEK,130600135_,"Реле тока ORI 1,6-16А 24-240В AC/24В DC IEK  ORI-01-16 NEW",2026-08-01,2.1943404863117191e-07,0.0,0.0,0.0,,2.1943404863117191e-07,1,HIGH,Прогноз 0 шт.; остаток 0; в пути 0; страховой запас 0; MOQ не указан.
IEK,010800042_,ВА 88-33 (3ф)  63А IEK (16) !!!,2026-08-01,8.200979334767576e-08,0.0,0.0,0.0,,8.200979334767576e-08,1,HIGH,Прогноз 0 шт.; остаток 0; в пути 0; страховой запас 0; MOQ не указан.
IEK,130600148_,Реле промежут. OIR 3 конт. 8А 230В AC IEK OIR-308-AC230V NEW,2026-08-01,1.5287420149953743e-07,0.0,0.0,0.0,1.0,1.5287420149953743e-07,1,HIGH,Прогноз 0 шт.; остаток 0; в пути 0; страховой запас 0; MOQ 1.0.
IEK,ст-9951895,"Самоклеящаяся этикетка ""Молния"" 50х50х50 IEK !!!",2026-08-01,2.152025905197025e-07,0.0,0.0,0.0,,2.152025905197025e-07,1,HIGH,Прогноз 0 шт.; остаток 0; в пути 0; страховой запас 0; MOQ не указан.
IEK,130600147_,Импульсное реле ORM. 2 конт. 230 В AC IEK ORM-02-AC230 NEW,2026-08-01,2.1943404863117191e-07,0.0,0.0,0.0,,2.1943404863117191e-07,1,HIGH,Прогноз 0 шт.; остаток 0; в пути 0; страховой запас 0; MOQ не указан.
IEK,151000555_,Отвертка Master 6х125мм IEK (12) ,2026-08-01,8.246746016632526e-08,0.0,0.0,0.0,,8.246746016632526e-08,1,HIGH,Прогноз 0 шт.; остаток 0; в пути 0; страховой запас 0; MOQ не указан.
IEK,130600149_,Импульсное реле ORM. 2 конт. 12-240 В AC/DC  IEK ORM-02-ACDC12-240V NEW,2026-08-01,2.2153639788327422e-07,0.0,0.0,0.0,,2.2153639788327422e-07,1,HIGH,Прогноз 0 шт.; остаток 0; в пути 0; страховой запас 0; MOQ не указан.
IEK,130200285_,Пассатижи Expert 200мм IEK,2026-08-01,2.152025905197025e-07,0.0,0.0,0.0,,2.152025905197025e-07,1,HIGH,Прогноз 0 шт.; остаток 0; в пути 0; страховой запас 0; MOQ не указан.
IEK,151000556_,Отвертка Master 6х150мм IEK (12) ,2026-08-01,2.1943404863117191e-07,0.0,0.0,0.0,,2.1943404863117191e-07,1,HIGH,Прогноз 0 шт.; остаток 0; в пути 0; страховой запас 0; MOQ не указан.
IEK,130600140_,Реле промежут. OIR 3 конт. 16А 12В AC/DC IEK OIR-316-ACDC12V NEW,2026-08-01,2.1943404863117191e-07,0.0,0.0,0.0,,2.1943404863117191e-07,1,HIGH,Прогноз 0 шт.; остаток 0; в пути 0; страховой запас 0; MOQ не указан.
IEK,151000734_,Отвертка Master 3х75мм IEK (12) ,2026-08-01,3.2330031253317985e-06,0.0,0.0,0.2041241452319315,,0.20412737823505683,1,HIGH,Прогноз 0 шт.; остаток 0; в пути 0; страховой запас 0; MOQ не указан.
IEK,151000783_,Дальномер лазерный DM60 Professional IEK,2026-08-01,2.1943404863117191e-07,0.0,0.0,0.0,,2.1943404863117191e-07,1,HIGH,Прогноз 0 шт.; остаток 0; в пути 0; страховой запас 0; MOQ не указан.
IEK,151000732_,Отвертка крест.Master Ph0х75мм IEK (6) ,2026-08-01,9.416593555081544e-08,0.0,0.0,0.0,,9.416593555081544e-08,1,HIGH,Прогноз 0 шт.; остаток 0; в пути 0; страховой запас 0; MOQ не указан.
IEK,290100036_,ВА 88-33 (3ф)  32А IEK (1/16)*,2026-08-01,1.575889332524124e-07,0.0,0.0,0.0,,1.575889332524124e-07,1,HIGH,Прогноз 0 шт.; остаток 0; в пути 0; страховой запас 0; MOQ не указан.
IEK,ст-9952041,Разъем PPM77/3 для РЭК77/3 модульный IEK !!!,2026-08-01,2.315901908343116e-07,0.0,0.0,0.0,,2.315901908343116e-07,1,HIGH,Прогноз 0 шт.; остаток 0; в пути 0; страховой запас 0; MOQ не указан.
IEK,011100062_,Стабилизатор СНИ  3 кВА (1ф) IEK (1),2026-08-01,3.925294720338066e-07,0.0,0.0,0.0,,3.925294720338066e-07,1,HIGH,Прогноз 0 шт.; остаток 0; в пути 0; страховой запас 0; MOQ не указан.
IEK,010800258_,ВА 88-35 (3ф) 160А  690В MASTER IEK!!!,2026-08-01,3.4291046532590106e-06,0.0,0.0,0.2041241452319315,,0.20412757433658477,1,HIGH,Прогноз 0 шт.; остаток 0; в пути 0; страховой запас 0; MOQ не указан.
IEK,ст-9953405,Тепловое реле РТИ-5375 (120-150А) IEK (100),2026-08-01,4.250106306166692e-07,0.0,0.0,0.2041241452319315,,0.20412457024256211,1,HIGH,Прогноз 0 шт.; остаток 0; в пути 0; страховой запас 0; MOQ не указан.
IEK,010800106_,ВА 88-35 (3ф)  80 А  35кА  IEK ,2026-08-01,4.21612378952723e-05,0.0,0.0,0.6123724356957945,,0.6124145969336897,1,HIGH,Прогноз 0 шт.; остаток 0; в пути 0; страховой запас 1; MOQ не указан.
IEK,251400128_,ЩМП 1000х600х400 IP66  TITAN 5 IEK,2026-08-01,4.6595756301262926e-05,0.0,0.0,0.408248290463863,1.0,0.4082948862201643,1,HIGH,Прогноз 0 шт.; остаток 0; в пути 0; страховой запас 0; MOQ 1.0.
IEK,130301081_,Амперметр Э47 150/5А 96х96 IEK,2026-08-01,1.710388634722202e-07,0.0,0.0,0.0,,1.710388634722202e-07,1,HIGH,Прогноз 0 шт.; остаток 0; в пути 0; страховой запас 0; MOQ не указан.
IEK,130600123_,Реле времени ORT 2 конт. 2 уст. 230В AC IEK ORT-2T-AC230V NEW,2026-08-01,3.067597670941003e-07,0.0,0.0,0.0,,3.067597670941003e-07,1,HIGH,Прогноз 0 шт.; остаток 0; в пути 0; страховой запас 0; MOQ не указан.
IEK,011100071_,Стабилизатор СНИ 10 кВА (1ф) IEK (1),2026-08-01,5.7896495009012854e-08,0.0,0.0,0.0,,5.7896495009012854e-08,1,HIGH,Прогноз 0 шт.; остаток 0; в пути 0; страховой запас 0; MOQ не указан.
IEK,щт-0000350,Шайба плоская M8 IEK,2026-08-01,2.152025905197025e-07,0.0,0.0,0.0,,2.152025905197025e-07,1,HIGH,Прогноз 0 шт.; остаток 0; в пути 0; страховой запас 0; MOQ не указан.
IEK,щт-0000139,"Индикатор, CHINT, ND 16-22DS/2, желтый AC/DC 24В",2026-08-01,2.2153639788327422e-07,0.0,0.0,0.0,,2.2153639788327422e-07,1,HIGH,Прогноз 0 шт.; остаток 0; в пути 0; страховой запас 0; MOQ не указан.
IEK,011100065_,Стабилизатор СНИ  5 кВА (1ф) IEK (1),2026-08-01,2.9731811826704786e-08,0.0,0.0,0.2041241452319315,,0.20412417496374333,1,HIGH,Прогноз 0 шт.; остаток 0; в пути 0; страховой запас 0; MOQ не указан.
IEK,011100067_,Стабилизатор СНИ  3 кВА (3ф) IEK (1),2026-08-01,2.0043088485814182e-07,0.0,0.0,0.0,,2.0043088485814182e-07,1,HIGH,Прогноз 0 шт.; остаток 0; в пути 0; страховой запас 0; MOQ не указан.
IEK,280300678_,"Лоток лестничный LESTA 55х300х3000-1,2 IEK",2026-08-01,2.2153639788327422e-07,0.0,0.0,0.0,,2.2153639788327422e-07,1,HIGH,Прогноз 0 шт.; остаток 0; в пути 0; страховой запас 0; MOQ не указан.
IEK,011100068_,Стабилизатор СНИ 15 кВА (3ф) IEK (1),2026-08-01,0.18938059060786164,0.0,0.0,0.0,,0.18938059060786164,1,HIGH,Прогноз 0 шт.; остаток 0; в пути 0; страховой запас 0; MOQ не указан.
IEK,010800054_,Контакт состояния КС47 на DIN-рейку  НОВЫЕ IEK (320) !!!,2026-08-01,6.249543493286448e-09,0.0,0.0,0.0,,6.249543493286448e-09,1,HIGH,Прогноз 0 шт.; остаток 0; в пути 0; страховой запас 0; MOQ не указан.
IEK,130300988_,"Вольтметр Э47 500В кл. точн. 1,5 96х96мм IEK !!!",2026-08-01,1.387258407552715e-07,0.0,0.0,0.0,,1.387258407552715e-07,1,HIGH,Прогноз 0 шт.; остаток 0; в пути 0; страховой запас 0; MOQ не указан.
IEK,130600129_,Реле циклическое ORT 1 конт. 230В AC ИЭК ORT-S1-AC230V NEW,2026-08-01,2.1943404863117191e-07,0.0,0.0,0.0,,2.1943404863117191e-07,1,HIGH,Прогноз 0 шт.; остаток 0; в пути 0; страховой запас 0; MOQ не указан.
IEK,280301024_,Комплект заземления 9/20 б/м оц. сталь HDZ IEK,2026-08-01,7.478497450832356e-08,0.0,0.0,0.0,1.0,7.478497450832356e-08,1,HIGH,Прогноз 0 шт.; остаток 0; в пути 0; страховой запас 0; MOQ 1.0.
IEK,130600130_,Реле циклическое ORT 1 конт. 12-240В AC/DC IEK ORT-S1-ACDC12-240V NEW,2026-08-01,1.576692325378371e-07,0.0,0.0,0.0,,1.576692325378371e-07,1,HIGH,Прогноз 0 шт.; остаток 0; в пути 0; страховой запас 0; MOQ не указан.
IEK,130600131_,Реле циклическое ORT 2 конт. 230В AC IEK ORT-S2-AC230V NEW,2026-08-01,2.1943404863117191e-07,0.0,0.0,0.0,,2.1943404863117191e-07,1,HIGH,Прогноз 0 шт.; остаток 0; в пути 0; страховой запас 0; MOQ не указан.
IEK,010800051_,Расцепитель независимый РМ-125/160 (PH-32/33) IEK (20/480) !!!,2026-08-01,0.18181669686669502,0.0,0.0,0.20412414523193764,,0.38594084209863266,1,HIGH,Прогноз 0 шт.; остаток 0; в пути 0; страховой запас 0; MOQ не указан.
IEK,290100003_,У03К-выкл (3места/3метра ) IEK,2026-08-01,2.516947117393099e-07,0.0,0.0,0.2041241452319315,,0.20412439692664325,1,HIGH,Прогноз 0 шт.; остаток 0; в пути 0; страховой запас 0; MOQ не указан.
IEK,010800052_,Расцепитель независимый РН-250/400  ( РН-35/37 ) IEK !!!,2026-08-01,0.250604390706416,0.0,0.0,0.0,,0.250604390706416,1,HIGH,Прогноз 0 шт.; остаток 0; в пути 0; страховой запас 0; MOQ не указан.
IEK,ст-9953087,ЩРН-12з-1 38 IP31 MKM13-N-12-31-Z EK !!!,2026-08-01,2.1943404863117191e-07,0.0,0.0,0.0,,2.1943404863117191e-07,1,HIGH,Прогноз 0 шт.; остаток 0; в пути 0; страховой запас 0; MOQ не указан.
IEK,130600125_,Реле времени ORT многофункц. 1 конт. 230В AC IEK ORT-M1-AC230V NEW,2026-08-01,4.483018055089136e-08,0.0,0.0,0.0,1.0,4.483018055089136e-08,1,HIGH,Прогноз 0 шт.; остаток 0; в пути 0; страховой запас 0; MOQ 1.0.
IEK,ст-9953236,Индикатор AD-22DS (LED) Ø22мм (зеленый) 12В IEK !!!,2026-08-01,0.03292882939592972,0.0,0.0,0.0,,0.03292882939592972,1,HIGH,Прогноз 0 шт.; остаток 0; в пути 0; страховой запас 0; MOQ не указан.
IEK,010800060_,Аварийно-доп. контакт ДК/АК32-11 IEK !!! (150),2026-08-01,3.8304112556864326e-07,0.0,0.0,0.0,,3.8304112556864326e-07,1,HIGH,Прогноз 0 шт.; остаток 0; в пути 0; страховой запас 0; MOQ не указан.
IEK,130200034_,DIN-рейка  (60см) IEK (20),2026-08-01,1.4655041904109193e-07,0.0,0.0,0.0,,1.4655041904109193e-07,1,HIGH,Прогноз 0 шт.; остаток 0; в пути 0; страховой запас 0; MOQ не указан.
IEK,010800058_,Доп. контакт ДК32-20 IEK !!! (200),2026-08-01,7.253672639316069e-08,0.0,0.0,0.0,,7.253672639316069e-08,1,HIGH,Прогноз 0 шт.; остаток 0; в пути 0; страховой запас 0; MOQ не указан.
IEK,ст-9953168, УЗО ВД1 63 (2ф) 40А 300мА  IEK  (48) !!!,2026-08-01,1.5098787087669832e-07,0.0,0.0,0.0,,1.5098787087669832e-07,1,HIGH,Прогноз 0 шт.; остаток 0; в пути 0; страховой запас 0; MOQ не указан.
IEK,130300780_, Трубы гибкая двустенная красная (с протяжкой)  Ø110  IEK (50),2026-08-01,11420.8212958447,9962.0,0.0,2445.105077837488,50.0,3903.9263736821886,3950,MEDIUM,Прогноз 11421 шт.; остаток 9962; в пути 0; страховой запас 2445; MOQ 50.0.
IEK,260100138_, Наконечник медно-луженный JG -   6  IEK (600),2026-08-01,1225.8715039561316,1172.0,0.0,171.89805602934183,600.0,225.7695599854735,600,MEDIUM,Прогноз 1226 шт.; остаток 1172; в пути 0; страховой запас 172; MOQ 600.0.
IEK,130301101_,"ЗОИ 16-95/2,5-35 IEK (18) (72)",2026-08-01,769.9008839898505,404.0,350.0,229.468607148487,35.0,245.36949113833748,280,MEDIUM,Прогноз 770 шт.; остаток 404; в пути 350; страховой запас 229; MOQ 35.0.
IEK,130301100_,ЗОИ 25-95/25-95 IEK (18),2026-08-01,69.92633876486735,45.0,0.0,34.54224466745998,18.0,59.468583432327335,72,MEDIUM,Прогноз 70 шт.; остаток 45; в пути 0; страховой запас 35; MOQ 18.0.
IEK,280200057_,Поворот 90° КМП 60х40 Белый ЭЛЕКОР IEK (4),2026-08-01,54.469128201867385,29.0,15.0,38.11648812084695,1.0,48.585616322714344,49,MEDIUM,Прогноз 54 шт.; остаток 29; в пути 15; страховой запас 38; MOQ 1.0.
IEK,280200042_,Внутренний угол КМВ 60х40 Белый ЭЛЕКОР IEK (4),2026-08-01,45.451466401918175,17.0,20.0,31.6534621592436,1.0,40.10492856116177,41,MEDIUM,Прогноз 45 шт.; остаток 17; в пути 20; страховой запас 32; MOQ 1.0.
IEK,280200044_,Заглушка КМЗ 100х60 Белый ЭЛЕКОР IEK (2),2026-08-01,14.748914400320995,12.0,0.0,8.558134531933149,36.0,11.307048932254144,36,MEDIUM,Прогноз 15 шт.; остаток 12; в пути 0; страховой запас 9; MOQ 36.0.
IEK,020100022_,Стационарная розетка  134 3р+ре 63А 380В IP 54 IEK,2026-08-01,5.741265313553718,4.0,0.0,6.306081720582654,2.0,8.047347034136372,10,MEDIUM,Прогноз 6 шт.; остаток 4; в пути 0; страховой запас 6; MOQ 2.0.
IEK,151000175_,Переноска УП-1Р 10м. плоск. вилка IEK,2026-08-01,6.988003183423474,6.0,0.0,5.689903338370522,1.0,6.677906521793997,7,MEDIUM,Прогноз 7 шт.; остаток 6; в пути 0; страховой запас 6; MOQ 1.0.
IEK,250600004_,ЩРВ-П 36 IEK (5) MKP12-V-04-36-41,2026-08-01,11.63140406314724,11.0,0.0,3.587013613950566,5.0,4.218417677097806,5,MEDIUM,Прогноз 12 шт.; остаток 11; в пути 0; страховой запас 4; MOQ 5.0.
IEK,120100056_,Контактор  КМИ-11260 12А 220В  IP54 (1вел в корпусе) IEK (1/20),2026-08-01,4.1465207882740165,4.0,0.0,4.156320488124082,1.0,4.302841276398098,5,MEDIUM,Прогноз 4 шт.; остаток 4; в пути 0; страховой запас 4; MOQ 1.0.
IEK,030200551_,"Выкл 1-кл. 10А б/рамки ""BRITE"" маренго (1/100)",2026-08-01,2.7733187786813644,2.0,0.0,1.751190071541804,,2.5245088502231683,3,MEDIUM,Прогноз 3 шт.; остаток 2; в пути 0; страховой запас 2; MOQ не указан.
IEK,251400023_,КМПн-12  черн. прозр. дверь IP65 TEKFOR IEK,2026-08-01,1.424989370399246,1.0,0.0,0.9831920802501748,,1.4081814506494208,2,MEDIUM,Прогноз 1 шт.; остаток 1; в пути 0; страховой запас 1; MOQ не указан.
IEK,130200422_,Бокорезы 160мм K4 ARMA2L 5 IEK (1),2026-08-01,1.6465818345814498,1.0,0.0,1.332291259447423,1.0,1.9788730940288728,2,MEDIUM,Прогноз 2 шт.; остаток 1; в пути 0; страховой запас 1; MOQ 1.0.
IEK,010300006_, УЗО АД 12  (2ф) 50А IEK (4/32),2026-08-01,159.3537075143662,362.0,0.0,307.7038755037056,1.0,105.0575830180718,106,LOW,Прогноз 159 шт.; остаток 362; в пути 0; страховой запас 308; MOQ 1.0.
IEK,130301675_,"Блок зажимов БЗН ТВ-1506 1,5 мм2 15А 6 пар IEK",2026-08-01,3.2632656393564203,9.0,0.0,15.47390276131612,100.0,9.737168400672541,100,LOW,Прогноз 3 шт.; остаток 9; в пути 0; страховой запас 15; MOQ 100.0.
IEK,ст-9952711,ВА47-29 (4ф) 10А IEK (36) !!!,2026-08-01,0.0,0.0,0.0,64.29910574805842,,64.29910574805842,65,LOW,Прогноз 0 шт.; остаток 0; в пути 0; страховой запас 64; MOQ не указан.
IEK,130301715_,"Заглушка для CP-MC 3 вывода 2,5мм2 серая IEK",2026-08-01,0.0,2.0,0.0,2.581988897471611,50.0,0.5819888974716112,50,LOW,Прогноз 0 шт.; остаток 2; в пути 0; страховой запас 3; MOQ 50.0.
IEK,081100749_,Светильник встраиваемый под лампу GX53 белый IEK,2026-08-01,93.33340391563951,108.0,0.0,63.32850858815484,10.0,48.661912503794355,50,LOW,Прогноз 93 шт.; остаток 108; в пути 0; страховой запас 63; MOQ 10.0.
IEK,130600068_,Реле РЭК77/4(LY4) 10A 220B IEK (20/300),2026-08-01,87.58631945606334,5.0,100.0,44.7072887420683,20.0,27.293608198131636,40,LOW,Прогноз 88 шт.; остаток 5; в пути 100; страховой запас 45; MOQ 20.0.
IEK,030200525_,"Роз. с з/к без з/ш 16А б/рамки ""BRITE""  шампань (1/100)",2026-08-01,117.11842873757995,180.0,0.0,96.21456057513676,1.0,33.332989312716705,34,LOW,Прогноз 117 шт.; остаток 180; в пути 0; страховой запас 96; MOQ 1.0.
IEK,130200023_,Замок 20-22\45 IEK,2026-08-01,13.215282116696208,23.0,0.0,38.27139924277658,6.0,28.48668135947279,30,LOW,Прогноз 13 шт.; остаток 23; в пути 0; страховой запас 38; MOQ 6.0.
IEK,200400024_,I23 роз. о/у з/к 16А ОКТАВА РС 20-3-0-ОБ (30/360),2026-08-01,98.93361691601079,137.0,0.0,45.22545374749336,30.0,7.159070663504167,30,LOW,Прогноз 99 шт.; остаток 137; в пути 0; страховой запас 45; MOQ 30.0.
IEK,010300017_, УЗО ВД1 63 (2ф) 40А 30мА  IEK  (1/48),2026-08-01,76.11758153313515,84.0,0.0,34.54369214005166,1.0,26.661273673186813,27,LOW,Прогноз 76 шт.; остаток 84; в пути 0; страховой запас 35; MOQ 1.0.
IEK,280200059_,Соединитель на стык КМС 100х60 Белый ЭЛЕКОР IEK (2),2026-08-01,29.89401533397464,0.0,52.0,24.379807218269804,26.0,2.2738225522444395,26,LOW,Прогноз 30 шт.; остаток 0; в пути 52; страховой запас 24; MOQ 26.0.
IEK,130200073_,Замок-защелка с трехгранным ключом IP54 (22-25/44),2026-08-01,26.080360273717186,40.0,0.0,33.16536848380654,6.0,19.24572875752372,24,LOW,Прогноз 26 шт.; остаток 40; в пути 0; страховой запас 33; MOQ 6.0.
IEK,130600210_,Реле интерфейсное ORM-1 2C 24В DC с LED и тест. кнопкой ONI ORM-1-2C-DC24V-L-B NEW,2026-08-01,0.0,0.0,0.0,0.408248290463863,20.0,0.408248290463863,20,LOW,Прогноз 0 шт.; остаток 0; в пути 0; страховой запас 0; MOQ 20.0.
IEK,130200409_,"Шина РЕ ""земля"" в комб DIN-изол ""Стойка"" ШНИ-8х12-8-КС-Ж IEK",2026-08-01,57.79942838458977,70.0,0.0,32.09270425917184,20.0,19.892132643761613,20,LOW,Прогноз 58 шт.; остаток 70; в пути 0; страховой запас 32; MOQ 20.0.
IEK,280100138_,Соеденитель на стык лицевой  для крышки 60 мм ПРАЙМЕР (720),2026-08-01,21.870666305342393,30.0,0.0,8.966604708583954,20.0,0.8372710139263475,20,LOW,Прогноз 22 шт.; остаток 30; в пути 0; страховой запас 9; MOQ 20.0.
IEK,130200135_,"Шина ""N"" нулевая 4х11 групп на DIN-рейку в корпусе IEK (10)",2026-08-01,29.32414687433718,1.0,40.0,23.787952132679823,10.0,12.112099007017008,20,LOW,Прогноз 29 шт.; остаток 1; в пути 40; страховой запас 24; MOQ 10.0.
IEK,280100344_,Кабель-канал 40х25 дуб ЭЛЕКОР IEK (18),2026-08-01,21.50666361435044,30.0,0.0,16.729215960907034,18.0,8.23587957525747,18,LOW,Прогноз 22 шт.; остаток 30; в пути 0; страховой запас 17; MOQ 18.0.
IEK,280200032_,Внешний угол КМН 100х60 Белый ЭЛЕКОР IEK (2),2026-08-01,19.556696624972467,20.0,0.0,17.37742788792405,6.0,16.934124512896517,18,LOW,Прогноз 20 шт.; остаток 20; в пути 0; страховой запас 17; MOQ 6.0.
IEK,130600205_,Реле общ. назнач. OGR-1 2C 24В DC с LED и тест. кнопкой ONI OGR-1-2C-DC24V-L-B NEW,2026-08-01,0.0,0.0,0.0,12.24744871391589,,12.24744871391589,13,LOW,Прогноз 0 шт.; остаток 0; в пути 0; страховой запас 12; MOQ не указан.
IEK,010700170_,УЗО АВДТ 1P+NP 20 А 30мА ARMAT IEK (12),2026-08-01,3.5494668682836643,9.0,0.0,8.388484169781014,12.0,2.9379510380646785,12,LOW,Прогноз 4 шт.; остаток 9; в пути 0; страховой запас 8; MOQ 12.0.
IEK,130300041_, ЗНИ  4мм ² (35А) серый IEK(60),2026-08-01,3.2734674903177483,13.0,0.0,20.02664891255316,,10.30011640287091,11,LOW,Прогноз 3 шт.; остаток 13; в пути 0; страховой запас 20; MOQ не указан.
IEK,080800024_,Индикатор AL-22TE Ø22мм (зеленый неон) IEK (10/300),2026-08-01,0.013908209870391843,1.0,0.0,1.2549900398011133,10.0,0.2688982496715051,10,LOW,Прогноз 0 шт.; остаток 1; в пути 0; страховой запас 1; MOQ 10.0.
IEK,081100743_,Лампа LED T75 таблетка 6Вт 230В 4000К GX53 IEK,2026-08-01,0.6965828114215447,1.0,0.0,2.408318915758454,10.0,2.104901727179999,10,LOW,Прогноз 1 шт.; остаток 1; в пути 0; страховой запас 2; MOQ 10.0.
IEK,081100702_,Лампа филаментная LED A60 шар золото 11Вт 230В 2700К E27 серия 360° IEK,2026-08-01,1.5246452508806911,3.0,0.0,2.7703790354390003,10.0,1.2950242863196912,10,LOW,Прогноз 2 шт.; остаток 3; в пути 0; страховой запас 3; MOQ 10.0.
IEK,081100717_,Лампа филаментная LED CT35 свеча вит. 5Вт 230В 4000К E14 серия 360° IEK,2026-08-01,4.852230567416889,9.0,0.0,6.161709719442054,10.0,2.0139402868589436,10,LOW,Прогноз 5 шт.; остаток 9; в пути 0; страховой запас 6; MOQ 10.0.
IEK,250600013_,Пост кноп (корпус) КП-102 (2 мест.бел.) IEK (10/100),2026-08-01,70.40001235306163,96.0,0.0,35.24580353271389,10.0,9.64581588577552,10,LOW,Прогноз 70 шт.; остаток 96; в пути 0; страховой запас 35; MOQ 10.0.
IEK,020100010_,Переносная розетка  215 3р+ре+n 16А 380В IP44 IEK,2026-08-01,0.33839703648557395,4.0,0.0,5.066228051190222,10.0,1.4046250876757957,10,LOW,Прогноз 0 шт.; остаток 4; в пути 0; страховой запас 5; MOQ 10.0.
IEK,200400015_,I10 розетка TV КВАРТА РТВ 10-КБ (200),2026-08-01,0.0,0.0,0.0,0.408248290463863,10.0,0.408248290463863,10,LOW,Прогноз 0 шт.; остаток 0; в пути 0; страховой запас 0; MOQ 10.0.
IEK,130200021_,Замок 18-20\40 IEK,2026-08-01,5.417339254477933,12.0,0.0,7.724420150837634,10.0,1.1417594053155682,10,LOW,Прогноз 5 шт.; остаток 12; в пути 0; страховой запас 8; MOQ 10.0.
IEK,130200020_,Замок 18-18\34 IEK,2026-08-01,4.799832663844288,8.0,0.0,6.501281924871946,10.0,3.301114588716235,10,LOW,Прогноз 5 шт.; остаток 8; в пути 0; страховой запас 7; MOQ 10.0.
IEK,280200067_,Т-образный угол КМТ 100х60 Белый ЭЛЕКОР IEK (2),2026-08-01,5.86706765830836,7.0,0.0,7.09518616152294,4.0,5.9622538198313,8,LOW,Прогноз 6 шт.; остаток 7; в пути 0; страховой запас 7; MOQ 4.0.
IEK,150101208_,Светильник уличный 5113 настенный 2хGU10 IP65 черный IEK,2026-08-01,5.742313735472745,6.0,0.0,7.420691791650334,1.0,7.1630055271230795,8,LOW,Прогноз 6 шт.; остаток 6; в пути 0; страховой запас 7; MOQ 1.0.
IEK,270400035_,Рубильник  трехпозиционный ВРТ-63 2P 63А IEK,2026-08-01,0.0,0.0,0.0,5.398302202236058,6.0,5.398302202236058,6,LOW,Прогноз 0 шт.; остаток 0; в пути 0; страховой запас 5; MOQ 6.0.
IEK,RRP10-4-10-220A-LED,Реле РЭК77/4(LY4) с индикацией 10А 230В AC IEK,2026-08-01,0.0,0.0,0.0,4.08248290463863,,4.08248290463863,5,LOW,Прогноз 0 шт.; остаток 0; в пути 0; страховой запас 4; MOQ не указан.
IEK,120100325_,Контактор КМ 40-20М AC IEK,2026-08-01,7.001090941690104,14.0,0.0,11.377243368525905,1.0,4.378334310216008,5,LOW,Прогноз 7 шт.; остаток 14; в пути 0; страховой запас 11; MOQ 1.0.
IEK,030200442_,"Роз. 2-я с з/к/ш 16А в сборе ""BRITE"" шампань (1/100)",2026-08-01,0.06221382904424555,1.0,0.0,4.512944345620348,1.0,3.575158174664594,4,LOW,Прогноз 0 шт.; остаток 1; в пути 0; страховой запас 5; MOQ 1.0.
IEK,280300072_,Поворот 90º  50х100 IEK,2026-08-01,7.770291467251357,8.0,0.0,3.760540741258704,1.0,3.530832208510061,4,LOW,Прогноз 8 шт.; остаток 8; в пути 0; страховой запас 4; MOQ 1.0.
IEK,251400061_,ЩРН-П 18  бел. дв. IP41 UNION Compact IEK,2026-08-01,0.0,0.0,0.0,0.2041241452319315,4.0,0.2041241452319315,4,LOW,Прогноз 0 шт.; остаток 0; в пути 0; страховой запас 0; MOQ 4.0.
IEK,290100034_,СФ-05К-вык (5 мест/5м.) IEK,2026-08-01,0.3142901859422446,3.0,0.0,5.706721183540218,1.0,3.021011369482462,4,LOW,Прогноз 0 шт.; остаток 3; в пути 0; страховой запас 6; MOQ 1.0.
IEK,030200866_," Рамка 1-мест. ""BRITE"" стекло темная бронза (1/100)",2026-08-01,0.6292252329137461,2.0,0.0,3.693462693282101,1.0,2.3226879261958473,3,LOW,Прогноз 1 шт.; остаток 2; в пути 0; страховой запас 4; MOQ 1.0.
IEK,010700118_, BA 47-100 (1ф) 100А IEK (4/40) E-PRO,2026-08-01,0.0,3.0,0.0,5.400617248673214,,2.400617248673214,3,LOW,Прогноз 0 шт.; остаток 3; в пути 0; страховой запас 5; MOQ не указан.
IEK,010400850_,Реле напряжения и тока РНТ-д однофазное 54мм 63А IEK,2026-08-01,2.8009253204282327,1.0,4.0,4.956477243634502,1.0,2.757402564062735,3,LOW,Прогноз 3 шт.; остаток 1; в пути 4; страховой запас 5; MOQ 1.0.
IEK,200400050_,  Миниконтактор МКИ-10610 6А 230В IEK (1/100),2026-08-01,3.157654086708779,4.0,0.0,3.0983866769659336,1.0,2.2560407636747124,3,LOW,Прогноз 3 шт.; остаток 4; в пути 0; страховой запас 3; MOQ 1.0.
IEK,280100121_,"Заглушка на 1 модуль  45х22,5 ПРАЙМЕР (100)",2026-08-01,0.0,8.0,0.0,10.03327796219494,,2.0332779621949406,3,LOW,Прогноз 0 шт.; остаток 8; в пути 0; страховой запас 10; MOQ не указан.
IEK,270300100_,"Трансформатор тока ТТИ-А  150/5А  5ВА  класс 0,5  IEK",2026-08-01,3.833876695925362,5.0,0.0,2.949576240750524,1.0,1.7834529366758858,2,LOW,Прогноз 4 шт.; остаток 5; в пути 0; страховой запас 3; MOQ 1.0.
IEK,280300071_,Поворот 90º   50х50 IEK,2026-08-01,2.557962699371931,3.0,0.0,2.2509257354845507,1.0,1.808888434856481,2,LOW,Прогноз 3 шт.; остаток 3; в пути 0; страховой запас 2; MOQ 1.0.
IEK,280100356_,Заглушка КМЗ 40х25 дуб ЭЛЕКОР IEK (4шт/компл)  ,2026-08-01,0.0,0.0,0.0,1.632993161855452,,1.632993161855452,2,LOW,Прогноз 0 шт.; остаток 0; в пути 0; страховой запас 2; MOQ не указан.
IEK,280200056_,Поворот 90° КМП 40х25 Белый ЭЛЕКОР IEK (4),2026-08-01,62.87822763505947,87.0,0.0,25.388481640302935,1.0,1.2667092753624019,2,LOW,Прогноз 63 шт.; остаток 87; в пути 0; страховой запас 25; MOQ 1.0.
IEK,081100719_,Лампа филаментная LED CT35 свеча вит. 7Вт 230В 3000К E14 серия 360° IEK,2026-08-01,0.25331334251794874,2.0,0.0,3.527274679787026,,1.7805880223049746,2,LOW,Прогноз 0 шт.; остаток 2; в пути 0; страховой запас 4; MOQ не указан.
IEK,130500011_, Сальник PG 21 (15-18мм) IEK (20),2026-08-01,0.0,0.0,0.0,1.0206207261596576,,1.0206207261596576,2,LOW,Прогноз 0 шт.; остаток 0; в пути 0; страховой запас 1; MOQ не указан.
IEK,081100769_,"Светильник аварийный ДПА 5030-3, NI-CD, пост.,3ч,IP20, IEK",2026-08-01,6.9382985798454655,14.0,0.0,8.903182951431845,1.0,1.84148153127731,2,LOW,Прогноз 7 шт.; остаток 14; в пути 0; страховой запас 9; MOQ 1.0.
IEK,130600214_,Реле общ. назнач. OGR-2 2C 24В DC ONI OGR-2-2C-DC24V NEW,2026-08-01,0.0,0.0,0.0,1.4288690166235205,,1.4288690166235205,2,LOW,Прогноз 0 шт.; остаток 0; в пути 0; страховой запас 1; MOQ не указан.
IEK,290100142_,У05К (5мест/3метра) чер. IEK,2026-08-01,0.0,0.0,0.0,1.9407902170679512,1.0,1.9407902170679512,2,LOW,Прогноз 0 шт.; остаток 0; в пути 0; страховой запас 2; MOQ 1.0.
IEK,150100723_, ТУТ  8/4 черная IEK (100),2026-08-01,0.3398436413092561,1.0,0.0,1.6857243744653712,,1.0255680157746272,2,LOW,Прогноз 0 шт.; остаток 1; в пути 0; страховой запас 2; MOQ не указан.
IEK,030200812_,"Выкл 1-кл. с инд. 10А б/рамки ""BRITE"" темная бронза (1/100)",2026-08-01,0.0,1.0,0.0,2.4579802006254377,1.0,1.4579802006254377,2,LOW,Прогноз 0 шт.; остаток 1; в пути 0; страховой запас 2; MOQ 1.0.
IEK,280100358_,Поворот 90град КМП 25х16 дуб ЭЛЕКОР IEK (4шт/компл) ,2026-08-01,0.0,0.0,0.0,0.816496580927726,,0.816496580927726,1,LOW,Прогноз 0 шт.; остаток 0; в пути 0; страховой запас 1; MOQ не указан.
IEK,280100433_,Угол внутренний КМВ 100х60 черный ЭЛЕКОР IEK (2шт/компл) ,2026-08-01,0.0,0.0,0.0,0.4183300132670375,,0.4183300132670375,1,LOW,Прогноз 0 шт.; остаток 0; в пути 0; страховой запас 0; MOQ не указан.
IEK,240300019_,"Маркер МК1-2,5мм символ ""6"" 1000шт\ролл IEK",2026-08-01,0.0,0.0,0.0,0.20412414523193154,1.0,0.20412414523193154,1,LOW,Прогноз 0 шт.; остаток 0; в пути 0; страховой запас 0; MOQ 1.0.
IEK,280100442_,Поворот 90град КМП 16х16 черный ЭЛЕКОР IEK (4шт/компл) ,2026-08-01,0.0,0.0,0.0,0.816496580927726,,0.816496580927726,1,LOW,Прогноз 0 шт.; остаток 0; в пути 0; страховой запас 1; MOQ не указан.
IEK,280100362_,Соединитель на стык КМС 25х16 дуб ЭЛЕКОР IEK (4шт/компл),2026-08-01,0.0,0.0,0.0,0.816496580927726,,0.816496580927726,1,LOW,Прогноз 0 шт.; остаток 0; в пути 0; страховой запас 1; MOQ не указан.
IEK,130301682_,"Блок зажимов БЗН TK-020 2,5 мм2 20А на DIN-рейку 10 пар IEK",2026-08-01,0.0,0.0,0.0,0.6123724356957945,1.0,0.6123724356957945,1,LOW,Прогноз 0 шт.; остаток 0; в пути 0; страховой запас 1; MOQ 1.0.
IEK,130200435_,Мультиметр цифровой  цифровой DM1E IEK ARMA2L 5 IEK (40) NEW,2026-08-01,4.448675066084899,6.0,0.0,1.834847859269718,1.0,0.2835229253546174,1,LOW,Прогноз 4 шт.; остаток 6; в пути 0; страховой запас 2; MOQ 1.0.
IEK,130600213_,Реле общ. назнач. OGR-2 4C 220В AC ONI OGR-2-4C-AC220V NEW,2026-08-01,0.0,0.0,0.0,0.2041241452319315,,0.2041241452319315,1,LOW,Прогноз 0 шт.; остаток 0; в пути 0; страховой запас 0; MOQ не указан.
IEK,130200431_,Мультиметр  цифровой DM1A ARMA2L IEK (40) NEW,2026-08-01,0.5436689470362814,1.0,0.0,1.0,1.0,0.5436689470362814,1,LOW,Прогноз 1 шт.; остаток 1; в пути 0; страховой запас 1; MOQ 1.0.
IEK,130200381_,Светильник ДБА 3926 аккумулятор 3ч 3Вт IEK,2026-08-01,10.790991869136636,14.0,0.0,4.042482735481592,1.0,0.8334746046182282,1,LOW,Прогноз 11 шт.; остаток 14; в пути 0; страховой запас 4; MOQ 1.0.
IEK,ст-9951436,"Трансформатор тока ТТИ-А  800\5А 5ВА кл.т.0,5 IEK (36) !!!",2026-08-01,0.0,0.0,0.0,0.6123724356957945,,0.6123724356957945,1,LOW,Прогноз 0 шт.; остаток 0; в пути 0; страховой запас 1; MOQ не указан.
IEK,130300293_,"Автоматический стриппер АС 0,018-2,5 IEK",2026-08-01,0.0,0.0,0.0,0.2041241452319315,,0.2041241452319315,1,LOW,Прогноз 0 шт.; остаток 0; в пути 0; страховой запас 0; MOQ не указан.
IEK,030200862_," Рамка 4-мест. ""BRITE"" стекло черный (1/50)",2026-08-01,0.0,0.0,0.0,0.20412414523193145,1.0,0.20412414523193145,1,LOW,Прогноз 0 шт.; остаток 0; в пути 0; страховой запас 0; MOQ 1.0.
IEK,130300291_,Ножницы (секторные)  для резки кабеля НС-240 (до 240мм) IEK,2026-08-01,1.5156562387360444,2.0,0.0,0.6892024376045114,1.0,0.20485867634055577,1,LOW,Прогноз 2 шт.; остаток 2; в пути 0; страховой запас 1; MOQ 1.0.
IEK,BR-U21-D31-K37,"BRITE Розетка USB A+A 5В 3,1А РЮ10-1-БрШ шампань IEK",2026-08-01,0.0,0.0,0.0,0.408248290463863,1.0,0.408248290463863,1,LOW,Прогноз 0 шт.; остаток 0; в пути 0; страховой запас 0; MOQ 1.0.
IEK,BR-RT11-K10,BRITE Термостат электронный с инд. ТС10-1-БрКр беж. IEK,2026-08-01,0.0,0.0,0.0,0.6055300708194983,1.0,0.6055300708194983,1,LOW,Прогноз 0 шт.; остаток 0; в пути 0; страховой запас 1; MOQ 1.0.
IEK,251400085_,ЩРВ 144 (2х72мод) 1005х625х130 IP31 TITAN 5 IEK,2026-08-01,0.0,0.0,0.0,0.25819888974716115,1.0,0.25819888974716115,1,LOW,Прогноз 0 шт.; остаток 0; в пути 0; страховой запас 0; MOQ 1.0.
IEK,030200972_,"Выкл. 1-кл. самовозвратн. 10А ""BRITE"" графит (1/100)",2026-08-01,0.0,0.0,0.0,0.6055300708194984,1.0,0.6055300708194984,1,LOW,Прогноз 0 шт.; остаток 0; в пути 0; страховой запас 1; MOQ 1.0.
IEK,020300088_,Распред. блок на DIN-рейку РБД-160А IEK,2026-08-01,0.0,0.0,0.0,0.408248290463863,,0.408248290463863,1,LOW,Прогноз 0 шт.; остаток 0; в пути 0; страховой запас 0; MOQ не указан.
IEK,290100010_,У03К-выкл (3места/5метров ) IEK,2026-08-01,0.0,0.0,0.0,0.2041241452319315,,0.2041241452319315,1,LOW,Прогноз 0 шт.; остаток 0; в пути 0; страховой запас 0; MOQ не указан.
IEK,290100011_,У04 (4места 2р+ре.5метров) IEK,2026-08-01,0.0,0.0,0.0,0.6123724356957945,,0.6123724356957945,1,LOW,Прогноз 0 шт.; остаток 0; в пути 0; страховой запас 1; MOQ не указан.
IEK,030200896_," Рамка 2-мест. ""BRITE"" стекло темная бронза (1/100)",2026-08-01,0.9393347837643791,3.0,0.0,2.6910344974872893,1.0,0.6303692812516681,1,LOW,Прогноз 1 шт.; остаток 3; в пути 0; страховой запас 3; MOQ 1.0.
IEK,030200893_," Рамка 2-мест. ""BRITE"" стекло серый (1/100)",2026-08-01,4.175167863168236,12.0,0.0,8.268413793870423,1.0,0.44358165703865815,1,LOW,Прогноз 4 шт.; остаток 12; в пути 0; страховой запас 8; MOQ 1.0.
IEK,290100137_,У04 (4места/5метров) чер. IEK,2026-08-01,0.0,0.0,0.0,0.2041241452319315,1.0,0.2041241452319315,1,LOW,Прогноз 0 шт.; остаток 0; в пути 0; страховой запас 0; MOQ 1.0.
IEK,011100069_,Стабилизатор СНИ 20 кВА (3ф) IEK (1),2026-08-01,0.0,0.0,0.0,0.2041241452319315,,0.2041241452319315,1,LOW,Прогноз 0 шт.; остаток 0; в пути 0; страховой запас 0; MOQ не указан.
IEK,280300685_,Распределительная  коробка о/у  с сальниками 190х140х120 IP55 КМ41246 IEK (12) E-PRO,2026-08-01,0.0,0.0,0.0,0.816496580927726,,0.816496580927726,1,LOW,Прогноз 0 шт.; остаток 0; в пути 0; страховой запас 1; MOQ не указан.
IEK,010400934_,Реле напряжения РН-д однофазное 54мм 63А IEK,2026-08-01,4.057401112238534,7.0,0.0,3.3166247903554007,1.0,0.3740259025939343,1,LOW,Прогноз 4 шт.; остаток 7; в пути 0; страховой запас 3; MOQ 1.0.
IEK,130600080_,"Тепловое реле РТИ-1306 (1-1,6А) IEK (1/100)",2026-08-01,2.6734640388116784,3.0,0.0,1.2942179105544676,1.0,0.9676819493661459,1,LOW,Прогноз 3 шт.; остаток 3; в пути 0; страховой запас 1; MOQ 1.0.
IEK,130300985_,"Амперметр Э47  400/5А кл. точн. 1,5 72х72 IEK (1/100)",2026-08-01,1.4687349651308397,3.0,0.0,2.0595306908775766,1.0,0.5282656560084162,1,LOW,Прогноз 1 шт.; остаток 3; в пути 0; страховой запас 2; MOQ 1.0.
IEK,290100002_,У03 (3места 2р+ре.5метров) IEK,2026-08-01,0.0,0.0,0.0,0.408248290463863,,0.408248290463863,1,LOW,Прогноз 0 шт.; остаток 0; в пути 0; страховой запас 0; MOQ не указан.
IEK,130600128_,Реле времени  ORT многофункц. 2 конт. 12-240V AC/DC IEK (1/200),2026-08-01,4.485364911082667,1.0,6.0,3.5071355833500375,1.0,0.9925004944327043,1,LOW,Прогноз 4 шт.; остаток 1; в пути 6; страховой запас 4; MOQ 1.0.
IEK,251400143_,ЩРН 12  (240х330х120) IP54 TITAN 3 IEK      ,2026-08-01,6.092750515558658,40.0,0.0,3.7815340802378072,1.0,0.0,0,LOW,Прогноз 6 шт.; остаток 40; в пути 0; страховой запас 4; MOQ 1.0.
IEK,030200540_,"Роз TV оконечная  б/рамки ""BRITE"" алюминий (1/100)",2026-08-01,0.06424735442895105,75.0,0.0,0.40824829046385536,1.0,0.0,0,LOW,Прогноз 0 шт.; остаток 75; в пути 0; страховой запас 0; MOQ 1.0.
IEK,280100423_,Угол внешний КМН 25х16 черный ЭЛЕКОР IEK (4шт/компл) ,2026-08-01,0.0005969280068712462,63.0,0.0,0.816496580927726,,0.0,0,LOW,Прогноз 0 шт.; остаток 63; в пути 0; страховой запас 1; MOQ не указан.
IEK,280300021_,Разветвитель Т-образный  50х100 IEK,2026-08-01,4.008553094849663,29.0,0.0,2.0736441353327546,1.0,0.0,0,LOW,Прогноз 4 шт.; остаток 29; в пути 0; страховой запас 2; MOQ 1.0.
IEK,080800136_,"Светодиодная лента ""Неон"" LED 5м LSR5-2835WW120-8-IP65-220В-3000K+драйвер IEK",2026-08-01,0.03546843606492401,1.0,0.0,0.20412414523193145,1.0,0.0,0,LOW,Прогноз 0 шт.; остаток 1; в пути 0; страховой запас 0; MOQ 1.0.
IEK,030200437_,"Выкл 2-кл. 10А б/рамки ""BRITE"" шампань (1/100)",2026-08-01,69.1075127699359,162.0,0.0,23.05952442412173,1.0,0.0,0,LOW,Прогноз 69 шт.; остаток 162; в пути 0; страховой запас 23; MOQ 1.0.
IEK,240200007_,Круглая скоба  8мм IEK (100),2026-08-01,0.0,2.0,0.0,0.983192080250175,,0.0,0,LOW,Прогноз 0 шт.; остаток 2; в пути 0; страховой запас 1; MOQ не указан.
IEK,яяярп5542, УЗО АД 12  (2ф) 50А 100мА IEK !!!,2026-08-01,5.069559149683763e-07,1.0,0.0,0.0,,0.0,0,LOW,Прогноз 0 шт.; остаток 1; в пути 0; страховой запас 0; MOQ не указан.
IEK,030200534_,"Роз. с з/к без з/ш 16А б/рамки ""BRITE""  графит  (1/100)",2026-08-01,225.4447693114683,929.0,0.0,70.09350897194416,1.0,0.0,0,LOW,Прогноз 225 шт.; остаток 929; в пути 0; страховой запас 70; MOQ 1.0.
IEK,080800030_,Сиг. лампа ЛС-47 (зеленый неон) IEK (12/240),2026-08-01,12.87720924240381,47.0,0.0,5.263078946776308,12.0,0.0,0,LOW,Прогноз 13 шт.; остаток 47; в пути 0; страховой запас 5; MOQ 12.0.
IEK,030200531_,"Роз. с з/к без з/ш 16А б/рамки ""BRITE"" сталь (1/100)",2026-08-01,163.65508731142054,872.0,0.0,53.26818938165652,1.0,0.0,0,LOW,Прогноз 164 шт.; остаток 872; в пути 0; страховой запас 53; MOQ 1.0.
IEK,130301620_,Колодка клеммная CTS  35мм2 серая IEK,2026-08-01,0.5219786839166897,14.0,0.0,7.865536642001401,50.0,0.0,0,LOW,Прогноз 1 шт.; остаток 14; в пути 0; страховой запас 8; MOQ 50.0.
IEK,030200438_,"Выкл 2-кл. с инд. 10А б/рамки ""BRITE"" шампань (1/100)",2026-08-01,0.3051315408726531,6.0,0.0,0.4183300132670404,1.0,0.0,0,LOW,Прогноз 0 шт.; остаток 6; в пути 0; страховой запас 0; MOQ 1.0.
IEK,240200011_,Круглая скоба 10мм IEK (100),2026-08-01,0.0035296271474236926,7.0,0.0,1.0,,0.0,0,LOW,Прогноз 0 шт.; остаток 7; в пути 0; страховой запас 1; MOQ не указан.
IEK,010300142_, УЗО ВД1 63 (2ф) 80А 30мА IEK  (48) !!!,2026-08-01,0.03359935484013504,3.0,0.0,0.408248290463863,,0.0,0,LOW,Прогноз 0 шт.; остаток 3; в пути 0; страховой запас 0; MOQ не указан.
IEK,280100418_,Кабель-канал 100х40 черный ЭЛЕКОР IEK (8),2026-08-01,1.874670518344002e-07,8.0,0.0,0.0,8.0,0.0,0,LOW,Прогноз 0 шт.; остаток 8; в пути 0; страховой запас 0; MOQ 8.0.
IEK,280300057_,Поворот 90º вертикальный внутренний  50х200 IEK,2026-08-01,0.9748789291712088,4.0,0.0,0.6324555320336774,1.0,0.0,0,LOW,Прогноз 1 шт.; остаток 4; в пути 0; страховой запас 1; MOQ 1.0.
IEK,030200533_,"Роз. без з/к 10А б/рамки ""BRITE"" графит (1/100)",2026-08-01,29.989978956024018,266.0,0.0,16.212392379493785,1.0,0.0,0,LOW,Прогноз 30 шт.; остаток 266; в пути 0; страховой запас 16; MOQ 1.0.
IEK,081100779_,"Датчик движения ДД 017 белый, макс. нагрузка 1100Вт, угол обзора 120град., дальность 12м, IP44 IEK",2026-08-01,1.608825083070577,9.0,0.0,0.8164965809277269,,0.0,0,LOW,Прогноз 2 шт.; остаток 9; в пути 0; страховой запас 1; MOQ не указан.
IEK,120100035_, Контактор КМИ-22510 25А 400В (2вел) IEK (1/50),2026-08-01,31.514335109688915,170.0,0.0,5.202563470700455,1.0,0.0,0,LOW,Прогноз 32 шт.; остаток 170; в пути 0; страховой запас 5; MOQ 1.0.
IEK,030200971_,"Выкл. 1-кл. самовозвратн. 10А ""BRITE"" черный (1/100)",2026-08-01,0.33642136453633975,11.0,0.0,1.0206207261596576,1.0,0.0,0,LOW,Прогноз 0 шт.; остаток 11; в пути 0; страховой запас 1; MOQ 1.0.
IEK,яярп4811,LED G45 5w 230v 3000К E27 IEK,2026-08-01,0.10679033671277799,176.0,0.0,0.2041241452319399,,0.0,0,LOW,Прогноз 0 шт.; остаток 176; в пути 0; страховой запас 0; MOQ не указан.
IEK,250600058_,ЩМП-6 IP65 GARANT (1200х650х275) IEK,2026-08-01,0.0,0.0,0.0,0.0,,0.0,0,LOW,Прогноз 0 шт.; остаток 0; в пути 0; страховой запас 0; MOQ не указан.
IEK,130301621_,Колодка клеммная CTS с шестигранником 35мм2 серая IEK,2026-08-01,0.0,71.0,0.0,0.0,50.0,0.0,0,LOW,Прогноз 0 шт.; остаток 71; в пути 0; страховой запас 0; MOQ 50.0.
IEK,280100412_,Кабель-канал 40х16 черный ЭЛЕКОР IEK (30),2026-08-01,0.029292922435925045,8.0,0.0,1.2247448713915885,30.0,0.0,0,LOW,Прогноз 0 шт.; остаток 8; в пути 0; страховой запас 1; MOQ 30.0.
IEK,120100034_, Контактор КМИ-11810 18А 400В (1вел) IEK (1/50),2026-08-01,12.282476011966324,45.0,0.0,7.339391437078865,1.0,0.0,0,LOW,Прогноз 12 шт.; остаток 45; в пути 0; страховой запас 7; MOQ 1.0.
IEK,010300007_, УЗО АД 12  (2ф) 63А IEK (4/32),2026-08-01,25.521493723166795,76.0,32.0,8.602325267042627,1.0,0.0,0,LOW,Прогноз 26 шт.; остаток 76; в пути 32; страховой запас 9; MOQ 1.0.
IEK,130600021_,Тепловое реле РТИ-1314 (7-10А) IEK (1/100),2026-08-01,10.018569975299862,93.0,0.0,11.01703226826535,1.0,0.0,0,LOW,Прогноз 10 шт.; остаток 93; в пути 0; страховой запас 11; MOQ 1.0.
IEK,280300022_,Разветвитель Т-образный  50х200 IEK,2026-08-01,4.208331430641598,22.0,0.0,1.341640786499871,1.0,0.0,0,LOW,Прогноз 4 шт.; остаток 22; в пути 0; страховой запас 1; MOQ 1.0.
IEK,130600022_,Тепловое реле РТИ-1316 (9-13А) IEK (1/100),2026-08-01,9.272906955607866,65.0,0.0,3.6193922141707633,1.0,0.0,0,LOW,Прогноз 9 шт.; остаток 65; в пути 0; страховой запас 4; MOQ 1.0.
IEK,130301700_,"Колодка клеммная CP-MC-PEN земля 4 вывода 2,5мм2 IEK",2026-08-01,0.3885780848636,79.0,0.0,2.041241452319315,100.0,0.0,0,LOW,Прогноз 0 шт.; остаток 79; в пути 0; страховой запас 2; MOQ 100.0.
IEK,030200420_,"Выкл 1-кл. 10А б/рамки ""BRITE"" жемчуг (1/100)",2026-08-01,31.352903611313156,162.0,0.0,14.958832396502991,1.0,0.0,0,LOW,Прогноз 31 шт.; остаток 162; в пути 0; страховой запас 15; MOQ 1.0.
IEK,240300053_,"Маркер МК0-1,5мм символ ""7"" 1000шт\ролл IEK",2026-08-01,2.061675903484842,6.0,0.0,0.8215838362577491,1.0,0.0,0,LOW,Прогноз 2 шт.; остаток 6; в пути 0; страховой запас 1; MOQ 1.0.
IEK,120100032_, Контактор КМИ-10910  9А  400В (1вел) IEK (1/50),2026-08-01,7.154698344463341,41.0,0.0,2.6536138880151077,1.0,0.0,0,LOW,Прогноз 7 шт.; остаток 41; в пути 0; страховой запас 3; MOQ 1.0.
IEK,081100778_,"Датчик движения ДД 035 белый, макс. нагрузка 500Вт, угол обзора 140град., дальность 12м, IP20, IEK E",2026-08-01,2.4012762182139156,23.0,0.0,0.40824829046386185,1.0,0.0,0,LOW,Прогноз 2 шт.; остаток 23; в пути 0; страховой запас 0; MOQ 1.0.
IEK,280300012_," Лоток перфорированный (50х100х3000) (0,7 мм) IEK (6)",2026-08-01,249.6819890935052,946.0,0.0,83.55641806588334,12.0,0.0,0,LOW,Прогноз 250 шт.; остаток 946; в пути 0; страховой запас 84; MOQ 12.0.
IEK,270300078_,Кабель-канал перфорированный  25х25 ИМПАКТ IEK (100),2026-08-01,28.90657279330321,174.0,0.0,9.813256340277716,100.0,0.0,0,LOW,Прогноз 29 шт.; остаток 174; в пути 0; страховой запас 10; MOQ 100.0.
IEK,030201142_," Рамка 4-мест. ""BRITE""  металл шамп. RE AL  IEK  (1/50)",2026-08-01,3.296769864192427e-07,6.0,0.0,0.0,1.0,0.0,0,LOW,Прогноз 0 шт.; остаток 6; в пути 0; страховой запас 0; MOQ 1.0.
IEK,240300050_,"Маркер МК0-1,5мм символ ""3"" 1000шт\ролл IEK",2026-08-01,1.789802435748609,3.0,0.0,0.40824829046386174,1.0,0.0,0,LOW,Прогноз 2 шт.; остаток 3; в пути 0; страховой запас 0; MOQ 1.0.
IEK,114001002_,Мультиметр цифровой Universal M830B IEK (60),2026-08-01,1.590341048934523,14.0,0.0,0.7359800721939704,1.0,0.0,0,LOW,Прогноз 2 шт.; остаток 14; в пути 0; страховой запас 1; MOQ 1.0.
IEK,280100417_,Кабель-канал 80х60 черный ЭЛЕКОР IEK (8),2026-08-01,1.7369603461746573e-05,10.0,0.0,0.0,8.0,0.0,0,LOW,Прогноз 0 шт.; остаток 10; в пути 0; страховой запас 0; MOQ 8.0.
IEK,030200515_,"Выкл 2-кл. 10А б/рамки ""BRITE"" белый (1/100)",2026-08-01,174.97434518843187,705.0,0.0,30.47895448775529,1.0,0.0,0,LOW,Прогноз 175 шт.; остаток 705; в пути 0; страховой запас 30; MOQ 1.0.
IEK,130301698_,"Колодка клеммная CP-MC-PEN земля 3 вывода 1,5мм2 IEK",2026-08-01,0.2763697329281443,94.0,0.0,1.0206207261596576,100.0,0.0,0,LOW,Прогноз 0 шт.; остаток 94; в пути 0; страховой запас 1; MOQ 100.0.
IEK,030200967_,"Роз. с з/к с з/ш 16А с USB A+A 2,1А б/рамки ""BRITE"" черный (1/80)",2026-08-01,5.156064944300803e-05,4.0,0.0,0.2041241452319315,1.0,0.0,0,LOW,Прогноз 0 шт.; остаток 4; в пути 0; страховой запас 0; MOQ 1.0.
IEK,030200517_,"Роз. с з/к  с з/ш 16А в сборе ""BRITE"" белый (1/100)",2026-08-01,910.4625978646532,3334.0,0.0,526.2368684030668,1.0,0.0,0,LOW,Прогноз 910 шт.; остаток 3334; в пути 0; страховой запас 526; MOQ 1.0.
IEK,030200518_,"Роз. 2-я с з/к без з/ш 16А в сборе ""BRITE"" белый (1/100)",2026-08-01,335.1270113349058,1755.0,0.0,114.07176103956061,1.0,0.0,0,LOW,Прогноз 335 шт.; остаток 1755; в пути 0; страховой запас 114; MOQ 1.0.
IEK,240200012_,Плоская скоба 10мм IEK (100),2026-08-01,0.5145336323188427,1.0,0.0,0.0,,0.0,0,LOW,Прогноз 1 шт.; остаток 1; в пути 0; страховой запас 0; MOQ не указан.
IEK,280100419_,Кабель-канал 100х60 черный ЭЛЕКОР IEK (8),2026-08-01,0.3919968943391532,24.0,0.0,2.5625508125043424,8.0,0.0,0,LOW,Прогноз 0 шт.; остаток 24; в пути 0; страховой запас 3; MOQ 8.0.
IEK,030200441_,"Роз. 2-я с з/к без з/ш 16А в сборе ""BRITE"" шампань (1/100)",2026-08-01,83.14588476095078,394.0,0.0,35.25254127955412,1.0,0.0,0,LOW,Прогноз 83 шт.; остаток 394; в пути 0; страховой запас 35; MOQ 1.0.
IEK,030200751_,"Роз 2-ая комп. RJ45  кат.5E ""BRITE"" шампань (1/100)",2026-08-01,0.18075402091274706,4.0,0.0,1.1726039399558574,1.0,0.0,0,LOW,Прогноз 0 шт.; остаток 4; в пути 0; страховой запас 1; MOQ 1.0.
IEK,ярп40244,ЩРВ-П  6 IEK черный IP41,2026-08-01,6.779818196031721e-07,3.0,0.0,0.0,,0.0,0,LOW,Прогноз 0 шт.; остаток 3; в пути 0; страховой запас 0; MOQ не указан.
IEK,251400017_,ЩРВ-П 12 черн. прозр. дверь IP41 TEKFOR IEK,2026-08-01,1.7942394481694746,10.0,0.0,0.5845225972250059,1.0,0.0,0,LOW,Прогноз 2 шт.; остаток 10; в пути 0; страховой запас 1; MOQ 1.0.
IEK,030200532_,"Роз. 2-я TV+RJ45 кат.5E б/рамки ""BRITE"" сталь (1/100)",2026-08-01,1.0970589176169407e-06,1.0,0.0,0.0,1.0,0.0,0,LOW,Прогноз 0 шт.; остаток 1; в пути 0; страховой запас 0; MOQ 1.0.
IEK,030200951_,"Подсветка LED встр. ""BRITE"" белый (1/100)",2026-08-01,3.6578655250521446,42.0,0.0,4.3089055068157025,1.0,0.0,0,LOW,Прогноз 4 шт.; остаток 42; в пути 0; страховой запас 4; MOQ 1.0.
IEK,280300013_," Лоток перфорированный (50х200х3000) (0,7 мм) IEK (6)",2026-08-01,166.2936500683978,960.0,252.0,34.266601815762414,18.0,0.0,0,LOW,Прогноз 166 шт.; остаток 960; в пути 252; страховой запас 34; MOQ 18.0.
IEK,030200759_,"Роз. с з/к с з/ш 16А USB A+A 3,1А б/рамки ""BRITE"" белый (1/80)",2026-08-01,7.43848818091847e-07,6.0,0.0,0.0,1.0,0.0,0,LOW,Прогноз 0 шт.; остаток 6; в пути 0; страховой запас 0; MOQ 1.0.
IEK,280100411_,Кабель-канал 25х25 черный ЭЛЕКОР IEK (32),2026-08-01,0.5378744427803719,2.0,0.0,0.8164965809276958,32.0,0.0,0,LOW,Прогноз 1 шт.; остаток 2; в пути 0; страховой запас 1; MOQ 32.0.
IEK,280100439_,Заглушка КМЗ 60х40 черный ЭЛЕКОР IEK (4шт/компл)  ,2026-08-01,0.0,0.0,0.0,0.0,,0.0,0,LOW,Прогноз 0 шт.; остаток 0; в пути 0; страховой запас 0; MOQ не указан.
IEK,030200439_,"Роз. комп. RJ45 кат.5E б/рамки ""BRITE"" шампань (1/100)",2026-08-01,16.58052030616422,75.0,0.0,4.732863826479694,1.0,0.0,0,LOW,Прогноз 17 шт.; остаток 75; в пути 0; страховой запас 5; MOQ 1.0.
IEK,280100341_,Кабель-канал 16х16 дуб ЭЛЕКОР IEK (84),2026-08-01,20.056591198197733,140.0,0.0,7.089898917944218,84.0,0.0,0,LOW,Прогноз 20 шт.; остаток 140; в пути 0; страховой запас 7; MOQ 84.0.
IEK,080800031_,Сиг. лампа ЛС-47 (красный неон) IEK (12/240),2026-08-01,14.18231388886246,50.0,0.0,7.234754084740314,12.0,0.0,0,LOW,Прогноз 14 шт.; остаток 50; в пути 0; страховой запас 7; MOQ 12.0.
IEK,250600174_,ЩРН-П  6 модулей навесн. пластик IP41 GENERICA (20),2026-08-01,1.300677785325179,5.0,0.0,0.40824829046322275,,0.0,0,LOW,Прогноз 1 шт.; остаток 5; в пути 0; страховой запас 0; MOQ не указан.
IEK,280300020_,Поворот 90º вертикальный внешний  50х100 IEK,2026-08-01,0.7049320616671408,9.0,0.0,1.2006942436218582,1.0,0.0,0,LOW,Прогноз 1 шт.; остаток 9; в пути 0; страховой запас 1; MOQ 1.0.
IEK,130301712_,Заглушка для CP 4мм2 серая IEK,2026-08-01,0.0,24.0,0.0,1.329160135825126,50.0,0.0,0,LOW,Прогноз 0 шт.; остаток 24; в пути 0; страховой запас 1; MOQ 50.0.
IEK,030200748_,"Рамка 5-мест. ""BRITE"" графит (1/100)",2026-08-01,2.136692645028122,29.0,0.0,1.800462903440872,1.0,0.0,0,LOW,Прогноз 2 шт.; остаток 29; в пути 0; страховой запас 2; MOQ 1.0.
IEK,260100169_, Наконечник медно-луженный JG -  70  IEK (50),2026-08-01,1136.6504255934478,4012.0,0.0,159.3349982479265,50.0,0.0,0,LOW,Прогноз 1137 шт.; остаток 4012; в пути 0; страховой запас 159; MOQ 50.0.
IEK,130301692_,Колодка клеммная CP-MC 4 вывода 4мм2 серая IEK,2026-08-01,7.984472098721749e-06,45.0,0.0,0.0,50.0,0.0,0,LOW,Прогноз 0 шт.; остаток 45; в пути 0; страховой запас 0; MOQ 50.0.
IEK,010300131_, УЗО ВД1-63 (4ф) 50А 300мА IEK  (1/24) !!!,2026-08-01,9.772535483971957e-06,9.0,0.0,0.25819888974716115,,0.0,0,LOW,Прогноз 0 шт.; остаток 9; в пути 0; страховой запас 0; MOQ не указан.
IEK,030201141_," Рамка 4-мест. ""BRITE""  металл коричн. RE AL  IEK  (1/50)",2026-08-01,0.0,4.0,0.0,0.2041241452319315,1.0,0.0,0,LOW,Прогноз 0 шт.; остаток 4; в пути 0; страховой запас 0; MOQ 1.0.
IEK,030200516_,"Роз. без з/к 10А б/рамки ""BRITE"" белый (1/100)",2026-08-01,157.73554335658108,902.0,0.0,62.9915999690964,1.0,0.0,0,LOW,Прогноз 158 шт.; остаток 902; в пути 0; страховой запас 63; MOQ 1.0.
IEK,130301630_,Колодка клеммная CTS-PEN земля монтаж неск. напр. 35мм2 IEK,2026-08-01,0.1201198730567732,54.0,0.0,2.160246899469287,20.0,0.0,0,LOW,Прогноз 0 шт.; остаток 54; в пути 0; страховой запас 2; MOQ 20.0.
IEK,120100033_, Контактор КМИ-11210 12А 400В (1вел) IEK (1/50),2026-08-01,8.081218518964636,55.0,20.0,8.446399627454687,1.0,0.0,0,LOW,Прогноз 8 шт.; остаток 55; в пути 20; страховой запас 8; MOQ 1.0.
IEK,240300052_,"Маркер МК0-1,5мм символ ""6"" 1000шт\ролл IEK",2026-08-01,1.9349467285085535,5.0,4.0,0.5845225972250062,1.0,0.0,0,LOW,Прогноз 2 шт.; остаток 5; в пути 4; страховой запас 1; MOQ 1.0.
IEK,251000053_,ЩРВ  72 (540x600x120) IP30 TITAN 3 IEK   ,2026-08-01,0.507612644208034,5.0,0.0,0.6055300708194983,1.0,0.0,0,LOW,Прогноз 1 шт.; остаток 5; в пути 0; страховой запас 1; MOQ 1.0.
IEK,030200541_,"Роз TV оконечная  б/рамки ""BRITE"" сталь (1/100)",2026-08-01,2.3329819313744715,20.0,0.0,3.0276503540974895,1.0,0.0,0,LOW,Прогноз 2 шт.; остаток 20; в пути 0; страховой запас 3; MOQ 1.0.
IEK,030201236_,"Выкл 2-кл перекр 10А б/рамки ""BRITE"" черный (1/100)",2026-08-01,6.057049820015357,112.0,0.0,4.729341039369714,1.0,0.0,0,LOW,Прогноз 6 шт.; остаток 112; в пути 0; страховой запас 5; MOQ 1.0.
IEK,030200924_,"Роз. с з/к с з/ш с кр. 16А IP20 б/рамки ""BRITE"" сталь (1/100)",2026-08-01,1.7659247841241619,5.0,0.0,2.0655911179772755,1.0,0.0,0,LOW,Прогноз 2 шт.; остаток 5; в пути 0; страховой запас 2; MOQ 1.0.
IEK,010300001_, УЗО АД 12  (2ф) 10А IEK (5/40),2026-08-01,5.251226436304207,57.0,10.0,4.716107151737199,1.0,0.0,0,LOW,Прогноз 5 шт.; остаток 57; в пути 10; страховой запас 5; MOQ 1.0.
IEK,270200058_,Предохранитель ППНИ-35  (200А) габарит 1 IEK (3/48) !!!,2026-08-01,0.0,3.0,0.0,0.0,,0.0,0,LOW,Прогноз 0 шт.; остаток 3; в пути 0; страховой запас 0; MOQ не указан.
IEK,250600173_,ЩРН-П  4 модуля навесн. пластик IP41 GENERICA (20),2026-08-01,2.207033226738385,81.0,0.0,0.2581988897480498,,0.0,0,LOW,Прогноз 2 шт.; остаток 81; в пути 0; страховой запас 0; MOQ не указан.
IEK,030200948_,"Роз. с з/к с з/ш 16А с USB A+C 18Вт б/рамки ""BRITE"" графит (1/80)",2026-08-01,0.0001020335818614937,21.0,0.0,0.2041241452319315,1.0,0.0,0,LOW,Прогноз 0 шт.; остаток 21; в пути 0; страховой запас 0; MOQ 1.0.
IEK,030201483_, Розетка 2-я о/у з/к с крышкой вертикальная серо-белый IP55 TORS IEK (1/40),2026-08-01,0.8052799373144189,30.0,0.0,0.987420882906575,1.0,0.0,0,LOW,Прогноз 1 шт.; остаток 30; в пути 0; страховой запас 1; MOQ 1.0.
IEK,240300054_,"Маркер МК0-1,5мм символ ""8"" 1000шт\ролл IEK",2026-08-01,1.957829800944539,7.0,3.0,0.6055300708194983,1.0,0.0,0,LOW,Прогноз 2 шт.; остаток 7; в пути 3; страховой запас 1; MOQ 1.0.
IEK,130301629_,Колодка клеммная CTS-PEN земля 16мм2 желто-зеленая IEK,2026-08-01,0.4468468666352959,52.0,0.0,4.25049016781202,50.0,0.0,0,LOW,Прогноз 0 шт.; остаток 52; в пути 0; страховой запас 4; MOQ 50.0.
IEK,130500046_, Сальник PGL 11 (5-8мм) IEK (20) !!!,2026-08-01,0.00048478292685685896,1497.0,0.0,0.0,,0.0,0,LOW,Прогноз 0 шт.; остаток 1497; в пути 0; страховой запас 0; MOQ не указан.
IEK,ярп40132,"LED C35 ""Свеча"" 7w 230v 4000К E27 IEK",2026-08-01,0.0,10.0,0.0,1.224744871391589,,0.0,0,LOW,Прогноз 0 шт.; остаток 10; в пути 0; страховой запас 1; MOQ не указан.
IEK,030200419_,"Выкл 2-кл. прох. б/рамки ""BRITE"" алюминий (1/100)",2026-08-01,0.6522750679139003,21.0,0.0,2.0916500663351907,1.0,0.0,0,LOW,Прогноз 1 шт.; остаток 21; в пути 0; страховой запас 2; MOQ 1.0.
IEK,130500027_,Изолятор SM35 IEK (10),2026-08-01,0.302620580472073,54.0,0.0,0.4082482904638887,,0.0,0,LOW,Прогноз 0 шт.; остаток 54; в пути 0; страховой запас 0; MOQ не указан.
IEK,080800135_,"Светодиодная лента ""Сделай сам"" LED 5м LSR-5050RGB60-14,4-IP65-12В+драйвер+контр IEK",2026-08-01,4.2110848006572037e-07,1.0,0.0,0.0,1.0,0.0,0,LOW,Прогноз 0 шт.; остаток 1; в пути 0; страховой запас 0; MOQ 1.0.
IEK,251400026_,КМПн-36  черн. прозр. дверь IP65 TEKFOR IEK,2026-08-01,0.14840475226457117,6.0,0.0,0.2738612787525835,,0.0,0,LOW,Прогноз 0 шт.; остаток 6; в пути 0; страховой запас 0; MOQ не указан.
IEK,030201244_,"Выкл 2-кл перекр 10А б/рамки ""BRITE"" белый (1/100)",2026-08-01,5.297752468516673,289.0,0.0,2.577143121106523,1.0,0.0,0,LOW,Прогноз 5 шт.; остаток 289; в пути 0; страховой запас 3; MOQ 1.0.
IEK,080800062_,Сиг. лампа ЛС-47 (желтый неон) IEK (12/240),2026-08-01,6.47232580507872,39.0,0.0,3.7103458958251725,12.0,0.0,0,LOW,Прогноз 6 шт.; остаток 39; в пути 0; страховой запас 4; MOQ 12.0.
IEK,240300051_,"Маркер МК0-1,5мм символ ""4"" 1000шт\ролл IEK",2026-08-01,1.6623253875709265,4.0,4.0,0.5244044240850761,1.0,0.0,0,LOW,Прогноз 2 шт.; остаток 4; в пути 4; страховой запас 1; MOQ 1.0.
IEK,030200917_,"Роз. USB A+A 3,1А б/рамки ""BRITE"" графит (1/80)",2026-08-01,0.00010660596879504347,9.0,0.0,0.0,1.0,0.0,0,LOW,Прогноз 0 шт.; остаток 9; в пути 0; страховой запас 0; MOQ 1.0.
IEK,080800137_,"Светодиодная лента ""Неон"" (лента LED 10м LSR5-2835WW120-8-IP65-220В - 3000K+ драйвер) IEK",2026-08-01,3.818890866542088e-05,1.0,0.0,0.20412414523193145,1.0,0.0,0,LOW,Прогноз 0 шт.; остаток 1; в пути 0; страховой запас 0; MOQ 1.0.
IEK,030200418_,"Рамка 4-мест. ""BRITE"" алюминий (1/100)",2026-08-01,6.135528852040466,56.0,0.0,3.5742132001323115,1.0,0.0,0,LOW,Прогноз 6 шт.; остаток 56; в пути 0; страховой запас 4; MOQ 1.0.
IEK,251400025_,КМПн-24  черн. прозр. дверь IP65 TEKFOR IEK,2026-08-01,0.27697939531416266,5.0,0.0,0.5163977794943223,,0.0,0,LOW,Прогноз 0 шт.; остаток 5; в пути 0; страховой запас 1; MOQ не указан.
IEK,250600132_, ЩМПп- 4 (800х600х260)  IP65 IEK,2026-08-01,0.3678709821107106,1.0,0.0,0.2581988897471608,1.0,0.0,0,LOW,Прогноз 0 шт.; остаток 1; в пути 0; страховой запас 0; MOQ 1.0.
IEK,251400021_,КМПн 6 черн. прозр. дверь IP65 TEKFOR IEK,2026-08-01,1.2377353289051276,20.0,0.0,1.732050807568878,,0.0,0,LOW,Прогноз 1 шт.; остаток 20; в пути 0; страховой запас 2; MOQ не указан.
IEK,120100013_, Контактор КМИ-35012 50А 230В (3вел) IEK (1/20),2026-08-01,20.50767551643504,108.0,20.0,3.8987177379235725,1.0,0.0,0,LOW,Прогноз 21 шт.; остаток 108; в пути 20; страховой запас 4; MOQ 1.0.
IEK,130301623_,Колодка клеммная CTS  70мм2 серая IEK,2026-08-01,0.0,81.0,0.0,0.408248290463863,20.0,0.0,0,LOW,Прогноз 0 шт.; остаток 81; в пути 0; страховой запас 0; MOQ 20.0.
IEK,130500136_,ОПС1-C 1Р In=20kA Un=400B Im=40kA IEK,2026-08-01,0.7921284757788055,85.0,0.0,0.6324555320336758,1.0,0.0,0,LOW,Прогноз 1 шт.; остаток 85; в пути 0; страховой запас 1; MOQ 1.0.
IEK,030201148_," Рамка 5-мест. ""BRITE""  бел. рифленый  IEK  (1/100)",2026-08-01,6.607901758258503e-07,5.0,0.0,0.2041241452319315,1.0,0.0,0,LOW,Прогноз 0 шт.; остаток 5; в пути 0; страховой запас 0; MOQ 1.0.
IEK,030200425_,"Выкл 1-кл. прох. 10А б/рамки ""BRITE"" жемчуг (1/100)",2026-08-01,6.738811958281426,57.0,0.0,5.955389715767278,1.0,0.0,0,LOW,Прогноз 7 шт.; остаток 57; в пути 0; страховой запас 6; MOQ 1.0.
IEK,280100431_,Угол внутренний КМВ 40х25 черный ЭЛЕКОР IEK (4шт/компл) ,2026-08-01,1.710689410856954e-05,27.0,0.0,0.0,,0.0,0,LOW,Прогноз 0 шт.; остаток 27; в пути 0; страховой запас 0; MOQ не указан.
IEK,яярп4849," Трансформатор тока ТТИ-85 1000/5А 15ВА 0,5 IEK !!!",2026-08-01,0.0,3.0,0.0,0.0,,0.0,0,LOW,Прогноз 0 шт.; остаток 3; в пути 0; страховой запас 0; MOQ не указан.
IEK,120100005_,Контактор  КМИ-11860 18А 380В  IP54 (1вел в корпусе) IEK (1/20),2026-08-01,1.9402664133881042,10.0,0.0,2.3804761428476167,1.0,0.0,0,LOW,Прогноз 2 шт.; остаток 10; в пути 0; страховой запас 2; MOQ 1.0.
IEK,240300018_,"Маркер МК1-2,5мм символ ""5"" 1000шт\ролл IEK",2026-08-01,0.031648173059506984,3.0,2.0,0.4082482904638631,1.0,0.0,0,LOW,Прогноз 0 шт.; остаток 3; в пути 2; страховой запас 0; MOQ 1.0.
IEK,010300004_, УЗО АД 12  (2ф) 32А IEK (5/40),2026-08-01,11.022160947584315,102.0,0.0,4.397916173219603,1.0,0.0,0,LOW,Прогноз 11 шт.; остаток 102; в пути 0; страховой запас 4; MOQ 1.0.
IEK,270300098_,"Трансформатор тока ТТИ-А   75/5А  5ВА  класс 0,5  IEK",2026-08-01,2.1462745535751777e-07,4.0,0.0,0.0,1.0,0.0,0,LOW,Прогноз 0 шт.; остаток 4; в пути 0; страховой запас 0; MOQ 1.0.
IEK,130301703_,"Колодка клеммная CP-ML 2 ур. нож. разм. 2,5мм2 серая IEK",2026-08-01,0.0,49.0,0.0,0.0,50.0,0.0,0,LOW,Прогноз 0 шт.; остаток 49; в пути 0; страховой запас 0; MOQ 50.0.
IEK,280300036_," Лоток перфорированный (100х400х3000) (1,2 мм) IEK (6)",2026-08-01,3.752596927044998,45.0,0.0,15.000000000000005,6.0,0.0,0,LOW,Прогноз 4 шт.; остаток 45; в пути 0; страховой запас 15; MOQ 6.0.
IEK,280100414_,Кабель-канал 60х40 черный ЭЛЕКОР IEK (18),2026-08-01,1.021481786852897,36.0,0.0,0.408248290463863,18.0,0.0,0,LOW,Прогноз 1 шт.; остаток 36; в пути 0; страховой запас 0; MOQ 18.0.
IEK,130301696_,Колодка клеммная CP-ML 2 ур. 4мм2 серая IEK,2026-08-01,0.0005294763079544093,43.0,0.0,1.0206207261596576,50.0,0.0,0,LOW,Прогноз 0 шт.; остаток 43; в пути 0; страховой запас 1; MOQ 50.0.
IEK,030200430_,"Рамка 2-мест. ""BRITE"" жемчуг (1/100)",2026-08-01,31.37240073869712,206.0,0.0,10.37665649426637,1.0,0.0,0,LOW,Прогноз 31 шт.; остаток 206; в пути 0; страховой запас 10; MOQ 1.0.
IEK,240300013_,"Маркер МК1-2,5мм символ ""0"" 1000шт\ролл IEK",2026-08-01,0.07571312576842917,2.0,0.0,0.408248290463863,1.0,0.0,0,LOW,Прогноз 0 шт.; остаток 2; в пути 0; страховой запас 0; MOQ 1.0.
IEK,030200528_,"Роз. с з/к без з/ш 16А б/рамки ""BRITE""  алюминий  (1/100)",2026-08-01,90.44228824500864,490.0,0.0,43.39748456612051,1.0,0.0,0,LOW,Прогноз 90 шт.; остаток 490; в пути 0; страховой запас 43; MOQ 1.0.
IEK,270200057_,Предохранитель ППНИ-35  (160А) габарит 1 IEK (3/48) !!!,2026-08-01,0.0,0.0,0.0,0.0,,0.0,0,LOW,Прогноз 0 шт.; остаток 0; в пути 0; страховой запас 0; MOQ не указан.
IEK,030200949_,"Роз. с з/к с з/ш 16А с USB A+C 18Вт б/рамки ""BRITE"" сталь (1/80)",2026-08-01,4.1297135620635837e-07,3.0,0.0,0.0,1.0,0.0,0,LOW,Прогноз 0 шт.; остаток 3; в пути 0; страховой запас 0; MOQ 1.0.
IEK,010300166_, УЗО АВДТ 32  10А GENERICA (6/60) !!!,2026-08-01,0.0,0.0,0.0,0.0,,0.0,0,LOW,Прогноз 0 шт.; остаток 0; в пути 0; страховой запас 0; MOQ не указан.
IEK,130500088_,ОПС1-C 3Р In=20kA Un=400B Im=40kA IEK,2026-08-01,0.29859413471325824,81.0,0.0,0.7745966692414834,1.0,0.0,0,LOW,Прогноз 0 шт.; остаток 81; в пути 0; страховой запас 1; MOQ 1.0.
IEK,130301626_,Колодка клеммная CTS-PEN земля 4мм2 желто-зеленая IEK,2026-08-01,10.398772101510126,182.0,0.0,32.34617442604303,50.0,0.0,0,LOW,Прогноз 10 шт.; остаток 182; в пути 0; страховой запас 32; MOQ 50.0.
IEK,030200522_,"Роз. с з/к без з/ш 16А б/рамки ""BRITE"" жемчуг (1/100)",2026-08-01,105.48202403194341,516.0,0.0,43.0162759894438,1.0,0.0,0,LOW,Прогноз 105 шт.; остаток 516; в пути 0; страховой запас 43; MOQ 1.0.
IEK,280100351_,Угол внутренний КМВ 40х16 дуб ЭЛЕКОР IEK (4шт/компл) ,2026-08-01,0.0,17.0,0.0,0.2041241452319315,,0.0,0,LOW,Прогноз 0 шт.; остаток 17; в пути 0; страховой запас 0; MOQ не указан.
IEK,120100004_, Контактор КМИ-11810 18А 230В (1вел) IEK (1/50),2026-08-01,74.35918576606475,333.0,100.0,19.7798297936728,5.0,0.0,0,LOW,Прогноз 74 шт.; остаток 333; в пути 100; страховой запас 20; MOQ 5.0.
IEK,280100343_,Кабель-канал 40х16 дуб ЭЛЕКОР IEK (30),2026-08-01,0.4143272790148519,38.0,0.0,1.6329931618554492,30.0,0.0,0,LOW,Прогноз 0 шт.; остаток 38; в пути 0; страховой запас 2; MOQ 30.0.
IEK,030200969_,"Роз. с з/к с з/ш 16А с USB A+A 2,1А б/рамки ""BRITE"" алюминий (1/80)",2026-08-01,0.0,4.0,0.0,0.0,1.0,0.0,0,LOW,Прогноз 0 шт.; остаток 4; в пути 0; страховой запас 0; MOQ 1.0.
IEK,080800131_,"Светодиодная лента ""Сделай сам"" LED 5м LSR-2835WW60-4,8-IP65-12В-3000K+драйвер+выкл IEK",2026-08-01,9.318993605430846e-07,1.0,0.0,0.2041241452319315,1.0,0.0,0,LOW,Прогноз 0 шт.; остаток 1; в пути 0; страховой запас 0; MOQ 1.0.
IEK,080800072_,Индикатор AD-22DS (LED) Ø22мм (красный) IEK (10/600),2026-08-01,132.3406318191369,614.0,100.0,43.21082040415341,10.0,0.0,0,LOW,Прогноз 132 шт.; остаток 614; в пути 100; страховой запас 43; MOQ 10.0.
IEK,030200757_,"Рамка 5-мест. ""BRITE"" сталь (1/100)",2026-08-01,0.8155859738869862,10.0,0.0,2.177536834743943,1.0,0.0,0,LOW,Прогноз 1 шт.; остаток 10; в пути 0; страховой запас 2; MOQ 1.0.
IEK,280300035_, Лоток перфорированный (100х300х3000) (1 мм) IEK (6),2026-08-01,19.29816701435569,90.0,0.0,31.46068975721927,6.0,0.0,0,LOW,Прогноз 19 шт.; остаток 90; в пути 0; страховой запас 31; MOQ 6.0.
IEK,030200431_,"Рамка 3-мест. ""BRITE"" жемчуг (1/100)",2026-08-01,16.319881846105833,69.0,0.0,5.403702434442502,1.0,0.0,0,LOW,Прогноз 16 шт.; остаток 69; в пути 0; страховой запас 5; MOQ 1.0.
IEK,030200432_,"Рамка 4-мест. ""BRITE"" жемчуг (1/100)",2026-08-01,2.985851875990985,21.0,0.0,3.157002798013749,1.0,0.0,0,LOW,Прогноз 3 шт.; остаток 21; в пути 0; страховой запас 3; MOQ 1.0.
IEK,030201144_," Рамка 5-мест. ""BRITE""  хром/черн.  IEK  (1/100)",2026-08-01,3.9474853432253393e-07,3.0,0.0,0.0,1.0,0.0,0,LOW,Прогноз 0 шт.; остаток 3; в пути 0; страховой запас 0; MOQ 1.0.
IEK,030200538_,"Роз. 2-я TV+RJ45 кат.5E б/рамки ""BRITE"" черный (1/100)",2026-08-01,0.37246591950431845,7.0,0.0,0.875595035770913,1.0,0.0,0,LOW,Прогноз 0 шт.; остаток 7; в пути 0; страховой запас 1; MOQ 1.0.
IEK,120100008_,Контактор  КМИ-22560 25А 380В  IP54 (2вел в корпусе) IEK (1/16),2026-08-01,3.4683090007721438,31.0,0.0,1.8885620632287,1.0,0.0,0,LOW,Прогноз 3 шт.; остаток 31; в пути 0; страховой запас 2; MOQ 1.0.
IEK,250600131_, ЩМПп- 3 (600х400х200)  IP65 IEK ,2026-08-01,5.779856888165259,28.0,6.0,2.442676128074835,1.0,0.0,0,LOW,Прогноз 6 шт.; остаток 28; в пути 6; страховой запас 2; MOQ 1.0.
IEK,240300016_,"Маркер МК1-2,5мм символ ""3"" 1000шт\ролл IEK",2026-08-01,0.08862071448740626,2.0,0.0,0.27386127875258287,1.0,0.0,0,LOW,Прогноз 0 шт.; остаток 2; в пути 0; страховой запас 0; MOQ 1.0.
IEK,010300003_, УЗО АД 12  (2ф) 25А IEK (5/40),2026-08-01,108.97096533604345,557.0,0.0,53.44779384283943,1.0,0.0,0,LOW,Прогноз 109 шт.; остаток 557; в пути 0; страховой запас 53; MOQ 1.0.
IEK,030200756_,"Рамка 5-мест. ""BRITE"" алюминий (1/100)",2026-08-01,0.4369066066527003,10.0,0.0,1.2006942436218584,1.0,0.0,0,LOW,Прогноз 0 шт.; остаток 10; в пути 0; страховой запас 1; MOQ 1.0.
IEK,251400022_,КМПн 8  черн. прозр. дверь IP65 TEKFOR IEK,2026-08-01,0.14721110745727892,10.0,0.0,0.2738612787525802,,0.0,0,LOW,Прогноз 0 шт.; остаток 10; в пути 0; страховой запас 0; MOQ не указан.
IEK,250600130_, ЩМПп- 2 (500х400х240)  IP65 IEK,2026-08-01,2.806809807612248,13.0,0.0,1.3416407864998785,1.0,0.0,0,LOW,Прогноз 3 шт.; остаток 13; в пути 0; страховой запас 1; MOQ 1.0.
IEK,280300038_,Крышка на лоток осн. 500мм. IEK (6),2026-08-01,0.0,12.0,0.0,2.449489742783178,6.0,0.0,0,LOW,Прогноз 0 шт.; остаток 12; в пути 0; страховой запас 2; MOQ 6.0.
IEK,030200428_,"Роз. с з/к/ш 16А б/рамки ""BRITE"" жемчуг (1/100)",2026-08-01,20.550032425476488,226.0,0.0,21.590314186381956,1.0,0.0,0,LOW,Прогноз 21 шт.; остаток 226; в пути 0; страховой запас 22; MOQ 1.0.
IEK,260100168_, Наконечник медно-луженный JG -  50  IEK (100),2026-08-01,1905.220545445302,6322.0,3000.0,225.02636882522626,100.0,0.0,0,LOW,Прогноз 1905 шт.; остаток 6322; в пути 3000; страховой запас 225; MOQ 100.0.
IEK,030200427_,"Роз. 2-я с з/к/ш 16А в сборе ""BRITE"" жемчуг (1/100)",2026-08-01,4.492953950030459,94.0,0.0,3.9549546984341846,1.0,0.0,0,LOW,Прогноз 4 шт.; остаток 94; в пути 0; страховой запас 4; MOQ 1.0.
IEK,280100429_,Угол внутренний КМВ 20х10 черный ЭЛЕКОР IEK (4шт/компл) ,2026-08-01,0.0,3.0,0.0,0.0,,0.0,0,LOW,Прогноз 0 шт.; остаток 3; в пути 0; страховой запас 0; MOQ не указан.
IEK,030201146_," Рамка 5-мест. ""BRITE""  бел./бел.  IEK  (1/100)",2026-08-01,0.006990283799243465,3.0,0.0,1.0,1.0,0.0,0,LOW,Прогноз 0 шт.; остаток 3; в пути 0; страховой запас 1; MOQ 1.0.
IEK,030200952_,"Подсветка LED встр. ""BRITE"" черный (1/100)",2026-08-01,2.6170479398453996,157.0,0.0,3.016620625799671,1.0,0.0,0,LOW,Прогноз 3 шт.; остаток 157; в пути 0; страховой запас 3; MOQ 1.0.
IEK,080800129_,"Светодиодная лента ""Сделай сам"" LED 2х1,2м LSR-2835WW60-4,8-IP20-12В-3000K+драйвер+2 датч движ IEK",2026-08-01,3.13868682062878e-07,3.0,0.0,0.0,1.0,0.0,0,LOW,Прогноз 0 шт.; остаток 3; в пути 0; страховой запас 0; MOQ 1.0.
IEK,280300039_,Поворот 90º вертикальный внешний   50х50 IEK,2026-08-01,0.0,8.0,0.0,0.0,,0.0,0,LOW,Прогноз 0 шт.; остаток 8; в пути 0; страховой запас 0; MOQ не указан.
IEK,120100010_,Контактор  КМИ-23260 32А 380В  IP54 (2вел в корпусе) IEK (1/16),2026-08-01,0.705499020720435,4.0,2.0,0.6892024376045107,1.0,0.0,0,LOW,Прогноз 1 шт.; остаток 4; в пути 2; страховой запас 1; MOQ 1.0.
IEK,130500102_,ОПС1-B 3Р In=30kA Un=400B Im=60kA IEK,2026-08-01,0.011310269802424187,26.0,0.0,0.8010409893798611,1.0,0.0,0,LOW,Прогноз 0 шт.; остаток 26; в пути 0; страховой запас 1; MOQ 1.0.
IEK,030200527_,"Роз. без з/к 10А б/рамки ""BRITE"" алюминий (1/100)",2026-08-01,6.999614566659645,92.0,0.0,5.2289259572752,1.0,0.0,0,LOW,Прогноз 7 шт.; остаток 92; в пути 0; страховой запас 5; MOQ 1.0.
IEK,130301624_,Колодка клеммная CTS с шестигранником 70мм2 серая IEK,2026-08-01,0.0,99.0,0.0,0.0,20.0,0.0,0,LOW,Прогноз 0 шт.; остаток 99; в пути 0; страховой запас 0; MOQ 20.0.
IEK,080800128_,"Светодиодная лента ""Сделай сам"" LED 5м LSR-2835WW60-4,8-IP20-12В-3000K+драйвер+выключатель IEK",2026-08-01,0.00015598516846180614,8.0,0.0,0.25819888974716115,1.0,0.0,0,LOW,Прогноз 0 шт.; остаток 8; в пути 0; страховой запас 0; MOQ 1.0.
IEK,130500094_,ОПС1-B 4Р In=30kA Un=400B Im=60kA IEK,2026-08-01,1.0916926674675576,25.0,0.0,2.1075261959621443,1.0,0.0,0,LOW,Прогноз 1 шт.; остаток 25; в пути 0; страховой запас 2; MOQ 1.0.
IEK,250600129_, ЩМПп- 1 (400х300х220) IP65 IEK ,2026-08-01,7.897627987049414,50.0,0.0,6.29020402424807,1.0,0.0,0,LOW,Прогноз 8 шт.; остаток 50; в пути 0; страховой запас 6; MOQ 1.0.
IEK,130301625_,Колодка клеммная CTS  70мм2 синяя IEK,2026-08-01,0.032307633025543854,113.0,0.0,0.6645800679125629,20.0,0.0,0,LOW,Прогноз 0 шт.; остаток 113; в пути 0; страховой запас 1; MOQ 20.0.
IEK,120100006_, Контактор КМИ-22510 25А 230В (2вел) IEK (1/50),2026-08-01,112.4532560244459,580.0,0.0,16.958773540560067,1.0,0.0,0,LOW,Прогноз 112 шт.; остаток 580; в пути 0; страховой запас 17; MOQ 1.0.
IEK,240300017_,"Маркер МК1-2,5мм символ ""4"" 1000шт\ролл IEK",2026-08-01,0.011561429443824506,2.0,0.0,0.4183300132670378,1.0,0.0,0,LOW,Прогноз 0 шт.; остаток 2; в пути 0; страховой запас 0; MOQ 1.0.
IEK,240300014_,"Маркер МК1-2,5мм символ ""1"" 1000шт\ролл IEK ",2026-08-01,1.1089089419868299,4.0,3.0,0.5845225972250062,1.0,0.0,0,LOW,Прогноз 1 шт.; остаток 4; в пути 3; страховой запас 1; MOQ 1.0.
IEK,080800130_,"Светодиодная лента ""Сделай сам"" LED 1,2м LSR-2835WW60-4,8-IP20-12В-3000K+драйвер+датч движ IEK",2026-08-01,7.170752864634842e-07,5.0,0.0,0.0,1.0,0.0,0,LOW,Прогноз 0 шт.; остаток 5; в пути 0; страховой запас 0; MOQ 1.0.
IEK,030200536_,"Роз. без з/к 10А б/рамки ""BRITE"" черный (1/100)",2026-08-01,273.09931299750747,1394.0,0.0,45.19116801618046,1.0,0.0,0,LOW,Прогноз 273 шт.; остаток 1394; в пути 0; страховой запас 45; MOQ 1.0.
IEK,030200920_,"Роз. с з/к с з/ш с кр. 16А IP20 б/рамки ""BRITE"" белый (1/100)",2026-08-01,10.989151889987589,41.0,0.0,3.9581140290126475,1.0,0.0,0,LOW,Прогноз 11 шт.; остаток 41; в пути 0; страховой запас 4; MOQ 1.0.
IEK,030200426_,"Роз. 2-я с з/к без з/ш 16А в сборе ""BRITE"" жемчуг (1/100)",2026-08-01,16.716970382698292,75.0,0.0,4.643992535164808,1.0,0.0,0,LOW,Прогноз 17 шт.; остаток 75; в пути 0; страховой запас 5; MOQ 1.0.
IEK,030200755_,"Рамка 5-мест. ""BRITE"" шампань (1/100)",2026-08-01,0.2344775625453734,7.0,0.0,1.3197221929886105,1.0,0.0,0,LOW,Прогноз 0 шт.; остаток 7; в пути 0; страховой запас 1; MOQ 1.0.
IEK,280100415_,Кабель-канал 60х60 черный ЭЛЕКОР IEK (12),2026-08-01,0.0,12.0,0.0,0.408248290463863,12.0,0.0,0,LOW,Прогноз 0 шт.; остаток 12; в пути 0; страховой запас 0; MOQ 12.0.
IEK,030201486_, Выключатель кнопочный о/у серо-белый IP55 TORS IEK (1/60),2026-08-01,0.030684281499891792,56.0,0.0,0.6123724356957945,1.0,0.0,0,LOW,Прогноз 0 шт.; остаток 56; в пути 0; страховой запас 1; MOQ 1.0.
IEK,280300037_,Крышка на лоток осн. 300мм. IEK (6),2026-08-01,18.670686752687438,186.0,0.0,8.128653024948218,6.0,0.0,0,LOW,Прогноз 19 шт.; остаток 186; в пути 0; страховой запас 8; MOQ 6.0.
IEK,130301695_,"Колодка клеммная CP-ML 2 ур. 1,5мм2 серая IEK",2026-08-01,0.09442390138519019,51.0,0.0,6.645800679125632,50.0,0.0,0,LOW,Прогноз 0 шт.; остаток 51; в пути 0; страховой запас 7; MOQ 50.0.
IEK,030200429_,"Рамка 1-мест. ""BRITE"" жемчуг (1/100)",2026-08-01,102.98755537858464,486.0,0.0,26.88075519772452,1.0,0.0,0,LOW,Прогноз 103 шт.; остаток 486; в пути 0; страховой запас 27; MOQ 1.0.
IEK,120100011_, Контактор КМИ-34012 40А 230В (3вел) IEK (1/20),2026-08-01,44.522291415361735,199.0,0.0,10.90603808294592,1.0,0.0,0,LOW,Прогноз 45 шт.; остаток 199; в пути 0; страховой запас 11; MOQ 1.0.
IEK,130301704_,"Колодка клеммная CP-DT измерит. нож. разм. 2,5мм2 серая IEK",2026-08-01,0.0,100.0,0.0,0.0,100.0,0.0,0,LOW,Прогноз 0 шт.; остаток 100; в пути 0; страховой запас 0; MOQ 100.0.
IEK,280300034_," Лоток перфорированный (100х200х3000) (0,8 мм) IEK (6)",2026-08-01,50.89957646260505,174.0,0.0,56.22632835247203,6.0,0.0,0,LOW,Прогноз 51 шт.; остаток 174; в пути 0; страховой запас 56; MOQ 6.0.
IEK,130301706_,Заглушка для CTS 6/10мм2 синяя IEK,2026-08-01,0.0,20.0,0.0,3.125166662222459,50.0,0.0,0,LOW,Прогноз 0 шт.; остаток 20; в пути 0; страховой запас 3; MOQ 50.0.
IEK,114001010_,Мультиметр цифровой Compact M182 IEK (100),2026-08-01,1.761476152923406,5.0,3.0,0.6055300708194983,1.0,0.0,0,LOW,Прогноз 2 шт.; остаток 5; в пути 3; страховой запас 1; MOQ 1.0.
IEK,280100424_,Угол внешний КМН 40х25 черный ЭЛЕКОР IEK (4шт/компл) ,2026-08-01,6.766068068902409e-07,1.0,0.0,0.0,,0.0,0,LOW,Прогноз 0 шт.; остаток 1; в пути 0; страховой запас 0; MOQ не указан.
IEK,250600180_,ЩРВ-П  4 модуля встр. пластик IP41 GENERICA (20),2026-08-01,0.037052328545219115,4.0,0.0,0.0,,0.0,0,LOW,Прогноз 0 шт.; остаток 4; в пути 0; страховой запас 0; MOQ не указан.
IEK,240300034_,"Маркер МК0-1,5мм символ ""5"" 1000шт\ролл IEK",2026-08-01,1.972455239168791,6.0,5.0,0.40824829046386313,1.0,0.0,0,LOW,Прогноз 2 шт.; остаток 6; в пути 5; страховой запас 0; MOQ 1.0.
IEK,280100342_,Кабель-канал 20х10 дуб ЭЛЕКОР IEK (96),2026-08-01,6.335029456677169,98.0,0.0,19.926531726988184,96.0,0.0,0,LOW,Прогноз 6 шт.; остаток 98; в пути 0; страховой запас 20; MOQ 96.0.
IEK,270300079_,Кабель-канал перфорированный  25х40 ИМПАКТ IEK (60),2026-08-01,82.48604554859034,472.0,0.0,32.79634125935394,60.0,0.0,0,LOW,Прогноз 82 шт.; остаток 472; в пути 0; страховой запас 33; MOQ 60.0.
IEK,030200923_,"Роз. с з/к с з/ш с кр. 16А IP20 б/рамки ""BRITE"" алюминий (1/100)",2026-08-01,0.9309043029302376,15.0,0.0,2.6204325342711425,1.0,0.0,0,LOW,Прогноз 1 шт.; остаток 15; в пути 0; страховой запас 3; MOQ 1.0.
IEK,130301702_,Колодка клеммная CP-MC-PEN земля 4 вывода 4мм2 IEK,2026-08-01,0.0001320387093188658,46.0,0.0,0.6123724356957945,50.0,0.0,0,LOW,Прогноз 0 шт.; остаток 46; в пути 0; страховой запас 1; MOQ 50.0.
IEK,130301697_,Колодка клеммная CP-PEN земля 4мм2 желто-зеленая IEK,2026-08-01,0.00023243897188673975,47.0,0.0,0.8366600265340756,100.0,0.0,0,LOW,Прогноз 0 шт.; остаток 47; в пути 0; страховой запас 1; MOQ 100.0.
IEK,030200422_,"Выкл 2-кл. 10А б/рамки ""BRITE"" жемчуг (1/100)",2026-08-01,18.621422967651892,122.0,0.0,4.09572948325455,1.0,0.0,0,LOW,Прогноз 19 шт.; остаток 122; в пути 0; страховой запас 4; MOQ 1.0.
IEK,030201150_," Рамка 5-мест. ""BRITE""  хром/никель  IEK  (1/100)",2026-08-01,5.9347970929333163e-08,4.0,0.0,0.0,1.0,0.0,0,LOW,Прогноз 0 шт.; остаток 4; в пути 0; страховой запас 0; MOQ 1.0.
IEK,ярп40134,LED ДПО 4012 12Вт IP54 4000K овал белый IEK!!!,2026-08-01,0.0,0.0,0.0,0.0,,0.0,0,LOW,Прогноз 0 шт.; остаток 0; в пути 0; страховой запас 0; MOQ не указан.
IEK,010300167_, УЗО АВДТ 32  16А GENERICA (6/60) !!!,2026-08-01,0.0,0.0,0.0,0.0,,0.0,0,LOW,Прогноз 0 шт.; остаток 0; в пути 0; страховой запас 0; MOQ не указан.
IEK,260100167_, Наконечник медно-луженный JG -  25  IEK (200),2026-08-01,2535.7443622628357,6148.0,3600.0,308.7684272503693,200.0,0.0,0,LOW,Прогноз 2536 шт.; остаток 6148; в пути 3600; страховой запас 309; MOQ 200.0.
IEK,030200953_,"Подсветка LED встр. ""BRITE"" графит (1/100)",2026-08-01,3.363723749042147e-07,2.0,0.0,0.0,1.0,0.0,0,LOW,Прогноз 0 шт.; остаток 2; в пути 0; страховой запас 0; MOQ 1.0.
IEK,030200530_,"Роз. без з/к 10А б/рамки ""BRITE"" сталь (1/100)",2026-08-01,36.806501854401105,153.0,0.0,9.495613022162745,1.0,0.0,0,LOW,Прогноз 37 шт.; остаток 153; в пути 0; страховой запас 9; MOQ 1.0.
IEK,280300028_," Лоток перфорированный (50х500х3000) (1,2 мм) IEK (6)",2026-08-01,0.677295708463017,36.0,0.0,5.51135192126217,6.0,0.0,0,LOW,Прогноз 1 шт.; остаток 36; в пути 0; страховой запас 6; MOQ 6.0.
IEK,240300015_,"Маркер МК1-2,5мм символ ""2"" 1000шт\ролл IEK",2026-08-01,0.11933933177433056,3.0,4.0,0.6055300708194984,1.0,0.0,0,LOW,Прогноз 0 шт.; остаток 3; в пути 4; страховой запас 1; MOQ 1.0.
IEK,080800133_,"Светодиодная лента ""Сделай сам"" LED 5м LSR-2835W60-4,8-IP65-12В-6500K+драйвер+выкл IEK",2026-08-01,7.639291397592176e-07,1.0,0.0,0.0,1.0,0.0,0,LOW,Прогноз 0 шт.; остаток 1; в пути 0; страховой запас 0; MOQ 1.0.
IEK,030200435_,"Выкл 1-кл. 10А б/рамки ""BRITE"" шампань (1/100)",2026-08-01,98.80878762844655,471.0,0.0,22.16697994766091,1.0,0.0,0,LOW,Прогноз 99 шт.; остаток 471; в пути 0; страховой запас 22; MOQ 1.0.
IEK,130301708_,Заглушка для CTS-ML 2 ур. 4мм2 серая IEK,2026-08-01,0.00028830025519702965,43.0,0.0,0.6123724356957945,50.0,0.0,0,LOW,Прогноз 0 шт.; остаток 43; в пути 0; страховой запас 1; MOQ 50.0.
IEK,030200758_,"Рамка 5-мест. ""BRITE"" черный (1/100)",2026-08-01,6.431101961153856,32.0,0.0,4.033195589934442,1.0,0.0,0,LOW,Прогноз 6 шт.; остаток 32; в пути 0; страховой запас 4; MOQ 1.0.
IEK,130301693_,Колодка клеммная CP-MC 3 вывода 10мм2 серая IEK,2026-08-01,0.0,37.0,0.0,1.0206207261596576,50.0,0.0,0,LOW,Прогноз 0 шт.; остаток 37; в пути 0; страховой запас 1; MOQ 50.0.
IEK,030200436_,"Выкл 1-кл. с инд. 10А б/рамки ""BRITE"" шампань (1/100)",2026-08-01,0.21903118477928715,4.0,0.0,0.9174239296348584,1.0,0.0,0,LOW,Прогноз 0 шт.; остаток 4; в пути 0; страховой запас 1; MOQ 1.0.
IEK,яярп4814, BA 47-60M (1ф) 40А 6кА С IEK !!!,2026-08-01,0.0,12.0,0.0,0.0,,0.0,0,LOW,Прогноз 0 шт.; остаток 12; в пути 0; страховой запас 0; MOQ не указан.
IEK,240300035_,"Маркер МК0-1,5мм символ ""0"" 1000шт\ролл IEK",2026-08-01,1.9350414921412935,6.0,4.0,0.612372435695795,1.0,0.0,0,LOW,Прогноз 2 шт.; остаток 6; в пути 4; страховой запас 1; MOQ 1.0.
IEK,030200968_,"Роз. с з/к с з/ш 16А с USB A+A 2,1А б/рамки ""BRITE"" сталь (1/80)",2026-08-01,5.393517606763821e-07,6.0,0.0,0.0,1.0,0.0,0,LOW,Прогноз 0 шт.; остаток 6; в пути 0; страховой запас 0; MOQ 1.0.
IEK,080800134_,"Светодиодная лента ""Сделай сам"" LED 5м LSR-5050RGB60-14,4-IP20-12В+драйвер+контр IEK",2026-08-01,8.390987160190063e-07,1.0,0.0,0.0,1.0,0.0,0,LOW,Прогноз 0 шт.; остаток 1; в пути 0; страховой запас 0; MOQ 1.0.
IEK,251400142_,ЩРВ-П 24 белая дверь IP40 KREPTA 5 IEK,2026-08-01,0.0,0.0,0.0,0.0,1.0,0.0,0,LOW,Прогноз 0 шт.; остаток 0; в пути 0; страховой запас 0; MOQ 1.0.
IEK,030200421_,"Выкл 1-кл. с инд. 10А б/рамки ""BRITE"" жемчуг (1/100)",2026-08-01,0.8448977073286486,11.0,0.0,3.0276503540974895,1.0,0.0,0,LOW,Прогноз 1 шт.; остаток 11; в пути 0; страховой запас 3; MOQ 1.0.
IEK,280300056_,Поворот 90º вертикальный внутренний  50х100 IEK,2026-08-01,0.4589877039659664,3.0,0.0,1.169045194450011,1.0,0.0,0,LOW,Прогноз 0 шт.; остаток 3; в пути 0; страховой запас 1; MOQ 1.0.
IEK,030200752_,"Выкл 3-кл. 10А  б/рамки ""BRITE"" шампань (1/100)",2026-08-01,4.356653817140811,23.0,0.0,3.498809321278694,1.0,0.0,0,LOW,Прогноз 4 шт.; остаток 23; в пути 0; страховой запас 3; MOQ 1.0.
IEK,030200519_,"Роз 2-я с кр. 16А в сб IP44 ""BRITE"" Белый (1/100)",2026-08-01,8.11702925146077,48.0,0.0,39.5790348543266,1.0,0.0,0,LOW,Прогноз 8 шт.; остаток 48; в пути 0; страховой запас 40; MOQ 1.0.
IEK,130500080_,ОПС1-C 4Р In=20kA Un=400B Im=40kA IEK,2026-08-01,0.06876421628279429,12.0,0.0,0.7527726527090811,1.0,0.0,0,LOW,Прогноз 0 шт.; остаток 12; в пути 0; страховой запас 1; MOQ 1.0.
IEK,130301628_,Колодка клеммная CTS-PEN земля 10мм2 желто-зеленая IEK,2026-08-01,1.2471642607933984,46.0,0.0,5.116150896914594,50.0,0.0,0,LOW,Прогноз 1 шт.; остаток 46; в пути 0; страховой запас 5; MOQ 50.0.
IEK,080800070_,Индикатор AD-22DS (LED) Ø22мм (желтый) IEK (10/600),2026-08-01,32.19443769017255,213.0,0.0,27.98824157868205,10.0,0.0,0,LOW,Прогноз 32 шт.; остаток 213; в пути 0; страховой запас 28; MOQ 10.0.
IEK,240200029_,Плоская скоба 12мм IEK (100),2026-08-01,0.0,3.0,0.0,0.2041241452319315,,0.0,0,LOW,Прогноз 0 шт.; остаток 3; в пути 0; страховой запас 0; MOQ не указан.
IEK,030201484_, Выключатель 2-кл. проходной о/у серо-белый IP55 TORS IEK (1/80),2026-08-01,0.03996176472757729,80.0,0.0,0.0,1.0,0.0,0,LOW,Прогноз 0 шт.; остаток 80; в пути 0; страховой запас 0; MOQ 1.0.
IEK,280300024_,Скоба потолочная IEK (40),2026-08-01,0.0,9.0,0.0,0.0,32.0,0.0,0,LOW,Прогноз 0 шт.; остаток 9; в пути 0; страховой запас 0; MOQ 32.0.
IEK,251400019_,ЩРВ-П 24 черн. прозр. дверь IP41 TEKFOR IEK,2026-08-01,8.039785016468887,22.0,0.0,2.469817807045693,1.0,0.0,0,LOW,Прогноз 8 шт.; остаток 22; в пути 0; страховой запас 2; MOQ 1.0.
IEK,120100001_, Контактор КМИ-10910  9А  230В (1вел) IEK (1/50),2026-08-01,65.06229168868974,405.0,100.0,31.58586181611429,5.0,0.0,0,LOW,Прогноз 65 шт.; остаток 405; в пути 100; страховой запас 32; MOQ 5.0.
IEK,030200970_,"Выкл. 1-кл. самовозвратн. 10А ""BRITE"" белый (1/100)",2026-08-01,11.288973161229693,71.0,0.0,28.39087294654158,1.0,0.0,0,LOW,Прогноз 11 шт.; остаток 71; в пути 0; страховой запас 28; MOQ 1.0.
IEK,251400020_,ЩРВ-П 36 черн. прозр. дверь IP41 TEKFOR IEK,2026-08-01,6.765432375541418,107.0,0.0,19.059555783560814,1.0,0.0,0,LOW,Прогноз 7 шт.; остаток 107; в пути 0; страховой запас 19; MOQ 1.0.
IEK,030201143_," Рамка 4-мест. ""BRITE""  металл алюм. RE AL  IEK  (1/50)",2026-08-01,0.0,5.0,0.0,0.0,1.0,0.0,0,LOW,Прогноз 0 шт.; остаток 5; в пути 0; страховой запас 0; MOQ 1.0.
IEK,280300031_, Лоток перфорированный (50х400х3000) (1 мм) IEK (6),2026-08-01,13.704208742569952,120.0,0.0,8.197560612767752,12.0,0.0,0,LOW,Прогноз 14 шт.; остаток 120; в пути 0; страховой запас 8; MOQ 12.0.
IEK,030200521_,"Роз. без з/к 10А б/рамки ""BRITE"" жемчуг (1/100)",2026-08-01,1.2590511215842568,38.0,0.0,0.0,1.0,0.0,0,LOW,Прогноз 1 шт.; остаток 38; в пути 0; страховой запас 0; MOQ 1.0.
IEK,030200433_,"Выкл 2-кл. прох. 10А б/рамки ""BRITE"" жемчуг (1/100)",2026-08-01,1.9584910573935925,17.0,0.0,1.7795130420052159,1.0,0.0,0,LOW,Прогноз 2 шт.; остаток 17; в пути 0; страховой запас 2; MOQ 1.0.
IEK,251400024_,КМПн-18  черн. прозр. дверь IP65 TEKFOR IEK,2026-08-01,0.09555676272330398,12.0,0.0,0.25819888974716154,,0.0,0,LOW,Прогноз 0 шт.; остаток 12; в пути 0; страховой запас 0; MOQ не указан.
IEK,010300002_, УЗО АД 12  (2ф) 16А IEK (5/40),2026-08-01,162.8326810394033,671.0,0.0,103.98096780981928,1.0,0.0,0,LOW,Прогноз 163 шт.; остаток 671; в пути 0; страховой запас 104; MOQ 1.0.
IEK,030201149_," Рамка 5-мест. ""BRITE""  беж. рифленый  IEK  (1/100)",2026-08-01,7.479019472357844e-08,6.0,0.0,0.0,1.0,0.0,0,LOW,Прогноз 0 шт.; остаток 6; в пути 0; страховой запас 0; MOQ 1.0.
IEK,240200032_,Плоская скоба 14мм IEK (100),2026-08-01,0.0,59.0,0.0,0.25819888974716115,,0.0,0,LOW,Прогноз 0 шт.; остаток 59; в пути 0; страховой запас 0; MOQ не указан.
IEK,030200918_,"Роз. USB A+A 3,1А б/рамки ""BRITE"" черный (1/80)",2026-08-01,0.05759422665784746,10.0,0.0,0.408248290463863,1.0,0.0,0,LOW,Прогноз 0 шт.; остаток 10; в пути 0; страховой запас 0; MOQ 1.0.
IEK,030201485_, Переключатель 1-кл. о/у серо-белый IP55 TORS IEK (1/60),2026-08-01,0.5949509631150633,110.0,0.0,1.6046806535881213,1.0,0.0,0,LOW,Прогноз 1 шт.; остаток 110; в пути 0; страховой запас 2; MOQ 1.0.
IEK,120100016_, Контактор КМИ-49512 95А 230В (4вел) IEK (1/16),2026-08-01,24.062184570075896,129.0,20.0,5.856620185738524,1.0,0.0,0,LOW,Прогноз 24 шт.; остаток 129; в пути 20; страховой запас 6; MOQ 1.0.
IEK,130301694_,"Колодка клеммная CP-ML-PEN 2 ур. земля-низ 1,5мм2 серая IEK",2026-08-01,0.0,47.0,0.0,0.0,50.0,0.0,0,LOW,Прогноз 0 шт.; остаток 47; в пути 0; страховой запас 0; MOQ 50.0.
IEK,120100003_,Контактор  КМИ-11260 12А 380В  IP54 (1вел в корпусе) IEK (1/20),2026-08-01,0.9462574487068699,7.0,0.0,0.8215838362577484,1.0,0.0,0,LOW,Прогноз 1 шт.; остаток 7; в пути 0; страховой запас 1; MOQ 1.0.
IEK,240300020_,"Маркер МК1-2,5мм символ ""7"" 1000шт\ролл IEK",2026-08-01,0.03490700438330431,3.0,0.0,0.4915960401250876,1.0,0.0,0,LOW,Прогноз 0 шт.; остаток 3; в пути 0; страховой запас 0; MOQ 1.0.
IEK,280100425_,Угол внешний КМН 60х40 черный ЭЛЕКОР IEK (4шт/компл) ,2026-08-01,0.0,0.0,0.0,0.0,,0.0,0,LOW,Прогноз 0 шт.; остаток 0; в пути 0; страховой запас 0; MOQ не указан.
IEK,030200529_,"Роз. 2-я TV+RJ45 кат.5E б/рамки ""BRITE"" алюминий (1/100)",2026-08-01,0.0013258073989662945,4.0,0.0,1.0206207261596576,1.0,0.0,0,LOW,Прогноз 0 шт.; остаток 4; в пути 0; страховой запас 1; MOQ 1.0.
IEK,080800071_,Индикатор AD-22DS (LED) Ø22мм (зеленый) IEK (10/600),2026-08-01,149.88574848727418,605.0,100.0,31.96365123073395,10.0,0.0,0,LOW,Прогноз 150 шт.; остаток 605; в пути 100; страховой запас 32; MOQ 10.0.
IEK,240300033_,"Маркер МК0-1,5мм символ ""2"" 1000шт\ролл IEK",2026-08-01,2.2715865807455575,9.0,4.0,0.6055300708194985,1.0,0.0,0,LOW,Прогноз 2 шт.; остаток 9; в пути 4; страховой запас 1; MOQ 1.0.
IEK,010300005_, УЗО АД 12  (2ф) 40А IEK (4/32),2026-08-01,29.79538407226509,82.0,0.0,27.87053402191404,1.0,0.0,0,LOW,Прогноз 30 шт.; остаток 82; в пути 0; страховой запас 28; MOQ 1.0.
IEK,120100002_, Контактор КМИ-11210 12А 230В (1вел) IEK (1/50),2026-08-01,63.68087862952022,281.0,0.0,17.6823829464998,1.0,0.0,0,LOW,Прогноз 64 шт.; остаток 281; в пути 0; страховой запас 18; MOQ 1.0.
IEK,030200520_,"Роз. 2-я TV+RJ45 кат.5E б/рамки ""BRITE"" белый (1/100)",2026-08-01,0.8102519674961833,17.0,0.0,0.612372435695795,1.0,0.0,0,LOW,Прогноз 1 шт.; остаток 17; в пути 0; страховой запас 1; MOQ 1.0.
IEK,030200535_,"Роз. 2-я TV+RJ45 кат.5E б/рамки ""BRITE"" графит (1/100)",2026-08-01,0.0,0.0,0.0,0.0,1.0,0.0,0,LOW,Прогноз 0 шт.; остаток 0; в пути 0; страховой запас 0; MOQ 1.0.
IEK,240200031_,Плоская скоба  6мм IEK (100),2026-08-01,1.641136252176176e-07,3.0,0.0,0.0,,0.0,0,LOW,Прогноз 0 шт.; остаток 3; в пути 0; страховой запас 0; MOQ не указан.
IEK,120100030_, Контактор КМИ-23210 32А 230В (2вел) IEK (1/50),2026-08-01,103.0290949573719,407.0,100.0,18.567220219156887,1.0,0.0,0,LOW,Прогноз 103 шт.; остаток 407; в пути 100; страховой запас 19; MOQ 1.0.
IEK,030200950_,"Роз. с з/к с з/ш 16А с USB A+C 18Вт б/рамки ""BRITE"" алюминий (1/80)",2026-08-01,0.00950668120341262,3.0,0.0,0.40824829046386296,1.0,0.0,0,LOW,Прогноз 0 шт.; остаток 3; в пути 0; страховой запас 0; MOQ 1.0.
IEK,280300030_," Лоток перфорированный (50х300х3000) (0,8 мм) IEK (6)",2026-08-01,30.00619357573993,498.0,180.0,19.295077092357005,12.0,0.0,0,LOW,Прогноз 30 шт.; остаток 498; в пути 180; страховой запас 19; MOQ 12.0.
IEK,030200434_,"Роз. с з/к/ш 16А б/рамки ""BRITE"" шампань (1/100)",2026-08-01,208.06013414707616,796.0,0.0,99.72031722104911,1.0,0.0,0,LOW,Прогноз 208 шт.; остаток 796; в пути 0; страховой запас 100; MOQ 1.0.
IEK,280100416_,Кабель-канал 80х40 черный ЭЛЕКОР IEK (10),2026-08-01,0.0890206750142653,20.0,0.0,3.265986323710904,10.0,0.0,0,LOW,Прогноз 0 шт.; остаток 20; в пути 0; страховой запас 3; MOQ 10.0.
IEK,130500085_,ОПС1-D 2Р In=5kA Un=230B Im=10kA IEK,2026-08-01,0.00034067383415551706,43.0,0.0,0.20412414523193145,1.0,0.0,0,LOW,Прогноз 0 шт.; остаток 43; в пути 0; страховой запас 0; MOQ 1.0.
IEK,130301627_,Колодка клеммная CTS-PEN земля 6мм2 желто-зеленая IEK,2026-08-01,0.4422660507407248,70.0,0.0,1.3291601358251142,50.0,0.0,0,LOW,Прогноз 0 шт.; остаток 70; в пути 0; страховой запас 1; MOQ 50.0.
IEK,130301622_,Колодка клеммная CTS  35мм2 синяя IEK,2026-08-01,0.16875981563142817,29.0,0.0,0.0,50.0,0.0,0,LOW,Прогноз 0 шт.; остаток 29; в пути 0; страховой запас 0; MOQ 50.0.
IEK,280100413_,Кабель-канал 40х40 черный ЭЛЕКОР IEK (24),2026-08-01,0.03337310500827989,2.0,0.0,0.408248290463863,24.0,0.0,0,LOW,Прогноз 0 шт.; остаток 2; в пути 0; страховой запас 0; MOQ 24.0.
IEK,030200753_,"Рамка 5-мест. ""BRITE"" белый (1/100)",2026-08-01,22.27175741948504,51.0,0.0,7.467708260682564,1.0,0.0,0,LOW,Прогноз 22 шт.; остаток 51; в пути 0; страховой запас 7; MOQ 1.0.
IEK,250600115_,ЩРН-П  6 PRIME IEK (20) !!!,2026-08-01,1.2852996966548504e-06,1.0,0.0,0.0,,0.0,0,LOW,Прогноз 0 шт.; остаток 1; в пути 0; страховой запас 0; MOQ не указан.
IEK,030200423_,"Выкл 2-кл. с инд. 10А б/рамки ""BRITE"" жемчуг (1/100)",2026-08-01,0.07402717889644535,4.0,0.0,1.632993161855452,1.0,0.0,0,LOW,Прогноз 0 шт.; остаток 4; в пути 0; страховой запас 2; MOQ 1.0.
IEK,080800132_,"Светодиодная лента ""Сделай сам"" LED 5м LSR-2835W60-4,8-IP20-12В-6500K+драйвер+выкл IEK",2026-08-01,0.0,7.0,0.0,0.4082482904638629,1.0,0.0,0,LOW,Прогноз 0 шт.; остаток 7; в пути 0; страховой запас 0; MOQ 1.0.
IEK,030200539_,"Роз TV оконечная  б/рамки ""BRITE"" шампань (1/100)",2026-08-01,2.745521114474316,12.0,0.0,2.756809750418043,1.0,0.0,0,LOW,Прогноз 3 шт.; остаток 12; в пути 0; страховой запас 3; MOQ 1.0.
IEK,240300027_,"Маркер МК0-1,5мм символ ""1"" 1000шт\ролл IEK",2026-08-01,2.383977831553241,11.0,4.0,0.8755950357709132,1.0,0.0,0,LOW,Прогноз 2 шт.; остаток 11; в пути 4; страховой запас 1; MOQ 1.0.
IEK,081100709_,Лампа филаментная LED C35 свеча золото 5Вт 230В 2700К E14 серия 360° IEK,2026-08-01,0.21470401285668597,11.0,0.0,0.80104098937987,10.0,0.0,0,LOW,Прогноз 0 шт.; остаток 11; в пути 0; страховой запас 1; MOQ 10.0.
IEK,030201248_,"Выкл 2-кл перекр 10А б/рамки ""BRITE"" бежевый (1/100)",2026-08-01,0.0,166.0,0.0,3.1622776601683795,1.0,0.0,0,LOW,Прогноз 0 шт.; остаток 166; в пути 0; страховой запас 3; MOQ 1.0.
IEK,280300011_,Крышка на лоток осн.  50мм. IEK (6),2026-08-01,61.34942482890682,384.0,0.0,23.61090849586303,6.0,0.0,0,LOW,Прогноз 61 шт.; остаток 384; в пути 0; страховой запас 24; MOQ 6.0.
IEK,081100723_,Лампа филаментная LED G95 шар золото 6Вт 230В 2700К E27 серия 360° IEK,2026-08-01,0.2174964516219347,19.0,0.0,1.4491376746189406,1.0,0.0,0,LOW,Прогноз 0 шт.; остаток 19; в пути 0; страховой запас 1; MOQ 1.0.
IEK,030200938_,"Роз. HDMI б/рамки ""BRITE"" алюминий (1/100)",2026-08-01,7.966028247237208e-07,4.0,0.0,0.2041241452319315,1.0,0.0,0,LOW,Прогноз 0 шт.; остаток 4; в пути 0; страховой запас 0; MOQ 1.0.
IEK,130301731_,Перемычка гребенчатая для CTS изолированная 16мм2 10PIN IEK,2026-08-01,0.0,17.0,0.0,0.408248290463863,20.0,0.0,0,LOW,Прогноз 0 шт.; остаток 17; в пути 0; страховой запас 0; MOQ 20.0.
IEK,130301676_,"Блок зажимов БЗН ТВ-2506 2,5 мм2 25А 6 пар IEK",2026-08-01,0.0008973442161432627,39.0,0.0,2.0103896803024695,50.0,0.0,0,LOW,Прогноз 0 шт.; остаток 39; в пути 0; страховой запас 2; MOQ 50.0.
IEK,270300002_, Ящик  ЯТП(укп) 220/24 IEK  (1),2026-08-01,0.5859865099013696,4.0,0.0,0.9874208829065748,1.0,0.0,0,LOW,Прогноз 1 шт.; остаток 4; в пути 0; страховой запас 1; MOQ 1.0.
IEK,030200496_,"Рамка 3-мест. ""BRITE"" черный (1/100)",2026-08-01,196.19705474304493,774.0,0.0,38.00712652472767,1.0,0.0,0,LOW,Прогноз 196 шт.; остаток 774; в пути 0; страховой запас 38; MOQ 1.0.
IEK,250200031_,ЩУ-1ф/1-0 IP54 1дверь (310x300x150) IEK,2026-08-01,0.33263278298506266,2.0,1.0,0.4183300132670402,1.0,0.0,0,LOW,Прогноз 0 шт.; остаток 2; в пути 1; страховой запас 0; MOQ 1.0.
IEK,030200472_,"Выкл 1-кл. 10А б/рамки ""BRITE"" графит (1/100)",2026-08-01,119.61711513131024,641.0,0.0,28.37957011654686,1.0,0.0,0,LOW,Прогноз 120 шт.; остаток 641; в пути 0; страховой запас 28; MOQ 1.0.
IEK,280200062_,Соединитель на стык КМС 20х10 Белый ЭЛЕКОР IEK (4),2026-08-01,2.231452736607684,73.0,0.0,9.759183709033591,1.0,0.0,0,LOW,Прогноз 2 шт.; остаток 73; в пути 0; страховой запас 10; MOQ 1.0.
IEK,081100642_,Лампа филаментная LED G95 шар золото 8Вт 230В 2700К E27 серия 360° IEK,2026-08-01,1.2904673358707723,11.0,0.0,2.4579802006254368,1.0,0.0,0,LOW,Прогноз 1 шт.; остаток 11; в пути 0; страховой запас 2; MOQ 1.0.
IEK,030200957_,"Термостат с инд. ""BRITE"" черный (1/80)",2026-08-01,2.575845778095736,19.0,0.0,1.5055453054181622,1.0,0.0,0,LOW,Прогноз 3 шт.; остаток 19; в пути 0; страховой запас 2; MOQ 1.0.
IEK,260100155_, Наконечник медно-луженный JG - 150  IEK (25),2026-08-01,313.89974519675377,1174.0,900.0,98.33959019642089,25.0,0.0,0,LOW,Прогноз 314 шт.; остаток 1174; в пути 900; страховой запас 98; MOQ 25.0.
IEK,280200037_,Внутренний угол КМВ 100х60 Белый ЭЛЕКОР IEK (2) ,2026-08-01,16.57655885724689,59.0,30.0,10.87543102594104,5.0,0.0,0,LOW,Прогноз 17 шт.; остаток 59; в пути 30; страховой запас 11; MOQ 5.0.
IEK,010300069_, УЗО АД12М  (2ф) 32А IEK (5/40),2026-08-01,8.812929869035022e-07,2.0,0.0,0.0,1.0,0.0,0,LOW,Прогноз 0 шт.; остаток 2; в пути 0; страховой запас 0; MOQ 1.0.
IEK,280100380_,Угол внешний КМН 16х16 сосна ЭЛЕКОР IEK (4шт/компл) ,2026-08-01,0.0,28.0,0.0,0.0,,0.0,0,LOW,Прогноз 0 шт.; остаток 28; в пути 0; страховой запас 0; MOQ не указан.
IEK,030200566_,"Роз. TV окон б/рамки ""BRITE"" маренго (1/100)",2026-08-01,0.04004766687144783,78.0,0.0,0.2041241452319315,,0.0,0,LOW,Прогноз 0 шт.; остаток 78; в пути 0; страховой запас 0; MOQ не указан.
IEK,030200555_,"Роз. комп. RJ45 кат.5E б/рамки ""BRITE"" маренго (1/100)",2026-08-01,0.09802955604972648,62.0,0.0,0.25819888974717864,,0.0,0,LOW,Прогноз 0 шт.; остаток 62; в пути 0; страховой запас 0; MOQ не указан.
IEK,130301645_,"Заглушка для CTS 2,5/4мм2 синяя IEK",2026-08-01,0.0,121.0,0.0,1.2110601416389966,50.0,0.0,0,LOW,Прогноз 0 шт.; остаток 121; в пути 0; страховой запас 1; MOQ 50.0.
IEK,030200944_,"Выкл. жалюзи 10А ""BRITE"" графит (1/100)",2026-08-01,0.0,4.0,0.0,0.0,1.0,0.0,0,LOW,Прогноз 0 шт.; остаток 4; в пути 0; страховой запас 0; MOQ 1.0.
IEK,030201465_, Розетка 2-я о/у з/к с крышкой вертикальная графит IP55 TORS IEK (1/40),2026-08-01,0.24926034287769905,24.0,20.0,2.345207879911715,1.0,0.0,0,LOW,Прогноз 0 шт.; остаток 24; в пути 20; страховой запас 2; MOQ 1.0.
IEK,280100403_,Кабель-канал 16х16 ольха ЭЛЕКОР IEK (84),2026-08-01,8.848696906367417,140.0,0.0,5.34477938428395,84.0,0.0,0,LOW,Прогноз 9 шт.; остаток 140; в пути 0; страховой запас 5; MOQ 84.0.
IEK,081100724_,Лампа филаментная LED ST64 золото 6Вт 230В 2700К E27 серия 360° IEK,2026-08-01,0.14498579320631672,3.0,0.0,0.2041241452319315,,0.0,0,LOW,Прогноз 0 шт.; остаток 3; в пути 0; страховой запас 0; MOQ не указан.
IEK,081100641_,Лампа филаментная LED A60 шар прозр. 11Вт 230В 4000К E27 серия 360° IEK,2026-08-01,9.0497711640953,56.0,0.0,8.819013550278738,10.0,0.0,0,LOW,Прогноз 9 шт.; остаток 56; в пути 0; страховой запас 9; MOQ 10.0.
IEK,030200471_,"Роз. с з/к/ш 16А б/рамки ""BRITE"" графит (1/100)",2026-08-01,273.3984191130469,1257.0,0.0,80.64164556852674,1.0,0.0,0,LOW,Прогноз 273 шт.; остаток 1257; в пути 0; страховой запас 81; MOQ 1.0.
IEK,280200063_,Соединитель на стык КМС 40х16 Белый ЭЛЕКОР IEK (4),2026-08-01,3.7975748250159715,334.0,0.0,11.226827987756227,1.0,0.0,0,LOW,Прогноз 4 шт.; остаток 334; в пути 0; страховой запас 11; MOQ 1.0.
IEK,250600008_,ЩРН-П 18 IEK (10) MKP12-N-04-18-41,2026-08-01,14.61686782676707,57.0,10.0,7.998437347382299,10.0,0.0,0,LOW,Прогноз 15 шт.; остаток 57; в пути 10; страховой запас 8; MOQ 10.0.
IEK,250200029_,Заглушка 12 модулей серая,2026-08-01,0.0,0.0,0.0,0.0,,0.0,0,LOW,Прогноз 0 шт.; остаток 0; в пути 0; страховой запас 0; MOQ не указан.
IEK,030200497_,"Рамка 4-мест. ""BRITE"" черный (1/100)",2026-08-01,33.46096661129449,49.0,0.0,11.88030583220251,1.0,0.0,0,LOW,Прогноз 33 шт.; остаток 49; в пути 0; страховой запас 12; MOQ 1.0.
IEK,130301646_,Заглушка для CTS 6/10мм2 серая IEK,2026-08-01,1.6330687610367234,45.0,0.0,1.471960144387983,50.0,0.0,0,LOW,Прогноз 2 шт.; остаток 45; в пути 0; страховой запас 1; MOQ 50.0.
IEK,250600007_,ЩРН-П 12 IEK (10) MKP12-N-04-12-41,2026-08-01,71.43615731682299,404.0,0.0,27.915348227573077,10.0,0.0,0,LOW,Прогноз 71 шт.; остаток 404; в пути 0; страховой запас 28; MOQ 10.0.
IEK,030200961_,"Датчик движения ""BRITE"" белый (1/80)",2026-08-01,3.9073880316292313,26.0,0.0,2.183269719175042,1.0,0.0,0,LOW,Прогноз 4 шт.; остаток 26; в пути 0; страховой запас 2; MOQ 1.0.
IEK,081100721_,Лампа филаментная LED CT35 свеча вит. 7Вт 230В 4000К E14 серия 360° IEK,2026-08-01,10.568777964476208,118.0,0.0,12.21474518768198,10.0,0.0,0,LOW,Прогноз 11 шт.; остаток 118; в пути 0; страховой запас 12; MOQ 10.0.
IEK,030200556_,"Выкл 1-кл. прох. 10А б/рамки ""BRITE"" маренго (1/100)",2026-08-01,0.3277386337677863,86.0,0.0,1.602081978759724,,0.0,0,LOW,Прогноз 0 шт.; остаток 86; в пути 0; страховой запас 2; MOQ не указан.
IEK,250600290_,ЩМП  400х300х200 IP66  TITAN 5 IEK,2026-08-01,2.2248236627629883,13.0,0.0,1.816590212458495,1.0,0.0,0,LOW,Прогноз 2 шт.; остаток 13; в пути 0; страховой запас 2; MOQ 1.0.
IEK,280200039_,Внутренний угол КМВ 20х10 Белый ЭЛЕКОР IEK (4),2026-08-01,10.730878662020638,123.0,0.0,12.2909180562994,1.0,0.0,0,LOW,Прогноз 11 шт.; остаток 123; в пути 0; страховой запас 12; MOQ 1.0.
IEK,030200564_,BRITE Розетка 1-местная без заземления без защитных шторок 10А РС10-1-0-БрМ маренго IEK,2026-08-01,5.730146132435336e-05,17.0,0.0,0.2041241452319315,,0.0,0,LOW,Прогноз 0 шт.; остаток 17; в пути 0; страховой запас 0; MOQ не указан.
IEK,130301647_,"Разделитель для CTS малый 2,5/4мм2 серый IEK",2026-08-01,0.0,457.0,0.0,2.041241452319315,50.0,0.0,0,LOW,Прогноз 0 шт.; остаток 457; в пути 0; страховой запас 2; MOQ 50.0.
IEK,130301733_,Перемычка гребенчатая для CTS-F 4мм2 10PIN IEK,2026-08-01,0.0,15.0,0.0,0.4183300132670378,20.0,0.0,0,LOW,Прогноз 0 шт.; остаток 15; в пути 0; страховой запас 0; MOQ 20.0.
IEK,030200475_,"Выкл 2-кл. с инд. 10А б/рамки ""BRITE"" графит (1/100)",2026-08-01,4.403996001810344,30.0,0.0,3.826443082899138,1.0,0.0,0,LOW,Прогноз 4 шт.; остаток 30; в пути 0; страховой запас 4; MOQ 1.0.
IEK,280200058_,Соединитель на стык КМС 100х40 Белый ЭЛЕКОР IEK (2),2026-08-01,1.7454492713184036,39.0,0.0,6.780486708194336,39.0,0.0,0,LOW,Прогноз 2 шт.; остаток 39; в пути 0; страховой запас 7; MOQ 39.0.
IEK,030200494_,"Рамка 1-мест. ""BRITE"" черный (1/100)",2026-08-01,1965.7671742404941,7002.0,0.0,133.48620403122894,1.0,0.0,0,LOW,Прогноз 1966 шт.; остаток 7002; в пути 0; страховой запас 133; MOQ 1.0.
IEK,130500001_,Изолятор SM25 IEK (10),2026-08-01,4.940613199273215e-07,1.0,0.0,0.0,,0.0,0,LOW,Прогноз 0 шт.; остаток 1; в пути 0; страховой запас 0; MOQ не указан.
IEK,030201466_, Выключатель 2-кл. проходной о/у графит IP55 TORS IEK (1/80),2026-08-01,0.0,75.0,0.0,1.0206207261596576,1.0,0.0,0,LOW,Прогноз 0 шт.; остаток 75; в пути 0; страховой запас 1; MOQ 1.0.
IEK,250200032_,TITAN Корпус металлический ЩУ-3/1-0 (445х400х150мм) У1 IP66 IEK,2026-08-01,0.0,3.0,0.0,0.6055300708194983,1.0,0.0,0,LOW,Прогноз 0 шт.; остаток 3; в пути 0; страховой запас 1; MOQ 1.0.
IEK,081100722_,Лампа филаментная LED CT35 свеча вит. 7Вт 230В 4000К E27 серия 360° IEK,2026-08-01,0.8111454947267666,42.0,0.0,0.6123724356957578,10.0,0.0,0,LOW,Прогноз 1 шт.; остаток 42; в пути 0; страховой запас 1; MOQ 10.0.
IEK,030201474_, Розетка 2-я о/у з/к с крышкой вертикальная белый IP55 TORS IEK (1/40),2026-08-01,0.0061227529619735,35.0,0.0,0.816496580927726,1.0,0.0,0,LOW,Прогноз 0 шт.; остаток 35; в пути 0; страховой запас 1; MOQ 1.0.
IEK,030200473_,"Выкл 1-кл. с инд. 10А б/рамки ""BRITE"" графит (1/100)",2026-08-01,3.363710563792103,10.0,0.0,2.824004249288567,1.0,0.0,0,LOW,Прогноз 3 шт.; остаток 10; в пути 0; страховой запас 3; MOQ 1.0.
IEK,280200061_,Соединитель на стык КМС 16х16 Белый ЭЛЕКОР IEK (4),2026-08-01,14.621730583085675,100.0,0.0,26.66161410467616,1.0,0.0,0,LOW,Прогноз 15 шт.; остаток 100; в пути 0; страховой запас 27; MOQ 1.0.
IEK,250600006_,ЩРВ-П  8 IEK (20) MKP12-V-04-08-41,2026-08-01,7.612667694056963,40.0,0.0,4.024922359499668,20.0,0.0,0,LOW,Прогноз 8 шт.; остаток 40; в пути 0; страховой запас 4; MOQ 20.0.
IEK,010300068_, УЗО АД12М  (2ф) 25А IEK (5/40),2026-08-01,0.006726980608153519,1.0,0.0,0.408248290463863,1.0,0.0,0,LOW,Прогноз 0 шт.; остаток 1; в пути 0; страховой запас 0; MOQ 1.0.
IEK,250200037_, ЩМП- 7 IP 31 (1320х750х300) IEK,2026-08-01,0.30065995369123466,3.0,0.0,0.0,1.0,0.0,0,LOW,Прогноз 0 шт.; остаток 3; в пути 0; страховой запас 0; MOQ 1.0.
IEK,280200038_,Внутренний угол КМВ 16х16 Белый ЭЛЕКОР IEK (4),2026-08-01,13.468987216325221,87.0,0.0,13.422617727800588,1.0,0.0,0,LOW,Прогноз 13 шт.; остаток 87; в пути 0; страховой запас 13; MOQ 1.0.
IEK,030200495_,"Рамка 2-мест. ""BRITE"" черный (1/100)",2026-08-01,492.341559738253,1612.0,0.0,58.6018344422767,1.0,0.0,0,LOW,Прогноз 492 шт.; остаток 1612; в пути 0; страховой запас 59; MOQ 1.0.
IEK,030200474_,"Выкл 2-кл. 10А б/рамки ""BRITE"" графит (1/100)",2026-08-01,88.4328467389267,413.0,0.0,18.51935924017509,1.0,0.0,0,LOW,Прогноз 88 шт.; остаток 413; в пути 0; страховой запас 19; MOQ 1.0.
IEK,081100643_,Лампа филаментная LED ST64 золото 8Вт 230В 2700К E27 серия 360° IEK,2026-08-01,3.6976589169893703,30.0,0.0,2.2453655975512516,1.0,0.0,0,LOW,Прогноз 4 шт.; остаток 30; в пути 0; страховой запас 2; MOQ 1.0.
IEK,ярп4665,ВА47-29 (2ф)  5А IEK (6/72) !!!,2026-08-01,5.209767213573064e-07,3.0,0.0,0.0,,0.0,0,LOW,Прогноз 0 шт.; остаток 3; в пути 0; страховой запас 0; MOQ не указан.
IEK,280200064_,Соединитель на стык КМС 40х25 Белый ЭЛЕКОР IEK (4),2026-08-01,123.06505083269786,535.0,0.0,62.01995646564098,1.0,0.0,0,LOW,Прогноз 123 шт.; остаток 535; в пути 0; страховой запас 62; MOQ 1.0.
IEK,ярп6181, BA 47-60M (2ф) 25А 6кА С IEK !!!,2026-08-01,0.0,2.0,0.0,0.408248290463863,,0.0,0,LOW,Прогноз 0 шт.; остаток 2; в пути 0; страховой запас 0; MOQ не указан.
IEK,030200470_,"Выкл 2-кл. прох. 10А б/рамки ""BRITE"" белый (1/100)",2026-08-01,62.76807198395685,198.0,0.0,6.895046531145871,1.0,0.0,0,LOW,Прогноз 63 шт.; остаток 198; в пути 0; страховой запас 7; MOQ 1.0.
IEK,130500004_,Изолятор SM51 IEK (10),2026-08-01,8.771387356534318e-07,5.0,0.0,0.0,,0.0,0,LOW,Прогноз 0 шт.; остаток 5; в пути 0; страховой запас 0; MOQ не указан.
IEK,250600011_,ЩРН-П  8 IEK (20) MKP12-N-04-08-41,2026-08-01,12.388217520663286,125.0,0.0,2.457980200625144,20.0,0.0,0,LOW,Прогноз 12 шт.; остаток 125; в пути 0; страховой запас 2; MOQ 20.0.
IEK,280200070_,Т-образный угол КМТ 20х10 Белый ЭЛЕКОР IEK (4),2026-08-01,0.9575206154297993,67.0,0.0,0.8010409893798611,1.0,0.0,0,LOW,Прогноз 1 шт.; остаток 67; в пути 0; страховой запас 1; MOQ 1.0.
IEK,250200025_,ЩУРн-1-12зо (395x310x165) IEK,2026-08-01,1.5550304468729284,12.0,0.0,1.6253204812179862,1.0,0.0,0,LOW,Прогноз 2 шт.; остаток 12; в пути 0; страховой запас 2; MOQ 1.0.
IEK,081100746_,Лампа LED T75 таблетка 10Вт 230В 6500К GX53 IEK,2026-08-01,21.962757643082693,48.0,0.0,11.540147312751248,10.0,0.0,0,LOW,Прогноз 22 шт.; остаток 48; в пути 0; страховой запас 12; MOQ 10.0.
IEK,130301642_,"Колодка клеммная CP-MC-PEN земля 3 вывода 2,5мм2 IEK",2026-08-01,0.0008232012191905872,290.0,0.0,0.0,100.0,0.0,0,LOW,Прогноз 0 шт.; остаток 290; в пути 0; страховой запас 0; MOQ 100.0.
IEK,030200554_,"Выкл 2-кл. с инд. 10А б/рамки ""BRITE"" маренго (1/100)",2026-08-01,5.972504134920722e-05,18.0,0.0,0.2041241452319316,,0.0,0,LOW,Прогноз 0 шт.; остаток 18; в пути 0; страховой запас 0; MOQ не указан.
IEK,ярп6182,ЩЭ 5-1 36 УХЛ3 IP31 !!!,2026-08-01,1.1233157243895146e-06,1.0,0.0,0.0,,0.0,0,LOW,Прогноз 0 шт.; остаток 1; в пути 0; страховой запас 0; MOQ не указан.
IEK,030201463_, Розетка 2-я  о/у з/к с крышкой горизонтальная графит IP55 TORS IEK (1/40),2026-08-01,0.660587733298593,75.0,30.0,5.689170999949524,1.0,0.0,0,LOW,Прогноз 1 шт.; остаток 75; в пути 30; страховой запас 6; MOQ 1.0.
IEK,250600293_,ЩМП  800х600х250 IP66  TITAN 5 IEK,2026-08-01,1.8088691359269289,19.0,0.0,2.634704284481783,1.0,0.0,0,LOW,Прогноз 2 шт.; остаток 19; в пути 0; страховой запас 3; MOQ 1.0.
IEK,280100404_,Кабель-канал 20х10 ольха ЭЛЕКОР IEK (96),2026-08-01,0.037003004494690225,4.0,0.0,2.345207879911715,96.0,0.0,0,LOW,Прогноз 0 шт.; остаток 4; в пути 0; страховой запас 2; MOQ 96.0.
IEK,ярп4303,"Наконечник НКИ-н 2-4 кольцо 1,5-2,5мм (100 шт) IEK !!!",2026-08-01,7.583591164259303e-05,29.0,0.0,0.2041241452319315,,0.0,0,LOW,Прогноз 0 шт.; остаток 29; в пути 0; страховой запас 0; MOQ не указан.
IEK,010300075_, УЗО АВДТ 32  16А IEK  (6/60),2026-08-01,653.2366751159103,2372.0,600.0,85.51827290117552,1.0,0.0,0,LOW,Прогноз 653 шт.; остаток 2372; в пути 600; страховой запас 86; MOQ 1.0.
IEK,010300015_, УЗО ВД1 63 (2ф) 25А 30мА IEK  (1/48),2026-08-01,121.23452265459413,446.0,192.0,25.92039094355378,1.0,0.0,0,LOW,Прогноз 121 шт.; остаток 446; в пути 192; страховой запас 26; MOQ 1.0.
IEK,030200467_,"Роз. с з/к/ш с кр. 16А IP44 б/рамки ""BRITE"" белый (1/100)",2026-08-01,79.79348019804699,162.0,0.0,45.80938768418544,1.0,0.0,0,LOW,Прогноз 80 шт.; остаток 162; в пути 0; страховой запас 46; MOQ 1.0.
IEK,030200466_,"Рамка 4-мест. ""BRITE"" белый (1/100)",2026-08-01,59.13866155544014,104.0,50.0,15.237016330852533,1.0,0.0,0,LOW,Прогноз 59 шт.; остаток 104; в пути 50; страховой запас 15; MOQ 1.0.
IEK,280200033_,Внешний угол КМН 15х10 Белый ЭЛЕКОР IEK (4),2026-08-01,26.61864781837957,151.0,0.0,10.06189180356596,1.0,0.0,0,LOW,Прогноз 27 шт.; остаток 151; в пути 0; страховой запас 10; MOQ 1.0.
IEK,130301726_,Перемычка в сборе для CTS 4мм2 4PIN IEK,2026-08-01,0.0,93.0,0.0,0.2041241452319315,100.0,0.0,0,LOW,Прогноз 0 шт.; остаток 93; в пути 0; страховой запас 0; MOQ 100.0.
IEK,130301678_,"Блок зажимов БЗН ТВ-2512 2,5 мм2 25А 12 пар IEK",2026-08-01,0.12101823129019858,26.0,0.0,2.16794833886788,25.0,0.0,0,LOW,Прогноз 0 шт.; остаток 26; в пути 0; страховой запас 2; MOQ 25.0.
IEK,030200465_,"Рамка 3-мест. ""BRITE"" белый (1/100)",2026-08-01,287.9019207909475,1015.0,200.0,40.37253604452736,1.0,0.0,0,LOW,Прогноз 288 шт.; остаток 1015; в пути 200; страховой запас 40; MOQ 1.0.
IEK,ярп40395, УЗО АВДТ 34   6А С 10мА  IEK !!!,2026-08-01,0.0,13.0,0.0,0.0,,0.0,0,LOW,Прогноз 0 шт.; остаток 13; в пути 0; страховой запас 0; MOQ не указан.
IEK,010300094_, УЗО АВДТ 32   6А IEK  (6/60),2026-08-01,11.333258478322342,42.0,0.0,2.1544527534078477,1.0,0.0,0,LOW,Прогноз 11 шт.; остаток 42; в пути 0; страховой запас 2; MOQ 1.0.
IEK,280200071_,Т-образный угол КМТ 40х16 Белый ЭЛЕКОР IEK (4),2026-08-01,2.0908556418510464,86.0,0.0,5.449770637375496,1.0,0.0,0,LOW,Прогноз 2 шт.; остаток 86; в пути 0; страховой запас 5; MOQ 1.0.
IEK,030200500_,"Выкл 1-кл. 10А б/рамки ""BRITE"" сталь (1/100)",2026-08-01,105.9055369516138,373.0,0.0,12.06648250319876,1.0,0.0,0,LOW,Прогноз 106 шт.; остаток 373; в пути 0; страховой запас 12; MOQ 1.0.
IEK,280100378_,Кабель-канал 40х16 сосна ЭЛЕКОР IEK (30),2026-08-01,0.11603919298555523,38.0,0.0,0.0,30.0,0.0,0,LOW,Прогноз 0 шт.; остаток 38; в пути 0; страховой запас 0; MOQ 30.0.
IEK,030200568_,"Роз. USB A+C 18Вт б/рамки ""BRITE"" белый (1/80)",2026-08-01,2.2731378127838564,13.0,0.0,2.960855732160327,1.0,0.0,0,LOW,Прогноз 2 шт.; остаток 13; в пути 0; страховой запас 3; MOQ 1.0.
IEK,250200023_,ЩУРв-3-30зо (550x500x165) IEK,2026-08-01,6.166760732240329e-07,1.0,0.0,0.2041241452319315,,0.0,0,LOW,Прогноз 0 шт.; остаток 1; в пути 0; страховой запас 0; MOQ не указан.
IEK,081100747_,Лампа LED T75 таблетка 15Вт 230В 4000К GX53 IEK,2026-08-01,80.0811602616114,286.0,0.0,44.41105342892316,10.0,0.0,0,LOW,Прогноз 80 шт.; остаток 286; в пути 0; страховой запас 44; MOQ 10.0.
IEK,030200935_,"Роз. HDMI б/рамки ""BRITE"" белый (1/100)",2026-08-01,4.69729647438389,31.0,0.0,1.5625833311112085,1.0,0.0,0,LOW,Прогноз 5 шт.; остаток 31; в пути 0; страховой запас 2; MOQ 1.0.
IEK,270300003_, Ящик  ЯТП(укп) 230/36 IEK  (1),2026-08-01,30.163225774360047,161.0,0.0,5.474181826233646,1.0,0.0,0,LOW,Прогноз 30 шт.; остаток 161; в пути 0; страховой запас 5; MOQ 1.0.
IEK,030201477_, Выключатель кнопочный о/у белый IP55 TORS IEK (1/60),2026-08-01,0.039961829630109094,59.0,0.0,0.0,1.0,0.0,0,LOW,Прогноз 0 шт.; остаток 59; в пути 0; страховой запас 0; MOQ 1.0.
IEK,280200034_,Внешний угол КМН 16х16 Белый ЭЛЕКОР IEK (4),2026-08-01,15.466088213426897,177.0,0.0,12.191868875060418,1.0,0.0,0,LOW,Прогноз 15 шт.; остаток 177; в пути 0; страховой запас 12; MOQ 1.0.
IEK,030200499_,"Роз. с з/к/ш 16А б/рамки ""BRITE"" сталь (1/100)",2026-08-01,144.95185597101445,894.0,0.0,30.09595764661177,1.0,0.0,0,LOW,Прогноз 145 шт.; остаток 894; в пути 0; страховой запас 30; MOQ 1.0.
IEK,280200069_,Т-образный угол КМТ 16х16 Белый ЭЛЕКОР IEK (4),2026-08-01,3.462163062429767,98.0,0.0,8.366600265340754,1.0,0.0,0,LOW,Прогноз 3 шт.; остаток 98; в пути 0; страховой запас 8; MOQ 1.0.
IEK,030200962_,"Датчик движения ""BRITE"" черный (1/80)",2026-08-01,0.14793597987907192,10.0,0.0,0.516397779494323,1.0,0.0,0,LOW,Прогноз 0 шт.; остаток 10; в пути 0; страховой запас 1; MOQ 1.0.
IEK,030200469_,"Рамка 2-мест. IP44 ""BRITE"" белый (1/100)",2026-08-01,2.3819220803052894,10.0,0.0,1.724818831066035,1.0,0.0,0,LOW,Прогноз 2 шт.; остаток 10; в пути 0; страховой запас 2; MOQ 1.0.
IEK,280200065_,Соединитель на стык КМС 60х40 Белый ЭЛЕКОР IEK (4),2026-08-01,19.962052490112463,18.0,30.0,16.7441532084088,1.0,0.0,0,LOW,Прогноз 20 шт.; остаток 18; в пути 30; страховой запас 17; MOQ 1.0.
IEK,081100635_,Лампа LED T75 таблетка 15Вт 230В 6500К GX53 IEK,2026-08-01,38.30535084249479,91.0,0.0,14.315783829978246,10.0,0.0,0,LOW,Прогноз 38 шт.; остаток 91; в пути 0; страховой запас 14; MOQ 10.0.
IEK,270200129_,Предохранитель ППНИ-33   (25А) габарит 00 IEK (3/90) !!!,2026-08-01,1.1295160318260606e-05,47.0,0.0,0.408248290463863,,0.0,0,LOW,Прогноз 0 шт.; остаток 47; в пути 0; страховой запас 0; MOQ не указан.
IEK,ярп4385,"Амперметр Э47 100/5А кл. точн. 1,5 96х96мм !!!",2026-08-01,0.0,12.0,0.0,0.0,,0.0,0,LOW,Прогноз 0 шт.; остаток 12; в пути 0; страховой запас 0; MOQ не указан.
IEK,251400148_,ЩРН 72 (540х660х120) IP54 TITAN 3 IEK,2026-08-01,0.12182161288515528,10.0,6.0,0.6324555320336759,1.0,0.0,0,LOW,Прогноз 0 шт.; остаток 10; в пути 6; страховой запас 1; MOQ 1.0.
IEK,010300074_, УЗО АВДТ 32  10А IEK  (6/60),2026-08-01,63.914942323612586,184.0,0.0,26.577716229954746,1.0,0.0,0,LOW,Прогноз 64 шт.; остаток 184; в пути 0; страховой запас 27; MOQ 1.0.
IEK,030201464_,Блок розетка + выключатель горизонтальный о/у графит IP55 TORS IEK (1/40),2026-08-01,0.012890280467876023,36.0,0.0,0.4183300132670378,1.0,0.0,0,LOW,Прогноз 0 шт.; остаток 36; в пути 0; страховой запас 0; MOQ 1.0.
IEK,250600292_,ЩМП  600х500х200 IP66  TITAN 5 IEK,2026-08-01,0.03586589649472456,6.0,0.0,0.8755950357709132,1.0,0.0,0,LOW,Прогноз 0 шт.; остаток 6; в пути 0; страховой запас 1; MOQ 1.0.
IEK,250200028_,ЩУРн-3-48зо (600x540x165) IEK,2026-08-01,2.7954164494719302,17.0,0.0,0.9309493362512622,1.0,0.0,0,LOW,Прогноз 3 шт.; остаток 17; в пути 0; страховой запас 1; MOQ 1.0.
IEK,280200036_,Внешний угол КМН 60х40 Белый ЭЛЕКОР IEK (4),2026-08-01,61.48652114396868,290.0,0.0,31.27085970463023,1.0,0.0,0,LOW,Прогноз 61 шт.; остаток 290; в пути 0; страховой запас 31; MOQ 1.0.
IEK,010300016_, УЗО ВД1 63 (2ф) 32А 30мА IEK  (1/48),2026-08-01,48.93664235033085,165.0,0.0,7.560864148142508,1.0,0.0,0,LOW,Прогноз 49 шт.; остаток 165; в пути 0; страховой запас 8; MOQ 1.0.
IEK,250600009_,ЩРН-П 24 IEK (10) MKP12-N-04-24-41,2026-08-01,15.027959735631448,70.0,20.0,2.9566309655867262,10.0,0.0,0,LOW,Прогноз 15 шт.; остаток 70; в пути 20; страховой запас 3; MOQ 10.0.
IEK,030201476_, Переключатель 1-кл. о/у белый IP55 TORS IEK (1/60),2026-08-01,0.07448098223193271,99.0,0.0,3.6742346141747673,1.0,0.0,0,LOW,Прогноз 0 шт.; остаток 99; в пути 0; страховой запас 4; MOQ 1.0.
IEK,081100744_,Лампа LED T75 таблетка 6Вт 230В 6500К GX53 IEK,2026-08-01,3.2325815900151693,29.0,0.0,2.3593784492248604,10.0,0.0,0,LOW,Прогноз 3 шт.; остаток 29; в пути 0; страховой запас 2; MOQ 10.0.
IEK,250200026_,ЩУРн-3-12зо (550x320x175) IEK,2026-08-01,1.3073889790690092,11.0,0.0,0.758287544405167,1.0,0.0,0,LOW,Прогноз 1 шт.; остаток 11; в пути 0; страховой запас 1; MOQ 1.0.
IEK,081100745_,Лампа LED T75 таблетка 10Вт 230В 4000К GX53 IEK,2026-08-01,165.61325346955803,457.0,0.0,41.61329915623933,10.0,0.0,0,LOW,Прогноз 166 шт.; остаток 457; в пути 0; страховой запас 42; MOQ 10.0.
IEK,081100604_,LED ПРОЖЕКТОР СДО 06-150 150W 12000Lm 6500K IP65 IEK,2026-08-01,4.301333116614325e-07,1.0,0.0,0.0,,0.0,0,LOW,Прогноз 0 шт.; остаток 1; в пути 0; страховой запас 0; MOQ не указан.
IEK,250600010_,ЩРН-П  6 IEK (20) MKP12-N-04-06-41,2026-08-01,20.359615603119398,119.0,0.0,7.234754084740138,20.0,0.0,0,LOW,Прогноз 20 шт.; остаток 119; в пути 0; страховой запас 7; MOQ 20.0.
IEK,280100379_,Кабель-канал 40х25 сосна ЭЛЕКОР IEK (18),2026-08-01,2.6505084375597248,24.0,0.0,4.086563348340512,18.0,0.0,0,LOW,Прогноз 3 шт.; остаток 24; в пути 0; страховой запас 4; MOQ 18.0.
IEK,030200567_,"Роз. с з/к с з/ш 16А USB A+C 18Вт б/рамки ""BRITE"" белый (1/80)",2026-08-01,0.8347065093447333,8.0,0.0,0.41833001326702884,1.0,0.0,0,LOW,Прогноз 1 шт.; остаток 8; в пути 0; страховой запас 0; MOQ 1.0.
IEK,030200468_,"Рамка 1-мест. IP44 ""BRITE"" белый (1/100)",2026-08-01,13.824128067863306,53.0,0.0,11.92057045614848,1.0,0.0,0,LOW,Прогноз 14 шт.; остаток 53; в пути 0; страховой запас 12; MOQ 1.0.
IEK,130301728_,Перемычка в сборе для CTS 35мм2 4PIN IEK,2026-08-01,0.0,18.0,0.0,0.0,20.0,0.0,0,LOW,Прогноз 0 шт.; остаток 18; в пути 0; страховой запас 0; MOQ 20.0.
IEK,130301644_,"Заглушка для CTS 2,5/4мм2 серая IEK",2026-08-01,5.378250603712804,314.0,0.0,4.543310100209618,50.0,0.0,0,LOW,Прогноз 5 шт.; остаток 314; в пути 0; страховой запас 5; MOQ 50.0.
IEK,130500003_,Изолятор SM40 IEK (10),2026-08-01,0.0,3.0,0.0,1.9407902170679516,,0.0,0,LOW,Прогноз 0 шт.; остаток 3; в пути 0; страховой запас 2; MOQ не указан.
IEK,130301677_,"Блок зажимов БЗН ТВ-4506 4,5 мм2 45А 6 пар IEK",2026-08-01,0.0,25.0,0.0,4.694855340334424,25.0,0.0,0,LOW,Прогноз 0 шт.; остаток 25; в пути 0; страховой запас 5; MOQ 25.0.
IEK,280200035_,Внешний угол КМН 20х10 Белый ЭЛЕКОР IEK (4),2026-08-01,10.606258090907197,166.0,0.0,17.91554260039776,1.0,0.0,0,LOW,Прогноз 11 шт.; остаток 166; в пути 0; страховой запас 18; MOQ 1.0.
IEK,250200027_,ЩУРн-3-30зо (540x490x165) IEK,2026-08-01,1.4157394445236948,11.0,4.0,1.0801234497346426,1.0,0.0,0,LOW,Прогноз 1 шт.; остаток 11; в пути 4; страховой запас 1; MOQ 1.0.
IEK,030200498_,"Выкл 2-кл. прох. 10А б/рамки ""BRITE"" черный (1/100)",2026-08-01,37.08648180905741,150.0,0.0,16.414678390595043,1.0,0.0,0,LOW,Прогноз 37 шт.; остаток 150; в пути 0; страховой запас 16; MOQ 1.0.
IEK,280100402_,Кабель-канал 15х10 ольха ЭЛЕКОР IEK (144),2026-08-01,0.09844919530835383,6.0,0.0,0.0,144.0,0.0,0,LOW,Прогноз 0 шт.; остаток 6; в пути 0; страховой запас 0; MOQ 144.0.
IEK,250200041_, ЩМП- 5 IP 31 (1000х650х300) IEK,2026-08-01,0.4001451398887125,2.0,0.0,0.4082482904638636,1.0,0.0,0,LOW,Прогноз 0 шт.; остаток 2; в пути 0; страховой запас 0; MOQ 1.0.
IEK,130301661_,"Перемычка для КПИ-2,5мм2 10PIN IEK",2026-08-01,0.009957573535937507,10.0,0.0,2.041241452319315,10.0,0.0,0,LOW,Прогноз 0 шт.; остаток 10; в пути 0; страховой запас 2; MOQ 10.0.
IEK,130301738_,Перемычка гребенчатая для CP 4мм2 10PIN IEK,2026-08-01,0.0,3.0,0.0,0.408248290463863,10.0,0.0,0,LOW,Прогноз 0 шт.; остаток 3; в пути 0; страховой запас 0; MOQ 10.0.
IEK,030200489_,"Выкл 2-кл. с инд. 10А б/рамки ""BRITE"" черный (1/100)",2026-08-01,17.500195551838765,65.0,0.0,8.96660470858396,1.0,0.0,0,LOW,Прогноз 18 шт.; остаток 65; в пути 0; страховой запас 9; MOQ 1.0.
IEK,081100707_,Лампа филаментная LED A60 шар прозр.  9Вт 230В 4000К E27 серия 360° IEK,2026-08-01,12.26458215551293,78.0,0.0,6.361996541966998,10.0,0.0,0,LOW,Прогноз 12 шт.; остаток 78; в пути 0; страховой запас 6; MOQ 10.0.
IEK,030201469_, Выключатель 1-кл. о/у белый IP55 TORS IEK (1/60),2026-08-01,3.772514759746921,32.0,40.0,7.657784710127771,1.0,0.0,0,LOW,Прогноз 4 шт.; остаток 32; в пути 40; страховой запас 8; MOQ 1.0.
IEK,250600001_,ЩРВ-П 12 IEK (10) MKP12-V-04-12-41,2026-08-01,13.605226958386062,109.0,0.0,3.357826678076106,10.0,0.0,0,LOW,Прогноз 14 шт.; остаток 109; в пути 0; страховой запас 3; MOQ 10.0.
IEK,280200050_,Поворот 90° КМП 100х40 Белый ЭЛЕКОР IEK (2),2026-08-01,5.87353925918504,25.0,0.0,1.4142135623730967,6.0,0.0,0,LOW,Прогноз 6 шт.; остаток 25; в пути 0; страховой запас 1; MOQ 6.0.
IEK,010300020_, УЗО ВД1-63 (4ф) 32А 30мА IEK  (1/24),2026-08-01,9.585980691108698,32.0,0.0,4.164332679633876,1.0,0.0,0,LOW,Прогноз 10 шт.; остаток 32; в пути 0; страховой запас 4; MOQ 1.0.
IEK,250600279_,ЩРН 144 (2х72мод) 960х570х140 IP54 TITAN 5 IEK,2026-08-01,0.06628993579027948,3.0,0.0,0.4915960401250875,1.0,0.0,0,LOW,Прогноз 0 шт.; остаток 3; в пути 0; страховой запас 0; MOQ 1.0.
IEK,250200060_,ЩУ-1ф/1-1 IP54 2двери (310x300x150) IEK,2026-08-01,0.07526816071491817,1.0,0.0,0.408248290463863,1.0,0.0,0,LOW,Прогноз 0 шт.; остаток 1; в пути 0; страховой запас 0; MOQ 1.0.
IEK,081100712_,Лампа филаментная LED C35 свеча золото 7Вт 230В 2700К E14 серия 360° IEK,2026-08-01,4.738845341959433,32.0,0.0,3.6662878592203736,10.0,0.0,0,LOW,Прогноз 5 шт.; остаток 32; в пути 0; страховой запас 4; MOQ 10.0.
IEK,030200483_,"Рамка 4-мест. ""BRITE"" графит (1/100)",2026-08-01,18.80548750099015,95.0,0.0,7.33257571844077,1.0,0.0,0,LOW,Прогноз 19 шт.; остаток 95; в пути 0; страховой запас 7; MOQ 1.0.
IEK,250600277_,ЩРН  72 (2х36мод) 585х570х140 IP54 TITAN 5 IEK,2026-08-01,0.10149017290286146,6.0,0.0,0.4183300132670376,1.0,0.0,0,LOW,Прогноз 0 шт.; остаток 6; в пути 0; страховой запас 0; MOQ 1.0.
IEK,250200054_, ЩМП- 7 IP 54 (1415х665х295) IEK,2026-08-01,0.18255143367046323,2.0,0.0,0.2041241452319315,1.0,0.0,0,LOW,Прогноз 0 шт.; остаток 2; в пути 0; страховой запас 0; MOQ 1.0.
IEK,010300024_, УЗО ВД1-63 (4ф) 50А 30мА IEK  (1/24),2026-08-01,0.7725359516953364,3.0,0.0,0.5845225972250061,1.0,0.0,0,LOW,Прогноз 1 шт.; остаток 3; в пути 0; страховой запас 1; MOQ 1.0.
IEK,030200490_,"Роз. комп. RJ45 кат.5E б/рамки ""BRITE"" черный (1/100)",2026-08-01,75.7799881073489,305.0,0.0,29.24152298815277,1.0,0.0,0,LOW,Прогноз 76 шт.; остаток 305; в пути 0; страховой запас 29; MOQ 1.0.
IEK,030200940_,"Роз. HDMI б/рамки ""BRITE"" графит (1/100)",2026-08-01,0.0,7.0,0.0,0.6324555320336764,1.0,0.0,0,LOW,Прогноз 0 шт.; остаток 7; в пути 0; страховой запас 1; MOQ 1.0.
IEK,250600002_,ЩРВ-П 18 IEK (10) MKP12-V-04-18-41,2026-08-01,10.934006920218891,51.0,0.0,7.375635565834306,10.0,0.0,0,LOW,Прогноз 11 шт.; остаток 51; в пути 0; страховой запас 7; MOQ 10.0.
IEK,250200052_,ЩРВ  54 (550x450x120) IP30 TITAN 3 IEK   ,2026-08-01,0.5834166165763401,6.0,6.0,0.0,1.0,0.0,0,LOW,Прогноз 1 шт.; остаток 6; в пути 6; страховой запас 0; MOQ 1.0.
IEK,081100714_,Лампа филаментная LED C35 свеча прозр. 7Вт 230В 4000К E27 серия 360° IEK,2026-08-01,2.945549708891056,16.0,0.0,3.2926686238773937,10.0,0.0,0,LOW,Прогноз 3 шт.; остаток 16; в пути 0; страховой запас 3; MOQ 10.0.
IEK,270200143_,Предохранитель ППНИ-33  (100А) габарит 00 IEK (3/90) !!!,2026-08-01,1.2288418275024762e-06,1.0,0.0,0.0,,0.0,0,LOW,Прогноз 0 шт.; остаток 1; в пути 0; страховой запас 0; MOQ не указан.
IEK,030200561_,"Рамка 3-мест. ""BRITE"" маренго (1/100)",2026-08-01,2.1416288755658694,23.0,0.0,1.530250524151731,,0.0,0,LOW,Прогноз 2 шт.; остаток 23; в пути 0; страховой запас 2; MOQ не указан.
IEK,030200558_,"Роз. 2-я с з/к/ш 16А в сб. ""BRITE"" маренго (1/100)",2026-08-01,0.03292719494222347,5.0,0.0,0.0,,0.0,0,LOW,Прогноз 0 шт.; остаток 5; в пути 0; страховой запас 0; MOQ не указан.
IEK,130301735_,"Перемычка гребенчатая для CP 1,5мм2 4PIN IEK",2026-08-01,0.0,39.0,0.0,0.0,50.0,0.0,0,LOW,Прогноз 0 шт.; остаток 39; в пути 0; страховой запас 0; MOQ 50.0.
IEK,130301673_,"Блок зажимов БЗН ТВ-1504 1,5 мм2 15А 4 пары IEK",2026-08-01,0.6962513716363453,98.0,0.0,21.48255105894084,100.0,0.0,0,LOW,Прогноз 1 шт.; остаток 98; в пути 0; страховой запас 21; MOQ 100.0.
IEK,280100398_,Соединитель на стык КМС 25х16 сосна ЭЛЕКОР IEK (4шт/компл),2026-08-01,4.180719986983181,76.0,0.0,12.24744871391589,,0.0,0,LOW,Прогноз 4 шт.; остаток 76; в пути 0; страховой запас 12; MOQ не указан.
IEK,ярп5605,"Шина N ""ноль"" на DIN-изол тип ""Стойка"" ШНИ-6х9-14-С-С IEK !!!",2026-08-01,0.0002822826386209687,59.0,0.0,0.0,,0.0,0,LOW,Прогноз 0 шт.; остаток 59; в пути 0; страховой запас 0; MOQ не указан.
IEK,030200482_,"Рамка 3-мест. ""BRITE"" графит (1/100)",2026-08-01,65.21473685652124,251.0,0.0,16.270884016139544,1.0,0.0,0,LOW,Прогноз 65 шт.; остаток 251; в пути 0; страховой запас 16; MOQ 1.0.
IEK,260100154_, Наконечник медно-луженный JG - 240  IEK (20),2026-08-01,312.19231950584003,1012.0,600.0,79.92913528036362,20.0,0.0,0,LOW,Прогноз 312 шт.; остаток 1012; в пути 600; страховой запас 80; MOQ 20.0.
IEK,030200484_,"Выкл 2-кл. прох. 10А б/рамки ""BRITE"" графит (1/100)",2026-08-01,12.458903519912896,69.0,0.0,6.439461675223068,1.0,0.0,0,LOW,Прогноз 12 шт.; остаток 69; в пути 0; страховой запас 6; MOQ 1.0.
IEK,280200045_,Заглушка КМЗ 15х10 Белый ЭЛЕКОР IEK (4) ,2026-08-01,11.646669799967892,116.0,0.0,7.339391437078868,1.0,0.0,0,LOW,Прогноз 12 шт.; остаток 116; в пути 0; страховой запас 7; MOQ 1.0.
IEK,030201470_, Выключатель 2-кл. о/у белый IP55 TORS IEK (1/60),2026-08-01,0.4170155768483963,51.0,0.0,1.0801234497346432,1.0,0.0,0,LOW,Прогноз 0 шт.; остаток 51; в пути 0; страховой запас 1; MOQ 1.0.
IEK,250600278_,ЩРН 120 (2х60мод) 835х570х140 IP54 TITAN 5 IEK,2026-08-01,0.1394521820039505,8.0,0.0,0.6055300708194983,1.0,0.0,0,LOW,Прогноз 0 шт.; остаток 8; в пути 0; страховой запас 1; MOQ 1.0.
IEK,250200077_,ЩРН  72з (540x600x120)  IP31 TITAN 3 IEK   ,2026-08-01,0.9045805650258022,7.0,0.0,0.37638632635454033,1.0,0.0,0,LOW,Прогноз 1 шт.; остаток 7; в пути 0; страховой запас 0; MOQ 1.0.
IEK,030200487_,"Выкл 1-кл. с инд. 10А б/рамки ""BRITE"" черный (1/100)",2026-08-01,34.676003014867106,148.0,0.0,8.359126748650226,1.0,0.0,0,LOW,Прогноз 35 шт.; остаток 148; в пути 0; страховой запас 8; MOQ 1.0.
IEK,081100710_,Лампа филаментная LED C35 свеча прозр. 5Вт 230В 4000К E14 серия 360° IEK,2026-08-01,31.511364836206564,152.0,80.0,13.44990706287594,10.0,0.0,0,LOW,Прогноз 32 шт.; остаток 152; в пути 80; страховой запас 13; MOQ 10.0.
IEK,030200941_,"Роз. HDMI б/рамки ""BRITE"" черный (1/100)",2026-08-01,2.077076874481013,14.0,0.0,1.3197221929886094,1.0,0.0,0,LOW,Прогноз 2 шт.; остаток 14; в пути 0; страховой запас 1; MOQ 1.0.
IEK,280100396_,Поворот 90град КМП 40х25 сосна ЭЛЕКОР IEK (4шт/компл) ,2026-08-01,0.0,4.0,0.0,0.0,,0.0,0,LOW,Прогноз 0 шт.; остаток 4; в пути 0; страховой запас 0; MOQ не указан.
IEK,030200486_,"Выкл 1-кл. 10А б/рамки ""BRITE"" черный (1/100)",2026-08-01,566.4020884026321,2212.0,0.0,27.02113370431873,1.0,0.0,0,LOW,Прогноз 566 шт.; остаток 2212; в пути 0; страховой запас 27; MOQ 1.0.
IEK,280200047_,Заглушка КМЗ 20х10 Белый ЭЛЕКОР IEK (4),2026-08-01,2.6120492627651624,76.0,0.0,7.089898917944224,1.0,0.0,0,LOW,Прогноз 3 шт.; остаток 76; в пути 0; страховой запас 7; MOQ 1.0.
IEK,250200078_,ЩЭ 3 (1010x970x155) IP31 IEK,2026-08-01,0.0,14.0,0.0,0.0,1.0,0.0,0,LOW,Прогноз 0 шт.; остаток 14; в пути 0; страховой запас 0; MOQ 1.0.
IEK,ярп5852," Переключатель LAY5-BW8465 ""I-O"" сдвоенная с подсветкой IEK !!!",2026-08-01,0.0,0.0,0.0,0.0,,0.0,0,LOW,Прогноз 0 шт.; остаток 0; в пути 0; страховой запас 0; MOQ не указан.
IEK,270200142_,Предохранитель ППНИ-33   (80А) габарит 00 IEK (3/90) !!!,2026-08-01,0.0,7.0,0.0,0.0,,0.0,0,LOW,Прогноз 0 шт.; остаток 7; в пути 0; страховой запас 0; MOQ не указан.
IEK,280200049_,Заглушка КМЗ 60х40 Белый ЭЛЕКОР IEK (4),2026-08-01,59.92451525268109,79.0,15.0,20.076520282824585,1.0,0.0,0,LOW,Прогноз 60 шт.; остаток 79; в пути 15; страховой запас 20; MOQ 1.0.
IEK,030200485_,"Роз. с з/к без з/ш 16А б/рамки ""BRITE"" черный (1/100)",2026-08-01,2324.9649466557416,7142.0,0.0,190.78978396829012,1.0,0.0,0,LOW,Прогноз 2325 шт.; остаток 7142; в пути 0; страховой запас 191; MOQ 1.0.
IEK,030200488_,"Выкл 2-кл. 10А б/рамки ""BRITE"" черный (1/100)",2026-08-01,356.97794922047353,1500.0,0.0,38.09680651533221,1.0,0.0,0,LOW,Прогноз 357 шт.; остаток 1500; в пути 0; страховой запас 38; MOQ 1.0.
IEK,030201471_, Розетка 1-я о/у з/к c крышкой  белый IP55 TORS IEK (1/60),2026-08-01,0.0,19.0,50.0,17.004901254246278,1.0,0.0,0,LOW,Прогноз 0 шт.; остаток 19; в пути 50; страховой запас 17; MOQ 1.0.
IEK,ярп5628,Предохранитель ППНИ-37  (355А) габарит 2 IEK !!!,2026-08-01,0.0,12.0,0.0,0.0,,0.0,0,LOW,Прогноз 0 шт.; остаток 12; в пути 0; страховой запас 0; MOQ не указан.
IEK,010300023_, УЗО ВД1-63 (4ф) 40А 30мА IEK  (1/24),2026-08-01,12.301715851659987,44.0,0.0,2.92688685580203,1.0,0.0,0,LOW,Прогноз 12 шт.; остаток 44; в пути 0; страховой запас 3; MOQ 1.0.
IEK,280200048_,Заглушка КМЗ 40х16 Белый ЭЛЕКОР IEK (4),2026-08-01,6.558553988630601,193.0,0.0,9.352361555600066,1.0,0.0,0,LOW,Прогноз 7 шт.; остаток 193; в пути 0; страховой запас 9; MOQ 1.0.
IEK,250200061_,ЩУ-3ф/1-1 74 IP66 2двери (445x400x150) IEK,2026-08-01,2.1942775246542476,12.0,0.0,0.7582875444051614,1.0,0.0,0,LOW,Прогноз 2 шт.; остаток 12; в пути 0; страховой запас 1; MOQ 1.0.
IEK,081100708_,Лампа филаментная LED A60 шар прозр.  9Вт 230В 6500К E27 серия 360° IEK,2026-08-01,0.5554069195245012,13.0,0.0,2.9608557321603266,10.0,0.0,0,LOW,Прогноз 1 шт.; остаток 13; в пути 0; страховой запас 3; MOQ 10.0.
IEK,260100153_, Наконечник медно-луженный JG -  10  IEK (400),2026-08-01,1959.7786703713414,5259.0,1600.0,306.4077348893139,400.0,0.0,0,LOW,Прогноз 1960 шт.; остаток 5259; в пути 1600; страховой запас 306; MOQ 400.0.
IEK,030200959_,"Термостат с инд. ""BRITE"" сталь (1/80)",2026-08-01,0.3446750998914879,11.0,0.0,1.1832159566199174,1.0,0.0,0,LOW,Прогноз 0 шт.; остаток 11; в пути 0; страховой запас 1; MOQ 1.0.
IEK,130301665_,Клемма вводная силовая КВС 16-95 кв.мм. синяя IEK,2026-08-01,0.0,9.0,0.0,0.0,8.0,0.0,0,LOW,Прогноз 0 шт.; остаток 9; в пути 0; страховой запас 0; MOQ 8.0.
IEK,130301737_,Перемычка гребенчатая для CP 4мм2 2PIN IEK,2026-08-01,0.15591675116180786,60.0,0.0,2.091650066335189,100.0,0.0,0,LOW,Прогноз 0 шт.; остаток 60; в пути 0; страховой запас 2; MOQ 100.0.
IEK,081100711_,Лампа филаментная LED C35 свеча прозр. 5Вт 230В 4000К E27 серия 360° IEK,2026-08-01,7.290237049548217,51.0,0.0,8.18178872048568,10.0,0.0,0,LOW,Прогноз 7 шт.; остаток 51; в пути 0; страховой запас 8; MOQ 10.0.
IEK,030200958_,"Термостат с инд. ""BRITE"" графит (1/80)",2026-08-01,0.09683169062655658,5.0,0.0,0.816496580927726,1.0,0.0,0,LOW,Прогноз 0 шт.; остаток 5; в пути 0; страховой запас 1; MOQ 1.0.
IEK,280200052_,Поворот 90° КМП 15х10 Белый ЭЛЕКОР IEK (4),2026-08-01,20.895202124488314,140.0,0.0,6.882344561751218,1.0,0.0,0,LOW,Прогноз 21 шт.; остаток 140; в пути 0; страховой запас 7; MOQ 1.0.
IEK,030200481_,"Рамка 2-мест. ""BRITE"" графит (1/100)",2026-08-01,105.08094739454522,563.0,0.0,20.47111786558429,1.0,0.0,0,LOW,Прогноз 105 шт.; остаток 563; в пути 0; страховой запас 20; MOQ 1.0.
IEK,280100385_,Угол внутренний КМВ 25х16 сосна ЭЛЕКОР IEK (4шт/компл) ,2026-08-01,0.06748938543366097,14.0,0.0,0.0,,0.0,0,LOW,Прогноз 0 шт.; остаток 14; в пути 0; страховой запас 0; MOQ не указан.
IEK,130301648_,"Разделитель для CTS большой 2,5/4мм2 серый IEK",2026-08-01,0.043587813016980476,273.0,0.0,1.0206207261596576,100.0,0.0,0,LOW,Прогноз 0 шт.; остаток 273; в пути 0; страховой запас 1; MOQ 100.0.
IEK,130400069_,Изолятор ступенчатый ИС4-20 (М6) силовой с болтом IEK,2026-08-01,0.0,12.0,0.0,1.632993161855452,2.0,0.0,0,LOW,Прогноз 0 шт.; остаток 12; в пути 0; страховой запас 2; MOQ 2.0.
IEK,081100704_,Лампа филаментная LED A60 шар прозр.  7Вт 230В 4000К E27 серия 360° IEK,2026-08-01,13.78465082388826,67.0,0.0,12.06406509708343,10.0,0.0,0,LOW,Прогноз 14 шт.; остаток 67; в пути 0; страховой запас 12; MOQ 10.0.
IEK,250200044_,ЩРВ  18 (275x450x120) IP30 TITAN 3 IEK      ,2026-08-01,0.36481708924821377,7.0,2.0,0.20412414523193076,1.0,0.0,0,LOW,Прогноз 0 шт.; остаток 7; в пути 2; страховой запас 0; MOQ 1.0.
IEK,030201473_,Блок розетка + выключатель горизонтальный о/у белый IP55 TORS IEK (1/40),2026-08-01,0.03996129629044076,39.0,0.0,0.0,1.0,0.0,0,LOW,Прогноз 0 шт.; остаток 39; в пути 0; страховой запас 0; MOQ 1.0.
IEK,081100718_,Лампа филаментная LED CT35 свеча вит. 5Вт 230В 4000К E27 серия 360° IEK,2026-08-01,0.0742859249249291,4.0,0.0,1.224744871391589,10.0,0.0,0,LOW,Прогноз 0 шт.; остаток 4; в пути 0; страховой запас 1; MOQ 10.0.
IEK,010300053_, УЗО АВДТ 32  25А IEK  (6/60),2026-08-01,885.2259436384796,1192.0,0.0,245.73942839248784,1.0,0.0,0,LOW,Прогноз 885 шт.; остаток 1192; в пути 0; страховой запас 246; MOQ 1.0.
IEK,250600289_,ЩРН  24 (1х24мод) 460х310х140 IP54 TITAN 5 IEK,2026-08-01,1.72407638093631,21.0,0.0,1.3693063937629175,1.0,0.0,0,LOW,Прогноз 2 шт.; остаток 21; в пути 0; страховой запас 1; MOQ 1.0.
IEK,030200943_,"Выкл. жалюзи 10А ""BRITE"" черный (1/100)",2026-08-01,0.4662065284737457,37.0,0.0,0.2041241452319315,1.0,0.0,0,LOW,Прогноз 0 шт.; остаток 37; в пути 0; страховой запас 0; MOQ 1.0.
IEK,280200041_,Внутренний угол КМВ 40х25 Белый ЭЛЕКОР IEK (4),2026-08-01,147.8646273005909,495.0,0.0,42.77820706855307,1.0,0.0,0,LOW,Прогноз 148 шт.; остаток 495; в пути 0; страховой запас 43; MOQ 1.0.
IEK,030200563_,"Выкл 2-кл. прох. 10А б/рамки ""BRITE"" маренго (1/100)",2026-08-01,0.039690140478078714,95.0,0.0,0.0,,0.0,0,LOW,Прогноз 0 шт.; остаток 95; в пути 0; страховой запас 0; MOQ не указан.
IEK,030200492_,"Роз. 2-я с з/к без з/ш 16А в сборе ""BRITE"" черный (1/100)",2026-08-01,485.25363558194766,1693.0,0.0,64.35888956986958,1.0,0.0,0,LOW,Прогноз 485 шт.; остаток 1693; в пути 0; страховой запас 64; MOQ 1.0.
IEK,030200477_,"Выкл 1-кл. прох. 10А б/рамки ""BRITE"" графит (1/100)",2026-08-01,26.312329393926415,81.0,0.0,8.23205118221861,1.0,0.0,0,LOW,Прогноз 26 шт.; остаток 81; в пути 0; страховой запас 8; MOQ 1.0.
IEK,010300057_, УЗО ВД1 63 (2ф) 63А 30мА IEK  (1/48),2026-08-01,91.97105017758896,276.0,144.0,25.13447168067526,1.0,0.0,0,LOW,Прогноз 92 шт.; остаток 276; в пути 144; страховой запас 25; MOQ 1.0.
IEK,250600005_,ЩРВ-П  6 IEK (20) MKP12-V-04-06-41,2026-08-01,3.5345636770850724,44.0,0.0,2.562550812504344,20.0,0.0,0,LOW,Прогноз 4 шт.; остаток 44; в пути 0; страховой запас 3; MOQ 20.0.
IEK,030200476_,"Роз. комп. RJ45 кат.5E б/рамки ""BRITE"" графит (1/100)",2026-08-01,15.864864567763089,89.0,0.0,4.789745991873257,1.0,0.0,0,LOW,Прогноз 16 шт.; остаток 89; в пути 0; страховой запас 5; MOQ 1.0.
IEK,280200040_,Внутренний угол КМВ 40х16 Белый ЭЛЕКОР IEK (4),2026-08-01,4.655900736700929,237.0,0.0,5.517396729134712,1.0,0.0,0,LOW,Прогноз 5 шт.; остаток 237; в пути 0; страховой запас 6; MOQ 1.0.
IEK,250600275_,ЩРН  36 (1х36мод) 585х310х140 IP54 TITAN 5 IEK,2026-08-01,2.1296948816019703,19.0,0.0,1.1254628677422756,1.0,0.0,0,LOW,Прогноз 2 шт.; остаток 19; в пути 0; страховой запас 1; MOQ 1.0.
IEK,250200042_, ЩМП- 5 IP 54 (1000х650х300) IEK,2026-08-01,2.5761943632338067,14.0,0.0,1.6733200530681507,1.0,0.0,0,LOW,Прогноз 3 шт.; остаток 14; в пути 0; страховой запас 2; MOQ 1.0.
IEK,030201467_, Переключатель 1-кл. о/у графит IP55 TORS IEK (1/60),2026-08-01,1.2649944558450188,40.0,0.0,2.1775368347439423,1.0,0.0,0,LOW,Прогноз 1 шт.; остаток 40; в пути 0; страховой запас 2; MOQ 1.0.
IEK,030200939_,"Роз. HDMI б/рамки ""BRITE"" сталь (1/100)",2026-08-01,0.0,11.0,0.0,0.6055300708194985,1.0,0.0,0,LOW,Прогноз 0 шт.; остаток 11; в пути 0; страховой запас 1; MOQ 1.0.
IEK,270300001_, Ящик  ЯТП(укп) 220/12 IEK (1),2026-08-01,3.5045671707833894,24.0,4.0,2.3593784492248475,1.0,0.0,0,LOW,Прогноз 4 шт.; остаток 24; в пути 4; страховой запас 2; MOQ 1.0.
IEK,ярп6058, BA 47-60M (1ф) 16А 6кА С IEK !!!,2026-08-01,9.439599208837875e-08,3.0,0.0,0.0,,0.0,0,LOW,Прогноз 0 шт.; остаток 3; в пути 0; страховой запас 0; MOQ не указан.
IEK,030200493_,"Роз. 2-я с з/к/ш 16А в сборе ""BRITE"" черный (1/100)",2026-08-01,107.91894010653927,442.0,0.0,57.5112307872703,1.0,0.0,0,LOW,Прогноз 108 шт.; остаток 442; в пути 0; страховой запас 58; MOQ 1.0.
IEK,030200478_,"Роз. 2-я с з/к без з/ш 16А в сборе ""BRITE"" графит (1/100)",2026-08-01,68.17498057944057,360.0,0.0,19.81771093407794,1.0,0.0,0,LOW,Прогноз 68 шт.; остаток 360; в пути 0; страховой запас 20; MOQ 1.0.
IEK,280200055_,Поворот 90° КМП 40х16 Белый ЭЛЕКОР IEK (4),2026-08-01,4.624161692962295,146.0,0.0,3.016620625799647,1.0,0.0,0,LOW,Прогноз 5 шт.; остаток 146; в пути 0; страховой запас 3; MOQ 1.0.
IEK,030200557_,"Роз. 2-я с з/к 16А в сб. ""BRITE"" маренго (1/100)",2026-08-01,6.543489981357569,42.0,0.0,4.64399253516483,,0.0,0,LOW,Прогноз 7 шт.; остаток 42; в пути 0; страховой запас 5; MOQ не указан.
IEK,ярп5962,Распред. блок на DIN-рейку РБД-400А IEK !!!,2026-08-01,7.045062724706014e-07,1.0,0.0,0.0,,0.0,0,LOW,Прогноз 0 шт.; остаток 1; в пути 0; страховой запас 0; MOQ не указан.
IEK,ярп5549,Изолятор ступенчатый ИС4-50 (М10) силовой IEK !!!,2026-08-01,0.0,22.0,0.0,1.224744871391589,,0.0,0,LOW,Прогноз 0 шт.; остаток 22; в пути 0; страховой запас 1; MOQ не указан.
IEK,010300052_, УЗО ВД1-63 (4ф) 16А 30мА IEK  (1/24),2026-08-01,3.72945463418313,22.0,0.0,2.786873995477129,1.0,0.0,0,LOW,Прогноз 4 шт.; остаток 22; в пути 0; страховой запас 3; MOQ 1.0.
IEK,030200480_,"Рамка 1-мест. ""BRITE"" графит (1/100)",2026-08-01,356.86092643961956,1663.0,0.0,65.36589324716554,1.0,0.0,0,LOW,Прогноз 357 шт.; остаток 1663; в пути 0; страховой запас 65; MOQ 1.0.
IEK,280200053_,Поворот 90° КМП 16х16 Белый ЭЛЕКОР IEK (4),2026-08-01,20.087955327160685,68.0,0.0,8.858611629369465,1.0,0.0,0,LOW,Прогноз 20 шт.; остаток 68; в пути 0; страховой запас 9; MOQ 1.0.
IEK,250600276_,ЩРН  48 (2х24мод) 460х570х140 IP54 TITAN 5 IEK,2026-08-01,1.1540050277165038e-05,3.0,0.0,0.20412414523193145,1.0,0.0,0,LOW,Прогноз 0 шт.; остаток 3; в пути 0; страховой запас 0; MOQ 1.0.
IEK,010300019_, УЗО ВД1-63 (4ф) 25А 30мА IEK  (1/24),2026-08-01,9.608583233217649,36.0,0.0,4.445971959725642,1.0,0.0,0,LOW,Прогноз 10 шт.; остаток 36; в пути 0; страховой запас 4; MOQ 1.0.
IEK,030201468_, Выключатель кнопочный о/у графит IP55 TORS IEK (1/60),2026-08-01,1.502170800400399,53.0,0.0,0.7745966692414834,1.0,0.0,0,LOW,Прогноз 2 шт.; остаток 53; в пути 0; страховой запас 1; MOQ 1.0.
IEK,250200051_, ЩМП- 6 IP 54 (1200х750х300) IEK,2026-08-01,0.027680998957609792,3.0,0.0,0.27386127875258304,1.0,0.0,0,LOW,Прогноз 0 шт.; остаток 3; в пути 0; страховой запас 0; MOQ 1.0.
IEK,130301739_,Вилка закорачивающая для CTS-DT 6мм2 2PIN IEK,2026-08-01,7.585856909821793e-06,20.0,0.0,0.0,25.0,0.0,0,LOW,Прогноз 0 шт.; остаток 20; в пути 0; страховой запас 0; MOQ 25.0.
IEK,081100715_,Лампа филаментная LED CT35 свеча вит. 5Вт 230В 3000К E14 серия 360° IEK,2026-08-01,4.672151765173287e-07,3.0,0.0,0.0,,0.0,0,LOW,Прогноз 0 шт.; остаток 3; в пути 0; страховой запас 0; MOQ не указан.
IEK,250600287_,ЩРВ-П 36 IP41 KREPTA 3 черный IEK E-PRO,2026-08-01,0.07128833193424577,6.0,0.0,0.6123724356957946,,0.0,0,LOW,Прогноз 0 шт.; остаток 6; в пути 0; страховой запас 1; MOQ не указан.
IEK,081100706_,Лампа филаментная LED A60 шар золото  9Вт 230В 2700К E27 серия 360° IEK,2026-08-01,2.9001524084335997,24.0,0.0,1.3291601358251266,10.0,0.0,0,LOW,Прогноз 3 шт.; остаток 24; в пути 0; страховой запас 1; MOQ 10.0.
IEK,280200043_,Заглушка КМЗ 100х40 Белый ЭЛЕКОР IEK (2),2026-08-01,15.49606201890509,70.0,0.0,11.439696965683424,54.0,0.0,0,LOW,Прогноз 15 шт.; остаток 70; в пути 0; страховой запас 11; MOQ 54.0.
IEK,030201472_, Розетка 2-я  о/у з/к с крышкой горизонтальная белый IP55 TORS IEK (1/40),2026-08-01,0.7078298125661846,108.0,0.0,1.4972196454317137,1.0,0.0,0,LOW,Прогноз 1 шт.; остаток 108; в пути 0; страховой запас 1; MOQ 1.0.
IEK,030200562_,"Рамка 4-мест. ""BRITE"" маренго (1/100)",2026-08-01,0.5394852783823851,45.0,0.0,0.2738612787525808,,0.0,0,LOW,Прогноз 1 шт.; остаток 45; в пути 0; страховой запас 0; MOQ не указан.
IEK,030200491_,"Выкл 1-кл. прох. 10А б/рамки ""BRITE"" черный (1/100)",2026-08-01,86.82351210632417,220.0,0.0,18.569912941817133,1.0,0.0,0,LOW,Прогноз 87 шт.; остаток 220; в пути 0; страховой запас 19; MOQ 1.0.
IEK,250200047_,ЩРВ  48 (630x320x120) IP30 TITAN 3 IEK   ,2026-08-01,0.08011628163250864,3.0,3.0,0.41833001326703845,1.0,0.0,0,LOW,Прогноз 0 шт.; остаток 3; в пути 3; страховой запас 0; MOQ 1.0.
IEK,130301734_,"Перемычка гребенчатая для CP 1,5мм2 3PIN IEK",2026-08-01,0.0,44.0,0.0,0.0,50.0,0.0,0,LOW,Прогноз 0 шт.; остаток 44; в пути 0; страховой запас 0; MOQ 50.0.
IEK,130301674_,Блок зажимов БЗН ТВ-1004 10 мм2 100А 4 пары IEK,2026-08-01,9.136901284788622e-05,18.0,0.0,0.25819888974716115,10.0,0.0,0,LOW,Прогноз 0 шт.; остаток 18; в пути 0; страховой запас 0; MOQ 10.0.
IEK,280100401_,Кабель-канал 12х12 ольха ЭЛЕКОР IEK (120),2026-08-01,0.0,48.0,0.0,13.080519867344725,120.0,0.0,0,LOW,Прогноз 0 шт.; остаток 48; в пути 0; страховой запас 13; MOQ 120.0.
IEK,030200479_,"Роз. 2-я с з/к/ш 16А в сборе ""BRITE"" графит (1/100)",2026-08-01,46.32862432070148,201.0,0.0,24.5874290373489,1.0,0.0,0,LOW,Прогноз 46 шт.; остаток 201; в пути 0; страховой запас 25; MOQ 1.0.
IEK,260100140_, Наконечник медно-луженный JG -  95  IEK (50),2026-08-01,905.4872971490578,2109.0,1950.0,243.7228788330441,50.0,0.0,0,LOW,Прогноз 905 шт.; остаток 2109; в пути 1950; страховой запас 244; MOQ 50.0.
IEK,030200960_,"Термостат с инд. ""BRITE"" алюминий (1/80)",2026-08-01,8.250094297549418e-06,2.0,0.0,0.20412414523193145,1.0,0.0,0,LOW,Прогноз 0 шт.; остаток 2; в пути 0; страховой запас 0; MOQ 1.0.
IEK,081100705_,Лампа филаментная LED A60 шар прозр.  7Вт 230В 6500К E27 серия 360° IEK,2026-08-01,0.014556281425652998,15.0,0.0,1.2006942436218582,10.0,0.0,0,LOW,Прогноз 0 шт.; остаток 15; в пути 0; страховой запас 1; MOQ 10.0.
IEK,250600003_,ЩРВ-П 24 IEK (10) MKP12-V-04-24-41,2026-08-01,16.901929043788645,60.0,10.0,6.817257513105988,10.0,0.0,0,LOW,Прогноз 17 шт.; остаток 60; в пути 10; страховой запас 7; MOQ 10.0.
IEK,250200050_, ЩМП- 6 IP 31 (1200х750х300) IEK,2026-08-01,0.031047672893671812,6.0,0.0,0.0,1.0,0.0,0,LOW,Прогноз 0 шт.; остаток 6; в пути 0; страховой запас 0; MOQ 1.0.
IEK,081100716_,Лампа филаментная LED CT35 свеча вит. 5Вт 230В 3000К E27 серия 360° IEK,2026-08-01,0.0,0.0,0.0,0.0,,0.0,0,LOW,Прогноз 0 шт.; остаток 0; в пути 0; страховой запас 0; MOQ не указан.
IEK,130301649_,Разделитель для CTS малый 6/10мм2 серый IEK,2026-08-01,0.051858464706939895,132.0,0.0,0.0,50.0,0.0,0,LOW,Прогноз 0 шт.; остаток 132; в пути 0; страховой запас 0; MOQ 50.0.
IEK,081100720_,Лампа филаментная LED CT35 свеча вит. 7Вт 230В 3000К E27 серия 360° IEK,2026-08-01,0.017891427365760316,53.0,0.0,0.5163977794943223,10.0,0.0,0,LOW,Прогноз 0 шт.; остаток 53; в пути 0; страховой запас 1; MOQ 10.0.
IEK,250200020_,ЩРН   9 (325x280x135) IP31 TITAN 3 IEK   ,2026-08-01,0.8310991048923848,7.0,0.0,0.5845225972249986,1.0,0.0,0,LOW,Прогноз 1 шт.; остаток 7; в пути 0; страховой запас 1; MOQ 1.0.
IEK,250600012_,ЩРН-П 36 IEK (5) MKP12-N-04-36-41,2026-08-01,4.638991702124509,19.0,0.0,0.7359800721939904,5.0,0.0,0,LOW,Прогноз 5 шт.; остаток 19; в пути 0; страховой запас 1; MOQ 5.0.
IEK,081100768_,"Светильник аварийный ДПА 5030-1, NI-CD, пост.,1ч,IP20, IEK",2026-08-01,1.4652408195159357,18.0,3.0,0.9831920802501706,1.0,0.0,0,LOW,Прогноз 1 шт.; остаток 18; в пути 3; страховой запас 1; MOQ 1.0.
IEK,030200450_,"Выкл 2-кл. 10А в сборе ""BRITE"" белый (1/100)",2026-08-01,319.4589889525861,905.0,0.0,103.56431174234991,1.0,0.0,0,LOW,Прогноз 319 шт.; остаток 905; в пути 0; страховой запас 104; MOQ 1.0.
IEK,ярп40257,Выключатель 1кл о/у 10А IP54 AQUATIC ВС-20-1-0-А IEK,2026-08-01,34.198412682078285,156.0,100.0,18.285695684514366,10.0,0.0,0,LOW,Прогноз 34 шт.; остаток 156; в пути 100; страховой запас 18; MOQ 10.0.
IEK,010300123_, УЗО АД 12  (2ф) 20А IEK (5/40),2026-08-01,8.317059305654134,50.0,10.0,8.669871202426638,1.0,0.0,0,LOW,Прогноз 8 шт.; остаток 50; в пути 10; страховой запас 9; MOQ 1.0.
IEK,280200167_,Внутренний изменяемый угол 100х40  ПРАЙМЕР (108),2026-08-01,18.75029714932126,79.0,0.0,8.274458693272136,12.0,0.0,0,LOW,Прогноз 19 шт.; остаток 79; в пути 0; страховой запас 8; MOQ 12.0.
IEK,010300010_, УЗО АД 14  (4ф) 32А IEK (3/24),2026-08-01,12.887211054410049,75.0,0.0,9.152413160837236,1.0,0.0,0,LOW,Прогноз 13 шт.; остаток 75; в пути 0; страховой запас 9; MOQ 1.0.
IEK,030200926_,"Роз. с з/к с з/ш с кр. 16А IP20 б/рамки ""BRITE"" черный (1/100)черный ",2026-08-01,33.779371753957854,150.0,0.0,12.5326240934078,1.0,0.0,0,LOW,Прогноз 34 шт.; остаток 150; в пути 0; страховой запас 13; MOQ 1.0.
IEK,030200510_,"Рамка 3-мест. ""BRITE"" сталь (1/100)",2026-08-01,28.60319927269433,216.0,0.0,6.501922792528336,1.0,0.0,0,LOW,Прогноз 29 шт.; остаток 216; в пути 0; страховой запас 7; MOQ 1.0.
IEK,270300025_," Трансформатор тока ТТИ-40  400/5А  5ВА  класс 0,5  IEK",2026-08-01,8.40563115827809,128.0,0.0,4.033195589934438,1.0,0.0,0,LOW,Прогноз 8 шт.; остаток 128; в пути 0; страховой запас 4; MOQ 1.0.
IEK,250200006_, ЩМП- 3 IP 31 (650х500х220) IEK,2026-08-01,5.3490248207182445,23.0,10.0,2.0412414523193148,1.0,0.0,0,LOW,Прогноз 5 шт.; остаток 23; в пути 10; страховой запас 2; MOQ 1.0.
IEK,081100767_,Светильник LED переносной ДРО 2061 IP54 шнур 10м черный IEK,2026-08-01,0.8240941779916345,13.0,0.0,1.5083103128998354,1.0,0.0,0,LOW,Прогноз 1 шт.; остаток 13; в пути 0; страховой запас 2; MOQ 1.0.
IEK,130301634_,"Колодка клеммная CP 1,5мм2 серая IEK",2026-08-01,3.754008552847667,100.0,0.0,10.206207261596575,100.0,0.0,0,LOW,Прогноз 4 шт.; остаток 100; в пути 0; страховой запас 10; MOQ 100.0.
IEK,280100372_,Угол Т-образный КМТ 40х25 дуб ЭЛЕКОР IEK (4шт/компл) ,2026-08-01,0.0,49.0,0.0,0.0,,0.0,0,LOW,Прогноз 0 шт.; остаток 49; в пути 0; страховой запас 0; MOQ не указан.
IEK,030201481_, Розетка 2-я  о/у з/к с крышкой горизонтальная серо-белый IP55 TORS IEK (1/40),2026-08-01,0.42266516984618063,91.0,80.0,5.240865068542279,1.0,0.0,0,LOW,Прогноз 0 шт.; остаток 91; в пути 80; страховой запас 5; MOQ 1.0.
IEK,250600041_,ЩУРн-П 3/8 IP55 (365х225х120) IEK,2026-08-01,2.9418336419492905,16.0,0.0,0.9703951085339784,1.0,0.0,0,LOW,Прогноз 3 шт.; остаток 16; в пути 0; страховой запас 1; MOQ 1.0.
IEK,030200745_,"Роз. TV проходная б/рамки ""BRITE"" черный (1/100)",2026-08-01,0.23201635711289456,16.0,0.0,0.4082482904638724,1.0,0.0,0,LOW,Прогноз 0 шт.; остаток 16; в пути 0; страховой запас 0; MOQ 1.0.
IEK,280100446_,Поворот 90град КМП 60х40 черный ЭЛЕКОР IEK (4шт/компл) ,2026-08-01,1.537027521999344e-06,2.0,0.0,0.408248290463863,,0.0,0,LOW,Прогноз 0 шт.; остаток 2; в пути 0; страховой запас 0; MOQ не указан.
IEK,130301633_,Колодка клеммная CTS-F с предохранителем 4мм2 серая IEK,2026-08-01,0.15288272861159316,258.0,0.0,1.020620726159658,100.0,0.0,0,LOW,Прогноз 0 шт.; остаток 258; в пути 0; страховой запас 1; MOQ 100.0.
IEK,030200511_,"Рамка 4-мест. ""BRITE"" сталь (1/100)",2026-08-01,9.177530488951296,115.0,0.0,2.774887385102281,1.0,0.0,0,LOW,Прогноз 9 шт.; остаток 115; в пути 0; страховой запас 3; MOQ 1.0.
IEK,250200004_, ЩМП- 2 IP 54 (500х400х220) IEK,2026-08-01,3.389603187241079,17.0,0.0,1.4719601443879817,1.0,0.0,0,LOW,Прогноз 3 шт.; остаток 17; в пути 0; страховой запас 1; MOQ 1.0.
IEK,030200449_,"Выкл 1-кл. с инд. 10А б/рамки ""BRITE"" белый (1/100)",2026-08-01,50.62488580870013,156.0,0.0,10.01332445627658,1.0,0.0,0,LOW,Прогноз 51 шт.; остаток 156; в пути 0; страховой запас 10; MOQ 1.0.
IEK,280200252_,Разъём RJ-45 UTP для кабеля кат.5Е ITK ,2026-08-01,1198.626401504408,5081.0,3000.0,280.4330579657114,20.0,0.0,0,LOW,Прогноз 1199 шт.; остаток 5081; в пути 3000; страховой запас 280; MOQ 20.0.
IEK,250600183_,ЩРВ-П 12 модулей встр. пластик IP41 GENERICA (10),2026-08-01,4.312038845777843,93.0,0.0,1.3934369977389507,,0.0,0,LOW,Прогноз 4 шт.; остаток 93; в пути 0; страховой запас 1; MOQ не указан.
IEK,030201247_,"Выкл 2-кл перекр 10А б/рамки ""BRITE"" жемчуг (1/100)",2026-08-01,0.02245689597643577,185.0,0.0,0.6055300708194983,1.0,0.0,0,LOW,Прогноз 0 шт.; остаток 185; в пути 0; страховой запас 1; MOQ 1.0.
IEK,250600316_,ЩМПп 400х300х170мм серый. IP66 TETRA IEK,2026-08-01,0.0,8.0,0.0,0.2041241452319315,1.0,0.0,0,LOW,Прогноз 0 шт.; остаток 8; в пути 0; страховой запас 0; MOQ 1.0.
IEK,081100277_," LED A60 ""ECO"" 11w 230v 3000K E27 IEK(1)",2026-08-01,1.2825998386848592,29.0,0.0,4.046603514059662,10.0,0.0,0,LOW,Прогноз 1 шт.; остаток 29; в пути 0; страховой запас 4; MOQ 10.0.
IEK,280100409_,Кабель-канал 15х10 черный ЭЛЕКОР IEK (144м),2026-08-01,3.4001853931227415,142.0,0.0,4.722287581247037,144.0,0.0,0,LOW,Прогноз 3 шт.; остаток 142; в пути 0; страховой запас 5; MOQ 144.0.
IEK,280100364_,Соединитель на стык КМС 40х25 дуб ЭЛЕКОР IEK (4шт/компл),2026-08-01,0.0,53.0,0.0,0.0,,0.0,0,LOW,Прогноз 0 шт.; остаток 53; в пути 0; страховой запас 0; MOQ не указан.
IEK,081100278_," LED A60 ""ECO"" 11w 230v 4000K E27 IEK(1)",2026-08-01,0.40507910165180083,23.0,0.0,2.0412414523193116,10.0,0.0,0,LOW,Прогноз 0 шт.; остаток 23; в пути 0; страховой запас 2; MOQ 10.0.
IEK,030200744_,"Выкл 3-кл. 10А  б/рамки ""BRITE"" чёрный (1/100)",2026-08-01,38.638863755095585,127.0,0.0,13.51542328847554,1.0,0.0,0,LOW,Прогноз 39 шт.; остаток 127; в пути 0; страховой запас 14; MOQ 1.0.
IEK,250200008_, ЩМП- 4 IP 31 (800х650х250) IEK,2026-08-01,1.8824249139614804,7.0,0.0,1.1690451944500138,1.0,0.0,0,LOW,Прогноз 2 шт.; остаток 7; в пути 0; страховой запас 1; MOQ 1.0.
IEK,251400145_,ЩРН 36 (540х330х120) IP54 TITAN 3 IEK,2026-08-01,0.9406508161147726,5.0,3.0,1.0839741694339404,1.0,0.0,0,LOW,Прогноз 1 шт.; остаток 5; в пути 3; страховой запас 1; MOQ 1.0.
IEK,030200965_,"Датчик движения ""BRITE"" алюминий (1/80)",2026-08-01,0.00013660059111846552,9.0,0.0,0.2041241452319315,1.0,0.0,0,LOW,Прогноз 0 шт.; остаток 9; в пути 0; страховой запас 0; MOQ 1.0.
IEK,250600034_,Бокс КМПн-12 IP55 !!!,2026-08-01,7.875271701763355e-05,7.0,0.0,0.2041241452319315,,0.0,0,LOW,Прогноз 0 шт.; остаток 7; в пути 0; страховой запас 0; MOQ не указан.
IEK,081100761_,Светильник-ночник 018 квадрат датчик осв. 220В IEK,2026-08-01,2.3202401186456956,3.0,0.0,0.25819888974728555,1.0,0.0,0,LOW,Прогноз 2 шт.; остаток 3; в пути 0; страховой запас 0; MOQ 1.0.
IEK,130301635_,"Колодка клеммная CP 2,5мм2 серая IEK",2026-08-01,21.040901942073084,239.0,0.0,35.343551981467094,100.0,0.0,0,LOW,Прогноз 21 шт.; остаток 239; в пути 0; страховой запас 35; MOQ 100.0.
IEK,030200508_,"Рамка 1-мест. ""BRITE"" сталь (1/100)",2026-08-01,290.0714028956585,1427.0,0.0,65.24166613445725,1.0,0.0,0,LOW,Прогноз 290 шт.; остаток 1427; в пути 0; страховой запас 65; MOQ 1.0.
IEK,030200453_,"Роз. комп. RJ45 кат.5E б/рамки ""BRITE"" белый (1/100)",2026-08-01,205.34387629399114,484.0,0.0,80.88536126312763,1.0,0.0,0,LOW,Прогноз 205 шт.; остаток 484; в пути 0; страховой запас 81; MOQ 1.0.
IEK,280200108_,Внешний угол КМН 40х25 Белый ЭЛЕКОР IEK (4),2026-08-01,49.44884913989963,130.0,10.0,24.637369989509832,1.0,0.0,0,LOW,Прогноз 49 шт.; остаток 130; в пути 10; страховой запас 25; MOQ 1.0.
IEK,280100373_,Кабель-канал 12х12 сосна ЭЛЕКОР IEK (120),2026-08-01,0.40192464017071383,120.0,0.0,7.348469228349534,120.0,0.0,0,LOW,Прогноз 0 шт.; остаток 120; в пути 0; страховой запас 7; MOQ 120.0.
IEK,030200743_,"Выкл 3-кл. 10А 10А б/рамки ""BRITE"" графит (1/100)",2026-08-01,6.033125984828278,41.0,0.0,3.9549546984341903,1.0,0.0,0,LOW,Прогноз 6 шт.; остаток 41; в пути 0; страховой запас 4; MOQ 1.0.
IEK,010300011_, УЗО АД 14  (4ф) 40А IEK (3/24),2026-08-01,14.558923793814749,118.0,24.0,5.180894388681026,1.0,0.0,0,LOW,Прогноз 15 шт.; остаток 118; в пути 24; страховой запас 5; MOQ 1.0.
IEK,280100450_,Соединитель на стык КМС 20х10 черный ЭЛЕКОР IEK (4шт/компл),2026-08-01,0.0,6.0,0.0,2.041241452319315,,0.0,0,LOW,Прогноз 0 шт.; остаток 6; в пути 0; страховой запас 2; MOQ не указан.
IEK,250600039_,ЩУРн-П 3/10 IP55 (345х270х105) IEK,2026-08-01,0.0,0.0,0.0,0.0,,0.0,0,LOW,Прогноз 0 шт.; остаток 0; в пути 0; страховой запас 0; MOQ не указан.
IEK,280100408_,Кабель-канал 12х12 черный ЭЛЕКОР IEK (120м),2026-08-01,0.04004862368321536,2.0,0.0,0.0,120.0,0.0,0,LOW,Прогноз 0 шт.; остаток 2; в пути 0; страховой запас 0; MOQ 120.0.
IEK,010300122_, УЗО АД 14  (4ф) 32А (300мА) IEK (24) !!!,2026-08-01,0.009478141151681274,6.0,0.0,0.2041241452319307,,0.0,0,LOW,Прогноз 0 шт.; остаток 6; в пути 0; страховой запас 0; MOQ не указан.
IEK,130301717_,Заглушка для CP-MC 3 вывода 4мм2 серая IEK,2026-08-01,0.0,47.0,0.0,0.408248290463863,50.0,0.0,0,LOW,Прогноз 0 шт.; остаток 47; в пути 0; страховой запас 0; MOQ 50.0.
IEK,030200451_,"Выкл 2-кл. с инд. 10А б/рамки ""BRITE"" белый (1/100)",2026-08-01,38.50717859050812,113.0,0.0,15.402651286926764,1.0,0.0,0,LOW,Прогноз 39 шт.; остаток 113; в пути 0; страховой запас 15; MOQ 1.0.
IEK,280200166_,Внешний изменяемый угол 100х40  ПРАЙМЕР (108),2026-08-01,11.095063442027216,55.0,0.0,3.8654452093732665,12.0,0.0,0,LOW,Прогноз 11 шт.; остаток 55; в пути 0; страховой запас 4; MOQ 12.0.
IEK,130301686_,Колодка клеммная CTS-MC-PEN земля 4 вывода 4мм2 IEK,2026-08-01,7.775104474460949e-06,45.0,0.0,0.0,50.0,0.0,0,LOW,Прогноз 0 шт.; остаток 45; в пути 0; страховой запас 0; MOQ 50.0.
IEK,250200007_, ЩМП- 3 IP 54 (650х500х220) IEK,2026-08-01,6.668507621413384,24.0,0.0,3.231356784180089,1.0,0.0,0,LOW,Прогноз 7 шт.; остаток 24; в пути 0; страховой запас 3; MOQ 1.0.
IEK,030200955_,"Подсветка LED встр. ""BRITE"" алюминий (1/100)",2026-08-01,0.005678645766879185,3.0,0.0,0.816496580927726,1.0,0.0,0,LOW,Прогноз 0 шт.; остаток 3; в пути 0; страховой запас 1; MOQ 1.0.
IEK,030200509_,"Рамка 2-мест. ""BRITE"" сталь (1/100)",2026-08-01,55.2058301488223,118.0,0.0,17.601136326953366,1.0,0.0,0,LOW,Прогноз 55 шт.; остаток 118; в пути 0; страховой запас 18; MOQ 1.0.
IEK,010300021_, УЗО ВД1-63 (4ф) 63А 30мА IEK  (1/24),2026-08-01,14.147633315013252,42.0,0.0,5.076908508137604,1.0,0.0,0,LOW,Прогноз 14 шт.; остаток 42; в пути 0; страховой запас 5; MOQ 1.0.
IEK,250600315_,ЩМПп 350х250х150мм серый. IP66 TETRA IEK,2026-08-01,1.5797209827053527,10.0,0.0,1.7224014243685084,1.0,0.0,0,LOW,Прогноз 2 шт.; остаток 10; в пути 0; страховой запас 2; MOQ 1.0.
IEK,030200452_,"Выкл 3-кл. 10А б/рамки ""BRITE"" белый (1/100)",2026-08-01,42.596096410529185,203.0,0.0,13.017936344392941,1.0,0.0,0,LOW,Прогноз 43 шт.; остаток 203; в пути 0; страховой запас 13; MOQ 1.0.
IEK,280200109_,Внутренний угол КМВ 100х40 Белый ЭЛЕКОР IEK (2),2026-08-01,2.6630130463498016,2.0,16.0,4.535048695071163,8.0,0.0,0,LOW,Прогноз 3 шт.; остаток 2; в пути 16; страховой запас 5; MOQ 8.0.
IEK,ярп40260,Выключатель 2кл. о/у 10А IP54 AQUATIC ВС-20-2-0-А IEK,2026-08-01,4.5872263971069565,47.0,0.0,1.0684880283216307,10.0,0.0,0,LOW,Прогноз 5 шт.; остаток 47; в пути 0; страховой запас 1; MOQ 10.0.
IEK,081100766_,Светильник LED переносной ДРО 2060 IP44 шнур 10м черный IEK,2026-08-01,0.01879045348821701,7.0,4.0,0.816496580927726,1.0,0.0,0,LOW,Прогноз 0 шт.; остаток 7; в пути 4; страховой запас 1; MOQ 1.0.
IEK,030200543_,"Роз TV оконечная  б/рамки ""BRITE"" чёрный (1/100)",2026-08-01,9.820611032731495,40.0,0.0,3.011090610836318,1.0,0.0,0,LOW,Прогноз 10 шт.; остаток 40; в пути 0; страховой запас 3; MOQ 1.0.
IEK,280300003_,Кронштейн настенный осн.100мм. IEK (4),2026-08-01,27.873972828296775,176.0,0.0,7.291547618075748,4.0,0.0,0,LOW,Прогноз 28 шт.; остаток 176; в пути 0; страховой запас 7; MOQ 4.0.
IEK,030200448_,"Выкл 1-кл. 10А в сборе ""BRITE"" белый (1/100)",2026-08-01,832.955067462971,2222.0,0.0,115.07244095206592,1.0,0.0,0,LOW,Прогноз 833 шт.; остаток 2222; в пути 0; страховой запас 115; MOQ 1.0.
IEK,260100165_, Наконечник медно-луженный JG -  16  IEK (200),2026-08-01,3735.105048602587,3755.0,6600.0,519.939363451803,200.0,0.0,0,LOW,Прогноз 3735 шт.; остаток 3755; в пути 6600; страховой запас 520; MOQ 200.0.
IEK,240300057_,"Маркер МК0-1,5мм символ ""A"" 1000шт\ролл IEK",2026-08-01,0.11173792001885813,1.0,1.0,0.2041241452319315,1.0,0.0,0,LOW,Прогноз 0 шт.; остаток 1; в пути 1; страховой запас 0; MOQ 1.0.
IEK,130301689_,Колодка клеммная CP 10мм2 серая IEK,2026-08-01,0.0,58.0,0.0,0.0,100.0,0.0,0,LOW,Прогноз 0 шт.; остаток 58; в пути 0; страховой запас 0; MOQ 100.0.
IEK,081100776_,Датчик движения ДД 030 белый 500Вт 160гр 9м IP20 IEK E-PRO,2026-08-01,0.06926357707092952,76.0,0.0,0.5163977794943225,,0.0,0,LOW,Прогноз 0 шт.; остаток 76; в пути 0; страховой запас 1; MOQ не указан.
IEK,030200542_,"Роз TV оконечная  б/рамки ""BRITE"" графит (1/100)",2026-08-01,2.9719559041308066,106.0,0.0,3.061862178478964,1.0,0.0,0,LOW,Прогноз 3 шт.; остаток 106; в пути 0; страховой запас 3; MOQ 1.0.
IEK,280100410_,Кабель-канал 20х10 черный ЭЛЕКОР IEK (96м),2026-08-01,6.2495099351545935,138.0,0.0,2.509980079602213,96.0,0.0,0,LOW,Прогноз 6 шт.; остаток 138; в пути 0; страховой запас 3; MOQ 96.0.
IEK,030200954_,"Подсветка LED встр. ""BRITE"" сталь (1/100)",2026-08-01,1.029051584688684e-06,1.0,0.0,0.0,1.0,0.0,0,LOW,Прогноз 0 шт.; остаток 1; в пути 0; страховой запас 0; MOQ 1.0.
IEK,250600318_,ЩМПп 500х400х180мм серый. IP66 TETRA IEK,2026-08-01,0.0,7.0,0.0,0.2041241452319315,1.0,0.0,0,LOW,Прогноз 0 шт.; остаток 7; в пути 0; страховой запас 0; MOQ 1.0.
IEK,030200925_,"Роз. с з/к с з/ш с кр. 16А IP20 б/рамки ""BRITE"" графит (1/100)",2026-08-01,6.988716759397072,27.0,0.0,2.396177511510097,1.0,0.0,0,LOW,Прогноз 7 шт.; остаток 27; в пути 0; страховой запас 2; MOQ 1.0.
IEK,030200445_,"Рамка 3-мест. ""BRITE"" шампань (1/100)",2026-08-01,32.59554977613578,169.0,0.0,9.93185111983998,1.0,0.0,0,LOW,Прогноз 33 шт.; остаток 169; в пути 0; страховой запас 10; MOQ 1.0.
IEK,280300007_,Крышка на лоток осн. 200мм. IEK (6),2026-08-01,73.62000916983418,344.0,0.0,16.7441532084088,6.0,0.0,0,LOW,Прогноз 74 шт.; остаток 344; в пути 0; страховой запас 17; MOQ 6.0.
IEK,130301632_,"Колодка клеммная CTS-ML 3 ур. 2,5мм2 серая IEK",2026-08-01,0.0,10.0,0.0,8.16496580927726,50.0,0.0,0,LOW,Прогноз 0 шт.; остаток 10; в пути 0; страховой запас 8; MOQ 50.0.
IEK,080800139_,"Светодиодная лента ""Неон"" LED 10м LSR5-2835W120-8-IP65-220В-6500K+драйвер IEK",2026-08-01,0.0,1.0,0.0,0.408248290463863,1.0,0.0,0,LOW,Прогноз 0 шт.; остаток 1; в пути 0; страховой запас 0; MOQ 1.0.
IEK,250200001_, ЩМП- 1 IP 31 (395х310х220) IEK,2026-08-01,0.7104659749669817,2.0,0.0,0.8010409893798598,1.0,0.0,0,LOW,Прогноз 1 шт.; остаток 2; в пути 0; страховой запас 1; MOQ 1.0.
IEK,030201245_,"Выкл 2-кл перекр 10А б/рамки ""BRITE"" графит (1/100)",2026-08-01,0.0,253.0,0.0,0.41833001326703795,1.0,0.0,0,LOW,Прогноз 0 шт.; остаток 253; в пути 0; страховой запас 0; MOQ 1.0.
IEK,030200444_,"Рамка 2-мест. ""BRITE"" шампань (1/100)",2026-08-01,86.50969468224288,339.0,0.0,19.933430880474788,1.0,0.0,0,LOW,Прогноз 87 шт.; остаток 339; в пути 0; страховой запас 20; MOQ 1.0.
IEK,080800138_,"Светодиодная лента ""Неон"" LED 5м LSR5-2835W120-8-IP65-220В-6500K+драйвер IEK",2026-08-01,0.0,1.0,0.0,0.408248290463863,1.0,0.0,0,LOW,Прогноз 0 шт.; остаток 1; в пути 0; страховой запас 0; MOQ 1.0.
IEK,130301631_,Колодка клеммная CTS-ML 2 ур. 4мм2 серая IEK,2026-08-01,0.06131715199046528,156.0,0.0,4.08248290463863,100.0,0.0,0,LOW,Прогноз 0 шт.; остаток 156; в пути 0; страховой запас 4; MOQ 100.0.
IEK,250600056_,ЩМП-4 IP65 GARANT (800х650х250) IEK,2026-08-01,0.0,0.0,0.0,0.0,,0.0,0,LOW,Прогноз 0 шт.; остаток 0; в пути 0; страховой запас 0; MOQ не указан.
IEK,240300055_,"Маркер МК0-1,5мм символ ""9"" 1000шт\ролл IEK",2026-08-01,1.8850047019964236,5.0,5.0,0.5845225972250062,1.0,0.0,0,LOW,Прогноз 2 шт.; остаток 5; в пути 5; страховой запас 1; MOQ 1.0.
IEK,081100777_,Датчик движения ДД 031 белый 500Вт 190гр 9м IP20 IEK E-PRO,2026-08-01,0.0,67.0,0.0,0.664580067912563,,0.0,0,LOW,Прогноз 0 шт.; остаток 67; в пути 0; страховой запас 1; MOQ не указан.
IEK,280300009_,Крышка на лоток осн. 400мм. IEK (6),2026-08-01,7.990119655071865,63.0,0.0,4.390330283703034,6.0,0.0,0,LOW,Прогноз 8 шт.; остаток 63; в пути 0; страховой запас 4; MOQ 6.0.
IEK,010300008_, УЗО АД 14  (4ф) 16А IEK (3/24),2026-08-01,13.636063769200888,47.0,0.0,5.15186050535791,1.0,0.0,0,LOW,Прогноз 14 шт.; остаток 47; в пути 0; страховой запас 5; MOQ 1.0.
IEK,010300127_, УЗО АД 12  (2ф) 50А 300мА IEK (4/32) !!!,2026-08-01,0.0,0.0,0.0,0.0,,0.0,0,LOW,Прогноз 0 шт.; остаток 0; в пути 0; страховой запас 0; MOQ не указан.
IEK,030200747_,"Роз. TV проходная б/рамки ""BRITE"" графит (1/100)",2026-08-01,0.0,1.0,0.0,0.25819888974716115,1.0,0.0,0,LOW,Прогноз 0 шт.; остаток 1; в пути 0; страховой запас 0; MOQ 1.0.
IEK,030200514_,"Выкл 1-кл. 10А б/рамки ""BRITE"" белый (1/100)",2026-08-01,387.67415997954197,1625.0,0.0,47.51701449656382,1.0,0.0,0,LOW,Прогноз 388 шт.; остаток 1625; в пути 0; страховой запас 48; MOQ 1.0.
IEK,270200059_,Предохранитель ППНИ-37  (400А) габарит 2 IEK (1/24) !!!,2026-08-01,0.0,12.0,0.0,0.0,,0.0,0,LOW,Прогноз 0 шт.; остаток 12; в пути 0; страховой запас 0; MOQ не указан.
IEK,251400144_,ЩРН 24  (410х330х120) IP54 TITAN 3 IEK,2026-08-01,5.263050719286103,32.0,5.0,3.0930028559098797,1.0,0.0,0,LOW,Прогноз 5 шт.; остаток 32; в пути 5; страховой запас 3; MOQ 1.0.
IEK,030200966_,"Роз. с з/к с з/ш 16А USB A+A 2,1А б/рамки ""BRITE"" белый (1/80)",2026-08-01,0.141993932493342,2.0,0.0,0.2041241452319315,1.0,0.0,0,LOW,Прогноз 0 шт.; остаток 2; в пути 0; страховой запас 0; MOQ 1.0.
IEK,030200447_,"Выкл 2-кл. прох. 10А б/рамки ""BRITE"" шампань (1/100)",2026-08-01,9.592424580662929,51.0,0.0,7.861297602813418,1.0,0.0,0,LOW,Прогноз 10 шт.; остаток 51; в пути 0; страховой запас 8; MOQ 1.0.
IEK,030200512_,"Выкл 2-кл. прох. 10А б/рамки ""BRITE"" сталь (1/100)",2026-08-01,4.396217866614449,33.0,0.0,3.8783587594066966,1.0,0.0,0,LOW,Прогноз 4 шт.; остаток 33; в пути 0; страховой запас 4; MOQ 1.0.
IEK,280300004_,Кронштейн настенный осн.200мм. IEK (4),2026-08-01,13.037583738018759,201.0,0.0,5.879342366852802,4.0,0.0,0,LOW,Прогноз 13 шт.; остаток 201; в пути 0; страховой запас 6; MOQ 4.0.
IEK,250200003_, ЩМП- 2 IP 31 (500х400х220) IEK,2026-08-01,2.686541397985174,15.0,0.0,0.836660026534078,1.0,0.0,0,LOW,Прогноз 3 шт.; остаток 15; в пути 0; страховой запас 1; MOQ 1.0.
IEK,080800141_,"Светодиодная лента ""Неон"" LED 10м LSR5-5050RGB60-8-IP65-220В+драйвер IEK",2026-08-01,1.6551732353490956e-07,0.0,1.0,0.0,1.0,0.0,0,LOW,Прогноз 0 шт.; остаток 0; в пути 1; страховой запас 0; MOQ 1.0.
IEK,130301716_,"Заглушка для CP-MC 4 вывода 2,5мм2 серая IEK",2026-08-01,0.003064662154061302,40.0,0.0,0.816496580927726,50.0,0.0,0,LOW,Прогноз 0 шт.; остаток 40; в пути 0; страховой запас 1; MOQ 50.0.
IEK,130301688_,Колодка клеммная CTS-MC 4 вывода 4мм2 серая IEK,2026-08-01,0.010622550639198423,33.0,0.0,2.041241452319315,50.0,0.0,0,LOW,Прогноз 0 шт.; остаток 33; в пути 0; страховой запас 2; MOQ 50.0.
IEK,010300124_, УЗО АД 14  (4ф) 10А IEK (3/24),2026-08-01,0.2181843641898004,7.0,3.0,0.8010409893798611,3.0,0.0,0,LOW,Прогноз 0 шт.; остаток 7; в пути 3; страховой запас 1; MOQ 3.0.
IEK,081100771_,"Датчик движения ДД 018В белый, макс. нагрузка 1100Вт, угол обзора 270град., дальность 12м, IP44, IEK",2026-08-01,0.15209053514018325,57.0,0.0,1.0,1.0,0.0,0,LOW,Прогноз 0 шт.; остаток 57; в пути 0; страховой запас 1; MOQ 1.0.
IEK,250600317_,ЩМПп 400х300х220мм серый. IP66 TETRA IEK,2026-08-01,0.0,9.0,0.0,0.0,1.0,0.0,0,LOW,Прогноз 0 шт.; остаток 9; в пути 0; страховой запас 0; MOQ 1.0.
IEK,010300009_, УЗО АД 14  (4ф) 25А IEK (3/24),2026-08-01,14.62447078533867,30.0,24.0,5.1518605053579,1.0,0.0,0,LOW,Прогноз 15 шт.; остаток 30; в пути 24; страховой запас 5; MOQ 1.0.
IEK,030201246_,"Выкл 2-кл перекр 10А б/рамки ""BRITE"" алюминий (1/100)",2026-08-01,5.144166758306625e-08,196.0,0.0,0.0,1.0,0.0,0,LOW,Прогноз 0 шт.; остаток 196; в пути 0; страховой запас 0; MOQ 1.0.
IEK,030200513_,"Роз TV оконечная  б/рамки ""BRITE"" жемчуг (1/100)",2026-08-01,0.1313372618133584,7.0,0.0,2.041241452319316,1.0,0.0,0,LOW,Прогноз 0 шт.; остаток 7; в пути 0; страховой запас 2; MOQ 1.0.
IEK,030200746_,"Роз. TV проходная б/рамки ""BRITE"" алюминий (1/100)",2026-08-01,0.00016211319721286255,5.0,0.0,0.0,1.0,0.0,0,LOW,Прогноз 0 шт.; остаток 5; в пути 0; страховой запас 0; MOQ 1.0.
IEK,250600182_,ЩРВ-П  8 модулей встр. пластик IP41 GENERICA (20),2026-08-01,1.513567675751681,27.0,0.0,1.568342791310954e-07,,0.0,0,LOW,Прогноз 2 шт.; остаток 27; в пути 0; страховой запас 0; MOQ не указан.
IEK,030201482_,Блок розетка + выключатель горизонтальный о/у серо-белый IP55 TORS IEK (1/40),2026-08-01,0.0,33.0,0.0,1.224744871391589,1.0,0.0,0,LOW,Прогноз 0 шт.; остаток 33; в пути 0; страховой запас 1; MOQ 1.0.
IEK,030200446_,"Рамка 4-мест. ""BRITE"" шампань (1/100)",2026-08-01,12.985030957262286,60.0,0.0,3.2249030993194236,1.0,0.0,0,LOW,Прогноз 13 шт.; остаток 60; в пути 0; страховой запас 3; MOQ 1.0.
IEK,280300005_,Крышка на лоток осн. 100мм. IEK (6),2026-08-01,152.75154808509043,738.0,0.0,43.17725095463951,6.0,0.0,0,LOW,Прогноз 153 шт.; остаток 738; в пути 0; страховой запас 43; MOQ 6.0.
IEK,030200947_,"Роз. с з/к с з/ш 16А с USB A+C 18Вт б/рамки ""BRITE"" черный (1/80)",2026-08-01,1.8868897482859643,28.0,0.0,1.0327955589886624,1.0,0.0,0,LOW,Прогноз 2 шт.; остаток 28; в пути 0; страховой запас 1; MOQ 1.0.
IEK,250200002_, ЩМП- 1 IP 54 (395х310х220) IEK,2026-08-01,1.6710491161935377,9.0,0.0,0.5477225575051705,1.0,0.0,0,LOW,Прогноз 2 шт.; остаток 9; в пути 0; страховой запас 1; MOQ 1.0.
IEK,яярп4610,"ЩРВ-2х36зк-1 36 IP31 ""UNIVERSAL"" !!!",2026-08-01,4.2110848006572037e-07,1.0,0.0,0.0,,0.0,0,LOW,Прогноз 0 шт.; остаток 1; в пути 0; страховой запас 0; MOQ не указан.
IEK,250200009_, ЩМП- 4 IP 54 (800х650х250) IEK,2026-08-01,1.0539047054018,8.0,0.0,0.8010409893798603,1.0,0.0,0,LOW,Прогноз 1 шт.; остаток 8; в пути 0; страховой запас 1; MOQ 1.0.
IEK,030201480_, Розетка 1-я о/у з/к c крышкой  серо-белый IP55 TORS IEK (1/60),2026-08-01,0.7789731789703122,103.0,77.0,2.6012817353502227,1.0,0.0,0,LOW,Прогноз 1 шт.; остаток 103; в пути 77; страховой запас 3; MOQ 1.0.
IEK,030200503_,"Выкл 2-кл. с инд. 10А б/рамки ""BRITE"" сталь (1/100)",2026-08-01,4.6532951686401045,19.0,0.0,2.160246899469291,1.0,0.0,0,LOW,Прогноз 5 шт.; остаток 19; в пути 0; страховой запас 2; MOQ 1.0.
IEK,ярп40277," Хомут 2,5х 80 нейлон (100шт) IEK!!!",2026-08-01,0.05441333434228744,64.0,0.0,2.091650066335189,,0.0,0,LOW,Прогноз 0 шт.; остаток 64; в пути 0; страховой запас 2; MOQ не указан.
IEK,010300096_, УЗО АВДТ 32  40А IEK  (6/60),2026-08-01,232.15760647614394,708.0,0.0,78.18786137672951,1.0,0.0,0,LOW,Прогноз 232 шт.; остаток 708; в пути 0; страховой запас 78; MOQ 1.0.
IEK,030200740_,"Выкл 3-кл. 10А б/рамки ""BRITE"" алюминий (1/100)",2026-08-01,0.8225269229665777,168.0,0.0,0.6324555320336764,1.0,0.0,0,LOW,Прогноз 1 шт.; остаток 168; в пути 0; страховой запас 1; MOQ 1.0.
IEK,030201478_, Выключатель 1-кл. о/у серо-белый IP55 TORS IEK (1/60),2026-08-01,0.9545129710073919,96.0,0.0,3.1688588903052577,1.0,0.0,0,LOW,Прогноз 1 шт.; остаток 96; в пути 0; страховой запас 3; MOQ 1.0.
IEK,030200461_,"Роз. с з/к/ш 16А б/рамки ""BRITE"" белый (1/100)",2026-08-01,971.6874864313132,2294.0,0.0,181.5180431802854,1.0,0.0,0,LOW,Прогноз 972 шт.; остаток 2294; в пути 0; страховой запас 182; MOQ 1.0.
IEK,280200081_,Заглушка КМЗ 40х25 Белый ЭЛЕКОР IEK (4) ,2026-08-01,84.72389615504311,281.0,0.0,37.724549920001216,1.0,0.0,0,LOW,Прогноз 85 шт.; остаток 281; в пути 0; страховой запас 38; MOQ 1.0.
IEK,250200017_,ЩРН  36 (540x310x120) IP31 TITAN 3 IEK   ,2026-08-01,3.7002915495675706,19.0,5.0,1.1832159566199183,1.0,0.0,0,LOW,Прогноз 4 шт.; остаток 19; в пути 5; страховой запас 1; MOQ 1.0.
IEK,130301725_,Дополнительная вводная клемма для CTS 70/120мм2 серая IEK,2026-08-01,7.577196102963918e-07,1.0,0.0,0.0,10.0,0.0,0,LOW,Прогноз 0 шт.; остаток 1; в пути 0; страховой запас 0; MOQ 10.0.
IEK,130301679_,"Блок зажимов БЗН ТВ-4512 4,5 мм2 45А 12 пар IEK",2026-08-01,0.10886306357291138,10.0,0.0,1.0327955589886444,20.0,0.0,0,LOW,Прогноз 0 шт.; остаток 10; в пути 0; страховой запас 1; MOQ 20.0.
IEK,250600014_,Пост кноп (корпус) КП-103 (3 мест.бел.) IEK (10/100),2026-08-01,9.70306414474144,65.0,0.0,12.519651219849003,10.0,0.0,0,LOW,Прогноз 10 шт.; остаток 65; в пути 0; страховой запас 13; MOQ 10.0.
IEK,030201461_, Выключатель 2-кл. о/у графит IP55 TORS IEK (1/60),2026-08-01,1.3794230019409253,37.0,0.0,2.2060522810365732,1.0,0.0,0,LOW,Прогноз 1 шт.; остаток 37; в пути 0; страховой запас 2; MOQ 1.0.
IEK,081100391_,LED Лампа T8  10w 230v 6500K G13  IEK (20),2026-08-01,1.2878219146623917,10.0,0.0,1.7266839083194644e-06,,0.0,0,LOW,Прогноз 1 шт.; остаток 10; в пути 0; страховой запас 0; MOQ не указан.
IEK,130301640_,"Колодка клеммная CP-ML 2 ур. 2,5мм2 серая IEK",2026-08-01,0.0,0.0,50.0,11.14300976696452,50.0,0.0,0,LOW,Прогноз 0 шт.; остаток 0; в пути 50; страховой запас 11; MOQ 50.0.
IEK,280100461_,Угол Т-образный КМТ 100х60 черный ЭЛЕКОР IEK (2шт/компл) ,2026-08-01,4.2110848006572037e-07,1.0,0.0,0.0,,0.0,0,LOW,Прогноз 0 шт.; остаток 1; в пути 0; страховой запас 0; MOQ не указан.
IEK,081100752_,Светильник LED настол. 2013 9Вт ночник черный IEK,2026-08-01,0.0,0.0,0.0,0.0,,0.0,0,LOW,Прогноз 0 шт.; остаток 0; в пути 0; страховой запас 0; MOQ не указан.
IEK,250200015_,ЩРН  18 (265x440x120) IP31 TITAN 3 IEK   ,2026-08-01,2.4511681337581726,25.0,0.0,0.816496580927726,1.0,0.0,0,LOW,Прогноз 2 шт.; остаток 25; в пути 0; страховой запас 1; MOQ 1.0.
IEK,130301639_,"Колодка клеммная CP-MC 4 вывода 2,5мм2 серая IEK",2026-08-01,1.1340715691141336,204.0,0.0,2.581988897471611,100.0,0.0,0,LOW,Прогноз 1 шт.; остаток 204; в пути 0; страховой запас 3; MOQ 100.0.
IEK,250600311_,ЩМПп 400х300х170мм прозр. IP66 TETRA IEK,2026-08-01,0.0,6.0,0.0,0.2738612787525831,1.0,0.0,0,LOW,Прогноз 0 шт.; остаток 6; в пути 0; страховой запас 0; MOQ 1.0.
IEK,250600015_,Пост кноп (корпус) КП-104 (4 мест.бел.) IEK (10/50),2026-08-01,2.7221294801915676,18.0,0.0,2.5625508125043397,10.0,0.0,0,LOW,Прогноз 3 шт.; остаток 18; в пути 0; страховой запас 3; MOQ 10.0.
IEK,280200082_,Поворот 90° КМП 20х10 Белый ЭЛЕКОР IEK (4),2026-08-01,3.307584030292769,83.0,0.0,5.8687022983507,1.0,0.0,0,LOW,Прогноз 3 шт.; остаток 83; в пути 0; страховой запас 6; MOQ 1.0.
IEK,010300013_, УЗО АД 14  (4ф) 63А IEK (3/24),2026-08-01,11.249875801120776,22.0,0.0,5.465040408511785,1.0,0.0,0,LOW,Прогноз 11 шт.; остаток 22; в пути 0; страховой запас 5; MOQ 1.0.
IEK,250200016_,ЩРН  24 (395x210x120) IP31 TITAN 3 IEK      ,2026-08-01,4.238108144410333,23.0,0.0,2.3112045921265083,1.0,0.0,0,LOW,Прогноз 4 шт.; остаток 23; в пути 0; страховой запас 2; MOQ 1.0.
IEK,030200933_,"Выкл 1-кл. перекр 10А б/рамки ""BRITE"" маренго (1/100)",2026-08-01,0.00033431105643488894,59.0,0.0,0.0,,0.0,0,LOW,Прогноз 0 шт.; остаток 59; в пути 0; страховой запас 0; MOQ не указан.
IEK,270300004_, Ящик  ЯТП(укп) 220/42 IEK (1),2026-08-01,0.0,1.0,0.0,0.2041241452319315,1.0,0.0,0,LOW,Прогноз 0 шт.; остаток 1; в пути 0; страховой запас 0; MOQ 1.0.
IEK,030200460_,"Роз. с з/к без з/ш 16А б/рамки ""BRITE"" белый (1/100)",2026-08-01,1853.2782767426297,4305.0,0.0,206.6611760023329,1.0,0.0,0,LOW,Прогноз 1853 шт.; остаток 4305; в пути 0; страховой запас 207; MOQ 1.0.
IEK,250600310_,ЩМПп 350х250х150мм прозр. IP66 TETRA IEK,2026-08-01,0.02233733315107239,5.0,0.0,0.408248290463863,1.0,0.0,0,LOW,Прогноз 0 шт.; остаток 5; в пути 0; страховой запас 0; MOQ 1.0.
IEK,280200031_,Внешний угол КМН 100х40 Белый ЭЛЕКОР IEK (2) ,2026-08-01,4.966642582643596,47.0,0.0,6.02010520395339,11.0,0.0,0,LOW,Прогноз 5 шт.; остаток 47; в пути 0; страховой запас 6; MOQ 11.0.
IEK,010300014_, УЗО ВД1 63 (2ф) 16А IEK  (1/48),2026-08-01,72.51404299501648,226.0,96.0,50.79706356342528,1.0,0.0,0,LOW,Прогноз 73 шт.; остаток 226; в пути 96; страховой запас 51; MOQ 1.0.
IEK,ярп6188, BA 47-60M (3ф) 50А 6кА С IEK !!!,2026-08-01,3.1835069459040173e-07,2.0,0.0,0.0,,0.0,0,LOW,Прогноз 0 шт.; остаток 2; в пути 0; страховой запас 0; MOQ не указан.
IEK,250200019_,ЩРН  54 (540x440x120)  IP31 TITAN 3 IEK   ,2026-08-01,0.809316093800996,2.0,5.0,1.0,1.0,0.0,0,LOW,Прогноз 1 шт.; остаток 2; в пути 5; страховой запас 1; MOQ 1.0.
IEK,030200501_,"Выкл 1-кл. с инд. 10А б/рамки ""BRITE"" сталь (1/100)",2026-08-01,5.582347013754062,34.0,0.0,2.375219288122003,1.0,0.0,0,LOW,Прогноз 6 шт.; остаток 34; в пути 0; страховой запас 2; MOQ 1.0.
IEK,030200963_,"Датчик движения ""BRITE"" графит (1/80)",2026-08-01,0.6018558797628797,3.0,0.0,0.6645800679125632,1.0,0.0,0,LOW,Прогноз 1 шт.; остаток 3; в пути 0; страховой запас 1; MOQ 1.0.
IEK,130301641_,"Колодка клеммная CP-PEN земля 2,5мм2 желто-зеленая IEK",2026-08-01,0.8170417030617234,71.0,0.0,4.445971959725664,100.0,0.0,0,LOW,Прогноз 1 шт.; остаток 71; в пути 0; страховой запас 4; MOQ 100.0.
IEK,030200464_,"Рамка 2-мест. ""BRITE"" белый (1/100)",2026-08-01,602.1616281594706,2445.0,0.0,66.53044415904625,1.0,0.0,0,LOW,Прогноз 602 шт.; остаток 2445; в пути 0; страховой запас 67; MOQ 1.0.
IEK,280200072_,Т-образный угол КМТ 40х25 Белый ЭЛЕКОР IEK (4),2026-08-01,27.052895058550607,224.0,0.0,10.832435860260922,1.0,0.0,0,LOW,Прогноз 27 шт.; остаток 224; в пути 0; страховой запас 11; MOQ 1.0.
IEK,030200956_,"Термостат с инд. ""BRITE"" белый (1/80)",2026-08-01,2.7593523714488493,10.0,0.0,1.26491106406735,1.0,0.0,0,LOW,Прогноз 3 шт.; остаток 10; в пути 0; страховой запас 1; MOQ 1.0.
IEK,260100157_, Наконечник медно-луженный JG - 120  IEK (30),2026-08-01,446.93853470218386,1859.0,1200.0,97.53294315255727,30.0,0.0,0,LOW,Прогноз 447 шт.; остаток 1859; в пути 1200; страховой запас 98; MOQ 30.0.
IEK,030201462_, Розетка 1-я о/у з/к c крышкой графит IP55 TORS IEK (1/60),2026-08-01,13.222310195088866,65.0,0.0,15.065412927187449,1.0,0.0,0,LOW,Прогноз 13 шт.; остаток 65; в пути 0; страховой запас 15; MOQ 1.0.
IEK,250600309_,ЩМПп 300х200х130мм прозр. IP66 TETRA IEK,2026-08-01,0.0,7.0,0.0,0.25819888974716115,1.0,0.0,0,LOW,Прогноз 0 шт.; остаток 7; в пути 0; страховой запас 0; MOQ 1.0.
IEK,251400147_,ЩРН 54 (540х440х120) IP54 TITAN 3 IEK,2026-08-01,0.32448690984898354,4.0,0.0,0.8010409893798611,1.0,0.0,0,LOW,Прогноз 0 шт.; остаток 4; в пути 0; страховой запас 1; MOQ 1.0.
IEK,280100405_,Кабель-канал 25х16 ольха ЭЛЕКОР IEK (50),2026-08-01,23.466508422565834,166.0,0.0,23.630488780387047,50.0,0.0,0,LOW,Прогноз 23 шт.; остаток 166; в пути 0; страховой запас 24; MOQ 50.0.
IEK,280200073_,Т-образный угол КМТ 60х40 Белый ЭЛЕКОР IEK (4),2026-08-01,15.890749697492002,67.0,0.0,10.570793095443062,1.0,0.0,0,LOW,Прогноз 16 шт.; остаток 67; в пути 0; страховой запас 11; MOQ 1.0.
IEK,030200462_,"Роз. TV оконечная б/рамки ""BRITE"" белый (1/100)",2026-08-01,19.049484107402012,149.0,0.0,9.437513796899415,1.0,0.0,0,LOW,Прогноз 19 шт.; остаток 149; в пути 0; страховой запас 9; MOQ 1.0.
IEK,030200502_,"Выкл 2-кл. 10А б/рамки ""BRITE"" сталь (1/100)",2026-08-01,48.52083355861083,168.0,0.0,8.049844718999239,1.0,0.0,0,LOW,Прогноз 49 шт.; остаток 168; в пути 0; страховой запас 8; MOQ 1.0.
IEK,280200080_,Заглушка КМЗ 25х16 Белый ЭЛЕКОР IEK (4),2026-08-01,42.89843641654696,252.0,0.0,31.103054512378677,1.0,0.0,0,LOW,Прогноз 43 шт.; остаток 252; в пути 0; страховой запас 31; MOQ 1.0.
IEK,030200945_,"Выкл. жалюзи 10А ""BRITE"" сталь (1/100)",2026-08-01,0.2000855378662738,9.0,0.0,1.129158979063622,1.0,0.0,0,LOW,Прогноз 0 шт.; остаток 9; в пути 0; страховой запас 1; MOQ 1.0.
IEK,250200018_,ЩРН  48 (620x310x120) IP31 TITAN 3 IEK   ,2026-08-01,2.582575907879213,18.0,7.0,0.8803408430829505,1.0,0.0,0,LOW,Прогноз 3 шт.; остаток 18; в пути 7; страховой запас 1; MOQ 1.0.
IEK,081100750_,Светильник накладной под лампу GX53 белый IEK,2026-08-01,5.573484231862757,23.0,0.0,3.6832956257496696,10.0,0.0,0,LOW,Прогноз 6 шт.; остаток 23; в пути 0; страховой запас 4; MOQ 10.0.
IEK,280100377_,Кабель-канал 25х16 сосна ЭЛЕКОР IEK (50),2026-08-01,10.174671034874514,300.0,0.0,22.616365755797283,50.0,0.0,0,LOW,Прогноз 10 шт.; остаток 300; в пути 0; страховой запас 23; MOQ 50.0.
IEK,030200739_,"Выкл 3-кл. 10А  б/рамки ""BRITE"" жемчуг (1/100)",2026-08-01,0.9350742937781276,7.0,0.0,1.3291601358251237,1.0,0.0,0,LOW,Прогноз 1 шт.; остаток 7; в пути 0; страховой запас 1; MOQ 1.0.
IEK,010300095_, УЗО АВДТ 32  20А IEK  (6/60),2026-08-01,87.46976140825073,427.0,360.0,65.87032715874425,1.0,0.0,0,LOW,Прогноз 87 шт.; остаток 427; в пути 360; страховой запас 66; MOQ 1.0.
IEK,030200463_,"Рамка 1-мест. ""BRITE"" белый (1/100)",2026-08-01,1870.7052530769215,5639.0,0.0,41.03951347989907,1.0,0.0,0,LOW,Прогноз 1871 шт.; остаток 5639; в пути 0; страховой запас 41; MOQ 1.0.
IEK,030201460_, Выключатель 1-кл. о/у графит IP55 TORS IEK (1/60),2026-08-01,0.9168392641976828,86.0,0.0,4.363675820528682,1.0,0.0,0,LOW,Прогноз 1 шт.; остаток 86; в пути 0; страховой запас 4; MOQ 1.0.
IEK,030200443_,"Рамка 1-мест. ""BRITE"" шампань (1/100)",2026-08-01,260.01314540397493,1228.0,0.0,59.44640443290064,1.0,0.0,0,LOW,Прогноз 260 шт.; остаток 1228; в пути 0; страховой запас 59; MOQ 1.0.
IEK,030200504_,"Роз. комп. RJ45 кат.5E б/рамки ""BRITE"" сталь (1/100)",2026-08-01,7.516743511246444,57.0,0.0,2.359378449224892,1.0,0.0,0,LOW,Прогноз 8 шт.; остаток 57; в пути 0; страховой запас 2; MOQ 1.0.
IEK,280100406_,Кабель-канал 40х16 ольха ЭЛЕКОР IEK (30),2026-08-01,8.46430544348025,256.0,0.0,15.237016330852532,30.0,0.0,0,LOW,Прогноз 8 шт.; остаток 256; в пути 0; страховой запас 15; MOQ 30.0.
IEK,130301636_,Колодка клеммная CP 4мм2 серая IEK,2026-08-01,1.9963643624149143,106.0,0.0,11.916375287812984,100.0,0.0,0,LOW,Прогноз 2 шт.; остаток 106; в пути 0; страховой запас 12; MOQ 100.0.
IEK,280200087_,Внешний угол КМН 25х16 Белый ЭЛЕКОР IEK (4),2026-08-01,66.77602691504735,179.0,5.0,17.56037205376536,1.0,0.0,0,LOW,Прогноз 67 шт.; остаток 179; в пути 5; страховой запас 18; MOQ 1.0.
IEK,280100374_,Кабель-канал 15х10 сосна ЭЛЕКОР IEK (144),2026-08-01,0.20464132548136607,94.0,0.0,4.020779360604938,144.0,0.0,0,LOW,Прогноз 0 шт.; остаток 94; в пути 0; страховой запас 4; MOQ 144.0.
IEK,030200931_,"Роз. 1-мест. с/з з/ш 16А IP44 б/рамки ""BRITE"" маренго (1/100)",2026-08-01,0.12757121097325808,115.0,0.0,1.632993161855452,,0.0,0,LOW,Прогноз 0 шт.; остаток 115; в пути 0; страховой запас 2; MOQ не указан.
IEK,030200455_,"Выкл 1-кл. прох. с инд. 10А ""BRITE"" белый (1/100)",2026-08-01,1.5210981669765669,51.0,0.0,4.476792006187764,1.0,0.0,0,LOW,Прогноз 2 шт.; остаток 51; в пути 0; страховой запас 4; MOQ 1.0.
IEK,030200742_,"Роз. TV проходная б/рамки ""BRITE"" сталь (1/100)",2026-08-01,0.04994841297715368,18.0,0.0,0.2041241452319315,1.0,0.0,0,LOW,Прогноз 0 шт.; остаток 18; в пути 0; страховой запас 0; MOQ 1.0.
IEK,250200011_,ЩРВ  24 (405x320x120) IP30 TITAN 3 IEK   ,2026-08-01,0.620338246406064,19.0,0.0,0.2041241452319229,1.0,0.0,0,LOW,Прогноз 1 шт.; остаток 19; в пути 0; страховой запас 0; MOQ 1.0.
IEK,260100158_, Наконечник медно-луженный JG -  35  IEK (100),2026-08-01,1759.476610943576,8416.0,5100.0,205.6432995909838,100.0,0.0,0,LOW,Прогноз 1759 шт.; остаток 8416; в пути 5100; страховой запас 206; MOQ 100.0.
IEK,081100758_,Светильник-ночник 005 овал 220В IEK,2026-08-01,0.05435059473692737,3.0,0.0,1.3291601358251257,1.0,0.0,0,LOW,Прогноз 0 шт.; остаток 3; в пути 0; страховой запас 1; MOQ 1.0.
IEK,030200456_,"Выкл 1-кл перекр 10А б/рамки ""BRITE"" белый (1/100)",2026-08-01,17.09681548747189,75.0,0.0,5.295438288439086,1.0,0.0,0,LOW,Прогноз 17 шт.; остаток 75; в пути 0; страховой запас 5; MOQ 1.0.
IEK,280100407_,Кабель-канал 40х25 ольха ЭЛЕКОР IEK (18),2026-08-01,3.879944221320321,30.0,0.0,5.319774431308165,18.0,0.0,0,LOW,Прогноз 4 шт.; остаток 30; в пути 0; страховой запас 5; MOQ 18.0.
IEK,280200086_,Внутренний угол КМВ 25х16 Белый ЭЛЕКОР IEK (4),2026-08-01,105.70360592917153,441.0,0.0,28.807406455053734,1.0,0.0,0,LOW,Прогноз 106 шт.; остаток 441; в пути 0; страховой запас 29; MOQ 1.0.
IEK,030200507_,"Роз. 2-я с з/к/ш 16А в сборе ""BRITE"" сталь (1/100)",2026-08-01,45.294377298950316,212.0,0.0,20.7277993686418,1.0,0.0,0,LOW,Прогноз 45 шт.; остаток 212; в пути 0; страховой запас 21; MOQ 1.0.
IEK,081100759_,Светильник-ночник 002 овал розетка 220В IEK,2026-08-01,0.6521776791677885,67.0,0.0,0.9174239296348592,1.0,0.0,0,LOW,Прогноз 1 шт.; остаток 67; в пути 0; страховой запас 1; MOQ 1.0.
IEK,081100760_,Светильник-ночник 001 круг USB датчик осв. 220В IEK,2026-08-01,6.023382942961993e-07,1.0,0.0,0.0,1.0,0.0,0,LOW,Прогноз 0 шт.; остаток 1; в пути 0; страховой запас 0; MOQ 1.0.
IEK,030200454_,"Выкл 1-кл. прох. 10А б/рамки ""BRITE"" белый (1/100)",2026-08-01,84.3798322196783,358.0,0.0,17.85123711866122,1.0,0.0,0,LOW,Прогноз 84 шт.; остаток 358; в пути 0; страховой запас 18; MOQ 1.0.
IEK,280200088_,Внешний угол КМН 40х16 Белый ЭЛЕКОР IEK (4),2026-08-01,5.596904346087279,435.0,0.0,1.751190071541648,1.0,0.0,0,LOW,Прогноз 6 шт.; остаток 435; в пути 0; страховой запас 2; MOQ 1.0.
IEK,270200063_,Предохранитель ППНИ-35  (250А) габарит 1 IEK (3/48),2026-08-01,0.0,11.0,0.0,0.6123724356957945,,0.0,0,LOW,Прогноз 0 шт.; остаток 11; в пути 0; страховой запас 1; MOQ не указан.
IEK,030200946_,"Выкл. жалюзи 10А ""BRITE"" алюминий (1/100)",2026-08-01,6.035424320757868e-05,2.0,0.0,0.25819888974716104,1.0,0.0,0,LOW,Прогноз 0 шт.; остаток 2; в пути 0; страховой запас 0; MOQ 1.0.
IEK,010300121_, УЗО АВДТ 32  32А IEK  (6/60),2026-08-01,165.05649106559224,362.0,0.0,33.67108056874128,1.0,0.0,0,LOW,Прогноз 165 шт.; остаток 362; в пути 0; страховой запас 34; MOQ 1.0.
IEK,030201250_,"Выкл 2-кл перекр 10А б/рамки ""BRITE"" сталь (1/100)",2026-08-01,0.7674875723028265,183.0,0.0,1.632993161855452,1.0,0.0,0,LOW,Прогноз 1 шт.; остаток 183; в пути 0; страховой запас 2; MOQ 1.0.
IEK,250600314_,ЩМПп 300х200х130мм серый. IP66 TETRA IEK,2026-08-01,0.0,6.0,0.0,0.4183300132670378,1.0,0.0,0,LOW,Прогноз 0 шт.; остаток 6; в пути 0; страховой запас 0; MOQ 1.0.
IEK,130301719_,"Заглушка для CP-ML 2 ур. 1,5мм2 серая IEK",2026-08-01,0.0,50.0,0.0,0.0,50.0,0.0,0,LOW,Прогноз 0 шт.; остаток 50; в пути 0; страховой запас 0; MOQ 50.0.
IEK,250200010_,ЩРВ  12 (275x320x120) IP30 TITAN 3 IEK      ,2026-08-01,0.26166644469607797,5.0,4.0,0.0,1.0,0.0,0,LOW,Прогноз 0 шт.; остаток 5; в пути 4; страховой запас 0; MOQ 1.0.
IEK,250600030_,Пост кноп (корпус) КП-101 (1 мест.бел.) IEK (10/100),2026-08-01,53.72581025318051,433.0,0.0,19.886343722933752,10.0,0.0,0,LOW,Прогноз 54 шт.; остаток 433; в пути 0; страховой запас 20; MOQ 10.0.
IEK,280100454_,Соединитель на стык КМС 100х60 черный ЭЛЕКОР IEK (2шт/компл),2026-08-01,4.2110848006572037e-07,1.0,0.0,0.0,,0.0,0,LOW,Прогноз 0 шт.; остаток 1; в пути 0; страховой запас 0; MOQ не указан.
IEK,010300108_, УЗО АД 14  (4ф) 50А (300мА) IEK (24) !!!,2026-08-01,0.0,3.0,0.0,0.2041241452319315,,0.0,0,LOW,Прогноз 0 шт.; остаток 3; в пути 0; страховой запас 0; MOQ не указан.
IEK,130301721_,Заглушка для CP-ML 2 ур. 4мм2 серая IEK,2026-08-01,0.0004460412322288921,44.0,0.0,0.816496580927726,50.0,0.0,0,LOW,Прогноз 0 шт.; остаток 44; в пути 0; страховой запас 1; MOQ 50.0.
IEK,030200964_,"Датчик движения ""BRITE"" сталь (1/80)",2026-08-01,5.9117356711675135e-05,2.0,0.0,0.20412414523193134,1.0,0.0,0,LOW,Прогноз 0 шт.; остаток 2; в пути 0; страховой запас 0; MOQ 1.0.
IEK,030200458_,"Роз. 2-я с з/к/ш 16А в сборе ""BRITE"" белый (1/100)",2026-08-01,1193.0966182278175,2071.0,0.0,431.8611659627046,1.0,0.0,0,LOW,Прогноз 1193 шт.; остаток 2071; в пути 0; страховой запас 432; MOQ 1.0.
IEK,280200084_,Т-образный угол КМТ 25х16 Белый ЭЛЕКОР IEK (4) ,2026-08-01,34.034302238352794,85.0,15.0,7.243387789333563,1.0,0.0,0,LOW,Прогноз 34 шт.; остаток 85; в пути 15; страховой запас 7; MOQ 1.0.
IEK,130301681_,"Блок зажимов БЗН TK-010 1,5 мм2 10А на DIN-рейку 10 пар IEK",2026-08-01,6.408138818343962e-06,1.0,0.0,0.408248290463863,1.0,0.0,0,LOW,Прогноз 0 шт.; остаток 1; в пути 0; страховой запас 0; MOQ 1.0.
IEK,251400146_,ЩРН 48 (670х330х120) IP54 TITAN 3 IEK,2026-08-01,0.8423865391796049,24.0,0.0,1.1254628677422722,1.0,0.0,0,LOW,Прогноз 1 шт.; остаток 24; в пути 0; страховой запас 1; MOQ 1.0.
IEK,030200741_,"Выкл 3-кл. 10А  б/рамки ""BRITE"" сталь (1/100)",2026-08-01,1.7557507593868142,38.0,0.0,0.4183300132670378,1.0,0.0,0,LOW,Прогноз 2 шт.; остаток 38; в пути 0; страховой запас 0; MOQ 1.0.
IEK,010300103_, УЗО ВД1-63 (4ф) 40А  300мА  IEK  (24) !!!,2026-08-01,3.0144738176329427e-06,4.0,0.0,0.25819888974716115,,0.0,0,LOW,Прогноз 0 шт.; остаток 4; в пути 0; страховой запас 0; MOQ не указан.
IEK,030200552_,"Выкл 1-кл. с инд. 10А б/рамки ""BRITE"" маренго (1/100)",2026-08-01,0.009672516516944877,4.0,0.0,0.4082482904638632,,0.0,0,LOW,Прогноз 0 шт.; остаток 4; в пути 0; страховой запас 0; MOQ не указан.
IEK,250600020_,ЩРВ-П  4 IEK (20) MKP12-V-04-04-41,2026-08-01,0.21354409104911007,9.0,0.0,2.6536138880151094,20.0,0.0,0,LOW,Прогноз 0 шт.; остаток 9; в пути 0; страховой запас 3; MOQ 20.0.
IEK,030200505_,"Выкл 1-кл. прох. 10А б/рамки ""BRITE"" сталь (1/100)",2026-08-01,11.894200957312856,111.0,0.0,6.061490465773833,1.0,0.0,0,LOW,Прогноз 12 шт.; остаток 111; в пути 0; страховой запас 6; MOQ 1.0.
IEK,280100375_,Кабель-канал 16х16 сосна ЭЛЕКОР IEK (84),2026-08-01,9.746214702269093,110.0,0.0,8.831760866327839,84.0,0.0,0,LOW,Прогноз 10 шт.; остаток 110; в пути 0; страховой запас 9; MOQ 84.0.
IEK,280100455_,Угол Т-образный КМТ 15х10 черный ЭЛЕКОР IEK (4шт/компл) ,2026-08-01,0.0,28.0,0.0,0.0,,0.0,0,LOW,Прогноз 0 шт.; остаток 28; в пути 0; страховой запас 0; MOQ не указан.
IEK,030200506_,"Роз. 2-я с з/к без з/ш 16А в сборе ""BRITE"" сталь (1/100)",2026-08-01,54.50919817970535,423.0,0.0,12.671490309614768,1.0,0.0,0,LOW,Прогноз 55 шт.; остаток 423; в пути 0; страховой запас 13; MOQ 1.0.
IEK,030201252_,"Выкл 2-кл перекр 10А б/рамки ""BRITE"" шампань (1/100)",2026-08-01,0.0,146.0,0.0,1.9407902170679516,1.0,0.0,0,LOW,Прогноз 0 шт.; остаток 146; в пути 0; страховой запас 2; MOQ 1.0.
IEK,250600021_,ЩРН-П  4 IEK (20) MKP12-N-04-04-41,2026-08-01,11.329667461993296,85.0,0.0,4.2031734043061215,20.0,0.0,0,LOW,Прогноз 11 шт.; остаток 85; в пути 0; страховой запас 4; MOQ 20.0.
IEK,250200012_,ЩРВ  36 (550x320x120) IP30 TITAN 3 IEK   ,2026-08-01,0.0512690039732554,2.0,3.0,0.491596040125087,1.0,0.0,0,LOW,Прогноз 0 шт.; остаток 2; в пути 3; страховой запас 0; MOQ 1.0.
IEK,010300012_, УЗО АД 14  (4ф) 50А IEK (3/24),2026-08-01,6.246765167527481,34.0,0.0,8.109665015687558,3.0,0.0,0,LOW,Прогноз 6 шт.; остаток 34; в пути 0; страховой запас 8; MOQ 3.0.
IEK,250600313_,ЩМПп 500х400х180мм прозр. IP66 TETRA IEK,2026-08-01,0.0,8.0,0.0,0.2041241452319315,1.0,0.0,0,LOW,Прогноз 0 шт.; остаток 8; в пути 0; страховой запас 0; MOQ 1.0.
IEK,030200457_,"Роз. 2-я без з/к/ш 10А в сборе ""BRITE"" белый (1/100)",2026-08-01,240.3106921309701,953.0,0.0,48.78524367060185,1.0,0.0,0,LOW,Прогноз 240 шт.; остаток 953; в пути 0; страховой запас 49; MOQ 1.0.
IEK,280200085_,Внутренний угол КМВ 15х10 Белый ЭЛЕКОР IEK (4),2026-08-01,10.633978921105644,73.0,5.0,10.542374811524516,1.0,0.0,0,LOW,Прогноз 11 шт.; остаток 73; в пути 5; страховой запас 11; MOQ 1.0.
IEK,130301638_,"Колодка клеммная CP-MC 3 вывода 2,5мм2 серая IEK",2026-08-01,0.16870543203804622,87.0,0.0,6.00347121810926,100.0,0.0,0,LOW,Прогноз 0 шт.; остаток 87; в пути 0; страховой запас 6; MOQ 100.0.
IEK,130500008_, Сальник PG 11 (7-9мм) IEK (20),2026-08-01,0.00010227532827658971,1.0,0.0,0.0,,0.0,0,LOW,Прогноз 0 шт.; остаток 1; в пути 0; страховой запас 0; MOQ не указан.
IEK,030201479_, Выключатель 2-кл. о/у серо-белый IP55 TORS IEK (1/60),2026-08-01,1.5266456300980824,44.0,0.0,2.162174831043965,1.0,0.0,0,LOW,Прогноз 2 шт.; остаток 44; в пути 0; страховой запас 2; MOQ 1.0.
IEK,250200014_,ЩРН  12 (265x310x120) IP31 TITAN 3 IEK   ,2026-08-01,5.238960257928317,31.0,0.0,1.8819316317726944,1.0,0.0,0,LOW,Прогноз 5 шт.; остаток 31; в пути 0; страховой запас 2; MOQ 1.0.
IEK,280100459_,Угол Т-образный КМТ 40х25 черный ЭЛЕКОР IEK (4шт/компл) ,2026-08-01,0.0024147321185666714,147.0,0.0,1.4053469322555194,,0.0,0,LOW,Прогноз 0 шт.; остаток 147; в пути 0; страховой запас 1; MOQ не указан.
IEK,010500123_,ВА47-29 (2ф)  1А IEK (6/72) E-PRO,2026-08-01,4.75104613000511e-07,4.0,0.0,0.0,,0.0,0,LOW,Прогноз 0 шт.; остаток 4; в пути 0; страховой запас 0; MOQ не указан.
IEK,270400043_,Рубильник  трехпозиционный ВРТ-63 4п 63А IEK,2026-08-01,0.6481658301102171,16.0,0.0,1.4288690166235205,3.0,0.0,0,LOW,Прогноз 1 шт.; остаток 16; в пути 0; страховой запас 1; MOQ 3.0.
IEK,030200840_,"Выкл 2-кл. прох. 10А б/рамки ""BRITE"" бежевый (1/100)",2026-08-01,4.426622234030906,34.0,0.0,3.619392214170773,1.0,0.0,0,LOW,Прогноз 4 шт.; остаток 34; в пути 0; страховой запас 4; MOQ 1.0.
IEK,010700153_,ARMAT (3ф) 16А C IEK (1),2026-08-01,3.1205881564992195,23.0,0.0,4.49165893629514,1.0,0.0,0,LOW,Прогноз 3 шт.; остаток 23; в пути 0; страховой запас 4; MOQ 1.0.
IEK,нов3396,Расцепитель независимый РН-125/160 (РН-32/33) IEK !!!,2026-08-01,2.67645086587341,233.0,0.0,0.5845225972250042,,0.0,0,LOW,Прогноз 3 шт.; остаток 233; в пути 0; страховой запас 1; MOQ не указан.
IEK,010500034_,ВА47-29 (3ф) 20А IEK (4/48),2026-08-01,79.03557462129832,281.0,0.0,16.299284237863606,4.0,0.0,0,LOW,Прогноз 79 шт.; остаток 281; в пути 0; страховой запас 16; MOQ 4.0.
IEK,150101191_,Светильник уличный 5108 настенный 2хGU10 IP65 белый IEK,2026-08-01,0.11713235661739702,36.0,0.0,0.0,1.0,0.0,0,LOW,Прогноз 0 шт.; остаток 36; в пути 0; страховой запас 0; MOQ 1.0.
IEK,130200434_,Мультиметр цифровой  цифровой DM3C IEK ARMA2L 5 IEK (30) NEW,2026-08-01,0.9413289708297702,4.0,1.0,0.547722557505166,1.0,0.0,0,LOW,Прогноз 1 шт.; остаток 4; в пути 1; страховой запас 1; MOQ 1.0.
IEK,150101190_,Светильник уличный 5107 настенный GU10 IP65 серый IEK,2026-08-01,0.02709926313481581,66.0,0.0,0.40824829046386113,1.0,0.0,0,LOW,Прогноз 0 шт.; остаток 66; в пути 0; страховой запас 0; MOQ 1.0.
IEK,030201088_," Рамка 1-мест. ""BRITE""  стекло черн. матовый  IEK  (1/100)",2026-08-01,5.161082449886804e-08,14.0,0.0,0.0,1.0,0.0,0,LOW,Прогноз 0 шт.; остаток 14; в пути 0; страховой запас 0; MOQ 1.0.
IEK,251400077_,ЩРВ  48 (1х48мод) 755х365х130 IP31 TITAN 5 IEK,2026-08-01,0.0,2.0,0.0,0.2041241452319315,1.0,0.0,0,LOW,Прогноз 0 шт.; остаток 2; в пути 0; страховой запас 0; MOQ 1.0.
IEK,130300546_,"Клещи обжимн КО-01 1,5-6мм IEK (40)",2026-08-01,2.283778213271233,7.0,0.0,0.5163977794943175,1.0,0.0,0,LOW,Прогноз 2 шт.; остаток 7; в пути 0; страховой запас 1; MOQ 1.0.
IEK,130600211_,Реле интерфейсное ORM-1 2C 220В AC с LED и тест. кнопкой ONI ORM-1-2C-AC220V-L-B NEW,2026-08-01,7.704441153969691e-08,3.0,0.0,0.0,20.0,0.0,0,LOW,Прогноз 0 шт.; остаток 3; в пути 0; страховой запас 0; MOQ 20.0.
IEK,010700154_,ARMAT (3ф) 20А C IEK (1),2026-08-01,0.00017400038494227754,7.0,0.0,0.0,1.0,0.0,0,LOW,Прогноз 0 шт.; остаток 7; в пути 0; страховой запас 0; MOQ 1.0.
IEK,311101232_,Батарейка щелочная Alkaline LR06/AA (2шт/блистер) IEK,2026-08-01,0.0,0.0,0.0,0.0,,0.0,0,LOW,Прогноз 0 шт.; остаток 0; в пути 0; страховой запас 0; MOQ не указан.
IEK,150101192_,Светильник уличный 5108 настенный 2хGU10 IP65 черный IEK,2026-08-01,2.5804600927055024,28.0,0.0,7.04568425822976,1.0,0.0,0,LOW,Прогноз 3 шт.; остаток 28; в пути 0; страховой запас 7; MOQ 1.0.
IEK,130200433_,Мультиметр цифровой  цифровой DM3B IEK ARMA2L 5 IEK (30) NEW,2026-08-01,0.03905427442176706,3.0,0.0,0.0,1.0,0.0,0,LOW,Прогноз 0 шт.; остаток 3; в пути 0; страховой запас 0; MOQ 1.0.
IEK,010700155_,ARMAT (3ф) 25А C IEK (1),2026-08-01,6.166706984970231,26.0,11.0,4.964037335341734,1.0,0.0,0,LOW,Прогноз 6 шт.; остаток 26; в пути 11; страховой запас 5; MOQ 1.0.
IEK,270300263_,Обогреватель на DIN-рейку 45Вт IP20 IEK (50) NEW,2026-08-01,0.7433824627545232,7.0,0.0,0.8612007121842541,1.0,0.0,0,LOW,Прогноз 1 шт.; остаток 7; в пути 0; страховой запас 1; MOQ 1.0.
IEK,130600212_,Реле общ. назнач. OGR-2 4C 24В DC ONI OGR-2-4C-DC24V NEW,2026-08-01,0.0,3.0,0.0,0.408248290463863,,0.0,0,LOW,Прогноз 0 шт.; остаток 3; в пути 0; страховой запас 0; MOQ не указан.
IEK,130200438_,Токоизмерительные клещи CM2C IEK ARMA2L 5 IEK (60) NEW,2026-08-01,0.4836672402249125,5.0,0.0,0.8164965809277247,1.0,0.0,0,LOW,Прогноз 0 шт.; остаток 5; в пути 0; страховой запас 1; MOQ 1.0.
IEK,130300544_,"Клещи обжимн КО-04Е 0,5-6мм(квадрат) IEK (40)",2026-08-01,1.5882661974843968,11.0,0.0,0.7527726527090822,1.0,0.0,0,LOW,Прогноз 2 шт.; остаток 11; в пути 0; страховой запас 1; MOQ 1.0.
IEK,010700150_,ARMAT (2ф) 63А C IEK (1),2026-08-01,0.08355647210885002,4.0,0.0,0.2738612787525833,1.0,0.0,0,LOW,Прогноз 0 шт.; остаток 4; в пути 0; страховой запас 0; MOQ 1.0.
IEK,251400114_,ЩМП  600х500х150 IP66  TITAN 5 IEK,2026-08-01,0.0,3.0,0.0,0.2041241452319315,1.0,0.0,0,LOW,Прогноз 0 шт.; остаток 3; в пути 0; страховой запас 0; MOQ 1.0.
IEK,030201034_," Рамка 1-мест. ""BRITE""  металл латунь RE  IEK  (1/100)",2026-08-01,0.0003172285210249343,20.0,0.0,0.25819888974716215,1.0,0.0,0,LOW,Прогноз 0 шт.; остаток 20; в пути 0; страховой запас 0; MOQ 1.0.
IEK,130200437_,Токоизмерительные клещи CM1C IEK ARMA2L 5 IEK (30) NEW,2026-08-01,1.53953069018978,9.0,0.0,0.8215838362577508,1.0,0.0,0,LOW,Прогноз 2 шт.; остаток 9; в пути 0; страховой запас 1; MOQ 1.0.
IEK,010700152_,ARMAT (3ф) 10А C IEK (1),2026-08-01,5.057515629725709,21.0,0.0,14.32014897501652,1.0,0.0,0,LOW,Прогноз 5 шт.; остаток 21; в пути 0; страховой запас 14; MOQ 1.0.
IEK,030201087_," Рамка 1-мест. ""BRITE""  стекло бел. матовый  IEK  (1/100)",2026-08-01,0.0,15.0,0.0,3.9295886129042397,1.0,0.0,0,LOW,Прогноз 0 шт.; остаток 15; в пути 0; страховой запас 4; MOQ 1.0.
IEK,010500035_,ВА47-29 (3ф) 25А IEK (4/48),2026-08-01,1742.8592369537664,5113.0,0.0,164.8091825920708,4.0,0.0,0,LOW,Прогноз 1743 шт.; остаток 5113; в пути 0; страховой запас 165; MOQ 4.0.
IEK,010700151_,ARMAT (3ф) 6А C IEK (1),2026-08-01,2.952405845173114e-07,7.0,0.0,0.0,1.0,0.0,0,LOW,Прогноз 0 шт.; остаток 7; в пути 0; страховой запас 0; MOQ 1.0.
IEK,251400078_,ЩРВ  60 (1х60мод) 880х365х130 IP31 TITAN 5 IEK,2026-08-01,0.08382720363272547,3.0,0.0,0.2581988897471611,1.0,0.0,0,LOW,Прогноз 0 шт.; остаток 3; в пути 0; страховой запас 0; MOQ 1.0.
IEK,150101189_,Светильник уличный 5107 настенный GU10 IP65 черный IEK,2026-08-01,1.632093638305634,14.0,0.0,3.397302851773252,1.0,0.0,0,LOW,Прогноз 2 шт.; остаток 14; в пути 0; страховой запас 3; MOQ 1.0.
IEK,130200436_,Токоизмерительные клещи CM1A IEK ARMA2L 5 IEK (30) NEW,2026-08-01,3.283216218453716,10.0,0.0,0.376386326354543,1.0,0.0,0,LOW,Прогноз 3 шт.; остаток 10; в пути 0; страховой запас 0; MOQ 1.0.
IEK,130300545_,"Клещи обжимн КО-08Е0,5-6мм (шестиграннник) IEK (40)",2026-08-01,0.30089969882332945,5.0,0.0,0.2738612787525833,1.0,0.0,0,LOW,Прогноз 0 шт.; остаток 5; в пути 0; страховой запас 0; MOQ 1.0.
IEK,030200841_,"Выкл 3-кл. 10А б/рамки ""BRITE"" бежевый (1/100)",2026-08-01,0.17418608428808807,35.0,0.0,9.146948489341495,1.0,0.0,0,LOW,Прогноз 0 шт.; остаток 35; в пути 0; страховой запас 9; MOQ 1.0.
IEK,150101183_,Светильник уличный 5101 настенный E27 IP54 черный IEK,2026-08-01,2.5785982969733925,36.0,0.0,5.930148958219065,1.0,0.0,0,LOW,Прогноз 3 шт.; остаток 36; в пути 0; страховой запас 6; MOQ 1.0.
IEK,270400046_,Рубильник  трехпозиционный ВРТ-63 1P 63А IEK,2026-08-01,0.8618869101060823,28.0,0.0,2.160246899469287,12.0,0.0,0,LOW,Прогноз 1 шт.; остаток 28; в пути 0; страховой запас 2; MOQ 12.0.
IEK,010500033_,ВА47-29 (3ф) 16А IEK (4/48),2026-08-01,740.517123559739,2420.0,960.0,84.43858715066244,4.0,0.0,0,LOW,Прогноз 741 шт.; остаток 2420; в пути 960; страховой запас 84; MOQ 4.0.
IEK,030201090_," Рамка 1-мест. ""BRITE""  стекло бел. RE  IEK  (1/100)",2026-08-01,0.9100716017262184,46.0,0.0,0.7359800721939741,1.0,0.0,0,LOW,Прогноз 1 шт.; остаток 46; в пути 0; страховой запас 1; MOQ 1.0.
IEK,130600209_,Реле интерфейсное ORM-1 4C 24В DC с LED и тест. кнопкой ONI ORM-1-4C-DC24V-L-B NEW,2026-08-01,0.0,14.0,0.0,0.0,20.0,0.0,0,LOW,Прогноз 0 шт.; остаток 14; в пути 0; страховой запас 0; MOQ 20.0.
IEK,130200426_,Пассатижи 200мм K4 ARMA2L 5 IEK (1),2026-08-01,1.4948235236767544,9.0,2.0,0.9354143466934836,1.0,0.0,0,LOW,Прогноз 1 шт.; остаток 9; в пути 2; страховой запас 1; MOQ 1.0.
IEK,270300262_,Обогреватель на DIN-рейку 30Вт IP20 IEK (50) NEW,2026-08-01,0.10580770205096114,7.0,0.0,1.0206207261596574,1.0,0.0,0,LOW,Прогноз 0 шт.; остаток 7; в пути 0; страховой запас 1; MOQ 1.0.
IEK,010700160_,ARMAT (3ф) 63А C IEK (1),2026-08-01,3.6403296202959154,18.0,0.0,1.861898672502524,1.0,0.0,0,LOW,Прогноз 4 шт.; остаток 18; в пути 0; страховой запас 2; MOQ 1.0.
IEK,ст-9949234, УЗО ВД1-63 (4ф) 100А 30мА IEK  (24),2026-08-01,0.0,14.0,0.0,0.0,,0.0,0,LOW,Прогноз 0 шт.; остаток 14; в пути 0; страховой запас 0; MOQ не указан.
IEK,130200425_,Пассатижи 180мм K4 ARMA2L 5 IEK (1),2026-08-01,2.237315236091705,9.0,0.0,0.9703951085339761,1.0,0.0,0,LOW,Прогноз 2 шт.; остаток 9; в пути 0; страховой запас 1; MOQ 1.0.
IEK,010700161_,УЗО АВДТ 2(ф) 25А 30мА ARMAT IEK (1),2026-08-01,0.3691972216509564,7.0,0.0,1.1143009766964522,1.0,0.0,0,LOW,Прогноз 0 шт.; остаток 7; в пути 0; страховой запас 1; MOQ 1.0.
IEK,311101218_,Аккумулятор GREEN Ni-MH  AAA 1100мАч (4шт/блистер) IEK,2026-08-01,8.769087064007097e-07,1.0,0.0,0.0,,0.0,0,LOW,Прогноз 0 шт.; остаток 1; в пути 0; страховой запас 0; MOQ не указан.
IEK,280100001_,Кабель-канал 100х40 белый ЭЛЕКОР IEK (8),2026-08-01,19.956262615305288,82.0,32.0,11.588787684654504,8.0,0.0,0,LOW,Прогноз 20 шт.; остаток 82; в пути 32; страховой запас 12; MOQ 8.0.
IEK,030200837_,"Рамка 2-мест. ""BRITE"" бежевый (1/100)",2026-08-01,56.01424818471919,292.0,0.0,21.15577147415492,1.0,0.0,0,LOW,Прогноз 56 шт.; остаток 292; в пути 0; страховой запас 21; MOQ 1.0.
IEK,150101198_,Светильник уличный 5221 настенный 2хGU10 IP65 черный IEK,2026-08-01,0.24114012873256188,19.0,0.0,0.6055300708194958,1.0,0.0,0,LOW,Прогноз 0 шт.; остаток 19; в пути 0; страховой запас 1; MOQ 1.0.
IEK,130200424_,Пассатижи 160мм K4 ARMA2L 5 IEK (1),2026-08-01,1.0144918174845858,3.0,0.0,0.3763863263545391,1.0,0.0,0,LOW,Прогноз 1 шт.; остаток 3; в пути 0; страховой запас 0; MOQ 1.0.
IEK,130300606_,Кронштейн анкерный КАБ-200 IEK !!!,2026-08-01,0.7657685125587621,450.0,0.0,2.9734940165849797,,0.0,0,LOW,Прогноз 1 шт.; остаток 450; в пути 0; страховой запас 3; MOQ не указан.
IEK,ст-9948468,Заглушка 100х40  ПРАЙМЕР (216),2026-08-01,32.830046328722005,116.0,24.0,11.093541664710452,12.0,0.0,0,LOW,Прогноз 33 шт.; остаток 116; в пути 24; страховой запас 11; MOQ 12.0.
IEK,030200885_,"Светорег. пов-наж. 600Вт ""BRITE"" черный (1/80)",2026-08-01,1.4957234054922788,6.0,0.0,1.3570801990548251,1.0,0.0,0,LOW,Прогноз 1 шт.; остаток 6; в пути 0; страховой запас 1; MOQ 1.0.
IEK,030200838_,"Рамка 3-мест. ""BRITE"" бежевый (1/100)",2026-08-01,22.884894695155875,88.0,0.0,5.802298395176392,1.0,0.0,0,LOW,Прогноз 23 шт.; остаток 88; в пути 0; страховой запас 6; MOQ 1.0.
IEK,030200839_,"Рамка 4-мест. ""BRITE"" бежевый (1/100)",2026-08-01,10.617142960313675,40.0,0.0,5.354126134736336,1.0,0.0,0,LOW,Прогноз 11 шт.; остаток 40; в пути 0; страховой запас 5; MOQ 1.0.
IEK,150101193_,Светильник уличный 5108 настенный 2хGU10 IP65 серый IEK,2026-08-01,5.152762363422039,26.0,0.0,3.7282703764614546,1.0,0.0,0,LOW,Прогноз 5 шт.; остаток 26; в пути 0; страховой запас 4; MOQ 1.0.
IEK,130200432_,Мультиметр цифровой  цифровой DM2A IEK ARMA2L 5 IEK (40) NEW,2026-08-01,0.9378284003802728,7.0,2.0,0.6123724356957939,1.0,0.0,0,LOW,Прогноз 1 шт.; остаток 7; в пути 2; страховой запас 1; MOQ 1.0.
IEK,251400115_,ЩМП  600х500х250 IP66  TITAN 5 IEK,2026-08-01,0.00014019398371162666,6.0,0.0,0.0,1.0,0.0,0,LOW,Прогноз 0 шт.; остаток 6; в пути 0; страховой запас 0; MOQ 1.0.
IEK,030201032_,BRITE Рамка 5-местная РУ-5-БрТБ темная бронза IEK,2026-08-01,0.00010651953737815332,29.0,0.0,0.0,1.0,0.0,0,LOW,Прогноз 0 шт.; остаток 29; в пути 0; страховой запас 0; MOQ 1.0.
IEK,010700156_,ARMAT (3ф) 32А C IEK (1),2026-08-01,5.104307744065377,21.0,0.0,2.311204592126509,1.0,0.0,0,LOW,Прогноз 5 шт.; остаток 21; в пути 0; страховой запас 2; MOQ 1.0.
IEK,130300596_,Ножницы (секторные) для резки кабеля НС-300 (до 300мм) IEK,2026-08-01,0.32892481486549036,2.0,0.0,0.27386127875258304,1.0,0.0,0,LOW,Прогноз 0 шт.; остаток 2; в пути 0; страховой запас 0; MOQ 1.0.
IEK,010700159_,ARMAT (3ф) 50А C IEK (1),2026-08-01,0.7579126915923042,10.0,0.0,0.6324555320336758,1.0,0.0,0,LOW,Прогноз 1 шт.; остаток 10; в пути 0; страховой запас 1; MOQ 1.0.
IEK,030201089_," Рамка 1-мест. ""BRITE""  стекло маренго матовый  IEK  (1/100)",2026-08-01,0.0,4.0,0.0,0.408248290463863,1.0,0.0,0,LOW,Прогноз 0 шт.; остаток 4; в пути 0; страховой запас 0; MOQ 1.0.
IEK,010700158_,ARMAT (3ф) 40А C IEK (1),2026-08-01,3.398340284320953,15.0,0.0,1.294217910554478,1.0,0.0,0,LOW,Прогноз 3 шт.; остаток 15; в пути 0; страховой запас 1; MOQ 1.0.
IEK,311101222_,Батарейка щелочная Alkaline LR03/AAA (10шт/бокс) IEK,2026-08-01,0.0,0.0,0.0,0.0,,0.0,0,LOW,Прогноз 0 шт.; остаток 0; в пути 0; страховой запас 0; MOQ не указан.
IEK,ст-9949056,"Трансформатор тока ТТИ-А  120/5А 5ВА кл.т.0,5 IEK !!!",2026-08-01,0.0,0.0,0.0,0.0,,0.0,0,LOW,Прогноз 0 шт.; остаток 0; в пути 0; страховой запас 0; MOQ не указан.
IEK,010500032_,ВА47-29 (3ф) 10А IEK (4/48),2026-08-01,91.76790882029347,720.0,96.0,19.143536768319695,4.0,0.0,0,LOW,Прогноз 92 шт.; остаток 720; в пути 96; страховой запас 19; MOQ 4.0.
IEK,130200430_,Детектор напряжения бесконтактный VD10 ARMA2L 5 IEK (300) NEW,2026-08-01,2.609791656503903,13.0,0.0,0.8755950357709015,1.0,0.0,0,LOW,Прогноз 3 шт.; остаток 13; в пути 0; страховой запас 1; MOQ 1.0.
IEK,251400076_,ЩРВ  36 (1х36мод) 630х365х130 IP31 TITAN 5 IEK,2026-08-01,5.440376229364399e-07,2.0,0.0,0.0,1.0,0.0,0,LOW,Прогноз 0 шт.; остаток 2; в пути 0; страховой запас 0; MOQ 1.0.
IEK,010700149_,ARMAT (2ф) 50А C IEK (1),2026-08-01,0.0,6.0,0.0,0.25819888974716104,1.0,0.0,0,LOW,Прогноз 0 шт.; остаток 6; в пути 0; страховой запас 0; MOQ 1.0.
IEK,010500036_,ВА47-29 (3ф) 32А IEK (4/48),2026-08-01,1441.7396932186416,4212.0,960.0,144.5682076622193,4.0,0.0,0,LOW,Прогноз 1442 шт.; остаток 4212; в пути 960; страховой запас 145; MOQ 4.0.
IEK,030201083_," Рамка 3-мест. ""BRITE""  беж. рифленый  IEK  (1/100)",2026-08-01,0.0,7.0,0.0,1.6046806535881213,1.0,0.0,0,LOW,Прогноз 0 шт.; остаток 7; в пути 0; страховой запас 2; MOQ 1.0.
IEK,251400082_,ЩРВ  72 (2х36мод) 630х625х130 IP31 TITAN 5 IEK,2026-08-01,2.6514054346678972e-05,1.0,0.0,0.4183300132670378,1.0,0.0,0,LOW,Прогноз 0 шт.; остаток 1; в пути 0; страховой запас 0; MOQ 1.0.
IEK,130200490_,Отвертка диэлектрическая с жалами SLIM 13шт ARMA2L 5 IEK,2026-08-01,0.0,19.0,0.0,0.0,1.0,0.0,0,LOW,Прогноз 0 шт.; остаток 19; в пути 0; страховой запас 0; MOQ 1.0.
IEK,130300535_,Крюк КМ-1800 IEK (25),2026-08-01,22.96104323462076,203.0,40.0,5.238479423140422,5.0,0.0,0,LOW,Прогноз 23 шт.; остаток 203; в пути 40; страховой запас 5; MOQ 5.0.
IEK,010700141_,ARMAT (1ф) 63А C IEK (1),2026-08-01,6.786144048443217e-07,5.0,0.0,0.2041241452319315,1.0,0.0,0,LOW,Прогноз 0 шт.; остаток 5; в пути 0; страховой запас 0; MOQ 1.0.
IEK,270300303_,"Гигротерм от 0 до +60°C от 50 до 0,9 RH IEK (60) NEW",2026-08-01,0.0,3.0,0.0,0.2041241452319315,1.0,0.0,0,LOW,Прогноз 0 шт.; остаток 3; в пути 0; страховой запас 0; MOQ 1.0.
IEK,010500040_,Выкл. нагрузки ВН-32 (3ф) 100А IEK (4/80),2026-08-01,13.921845767641923,56.0,0.0,7.568024841396864,4.0,0.0,0,LOW,Прогноз 14 шт.; остаток 56; в пути 0; страховой запас 8; MOQ 4.0.
IEK,030200845_,"Роз. HDMI б/рамки ""BRITE"" бежевый (1/100)",2026-08-01,0.0,28.0,0.0,0.0,1.0,0.0,0,LOW,Прогноз 0 шт.; остаток 28; в пути 0; страховой запас 0; MOQ 1.0.
IEK,130200445_,Тестер розеток розеток ST03D ARMA2L 5 IEK (80) NEW,2026-08-01,0.2622275946509127,2.0,0.0,0.2738612787525832,1.0,0.0,0,LOW,Прогноз 0 шт.; остаток 2; в пути 0; страховой запас 0; MOQ 1.0.
IEK,010700142_,ARMAT (2ф) 6А C IEK (1),2026-08-01,0.0,2.0,0.0,0.0,1.0,0.0,0,LOW,Прогноз 0 шт.; остаток 2; в пути 0; страховой запас 0; MOQ 1.0.
IEK,030201084_," Рамка 4-мест. ""BRITE""  хром/черн.  IEK  (1/100)",2026-08-01,0.0,14.0,0.0,0.0,1.0,0.0,0,LOW,Прогноз 0 шт.; остаток 14; в пути 0; страховой запас 0; MOQ 1.0.
IEK,010500039_,ВА47-29 (3ф) 63А IEK (4/48),2026-08-01,1315.215664193669,4568.0,960.0,103.78953062167012,4.0,0.0,0,LOW,Прогноз 1315 шт.; остаток 4568; в пути 960; страховой запас 104; MOQ 4.0.
IEK,251400081_,ЩРВ  48 (2х24мод) 505х625х130 IP31 TITAN 5 IEK,2026-08-01,6.625050895807128e-07,2.0,0.0,0.0,1.0,0.0,0,LOW,Прогноз 0 шт.; остаток 2; в пути 0; страховой запас 0; MOQ 1.0.
IEK,130200444_,Тестер розеток  розеток ST02D ARMA2L 5 IEK (100) NEW,2026-08-01,0.475504649985734,2.0,1.0,0.4082482904638615,1.0,0.0,0,LOW,Прогноз 0 шт.; остаток 2; в пути 1; страховой запас 0; MOQ 1.0.
IEK,150101158_,"Патрон подвесной E27 со шнуром 1,5м RETRO бронза IEK",2026-08-01,0.0,0.0,0.0,0.0,,0.0,0,LOW,Прогноз 0 шт.; остаток 0; в пути 0; страховой запас 0; MOQ не указан.
IEK,130300536_,Крюк КМ-2800 IEK (25),2026-08-01,1.8438101029303946,60.0,0.0,3.342902930089355,5.0,0.0,0,LOW,Прогноз 2 шт.; остаток 60; в пути 0; страховой запас 3; MOQ 5.0.
IEK,010700140_,ARMAT (1ф) 50А C IEK (1),2026-08-01,1.8162325974156027e-07,12.0,0.0,0.0,1.0,0.0,0,LOW,Прогноз 0 шт.; остаток 12; в пути 0; страховой запас 0; MOQ 1.0.
IEK,130200493_,Отвертка диэлектрическая PZ/SL2х100 Т2 ARMA2L 5 IEK,2026-08-01,0.1328264728046874,15.0,0.0,0.408248290463863,1.0,0.0,0,LOW,Прогноз 0 шт.; остаток 15; в пути 0; страховой запас 0; MOQ 1.0.
IEK,130300534_,Зажим плашечный ЗП 6-95/6-95 (SL37.27) IEK (21),2026-08-01,0.28058955171961975,26.0,0.0,6.685805860178699,21.0,0.0,0,LOW,Прогноз 0 шт.; остаток 26; в пути 0; страховой запас 7; MOQ 21.0.
IEK,030200876_,"Выкл 1-кл. прох. с инд.  10А ""BRITE"" чёрный (1/100)",2026-08-01,0.003140348794350431,78.0,0.0,1.0206207261596574,1.0,0.0,0,LOW,Прогноз 0 шт.; остаток 78; в пути 0; страховой запас 1; MOQ 1.0.
IEK,251400083_,ЩРВ  96 (2х48мод) 755х625х130 IP31 TITAN 5 IEK,2026-08-01,0.0,4.0,1.0,0.258198889747161,1.0,0.0,0,LOW,Прогноз 0 шт.; остаток 4; в пути 1; страховой запас 0; MOQ 1.0.
IEK,010700138_,ARMAT (1ф) 32А C IEK (1),2026-08-01,1.3481470633238277,14.0,0.0,2.8106938645110393,1.0,0.0,0,LOW,Прогноз 1 шт.; остаток 14; в пути 0; страховой запас 3; MOQ 1.0.
IEK,YZN20-004-K52,Зажим наборный ЗНИ-4PEN 4мм2 (JXB-земля) IEK,2026-08-01,0.039961414128175554,20.0,0.0,0.0,,0.0,0,LOW,Прогноз 0 шт.; остаток 20; в пути 0; страховой запас 0; MOQ не указан.
IEK,010500041_,Выкл. нагрузки ВН-32 (3ф)  40А IEK (4/80),2026-08-01,8.113933038694148,56.0,0.0,4.512944345620352,4.0,0.0,0,LOW,Прогноз 8 шт.; остаток 56; в пути 0; страховой запас 5; MOQ 4.0.
IEK,BR-K20-1-K45,BRITE Розетка компьютерная двойная RJ45 кат.5E РК10-2-БрТБ темная бронза IEK,2026-08-01,0.0010711654391005318,31.0,0.0,1.0206207261596574,1.0,0.0,0,LOW,Прогноз 0 шт.; остаток 31; в пути 0; страховой запас 1; MOQ 1.0.
IEK,270300302_,"Гигростат механический УККг от 35 до 0,95 RH IEK (100) NEW",2026-08-01,2.561668924872192e-07,3.0,0.0,0.0,1.0,0.0,0,LOW,Прогноз 0 шт.; остаток 3; в пути 0; страховой запас 0; MOQ 1.0.
IEK,270300266_,Обогреватель на DIN-рейку в корпусе 50Вт IP20 IEK (50) NEW,2026-08-01,5.075967994906027e-07,3.0,0.0,0.0,1.0,0.0,0,LOW,Прогноз 0 шт.; остаток 3; в пути 0; страховой запас 0; MOQ 1.0.
IEK,150101104_, ТУТ 40/20 синяя IEK (50),2026-08-01,0.0,16.0,0.0,6.940220937885672,,0.0,0,LOW,Прогноз 0 шт.; остаток 16; в пути 0; страховой запас 7; MOQ не указан.
IEK,130200492_,Отвертка диэлектрическая PZ/SL1х80 Т2 ARMA2L 5 IEK,2026-08-01,0.0,17.0,0.0,0.25819888974716115,1.0,0.0,0,LOW,Прогноз 0 шт.; остаток 17; в пути 0; страховой запас 0; MOQ 1.0.
IEK,030200846_,"Выкл жалюзи 10А б/рамки ""BRITE"" бежевый (1/100)",2026-08-01,0.003720356348213932,11.0,0.0,4.898979485566356,1.0,0.0,0,LOW,Прогноз 0 шт.; остаток 11; в пути 0; страховой запас 5; MOQ 1.0.
IEK,010700139_,ARMAT (1ф) 40А C IEK (1),2026-08-01,0.0003067172188710671,2.0,0.0,0.2041241452319315,1.0,0.0,0,LOW,Прогноз 0 шт.; остаток 2; в пути 0; страховой запас 0; MOQ 1.0.
IEK,BR-K20-1-K35,BRITE Розетка компьютерная двойная RJ45 кат.5E РК10-2-БрМ маренго IEK,2026-08-01,0.0,47.0,0.0,0.0,,0.0,0,LOW,Прогноз 0 шт.; остаток 47; в пути 0; страховой запас 0; MOQ не указан.
IEK,251400111_,ЩМП  600х400х200 IP66  TITAN 5 IEK,2026-08-01,0.12254419071024285,2.0,0.0,0.40824829046386313,1.0,0.0,0,LOW,Прогноз 0 шт.; остаток 2; в пути 0; страховой запас 0; MOQ 1.0.
IEK,150101140_,ЩРН 18  (240х440х120) IP54 TITAN 3 IEK,2026-08-01,3.5632061225130527,23.0,5.0,2.8751811537130436,1.0,0.0,0,LOW,Прогноз 4 шт.; остаток 23; в пути 5; страховой запас 3; MOQ 1.0.
IEK,130200491_,Набор динамометрической отвертки со сменными жалами SLIM Т2 14шт ARMA2L 5 IEK,2026-08-01,0.0,1.0,0.0,0.9831920802501752,1.0,0.0,0,LOW,Прогноз 0 шт.; остаток 1; в пути 0; страховой запас 1; MOQ 1.0.
IEK,030201036_," Рамка 3-мест. ""BRITE""  металл латунь RE  IEK  (1/50)",2026-08-01,2.0131253948106171e-07,13.0,0.0,0.0,1.0,0.0,0,LOW,Прогноз 0 шт.; остаток 13; в пути 0; страховой запас 0; MOQ 1.0.
IEK,130600218_,Реле промежут. OIR 1 конт. 16А 230В AC IEK OIR-116-AC230V NEW,2026-08-01,4.301333116614325e-07,1.0,0.0,0.0,,0.0,0,LOW,Прогноз 0 шт.; остаток 1; в пути 0; страховой запас 0; MOQ не указан.
IEK,010700143_,ARMAT (2ф) 10А C IEK (1),2026-08-01,0.029673957300484218,2.0,0.0,1.0,1.0,0.0,0,LOW,Прогноз 0 шт.; остаток 2; в пути 0; страховой запас 1; MOQ 1.0.
IEK,130200441_,Комплект щупов щупов и крокодилов TL30 IEK ARMA2L 5 IEK (200) NEW,2026-08-01,0.014826677745250148,0.0,8.0,0.970395108533976,1.0,0.0,0,LOW,Прогноз 0 шт.; остаток 0; в пути 8; страховой запас 1; MOQ 1.0.
IEK,010500037_,ВА47-29 (3ф) 40А IEK (4/48),2026-08-01,839.3560102862408,2461.0,960.0,105.51824486789,4.0,0.0,0,LOW,Прогноз 839 шт.; остаток 2461; в пути 960; страховой запас 106; MOQ 4.0.
IEK,010700147_,ARMAT (2ф) 32А C IEK (1),2026-08-01,2.587483474330334,14.0,0.0,0.8366600265340752,1.0,0.0,0,LOW,Прогноз 3 шт.; остаток 14; в пути 0; страховой запас 1; MOQ 1.0.
IEK,150101181_,Светильник уличный LED 5111 наст. 6Вт 4000К IP65 серый IEK,2026-08-01,0.0,11.0,0.0,1.604680653588123,1.0,0.0,0,LOW,Прогноз 0 шт.; остаток 11; в пути 0; страховой запас 2; MOQ 1.0.
IEK,130200440_,Лента с магнитом для мультиметров  MT10  ARMA2L 5 IEK (200) NEW,2026-08-01,1.072699096197399e-06,1.0,0.0,0.0,1.0,0.0,0,LOW,Прогноз 0 шт.; остаток 1; в пути 0; страховой запас 0; MOQ 1.0.
IEK,130300538_,Зажим промеж. ЗПС 2х25-4х120/1800/30 (SO130.02) IEK (40),2026-08-01,60.881903430134265,209.0,0.0,30.490025691472727,40.0,0.0,0,LOW,Прогноз 61 шт.; остаток 209; в пути 0; страховой запас 30; MOQ 40.0.
IEK,030201086_," Рамка 4-мест. ""BRITE""  беж. рифленый  IEK  (1/100)",2026-08-01,1.4658290126613422e-05,11.0,0.0,0.2041241452319315,1.0,0.0,0,LOW,Прогноз 0 шт.; остаток 11; в пути 0; страховой запас 0; MOQ 1.0.
IEK,010700148_,ARMAT (2ф) 40А C IEK (1),2026-08-01,0.16803664870368876,8.0,0.0,1.2812754062521716,1.0,0.0,0,LOW,Прогноз 0 шт.; остаток 8; в пути 0; страховой запас 1; MOQ 1.0.
IEK,030200878_,"Выкл 1-кл. прох. с инд. 10А ""BRITE"" сталь (1/100)",2026-08-01,0.0,123.0,0.0,0.0,1.0,0.0,0,LOW,Прогноз 0 шт.; остаток 123; в пути 0; страховой запас 0; MOQ 1.0.
IEK,270300264_,Обогреватель на DIN-рейку 75Вт IP20 IEK (50) NEW,2026-08-01,0.000231502807540589,2.0,0.0,0.0,1.0,0.0,0,LOW,Прогноз 0 шт.; остаток 2; в пути 0; страховой запас 0; MOQ 1.0.
IEK,030200842_,"Роз. 2-я с кр. 16А в сб IP44 ""BRITE"" бежевый (1/100)",2026-08-01,0.008873338849581686,193.0,0.0,0.2041241452319315,1.0,0.0,0,LOW,Прогноз 0 шт.; остаток 193; в пути 0; страховой запас 0; MOQ 1.0.
IEK,150101182_,Светильник уличный 5100 настенный E27 IP54 черный IEK,2026-08-01,0.0,4.0,18.0,4.957317823178175,1.0,0.0,0,LOW,Прогноз 0 шт.; остаток 4; в пути 18; страховой запас 5; MOQ 1.0.
IEK,130200439_,Токоизмерительные клещи CM1D IEK ARMA2L 5 IEK (30) NEW,2026-08-01,2.0051600823849927,7.0,3.0,0.4082482904638626,1.0,0.0,0,LOW,Прогноз 2 шт.; остаток 7; в пути 3; страховой запас 0; MOQ 1.0.
IEK,251400079_,ЩРВ  72 (1х72мод) 1005х365х130 IP31 TITAN 5 IEK,2026-08-01,0.06227345604728109,2.0,0.0,0.2581988897471611,1.0,0.0,0,LOW,Прогноз 0 шт.; остаток 2; в пути 0; страховой запас 0; MOQ 1.0.
IEK,нов3370_,Расцепитель мин. напряжения РМ-250/400 (РМ-35/37) IEK (480) !!!,2026-08-01,0.0,11.0,0.0,0.0,,0.0,0,LOW,Прогноз 0 шт.; остаток 11; в пути 0; страховой запас 0; MOQ не указан.
IEK,270400021_,Рубильник  ВР-32-35  В31250-250А IEK (12) !!!,2026-08-01,0.0,40.0,0.0,0.0,,0.0,0,LOW,Прогноз 0 шт.; остаток 40; в пути 0; страховой запас 0; MOQ не указан.
IEK,010700146_,ARMAT (2ф) 25А C IEK (1),2026-08-01,2.9039360927631015,22.0,0.0,1.4634434279010133,1.0,0.0,0,LOW,Прогноз 3 шт.; остаток 22; в пути 0; страховой запас 1; MOQ 1.0.
IEK,150101180_,Светильник уличный LED 5111 наст. 6Вт 4000К IP65 черный IEK,2026-08-01,1.1709766174108964,46.0,0.0,5.307227776030219,1.0,0.0,0,LOW,Прогноз 1 шт.; остаток 46; в пути 0; страховой запас 5; MOQ 1.0.
IEK,030200843_,"Роз. комп. 2-ая RJ45 кат.5E б/рамки ""BRITE"" бежевый (1/100)",2026-08-01,2.595361944272711,20.0,0.0,5.176871642217915,1.0,0.0,0,LOW,Прогноз 3 шт.; остаток 20; в пути 0; страховой запас 5; MOQ 1.0.
IEK,030200877_,"Роз 2-ая комп. RJ45 кат.5E ""BRITE"" чёрный (1/100)",2026-08-01,6.696792419723534,31.0,0.0,4.499073978794594,1.0,0.0,0,LOW,Прогноз 7 шт.; остаток 31; в пути 0; страховой запас 4; MOQ 1.0.
IEK,270300265_,Обогреватель на DIN-рейку в корпусе 100Вт IP20 IEK (40) NEW,2026-08-01,1.5180337285794867e-06,1.0,0.0,0.20412414523193145,1.0,0.0,0,LOW,Прогноз 0 шт.; остаток 1; в пути 0; страховой запас 0; MOQ 1.0.
IEK,030200844_,"Роз. TV окон б/рамки ""BRITE"" бежевый (1/100)",2026-08-01,0.6814596812548098,22.0,0.0,9.27586473956292,1.0,0.0,0,LOW,Прогноз 1 шт.; остаток 22; в пути 0; страховой запас 9; MOQ 1.0.
IEK,130200443_,Пирометр инфракрасный IT2B ARMA2L 5 IEK (40) NEW,2026-08-01,0.10829455518836165,1.0,0.0,0.2581988897471614,1.0,0.0,0,LOW,Прогноз 0 шт.; остаток 1; в пути 0; страховой запас 0; MOQ 1.0.
IEK,010700144_,ARMAT (2ф) 16А C IEK (1),2026-08-01,0.7712726560687555,7.0,0.0,1.2416387021459445,1.0,0.0,0,LOW,Прогноз 1 шт.; остаток 7; в пути 0; страховой запас 1; MOQ 1.0.
IEK,нов03200_,Предохранитель ППНИ-33  (125А) IEK габарит 0 (72) !!! ,2026-08-01,0.0,77.0,0.0,0.6123724356957945,,0.0,0,LOW,Прогноз 0 шт.; остаток 77; в пути 0; страховой запас 1; MOQ не указан.
IEK,010500038_,ВА47-29 (3ф) 50А IEK (4/48),2026-08-01,362.95746359978784,1343.0,240.0,47.78458607821842,4.0,0.0,0,LOW,Прогноз 363 шт.; остаток 1343; в пути 240; страховой запас 48; MOQ 4.0.
IEK,150101179_,Светильник уличный LED 5111 наст. 6Вт 4000К IP65 белый IEK,2026-08-01,1.7653230965223145e-05,8.0,0.0,0.0,1.0,0.0,0,LOW,Прогноз 0 шт.; остаток 8; в пути 0; страховой запас 0; MOQ 1.0.
IEK,130200442_,Пирометр инфракрасный IT1A ARMA2L 5 IEK (50) NEW,2026-08-01,0.0,0.0,1.0,0.7745966692414834,1.0,0.0,0,LOW,Прогноз 0 шт.; остаток 0; в пути 1; страховой запас 1; MOQ 1.0.
IEK,030201085_," Рамка 4-мест. ""BRITE""  бел. рифленый  IEK  (1/100)",2026-08-01,0.0,12.0,0.0,0.0,1.0,0.0,0,LOW,Прогноз 0 шт.; остаток 12; в пути 0; страховой запас 0; MOQ 1.0.
IEK,251400112_,ЩМП  600х400х250 IP66  TITAN 5 IEK,2026-08-01,0.29838634145961085,3.0,0.0,0.2738612787525831,1.0,0.0,0,LOW,Прогноз 0 шт.; остаток 3; в пути 0; страховой запас 0; MOQ 1.0.
IEK,010700145_,ARMAT (2ф) 20А C IEK (1),2026-08-01,0.0,7.0,0.0,0.0,1.0,0.0,0,LOW,Прогноз 0 шт.; остаток 7; в пути 0; страховой запас 0; MOQ 1.0.
IEK,AR-KMR10-063-40-230,ARMAT Контактор модульный KMR 63А 230В AC 4НО IEK,2026-08-01,5.628970888235385e-07,1.0,0.0,0.0,,0.0,0,LOW,Прогноз 0 шт.; остаток 1; в пути 0; страховой запас 0; MOQ не указан.
IEK,130300537_,Зажим промеж. ЗПС 2х25/120/1200/30 (SO140.02) IEK (40),2026-08-01,29.74290030150672,101.0,80.0,17.428903197466745,40.0,0.0,0,LOW,Прогноз 30 шт.; остаток 101; в пути 80; страховой запас 17; MOQ 40.0.
IEK,130600215_,Реле общ. назнач. OGR-2 2C 220В AC ONI OGR-2-2C-AC220V NEW,2026-08-01,4.627609257136298e-05,8.0,0.0,0.408248290463863,,0.0,0,LOW,Прогноз 0 шт.; остаток 8; в пути 0; страховой запас 0; MOQ не указан.
IEK,251400080_,ЩРВ  84 (1х84мод) 1130х365х130 IP31 TITAN 5 IEK,2026-08-01,5.867906189990054e-07,4.0,0.0,0.0,1.0,0.0,0,LOW,Прогноз 0 шт.; остаток 4; в пути 0; страховой запас 0; MOQ 1.0.
IEK,030201035_," Рамка 2-мест. ""BRITE""  металл латунь RE  IEK  (1/100)",2026-08-01,0.0,12.0,0.0,0.0,1.0,0.0,0,LOW,Прогноз 0 шт.; остаток 12; в пути 0; страховой запас 0; MOQ 1.0.
IEK,270300305_,Устройство компенсации давления УКД D=37мм IP55 IEK (200) NEW,2026-08-01,0.0,5.0,0.0,0.408248290463863,1.0,0.0,0,LOW,Прогноз 0 шт.; остаток 5; в пути 0; страховой запас 0; MOQ 1.0.
IEK,130600208_,Розетка ORS-G-2-2 для реле OGR-2 2C ONI ORS-G-2-2-G NEW,2026-08-01,2.4874755319913646e-07,2.0,0.0,0.0,,0.0,0,LOW,Прогноз 0 шт.; остаток 2; в пути 0; страховой запас 0; MOQ не указан.
IEK,010700162_,УЗО АВДТ 2(ф) 40А 30мА ARMAT IEK (6),2026-08-01,0.09906276931552958,3.0,0.0,0.0,6.0,0.0,0,LOW,Прогноз 0 шт.; остаток 3; в пути 0; страховой запас 0; MOQ 6.0.
IEK,251400116_,ЩМП  600х600х250 IP66  TITAN 5 IEK,2026-08-01,1.3168697668089477e-06,3.0,1.0,0.20412414523193145,1.0,0.0,0,LOW,Прогноз 0 шт.; остаток 3; в пути 1; страховой запас 0; MOQ 1.0.
IEK,251400068_,ЩРН  72 (1х72мод) 960х310х140 IP54 TITAN 5 IEK,2026-08-01,0.05637919825375123,3.0,0.0,0.408248290463863,1.0,0.0,0,LOW,Прогноз 0 шт.; остаток 3; в пути 0; страховой запас 0; MOQ 1.0.
IEK,010500020_,ВА47-29 (2ф) 20А IEK (6/72) ,2026-08-01,21.557816405805525,10.0,60.0,20.992061991778385,6.0,0.0,0,LOW,Прогноз 22 шт.; остаток 10; в пути 60; страховой запас 21; MOQ 6.0.
IEK,151000070_,НПП 1202-100  черн/овал с реш. IP54 IEK(8) !!!,2026-08-01,4.1687702195425096e-07,1.0,0.0,0.0,,0.0,0,LOW,Прогноз 0 шт.; остаток 1; в пути 0; страховой запас 0; MOQ не указан.
IEK,010800005_,ВА 88-37 (3ф) 400А IEK (1/4),2026-08-01,30.157295929624624,123.0,24.0,2.979093821953242,1.0,0.0,0,LOW,Прогноз 30 шт.; остаток 123; в пути 24; страховой запас 3; MOQ 1.0.
IEK,290100145_,У3 (3места/5метров) чер. IEK,2026-08-01,0.001968701230999,3.0,0.0,1.0206207261596574,1.0,0.0,0,LOW,Прогноз 0 шт.; остаток 3; в пути 0; страховой запас 1; MOQ 1.0.
IEK,251400119_,ЩМП  700х500х250 IP66  TITAN 5 IEK,2026-08-01,0.1517753103614589,4.0,0.0,0.9354143466934852,1.0,0.0,0,LOW,Прогноз 0 шт.; остаток 4; в пути 0; страховой запас 1; MOQ 1.0.
IEK,130300771_, Трубы гибкая двустенная красная (с протяжкой)   Ø75 IEK (50) ,2026-08-01,2252.6756651530973,3903.0,1500.0,599.9380801382752,50.0,0.0,0,LOW,Прогноз 2253 шт.; остаток 3903; в пути 1500; страховой запас 600; MOQ 50.0.
IEK,030201097_," Рамка 1-мест. ""BRITE""  металл черн. RE AL  IEK  (1/100)",2026-08-01,0.0,5.0,0.0,0.0,1.0,0.0,0,LOW,Прогноз 0 шт.; остаток 5; в пути 0; страховой запас 0; MOQ 1.0.
IEK,030200830_,"Выкл 2-кл. 10А б/рамки ""BRITE"" бежевый (1/100)",2026-08-01,31.170393561942944,104.0,0.0,15.097737137288703,1.0,0.0,0,LOW,Прогноз 31 шт.; остаток 104; в пути 0; страховой запас 15; MOQ 1.0.
IEK,030201020_,"Роз. 1-мест. с з/к 16А б/рамки ""BRITE"" бежевый (1/100)",2026-08-01,115.30114037242964,452.0,0.0,68.90966308629484,1.0,0.0,0,LOW,Прогноз 115 шт.; остаток 452; в пути 0; страховой запас 69; MOQ 1.0.
IEK,151000082_,НПП 1401-60  бел/овал IP54 IEK(12) ,2026-08-01,0.6909818169848564,16.0,0.0,0.418330013267037,1.0,0.0,0,LOW,Прогноз 1 шт.; остаток 16; в пути 0; страховой запас 0; MOQ 1.0.
IEK,010800006_,ВА 88-40 (3ф) 630А IEK (1/2),2026-08-01,9.970534753214862,53.0,0.0,3.1898275815473154,1.0,0.0,0,LOW,Прогноз 10 шт.; остаток 53; в пути 0; страховой запас 3; MOQ 1.0.
IEK,290100144_,У3 (3места/3метра) чер. IEK,2026-08-01,0.061725151684398315,4.0,0.0,0.408248290463863,1.0,0.0,0,LOW,Прогноз 0 шт.; остаток 4; в пути 0; страховой запас 0; MOQ 1.0.
IEK,030201098_," Рамка 1-мест. ""BRITE""  металл коричн. RE AL  IEK  (1/100)",2026-08-01,0.01883739408913014,18.0,0.0,0.25819888974716115,1.0,0.0,0,LOW,Прогноз 0 шт.; остаток 18; в пути 0; страховой запас 0; MOQ 1.0.
IEK,251400067_,ЩРН  60 (1х60мод) 835х310х140 IP54 TITAN 5 IEK,2026-08-01,0.372315115430676,3.0,0.0,0.27386127875258287,1.0,0.0,0,LOW,Прогноз 0 шт.; остаток 3; в пути 0; страховой запас 0; MOQ 1.0.
IEK,280100009_,Кабель-канал 40х16 белый ЭЛЕКОР IEK (30),2026-08-01,24.61807879320653,158.0,0.0,31.688588903052576,30.0,0.0,0,LOW,Прогноз 25 шт.; остаток 158; в пути 0; страховой запас 32; MOQ 30.0.
IEK,010500019_,ВА47-29 (2ф) 16А IEK (6/72),2026-08-01,2633.88227758462,6407.0,1440.0,294.49069028861794,6.0,0.0,0,LOW,Прогноз 2634 шт.; остаток 6407; в пути 1440; страховой запас 294; MOQ 6.0.
IEK,290100146_,СФ-05К-вык (5 мест/3м.) серый IEK,2026-08-01,0.3012200714463858,69.0,0.0,0.6123724356957954,5.0,0.0,0,LOW,Прогноз 0 шт.; остаток 69; в пути 0; страховой запас 1; MOQ 5.0.
IEK,130200378_,Светильник светодиодный аккумуляторный ДБА 3928 15ч 12Вт IEK,2026-08-01,20.093268710310056,0.0,120.0,13.9334728860635,1.0,0.0,0,LOW,Прогноз 20 шт.; остаток 0; в пути 120; страховой запас 14; MOQ 1.0.
IEK,290200005_,УК20 Катушка (20м) IEK,2026-08-01,0.27252420838533237,2.0,0.0,0.4183300132670386,1.0,0.0,0,LOW,Прогноз 0 шт.; остаток 2; в пути 0; страховой запас 0; MOQ 1.0.
IEK,030201096_," Рамка 1-мест. ""BRITE""  металл титан RE  IEK  (1/100)",2026-08-01,2.3641488559957067e-05,13.0,0.0,0.25819888974716115,1.0,0.0,0,LOW,Прогноз 0 шт.; остаток 13; в пути 0; страховой запас 0; MOQ 1.0.
IEK,150101213_,Патрон подвесной GU5.3 со шнуром керамика IEK  E-PRO,2026-08-01,0.0,0.0,0.0,0.0,,0.0,0,LOW,Прогноз 0 шт.; остаток 0; в пути 0; страховой запас 0; MOQ не указан.
IEK,251400069_,ЩРН  84 (1х84мод) 1085х310х140 IP54 TITAN 5 IEK,2026-08-01,5.136024839104764e-07,2.0,0.0,0.0,1.0,0.0,0,LOW,Прогноз 0 шт.; остаток 2; в пути 0; страховой запас 0; MOQ 1.0.
IEK,030200890_,"Заглушка c суппортом ""BRITE"" сталь (1/200)",2026-08-01,0.00024805740063725074,14.0,0.0,0.408248290463863,1.0,0.0,0,LOW,Прогноз 0 шт.; остаток 14; в пути 0; страховой запас 0; MOQ 1.0.
IEK,010800002_,ВА 88-32 (3ф) 125А IEK (1/20),2026-08-01,14.359943966429054,53.0,40.0,4.535048695071145,1.0,0.0,0,LOW,Прогноз 14 шт.; остаток 53; в пути 40; страховой запас 5; MOQ 1.0.
IEK,290100148_,СФ-05К-вык (5 мест/5м.) серый IEK,2026-08-01,0.0,24.0,0.0,1.0,5.0,0.0,0,LOW,Прогноз 0 шт.; остаток 24; в пути 0; страховой запас 1; MOQ 5.0.
IEK,ст-9951104,Внешний изменяемый угол 100х60  ПРАЙМЕР (108)!!!,2026-08-01,0.0,0.0,0.0,0.0,,0.0,0,LOW,Прогноз 0 шт.; остаток 0; в пути 0; страховой запас 0; MOQ не указан.
IEK,010800004_,ВА 88-35 (3ф) 250А IEK (1/6),2026-08-01,46.44488721870572,220.0,30.0,8.886787946159119,1.0,0.0,0,LOW,Прогноз 46 шт.; остаток 220; в пути 30; страховой запас 9; MOQ 1.0.
IEK,010500021_,ВА47-29 (2ф) 25А IEK (6/72),2026-08-01,3880.2599986772593,11609.0,2400.0,204.83375372888764,6.0,0.0,0,LOW,Прогноз 3880 шт.; остаток 11609; в пути 2400; страховой запас 205; MOQ 6.0.
IEK,270300259_,Обогреватель на DIN-рейку (встр. вентилятор) 400Вт IP20 IEK (10) NEW,2026-08-01,2.4907313701040148e-05,1.0,0.0,0.2041241452319315,1.0,0.0,0,LOW,Прогноз 0 шт.; остаток 1; в пути 0; страховой запас 0; MOQ 1.0.
IEK,280100007_,Кабель-канал 25х16 белый ЭЛЕКОР IEK (50),2026-08-01,1069.8823574745934,2024.0,500.0,264.74138324032396,50.0,0.0,0,LOW,Прогноз 1070 шт.; остаток 2024; в пути 500; страховой запас 265; MOQ 50.0.
IEK,130300770_,Переходник Е40-Е27  ПР40-27-К02 IEK (50),2026-08-01,0.00033179916106863393,3.0,0.0,0.0,,0.0,0,LOW,Прогноз 0 шт.; остаток 3; в пути 0; страховой запас 0; MOQ не указан.
IEK,030200831_,"Выкл 2-кл. с инд. 10А б/рамки ""BRITE"" бежевый (1/100)",2026-08-01,0.188983169223038,11.0,0.0,1.837117307087384,1.0,0.0,0,LOW,Прогноз 0 шт.; остаток 11; в пути 0; страховой запас 2; MOQ 1.0.
IEK,010800003_,ВА 88-33 (3ф) 160А IEK (1/16),2026-08-01,47.16438308130086,168.0,48.0,25.553864678361276,1.0,0.0,0,LOW,Прогноз 47 шт.; остаток 168; в пути 48; страховой запас 26; MOQ 1.0.
IEK,290100147_,СФ-05К-вык (5 мест/5м.) черный IEK,2026-08-01,1.9133374727276569,64.0,0.0,0.7527726527090812,5.0,0.0,0,LOW,Прогноз 2 шт.; остаток 64; в пути 0; страховой запас 1; MOQ 5.0.
IEK,151000061_,НПП 1102-100  бел/круг с реш. IEK(8),2026-08-01,7.654362657712429,88.0,0.0,19.15202339179858,1.0,0.0,0,LOW,Прогноз 8 шт.; остаток 88; в пути 0; страховой запас 19; MOQ 1.0.
IEK,151000059_,НПП 1101-100  бел/круг IEK(8) ,2026-08-01,25.271669847589273,86.0,0.0,21.16699474811355,1.0,0.0,0,LOW,Прогноз 25 шт.; остаток 86; в пути 0; страховой запас 21; MOQ 1.0.
IEK,010800001_,ВА 88-32 (3ф) 100А IEK (1/20),2026-08-01,35.63932037165867,145.0,50.0,7.958747807706109,1.0,0.0,0,LOW,Прогноз 36 шт.; остаток 145; в пути 50; страховой запас 8; MOQ 1.0.
IEK,010800009_,ВА 88-32 (3ф)  16А IEK (1/20),2026-08-01,1.154339184512856,10.0,3.0,1.0368220676663846,1.0,0.0,0,LOW,Прогноз 1 шт.; остаток 10; в пути 3; страховой запас 1; MOQ 1.0.
IEK,151000083_,НПП 1402-60  бел/овал с реш. IP54 IEK(12) !!!,2026-08-01,0.0,0.0,0.0,0.0,,0.0,0,LOW,Прогноз 0 шт.; остаток 0; в пути 0; страховой запас 0; MOQ не указан.
IEK,290100140_,У05 (5мест/3метра) чер. IEK,2026-08-01,0.21541713155012657,8.0,0.0,0.6055300708194984,1.0,0.0,0,LOW,Прогноз 0 шт.; остаток 8; в пути 0; страховой запас 1; MOQ 1.0.
IEK,251400120_,ЩМП  800х600х200 IP66  TITAN 5 IEK,2026-08-01,0.0,2.0,0.0,0.2581988897471611,1.0,0.0,0,LOW,Прогноз 0 шт.; остаток 2; в пути 0; страховой запас 0; MOQ 1.0.
IEK,030201019_,"Рамка 5-мест. ""BRITE"" бежевый (1/100)",2026-08-01,0.9215747621363644,47.0,0.0,0.970395108533976,1.0,0.0,0,LOW,Прогноз 1 шт.; остаток 47; в пути 0; страховой запас 1; MOQ 1.0.
IEK,130200301_,"Датчик движения ДД 045 белый E27,до 60 Вт,дальность 6 м IP20 IEK  (50)",2026-08-01,0.03953261266013395,9.0,0.0,0.0,,0.0,0,LOW,Прогноз 0 шт.; остаток 9; в пути 0; страховой запас 0; MOQ не указан.
IEK,010800015_,ВА 88-32 (3ф)  50А IEK (1/20),2026-08-01,17.522472352550352,46.0,40.0,5.813776741499453,1.0,0.0,0,LOW,Прогноз 18 шт.; остаток 46; в пути 40; страховой запас 6; MOQ 1.0.
IEK,010500017_,Выкл. нагрузки ВН-32 (1ф)  63А IEK (240) !!!,2026-08-01,1.0006370108793307e-06,1.0,0.0,0.0,,0.0,0,LOW,Прогноз 0 шт.; остаток 1; в пути 0; страховой запас 0; MOQ не указан.
IEK,290100139_,У04К (4места/5метров) чер. IEK,2026-08-01,0.2937024628872709,8.0,0.0,0.2041241452319315,1.0,0.0,0,LOW,Прогноз 0 шт.; остаток 8; в пути 0; страховой запас 0; MOQ 1.0.
IEK,010800012_,ВА 88-35 (3ф) 200А IEK (1/6),2026-08-01,29.910299176952584,116.0,18.0,7.344499075271692,1.0,0.0,0,LOW,Прогноз 30 шт.; остаток 116; в пути 18; страховой запас 7; MOQ 1.0.
IEK,151000369_,"Датчик движения ДД 008 черный,до 1100 Вт,дальность 12 м IP44 IEK (48)",2026-08-01,4.163463868434816,21.0,10.0,2.0896570691543306,1.0,0.0,0,LOW,Прогноз 4 шт.; остаток 21; в пути 10; страховой запас 2; MOQ 1.0.
IEK,030201100_," Рамка 1-мест. ""BRITE""  металл алюм. RE AL  IEK  (1/100)",2026-08-01,0.18855328287476966,18.0,0.0,4.490731195102493,1.0,0.0,0,LOW,Прогноз 0 шт.; остаток 18; в пути 0; страховой запас 4; MOQ 1.0.
IEK,251400065_,ЩРН  12 (1х12мод) 335х310х140 IP54 TITAN 5 IEK,2026-08-01,2.2447777116814023,17.0,0.0,1.7224014243685082,1.0,0.0,0,LOW,Прогноз 2 шт.; остаток 17; в пути 0; страховой запас 2; MOQ 1.0.
IEK,130300774_,Розетка для плиты РПпл10-01-Ст з/к о/у 32А белая IEK,2026-08-01,0.6240219794341277,2.0,0.0,1.3291601358251246,10.0,0.0,0,LOW,Прогноз 1 шт.; остаток 2; в пути 0; страховой запас 1; MOQ 10.0.
IEK,010800016_,ВА 88-32 (3ф)  63А IEK (1/20),2026-08-01,22.1849244595574,75.0,30.0,5.465802777268864,1.0,0.0,0,LOW,Прогноз 22 шт.; остаток 75; в пути 30; страховой запас 5; MOQ 1.0.
IEK,290100138_,У04К (4места/3метра) чер. IEK,2026-08-01,0.9288288787819313,4.0,2.0,1.211060141638996,1.0,0.0,0,LOW,Прогноз 1 шт.; остаток 4; в пути 2; страховой запас 1; MOQ 1.0.
IEK,280100012_,Кабель-канал 60х40 белый ЭЛЕКОР IEK (18),2026-08-01,222.32409705542946,374.0,540.0,95.31351775412902,18.0,0.0,0,LOW,Прогноз 222 шт.; остаток 374; в пути 540; страховой запас 95; MOQ 18.0.
IEK,030200827_,"Роз. с з/к/ш 16А б/рамки ""BRITE"" бежевый (1/100)",2026-08-01,194.67738754258812,610.0,0.0,110.45345927885946,1.0,0.0,0,LOW,Прогноз 195 шт.; остаток 610; в пути 0; страховой запас 110; MOQ 1.0.
IEK,290100143_,У05К (5мест/5метров) чер. IEK,2026-08-01,1.5271260464542893,9.0,20.0,1.2942179105544787,1.0,0.0,0,LOW,Прогноз 2 шт.; остаток 9; в пути 20; страховой запас 1; MOQ 1.0.
IEK,030200828_,"Выкл 1-кл. 10А б/рамки ""BRITE"" бежевый (1/100)",2026-08-01,82.42737626877651,317.0,0.0,49.7319481487169,1.0,0.0,0,LOW,Прогноз 82 шт.; остаток 317; в пути 0; страховой запас 50; MOQ 1.0.
IEK,130600154_,Термостат от 0 до 60 °C NO IEK (200) NEW,2026-08-01,13.638520256868908,73.0,0.0,30.29425137986855,10.0,0.0,0,LOW,Прогноз 14 шт.; остаток 73; в пути 0; страховой запас 30; MOQ 10.0.
IEK,130300772_, Трубы гибкая двустенная красная (с протяжкой)   Ø90 IEK (50),2026-08-01,1881.2728165115404,3827.0,0.0,391.87366161387587,50.0,0.0,0,LOW,Прогноз 1881 шт.; остаток 3827; в пути 0; страховой запас 392; MOQ 50.0.
IEK,280100010_,Кабель-канал 40х25 белый ЭЛЕКОР IEK (24),2026-08-01,731.9297314806468,958.0,0.0,108.59036175769178,24.0,0.0,0,LOW,Прогноз 732 шт.; остаток 958; в пути 0; страховой запас 109; MOQ 24.0.
IEK,030200829_,"Выкл 1-кл. с инд. 10А б/рамки ""BRITE"" бежевый (1/100)",2026-08-01,0.15073506569488074,9.0,0.0,2.2894686428659963,1.0,0.0,0,LOW,Прогноз 0 шт.; остаток 9; в пути 0; страховой запас 2; MOQ 1.0.
IEK,030200891_,"Заглушка c суппортом ""BRITE"" графит (1/200)",2026-08-01,0.01765349889487241,5.0,0.0,0.4183300132670378,1.0,0.0,0,LOW,Прогноз 0 шт.; остаток 5; в пути 0; страховой запас 0; MOQ 1.0.
IEK,270300254_,Ящик  ЯТП(укп) 230/36 IP54 IEK (1),2026-08-01,0.15138144299006184,11.0,0.0,0.0,1.0,0.0,0,LOW,Прогноз 0 шт.; остаток 11; в пути 0; страховой запас 0; MOQ 1.0.
IEK,010800010_,ВА 88-32 (3ф)  32А IEK (1/20),2026-08-01,15.16249635675376,57.0,50.0,5.856620185738525,1.0,0.0,0,LOW,Прогноз 15 шт.; остаток 57; в пути 50; страховой запас 6; MOQ 1.0.
IEK,280100011_,Кабель-канал 40х40 белый ЭЛЕКОР IEK (24),2026-08-01,71.70454444713688,172.0,72.0,15.896540504147644,24.0,0.0,0,LOW,Прогноз 72 шт.; остаток 172; в пути 72; страховой запас 16; MOQ 24.0.
IEK,151000084_,НПП 1402-60  черн/овал с реш. IP54 IEK(12) !!!,2026-08-01,3.9631970378199514e-08,3.0,0.0,0.0,,0.0,0,LOW,Прогноз 0 шт.; остаток 3; в пути 0; страховой запас 0; MOQ не указан.
IEK,030201099_," Рамка 1-мест. ""BRITE""  металл шамп. RE AL  IEK  (1/100)",2026-08-01,0.11409644056211735,133.0,0.0,0.2041241452320577,1.0,0.0,0,LOW,Прогноз 0 шт.; остаток 133; в пути 0; страховой запас 0; MOQ 1.0.
IEK,ст-9951312,"Вольтметр Э47 100В кл.точн. 1,5 96*96мм !!!",2026-08-01,0.0,9.0,0.0,0.0,,0.0,0,LOW,Прогноз 0 шт.; остаток 9; в пути 0; страховой запас 0; MOQ не указан.
IEK,010500018_,ВА47-29 (2ф) 10А IEK (6/72) ,2026-08-01,146.50329824270443,1216.0,0.0,51.08073674749286,6.0,0.0,0,LOW,Прогноз 147 шт.; остаток 1216; в пути 0; страховой запас 51; MOQ 6.0.
IEK,010800011_,ВА 88-32 (3ф)  40А IEK (1/20),2026-08-01,12.834310797568705,49.0,50.0,3.777124126457412,1.0,0.0,0,LOW,Прогноз 13 шт.; остаток 49; в пути 50; страховой запас 4; MOQ 1.0.
IEK,290100141_,У05 (5мест/5метров) чер. IEK,2026-08-01,0.0,0.0,0.0,0.0,1.0,0.0,0,LOW,Прогноз 0 шт.; остаток 0; в пути 0; страховой запас 0; MOQ 1.0.
IEK,251400066_,ЩРН  48 (1х48мод) 710х310х140 IP54 TITAN 5 IEK,2026-08-01,0.06508694845494675,4.0,0.0,0.40824829046386296,1.0,0.0,0,LOW,Прогноз 0 шт.; остаток 4; в пути 0; страховой запас 0; MOQ 1.0.
IEK,151000137_,Переноска УП-1Р 5м (плоск. вилка) IEK,2026-08-01,6.105129108656964,39.0,0.0,3.619392214170772,1.0,0.0,0,LOW,Прогноз 6 шт.; остаток 39; в пути 0; страховой запас 4; MOQ 1.0.
IEK,130200302_,"Датчик движения ДД 401 белый,до 800 Вт,дальность 8 м IP20 IEK (50)",2026-08-01,0.5331502776831548,1.0,0.0,0.0,1.0,0.0,0,LOW,Прогноз 1 шт.; остаток 1; в пути 0; страховой запас 0; MOQ 1.0.
IEK,130300773_,Розетка для плиты РПпл11-01-Ст з/к c/у 32А белая IEK ,2026-08-01,0.6438512914421808,3.0,0.0,0.8366600265340718,10.0,0.0,0,LOW,Прогноз 1 шт.; остаток 3; в пути 0; страховой запас 1; MOQ 10.0.
IEK,130200340_,Пассатижи Expert 180мм IEK,2026-08-01,0.0,0.0,0.0,0.0,,0.0,0,LOW,Прогноз 0 шт.; остаток 0; в пути 0; страховой запас 0; MOQ не указан.
IEK,150101201_,Светильник уличный 5104 потолочный GX53 IP65 черный IEK,2026-08-01,3.0893855300443716,22.0,0.0,5.558776843874919,1.0,0.0,0,LOW,Прогноз 3 шт.; остаток 22; в пути 0; страховой запас 6; MOQ 1.0.
IEK,270300261_,Обогреватель на DIN-рейку 15Вт IP20 IEK (50) NEW,2026-08-01,0.2634357240624872,7.0,0.0,0.9874208829065751,1.0,0.0,0,LOW,Прогноз 0 шт.; остаток 7; в пути 0; страховой запас 1; MOQ 1.0.
IEK,280100003_,Кабель-канал 12х12 белый ЭЛЕКОР IEK (120),2026-08-01,30.157837074502098,58.0,0.0,20.663171747499575,120.0,0.0,0,LOW,Прогноз 30 шт.; остаток 58; в пути 0; страховой запас 21; MOQ 120.0.
IEK,030200835_,"Роз. 2-я с з/к/ш 16А в сб. ""BRITE"" бежевый (1/100)",2026-08-01,1.8223145774827991,11.0,0.0,2.7643564651952284,1.0,0.0,0,LOW,Прогноз 2 шт.; остаток 11; в пути 0; страховой запас 3; MOQ 1.0.
IEK,010700166_,УЗО АВДТ 4(ф) 63А 30мА ARMAT IEK (3),2026-08-01,0.030050735209764243,15.0,0.0,0.408248290463863,3.0,0.0,0,LOW,Прогноз 0 шт.; остаток 15; в пути 0; страховой запас 0; MOQ 3.0.
IEK,290200128_,"Катушка УК10 4мест. 2P+PE/10м 3х1,5мм2 автосм. TWIST IEK",2026-08-01,5.691657922840758e-07,3.0,0.0,0.0,,0.0,0,LOW,Прогноз 0 шт.; остаток 3; в пути 0; страховой запас 0; MOQ не указан.
IEK,130600206_,Розетка ORS-M для реле ORM 2C ONI ORS-M-1-2-G NEW,2026-08-01,0.0,5.0,0.0,0.0,,0.0,0,LOW,Прогноз 0 шт.; остаток 5; в пути 0; страховой запас 0; MOQ не указан.
IEK,030200886_,"Заглушка с суппортом ""BRITE"" белый (1/200)",2026-08-01,4.1103199310850504,19.0,0.0,1.8641351882307184,1.0,0.0,0,LOW,Прогноз 4 шт.; остаток 19; в пути 0; страховой запас 2; MOQ 1.0.
IEK,150101202_,Светильник уличный 5104 потолочный GX53 IP65 серый IEK,2026-08-01,6.806823602808348e-05,16.0,4.0,0.0,1.0,0.0,0,LOW,Прогноз 0 шт.; остаток 16; в пути 4; страховой запас 0; MOQ 1.0.
IEK,030201093_," Рамка 1-мест. ""BRITE""  стекло песчаный RE  IEK  (1/100)",2026-08-01,1.1379404066297756,30.0,0.0,5.344779384283946,1.0,0.0,0,LOW,Прогноз 1 шт.; остаток 30; в пути 0; страховой запас 5; MOQ 1.0.
IEK,010500025_,ВА47-29 (2ф) 63А IEK (6/72),2026-08-01,438.1150829410494,1416.0,480.0,464.4253886973306,6.0,0.0,0,LOW,Прогноз 438 шт.; остаток 1416; в пути 480; страховой запас 464; MOQ 6.0.
IEK,010700167_,УЗО АВДТ 1P+NP 6 А 30мА ARMAT IEK (12),2026-08-01,0.0,9.0,0.0,0.0,12.0,0.0,0,LOW,Прогноз 0 шт.; остаток 9; в пути 0; страховой запас 0; MOQ 12.0.
IEK,290200127_,"Катушка УК25 1мест. 2P+PE/25м+2м 3х1,5мм2 автосм. TWIST IEK",2026-08-01,0.9216376360481551,3.0,0.0,1.114300976696452,1.0,0.0,0,LOW,Прогноз 1 шт.; остаток 3; в пути 0; страховой запас 1; MOQ 1.0.
IEK,251400072_,ЩРН 180 (3х60мод) 835х830х140 IP54 TITAN 5 IEK,2026-08-01,0.0189419498450736,4.0,0.0,0.0,1.0,0.0,0,LOW,Прогноз 0 шт.; остаток 4; в пути 0; страховой запас 0; MOQ 1.0.
IEK,130200419_,Бокорезы усиленные 180мм K4 ARMA2L 5 IEK (1),2026-08-01,0.1702446964244556,2.0,0.0,0.41833001326703534,1.0,0.0,0,LOW,Прогноз 0 шт.; остаток 2; в пути 0; страховой запас 0; MOQ 1.0.
IEK,130200420_,Тонкогубцы 160мм K4 ARMA2L 5 IEK (1),2026-08-01,0.4464202499479005,3.0,0.0,1.140175425099138,1.0,0.0,0,LOW,Прогноз 0 шт.; остаток 3; в пути 0; страховой запас 1; MOQ 1.0.
IEK,290200129_,"Катушка УК10 2P+PE/10м 3х1,5мм2 КГ автосм. IP44 TWIST IEK",2026-08-01,2.3510151694348848e-08,3.0,0.0,0.0,,0.0,0,LOW,Прогноз 0 шт.; остаток 3; в пути 0; страховой запас 0; MOQ не указан.
IEK,030201091_," Рамка 1-мест. ""BRITE""  стекло черн. RE  IEK  (1/100)",2026-08-01,0.8195791353842872,48.0,0.0,3.6696957185394363,1.0,0.0,0,LOW,Прогноз 1 шт.; остаток 48; в пути 0; страховой запас 4; MOQ 1.0.
IEK,251400074_,ЩРВ  12 (1х12мод) 380х365х130 IP31 TITAN 5 IEK,2026-08-01,0.0,1.0,0.0,0.2041241452319315,1.0,0.0,0,LOW,Прогноз 0 шт.; остаток 1; в пути 0; страховой запас 0; MOQ 1.0.
IEK,150101199_,Светильник уличный 5221 настенный 2хGU10 IP65 серый IEK,2026-08-01,0.07461307820105906,23.0,0.0,0.40824829046386757,1.0,0.0,0,LOW,Прогноз 0 шт.; остаток 23; в пути 0; страховой запас 0; MOQ 1.0.
IEK,010700163_,УЗО АВДТ 2(ф) 63А 30мА ARMAT IEK (6),2026-08-01,0.28828417588126615,14.0,0.0,1.1254628677422753,6.0,0.0,0,LOW,Прогноз 0 шт.; остаток 14; в пути 0; страховой запас 1; MOQ 6.0.
IEK,030201031_,BRITE Розетка 1-я с/з с/щ и крышкой 16А IP44 РСбш10-3-44-БрА алюминий IEK,2026-08-01,0.0,0.0,0.0,0.0,1.0,0.0,0,LOW,Прогноз 0 шт.; остаток 0; в пути 0; страховой запас 0; MOQ 1.0.
IEK,290200131_,"Катушка УК20 4мест. 2P+PE/20м 3х1,5мм2 автосм. TWIST IEK",2026-08-01,0.021206271696776312,7.0,0.0,0.20412414523193084,1.0,0.0,0,LOW,Прогноз 0 шт.; остаток 7; в пути 0; страховой запас 0; MOQ 1.0.
IEK,130200423_,Бокорезы 180мм K4 ARMA2L 5 IEK (1),2026-08-01,2.108782395104196,14.0,6.0,1.6431676725154976,1.0,0.0,0,LOW,Прогноз 2 шт.; остаток 14; в пути 6; страховой запас 2; MOQ 1.0.
IEK,010700165_,УЗО АВДТ 4(ф) 40А 30мА ARMAT IEK (3),2026-08-01,0.0,2.0,0.0,0.6324555320336759,3.0,0.0,0,LOW,Прогноз 0 шт.; остаток 2; в пути 0; страховой запас 1; MOQ 3.0.
IEK,280100002_,Кабель-канал 100х60 белый ЭЛЕКОР IEK (8),2026-08-01,110.21900080041938,366.0,360.0,81.77204086157242,8.0,0.0,0,LOW,Прогноз 110 шт.; остаток 366; в пути 360; страховой запас 82; MOQ 8.0.
IEK,010700164_,УЗО АВДТ 4(ф) 25А 30мА ARMAT IEK (3),2026-08-01,0.0,1.0,0.0,0.4183300132670378,3.0,0.0,0,LOW,Прогноз 0 шт.; остаток 1; в пути 0; страховой запас 0; MOQ 3.0.
IEK,130300608_,"ЗОИ 16-70/1,5-10 IEK (35) (140)",2026-08-01,153.11304377080418,448.0,0.0,84.23028948464253,35.0,0.0,0,LOW,Прогноз 153 шт.; остаток 448; в пути 0; страховой запас 84; MOQ 35.0.
IEK,290200130_,"Катушка УК15 2P+PE/15м 3х1,5мм2 КГ автосм. IP44 TWIST IEK",2026-08-01,0.01894189062302914,12.0,0.0,0.5163977794943223,,0.0,0,LOW,Прогноз 0 шт.; остаток 12; в пути 0; страховой запас 1; MOQ не указан.
IEK,150101200_,Светильник уличный 5104 потолочный GX53 IP65 белый IEK,2026-08-01,0.45714786755580633,26.0,0.0,1.8371173070873836,1.0,0.0,0,LOW,Прогноз 0 шт.; остаток 26; в пути 0; страховой запас 2; MOQ 1.0.
IEK,030201092_," Рамка 1-мест. ""BRITE""  стекло графит RE  IEK  (1/100)",2026-08-01,0.027075270119124598,13.0,0.0,1.402378931197508,1.0,0.0,0,LOW,Прогноз 0 шт.; остаток 13; в пути 0; страховой запас 1; MOQ 1.0.
IEK,251400073_,ЩРН 216 (3х72мод) 960х830х140 IP54 TITAN 5 IEK,2026-08-01,7.385451159152713e-07,1.0,0.0,0.0,1.0,0.0,0,LOW,Прогноз 0 шт.; остаток 1; в пути 0; страховой запас 0; MOQ 1.0.
IEK,030200836_,"Рамка 1-мест. ""BRITE"" бежевый (1/100)",2026-08-01,259.6125713143757,708.0,0.0,217.0591509243506,1.0,0.0,0,LOW,Прогноз 260 шт.; остаток 708; в пути 0; страховой запас 217; MOQ 1.0.
IEK,010700168_,УЗО АВДТ 1P+NP 10 А 30мА ARMAT IEK (12),2026-08-01,0.1587770115948583,15.0,0.0,0.2041241452319315,12.0,0.0,0,LOW,Прогноз 0 шт.; остаток 15; в пути 0; страховой запас 0; MOQ 12.0.
IEK,290200126_,"Катушка УК15 1мест. 2P+PE/15м+2м 3х1,5мм2 автосм.TWIST IEK",2026-08-01,0.22429069411781452,3.0,0.0,0.408248290463863,1.0,0.0,0,LOW,Прогноз 0 шт.; остаток 3; в пути 0; страховой запас 0; MOQ 1.0.
IEK,280100004_,Кабель-канал 16х16 белый ЭЛЕКОР IEK (84),2026-08-01,237.83689813980018,1207.0,0.0,67.80001229105126,84.0,0.0,0,LOW,Прогноз 238 шт.; остаток 1207; в пути 0; страховой запас 68; MOQ 84.0.
IEK,010500023_,ВА47-29 (2ф) 40А IEK (6/72) ,2026-08-01,526.8116044655225,1873.0,0.0,110.71931478593365,6.0,0.0,0,LOW,Прогноз 527 шт.; остаток 1873; в пути 0; страховой запас 111; MOQ 6.0.
IEK,290200009_,УК40 Катушка (40м) IEK,2026-08-01,0.04008610761888743,5.0,0.0,0.2041241452319315,1.0,0.0,0,LOW,Прогноз 0 шт.; остаток 5; в пути 0; страховой запас 0; MOQ 1.0.
IEK,130200414_,Сумка монтажника с пластиковым дном BG-02 ARMA2L 5 IEK (1),2026-08-01,6.232892477951671e-07,3.0,0.0,0.0,1.0,0.0,0,LOW,Прогноз 0 шт.; остаток 3; в пути 0; страховой запас 0; MOQ 1.0.
IEK,250600175_,ЩРН-П  8 модулей навесн. пластик IP41 GENERICA (20),2026-08-01,6.946061557106304,33.0,0.0,2.09165006633536,,0.0,0,LOW,Прогноз 7 шт.; остаток 33; в пути 0; страховой запас 2; MOQ не указан.
IEK,010700172_,УЗО АВДТ 1P+NP 32 А 30мА ARMAT IEK (1),2026-08-01,0.0,2.0,0.0,0.2581988897471614,1.0,0.0,0,LOW,Прогноз 0 шт.; остаток 2; в пути 0; страховой запас 0; MOQ 1.0.
IEK,290200008_,УК30 Катушка (30м) IEK,2026-08-01,2.029236637967973,9.0,0.0,2.0103896803024695,1.0,0.0,0,LOW,Прогноз 2 шт.; остаток 9; в пути 0; страховой запас 2; MOQ 1.0.
IEK,030201095_," Рамка 1-мест. ""BRITE""  металл алюм. RE  IEK  (1/100)",2026-08-01,1.3287152129539269e-05,10.0,0.0,0.2041241452319315,1.0,0.0,0,LOW,Прогноз 0 шт.; остаток 10; в пути 0; страховой запас 0; MOQ 1.0.
IEK,251400070_,ЩРН  96 (2х48мод) 710х570х140 IP54 TITAN 5 IEK,2026-08-01,1.9096140871655658,6.0,0.0,0.6645800679125622,1.0,0.0,0,LOW,Прогноз 2 шт.; остаток 6; в пути 0; страховой запас 1; MOQ 1.0.
IEK,251400118_,ЩМП  700х500х200 IP66  TITAN 5 IEK,2026-08-01,0.003429929050870574,13.0,0.0,0.41833001326703556,1.0,0.0,0,LOW,Прогноз 0 шт.; остаток 13; в пути 0; страховой запас 0; MOQ 1.0.
IEK,130200413_,Сумка монтажника универсальная BG-04 ARMA2L 5 IEK (1),2026-08-01,0.0,1.0,2.0,0.2041241452319315,1.0,0.0,0,LOW,Прогноз 0 шт.; остаток 1; в пути 2; страховой запас 0; MOQ 1.0.
IEK,130300769_,Переходник Е27-Е40  ПР27-40-К02 IEK (50) ,2026-08-01,0.0005687975820309654,34.0,0.0,1.0206207261596576,,0.0,0,LOW,Прогноз 0 шт.; остаток 34; в пути 0; страховой запас 1; MOQ не указан.
IEK,030201022_,"Роз. 1-мест. с з/к 16А б/рамки ""BRITE"" темная бронза (1/100)",2026-08-01,17.493795314832134,187.0,0.0,13.17478652578476,1.0,0.0,0,LOW,Прогноз 17 шт.; остаток 187; в пути 0; страховой запас 13; MOQ 1.0.
IEK,010700175_,Распределительное устройство  РУСп – 3х16/3+2х16/5 У1 IP44,2026-08-01,1.0780233530958841e-06,1.0,0.0,0.0,1.0,0.0,0,LOW,Прогноз 0 шт.; остаток 1; в пути 0; страховой запас 0; MOQ 1.0.
IEK,290200006_,УК50 Катушка (50м) IEK,2026-08-01,4.283653336709259,9.0,2.0,3.1211643126670956,1.0,0.0,0,LOW,Прогноз 4 шт.; остаток 9; в пути 2; страховой запас 3; MOQ 1.0.
IEK,010500022_,ВА47-29 (2ф) 32А IEK (6/72) ,2026-08-01,1182.435974029202,3731.0,720.0,99.0370721834336,6.0,0.0,0,LOW,Прогноз 1182 шт.; остаток 3731; в пути 720; страховой запас 99; MOQ 6.0.
IEK,280100006_,Кабель-канал 15х10 белый ЭЛЕКОР IEK (144) ,2026-08-01,67.92629233430118,732.0,0.0,83.30346131264089,144.0,0.0,0,LOW,Прогноз 68 шт.; остаток 732; в пути 0; страховой запас 83; MOQ 144.0.
IEK,030200832_,"Роз. комп. RJ45 кат.5E б/рамки ""BRITE"" бежевый (1/100)",2026-08-01,19.016533664320363,61.0,0.0,25.156841349157222,1.0,0.0,0,LOW,Прогноз 19 шт.; остаток 61; в пути 0; страховой запас 25; MOQ 1.0.
IEK,150101209_,Светильник уличный 5113 настенный 2хGU10 IP65 серый IEK,2026-08-01,0.11618476629397141,30.0,0.0,0.0,1.0,0.0,0,LOW,Прогноз 0 шт.; остаток 30; в пути 0; страховой запас 0; MOQ 1.0.
IEK,010700171_,УЗО АВДТ 1P+NP 25 А 30мА ARMAT IEK (12),2026-08-01,0.0,7.0,0.0,1.6931233465600393,12.0,0.0,0,LOW,Прогноз 0 шт.; остаток 7; в пути 0; страховой запас 2; MOQ 12.0.
IEK,030200833_,"Выкл 1-кл. прох. 10А б/рамки ""BRITE"" бежевый (1/100)",2026-08-01,5.354389512763806,49.0,0.0,4.191260749066639,1.0,0.0,0,LOW,Прогноз 5 шт.; остаток 49; в пути 0; страховой запас 4; MOQ 1.0.
IEK,280100005_,Кабель-канал 20х10 белый ЭЛЕКОР IEK (96),2026-08-01,51.08186790982335,282.0,0.0,21.87616663555729,96.0,0.0,0,LOW,Прогноз 51 шт.; остаток 282; в пути 0; страховой запас 22; MOQ 96.0.
IEK,150101204_,Светильник уличный 5110 потолочный GU10 IP65 черный IEK,2026-08-01,0.0,0.0,0.0,0.0,1.0,0.0,0,LOW,Прогноз 0 шт.; остаток 0; в пути 0; страховой запас 0; MOQ 1.0.
IEK,130200418_,Рюкзак монтажника с резиновым дном BP-07 ARMA2L 5 IEK (1),2026-08-01,0.13785458790641864,2.0,0.0,0.0,1.0,0.0,0,LOW,Прогноз 0 шт.; остаток 2; в пути 0; страховой запас 0; MOQ 1.0.
IEK,030200834_,"Роз. 2-мест. с з/к 16А в сборе ""BRITE"" ""BRITE"" бежевый (1/100)",2026-08-01,20.05615431515981,92.0,0.0,12.86759495787772,1.0,0.0,0,LOW,Прогноз 20 шт.; остаток 92; в пути 0; страховой запас 13; MOQ 1.0.
IEK,010700169_,УЗО АВДТ 1P+NP 16 А 30мА ARMAT IEK (12),2026-08-01,2.3573035803182174,27.0,0.0,6.532610504231822,12.0,0.0,0,LOW,Прогноз 2 шт.; остаток 27; в пути 0; страховой запас 7; MOQ 12.0.
IEK,010500024_,ВА47-29 (2ф) 50А IEK (6/72) ,2026-08-01,140.35502103603227,779.0,144.0,129.3219818901643,6.0,0.0,0,LOW,Прогноз 140 шт.; остаток 779; в пути 144; страховой запас 129; MOQ 6.0.
IEK,130200416_,Сумка монтажника открытого типа BG-05 ARMA2L 5 IEK (1),2026-08-01,9.798779311995705e-07,2.0,0.0,0.20412414523193154,1.0,0.0,0,LOW,Прогноз 0 шт.; остаток 2; в пути 0; страховой запас 0; MOQ 1.0.
IEK,030201094_," Рамка 1-мест. ""BRITE""  металл черн. RE  IEK  (1/100)",2026-08-01,0.0,19.0,0.0,5.200160253940898,1.0,0.0,0,LOW,Прогноз 0 шт.; остаток 19; в пути 0; страховой запас 5; MOQ 1.0.
IEK,251400071_,ЩРН 168 (2х84мод) 1085х570х140 IP54 TITAN 5 IEK,2026-08-01,0.0,3.0,0.0,0.408248290463863,1.0,0.0,0,LOW,Прогноз 0 шт.; остаток 3; в пути 0; страховой запас 0; MOQ 1.0.
IEK,030200889_,"Заглушка c суппортом ""BRITE"" алюминий (1/200)",2026-08-01,0.27034746137094195,88.0,0.0,0.6645800679125629,1.0,0.0,0,LOW,Прогноз 0 шт.; остаток 88; в пути 0; страховой запас 1; MOQ 1.0.
IEK,270300260_,Обогреватель на DIN-рейку (встр. вентилятор) 100 Вт IP20 IEK (20) NEW(20) NEW,2026-08-01,0.0005811798474565715,2.0,0.0,0.2041241452319315,1.0,0.0,0,LOW,Прогноз 0 шт.; остаток 2; в пути 0; страховой запас 0; MOQ 1.0.
IEK,130200415_,Сумка монтажника с пластиковым дном BG-03 ARMA2L 5 IEK (1),2026-08-01,7.542830141567173e-07,2.0,0.0,0.0,1.0,0.0,0,LOW,Прогноз 0 шт.; остаток 2; в пути 0; страховой запас 0; MOQ 1.0.
IEK,130300765_,"Датчик движения МВ 401 белый, 1200 Вт, 360гр. дальность 8 м IP20 IEK (100)",2026-08-01,1.0549944990831603,16.0,0.0,1.6046806535881275,1.0,0.0,0,LOW,Прогноз 1 шт.; остаток 16; в пути 0; страховой запас 2; MOQ 1.0.
IEK,130600204_,Розетка ORS-G-1-2 для реле OGR-1 2C ONI ORS-G-1-2-G NEW,2026-08-01,0.2516087697652128,18.0,0.0,3.098386676965935,,0.0,0,LOW,Прогноз 0 шт.; остаток 18; в пути 0; страховой запас 3; MOQ не указан.
IEK,030201082_," Рамка 3-мест. ""BRITE""  бел. рифленый  IEK  (1/100)",2026-08-01,0.0,7.0,0.0,0.25819888974716115,1.0,0.0,0,LOW,Прогноз 0 шт.; остаток 7; в пути 0; страховой запас 0; MOQ 1.0.
IEK,010700137_,ARMAT (1ф) 25А C IEK (1),2026-08-01,31.626498527165005,138.0,0.0,17.929491533969028,1.0,0.0,0,LOW,Прогноз 32 шт.; остаток 138; в пути 0; страховой запас 18; MOQ 1.0.
IEK,130900010_,Переключатель ANC-22-2 (красный неон на 2 полож)  IEK (10/200),2026-08-01,0.8560034036138265,29.0,0.0,1.0206207261596554,10.0,0.0,0,LOW,Прогноз 1 шт.; остаток 29; в пути 0; страховой запас 1; MOQ 10.0.
IEK,130300154_,"Кнопка APBB-22N ""ПУСК-СТОП"" Ø22мм IEK(10/200)",2026-08-01,37.602244942558144,353.0,80.0,17.235622027262828,10.0,0.0,0,LOW,Прогноз 38 шт.; остаток 353; в пути 80; страховой запас 17; MOQ 10.0.
IEK,270300287_,Вентилятор с фильтром ВФИ 65 м3/час IP55 IEK (20) NEW,2026-08-01,3.3741522225404132,15.0,25.0,2.6028830169640744,1.0,0.0,0,LOW,Прогноз 3 шт.; остаток 15; в пути 25; страховой запас 3; MOQ 1.0.
IEK,251400105_,ЩМП  500х400х150 IP66  TITAN 5 IEK,2026-08-01,1.1202546724593913e-06,2.0,0.0,0.2041241452319315,1.0,0.0,0,LOW,Прогноз 0 шт.; остаток 2; в пути 0; страховой запас 0; MOQ 1.0.
IEK,030201054_," Рамка 3-мест. ""BRITE""  бел./бел.  IEK  (1/100)",2026-08-01,0.0,13.0,0.0,0.2041241452319315,1.0,0.0,0,LOW,Прогноз 0 шт.; остаток 13; в пути 0; страховой запас 0; MOQ 1.0.
IEK,030200860_," Рамка 3-мест. ""BRITE"" стекло черный (1/50)",2026-08-01,0.03609581993002807,3.0,0.0,0.2041241452319315,1.0,0.0,0,LOW,Прогноз 0 шт.; остаток 3; в пути 0; страховой запас 0; MOQ 1.0.
IEK,EPK10-04-02-K01,"Пкб27-04-К01 Патрон подвесной карболитовый, Е27, черный, индивидуальный пакет, IEK E-PRO",2026-08-01,0.5849619960242753,30.0,0.0,2.768874620972692,,0.0,0,LOW,Прогноз 1 шт.; остаток 30; в пути 0; страховой запас 3; MOQ не указан.
IEK,130300152_,Приставка ПКИ 22 2з+2р IEK (1/250),2026-08-01,63.44593072675823,283.0,50.0,21.886068628239308,1.0,0.0,0,LOW,Прогноз 63 шт.; остаток 283; в пути 50; страховой запас 22; MOQ 1.0.
IEK,010500093_,ВА47-29 (4ф) 32А IEK (3/36),2026-08-01,16.217577750944983,61.0,0.0,4.747806511081365,3.0,0.0,0,LOW,Прогноз 16 шт.; остаток 61; в пути 0; страховой запас 5; MOQ 3.0.
IEK,010700001_, BA 47-100 (3ф)  63А IEK (4/40),2026-08-01,59.25944350931443,127.0,40.0,21.77613372479146,4.0,0.0,0,LOW,Прогноз 59 шт.; остаток 127; в пути 40; страховой запас 22; MOQ 4.0.
IEK,EL-KK10-040-025-1-K0,Кабель-канал 40х25 черный ЭЛЕКОР IEK (за штуку) (24),2026-08-01,0.0,2.0,0.0,0.408248290463863,24.0,0.0,0,LOW,Прогноз 0 шт.; остаток 2; в пути 0; страховой запас 0; MOQ 24.0.
IEK,030201070_," Рамка 3-мест. ""BRITE""  алюм./алюм.  IEK  (1/100)",2026-08-01,4.294749977811647e-05,29.0,0.0,0.0,1.0,0.0,0,LOW,Прогноз 0 шт.; остаток 29; в пути 0; страховой запас 0; MOQ 1.0.
IEK,251400095_,ЩМП  300х400х200 IP66  TITAN 5 IEK,2026-08-01,0.021209686456801293,3.0,0.0,0.6123724356957945,1.0,0.0,0,LOW,Прогноз 0 шт.; остаток 3; в пути 0; страховой запас 1; MOQ 1.0.
IEK,130900012_, Переключатель ANC-22-2 (зеленый неон на 2 полож)  IEK (10/200),2026-08-01,13.430639630448438,130.0,0.0,4.037325847637274,10.0,0.0,0,LOW,Прогноз 13 шт.; остаток 130; в пути 0; страховой запас 4; MOQ 10.0.
IEK,130900013_, ВКИ-216 3Р 10А 230\400В IP40 IEK (10/120),2026-08-01,1.9720720114117345,29.0,0.0,0.6831300510639748,10.0,0.0,0,LOW,Прогноз 2 шт.; остаток 29; в пути 0; страховой запас 1; MOQ 10.0.
IEK,251400096_,ЩМП  400х300х150 IP66  TITAN 5 IEK,2026-08-01,0.24553199068944323,17.0,0.0,3.158322339470751,1.0,0.0,0,LOW,Прогноз 0 шт.; остаток 17; в пути 0; страховой запас 3; MOQ 1.0.
IEK,010500094_,ВА47-29 (4ф) 40А IEK (3/36),2026-08-01,12.134424252915103,32.0,15.0,2.8225284173355365,3.0,0.0,0,LOW,Прогноз 12 шт.; остаток 32; в пути 15; страховой запас 3; MOQ 3.0.
IEK,030201068_," Рамка 2-мест. ""BRITE""  беж./шамп.  IEK  (1/100)",2026-08-01,0.0,20.0,0.0,3.5213633723318023,1.0,0.0,0,LOW,Прогноз 0 шт.; остаток 20; в пути 0; страховой запас 4; MOQ 1.0.
IEK,130900007_, Переключатель ANCLR 22-3 (красный неон на 3 полож.) IEK (10/200),2026-08-01,0.017607039774406717,4.0,0.0,1.2549900398011136,10.0,0.0,0,LOW,Прогноз 0 шт.; остаток 4; в пути 0; страховой запас 1; MOQ 10.0.
IEK,010500095_,ВА47-29 (4ф) 63А IEK (3/36),2026-08-01,19.601063099242843,37.0,0.0,8.029113691228105,3.0,0.0,0,LOW,Прогноз 20 шт.; остаток 37; в пути 0; страховой запас 8; MOQ 3.0.
IEK,251400097_,ЩМП  400х400х150 IP66  TITAN 5 IEK,2026-08-01,6.989420431266805e-07,3.0,0.0,0.0,1.0,0.0,0,LOW,Прогноз 0 шт.; остаток 3; в пути 0; страховой запас 0; MOQ 1.0.
IEK,010500153_,ВА47-29 (2ф)  50А GENERICA (6/72) !!!,2026-08-01,0.0,50.0,0.0,0.0,,0.0,0,LOW,Прогноз 0 шт.; остаток 50; в пути 0; страховой запас 0; MOQ не указан.
IEK,270300286_,Вентилятор с фильтром ВФИ 24 м3/час IP55 IEK (30) NEW,2026-08-01,1.712881770315264,10.0,0.0,1.6355427233796125,1.0,0.0,0,LOW,Прогноз 2 шт.; остаток 10; в пути 0; страховой запас 2; MOQ 1.0.
IEK,030201069_," Рамка 2-мест. ""BRITE""  алюм./алюм.  IEK  (1/100)",2026-08-01,3.2275576145202997e-07,4.0,0.0,0.0,1.0,0.0,0,LOW,Прогноз 0 шт.; остаток 4; в пути 0; страховой запас 0; MOQ 1.0.
IEK,030200861_," Рамка 4-мест. ""BRITE"" стекло белый (1/50)",2026-08-01,0.03421111277547689,20.0,0.0,0.0,1.0,0.0,0,LOW,Прогноз 0 шт.; остаток 20; в пути 0; страховой запас 0; MOQ 1.0.
IEK,270300276_,Мини-обогреватель шкафной 13Вт IP54 IEK (100) NEW,2026-08-01,7.243679105471833e-07,1.0,0.0,0.0,1.0,0.0,0,LOW,Прогноз 0 шт.; остаток 1; в пути 0; страховой запас 0; MOQ 1.0.
IEK,130900008_,Кнопка ALCLR-22 (черный.на 3 полож) IEK (10/200),2026-08-01,6.48333643333563,61.0,10.0,3.942292057504956,10.0,0.0,0,LOW,Прогноз 6 шт.; остаток 61; в пути 10; страховой запас 4; MOQ 10.0.
IEK,010500160_,ВА47-29 (3ф)  32А GENERICA (4/48) !!!,2026-08-01,0.0,2.0,0.0,0.0,,0.0,0,LOW,Прогноз 0 шт.; остаток 2; в пути 0; страховой запас 0; MOQ не указан.
IEK,EPP14-04-01-K02,"Ппл27-04-К52 Патрон подвесной с шнуром, пластик, Е27, черный (50 шт), стикер на изделии, IEK E-PRO",2026-08-01,11.319791972013567,49.0,0.0,19.976027299407324,,0.0,0,LOW,Прогноз 11 шт.; остаток 49; в пути 0; страховой запас 20; MOQ не указан.
IEK,130300302_,Таймер ТЭМ 181 аналоговый 16А 230В на DIN-рейку IEK (100),2026-08-01,14.24244163335726,31.0,0.0,5.53549154697816,1.0,0.0,0,LOW,Прогноз 14 шт.; остаток 31; в пути 0; страховой запас 6; MOQ 1.0.
IEK,130900009_,Кнопка ANE-22 (грибок с фиксац.красн.неон) IEK (10/200),2026-08-01,19.033751537217523,92.0,0.0,9.448103866208651,10.0,0.0,0,LOW,Прогноз 19 шт.; остаток 92; в пути 0; страховой запас 9; MOQ 10.0.
IEK,130300166_,Основание контакт. ДП-33 габарит 00 (160А) IEK  (3/72) !!!,2026-08-01,0.0,36.0,0.0,0.0,,0.0,0,LOW,Прогноз 0 шт.; остаток 36; в пути 0; страховой запас 0; MOQ не указан.
IEK,MVA31-1-006-C, BA 47-60M (1ф)  6А 6кА С IEK !!!,2026-08-01,0.0,214.0,0.0,0.0,,0.0,0,LOW,Прогноз 0 шт.; остаток 214; в пути 0; страховой запас 0; MOQ не указан.
IEK,030200869_,"Роз 2-ая комп. RJ45 кат.5E б/рамки ""BRITE"" алюминий (1/100)",2026-08-01,4.346076314053724,39.0,0.0,20.41241452319315,1.0,0.0,0,LOW,Прогноз 4 шт.; остаток 39; в пути 0; страховой запас 20; MOQ 1.0.
IEK,130600245_,УПП SFB 3Ф 380В 18кВт 37A Uупр 110-220В Modbus ONI SFB-33-18-A-10 NEW,2026-08-01,5.069559149683763e-07,1.0,0.0,0.0,,0.0,0,LOW,Прогноз 0 шт.; остаток 1; в пути 0; страховой запас 0; MOQ не указан.
IEK,130300147_,Клещи обжимн КО-07Е 10-35мм IEK (40) ,2026-08-01,0.06502931271016911,7.0,0.0,0.20412414523193145,1.0,0.0,0,LOW,Прогноз 0 шт.; остаток 7; в пути 0; страховой запас 0; MOQ 1.0.
IEK,030200870_,"Выкл 1-кл. прох. с инд б/рамки 10А ""BRITE"" жемчуг (1/100)",2026-08-01,0.0008124200234755237,153.0,0.0,0.0,1.0,0.0,0,LOW,Прогноз 0 шт.; остаток 153; в пути 0; страховой запас 0; MOQ 1.0.
IEK,010500091_,ВА47-29 (4ф) 20А IEK (3/36),2026-08-01,4.448973983003879e-05,2.0,0.0,0.20412414523193145,3.0,0.0,0,LOW,Прогноз 0 шт.; остаток 2; в пути 0; страховой запас 0; MOQ 3.0.
IEK,CMZ11-VT-06-030,Винт с гладкой головкой и квадратным подголов. M6х30 IEK,2026-08-01,0.00048690968049562014,1299.0,0.0,0.0,,0.0,0,LOW,Прогноз 0 шт.; остаток 1299; в пути 0; страховой запас 0; MOQ не указан.
IEK,251400094_,ЩМП  300х400х150 IP66  TITAN 5 IEK,2026-08-01,5.069559149683763e-07,1.0,0.0,0.0,1.0,0.0,0,LOW,Прогноз 0 шт.; остаток 1; в пути 0; страховой запас 0; MOQ 1.0.
IEK,030201053_," Рамка 2-мест. ""BRITE""  бел./бел.  IEK  (1/100)",2026-08-01,0.0,9.0,0.0,0.0,1.0,0.0,0,LOW,Прогноз 0 шт.; остаток 9; в пути 0; страховой запас 0; MOQ 1.0.
IEK,130900020_,"Кнопка SB-7 ""ПУСК"" (зеленая Ø22мм) IEK (10/500)",2026-08-01,159.06011375347546,574.0,100.0,41.72938612856254,10.0,0.0,0,LOW,Прогноз 159 шт.; остаток 574; в пути 100; страховой запас 42; MOQ 10.0.
IEK,130300107_," ЗВИ   3 ПВХ (1,0-2,5мм ² 3А) 12 пар IEK (10)",2026-08-01,0.010622985776057947,35.0,0.0,1.1254628677422758,,0.0,0,LOW,Прогноз 0 шт.; остаток 35; в пути 0; страховой запас 1; MOQ не указан.
IEK,130300471_,Скрепа СГ-20 IEK (100),2026-08-01,0.4387370062789928,7.0,4.0,0.6123724356957908,4.0,0.0,0,LOW,Прогноз 0 шт.; остаток 7; в пути 4; страховой запас 1; MOQ 4.0.
IEK,010700030_, BA 47-100 (3ф)  32А IEK (4/40),2026-08-01,16.971474781558975,32.0,0.0,5.161556612754206,4.0,0.0,0,LOW,Прогноз 17 шт.; остаток 32; в пути 0; страховой запас 5; MOQ 4.0.
IEK,130300105_, ЗВИ 150 ПВХ (16-35мм ² 150А) 12 пар IEK (10),2026-08-01,0.0,0.0,0.0,0.0,,0.0,0,LOW,Прогноз 0 шт.; остаток 0; в пути 0; страховой запас 0; MOQ не указан.
IEK,030200871_,"Роз 2-я с кр. 16А в сб IP44 ""BRITE"" жемчуг (1/100)",2026-08-01,8.931375698052675e-05,37.0,0.0,0.0,1.0,0.0,0,LOW,Прогноз 0 шт.; остаток 37; в пути 0; страховой запас 0; MOQ 1.0.
IEK,270300273_,Обогреватель (встр. вентилятор) 400 Вт IP20 IEK (20) NEW,2026-08-01,7.532512811163504e-07,1.0,1.0,0.0,1.0,0.0,0,LOW,Прогноз 0 шт.; остаток 1; в пути 1; страховой запас 0; MOQ 1.0.
IEK,270300290_,Вентилятор с фильтром ВФИ 380 м3/час IP55 IEK (8) NEW,2026-08-01,0.11559600148463287,6.0,0.0,0.20412414523193104,1.0,0.0,0,LOW,Прогноз 0 шт.; остаток 6; в пути 0; страховой запас 0; MOQ 1.0.
IEK,030200857_," Рамка 2-мест. ""BRITE"" стекло белый (1/100)",2026-08-01,1.0066122196745406,20.0,0.0,2.0168929476366795e-07,1.0,0.0,0,LOW,Прогноз 1 шт.; остаток 20; в пути 0; страховой запас 0; MOQ 1.0.
IEK,010700031_, BA 47-100 (3ф)  40А IEK (4/40),2026-08-01,16.93704467522688,65.0,0.0,8.652552609875697,4.0,0.0,0,LOW,Прогноз 17 шт.; остаток 65; в пути 0; страховой запас 9; MOQ 4.0.
IEK,010500090_,ВА47-29 (4ф) 16А IEK (3/36),2026-08-01,5.4266961578499835,49.0,12.0,4.054832507843777,3.0,0.0,0,LOW,Прогноз 5 шт.; остаток 49; в пути 12; страховой запас 4; MOQ 3.0.
IEK,130900030_,Кнопка AELA-22 (грибок красный неон) IEK (10/200),2026-08-01,2.5055333691417867,20.0,0.0,3.7013511046643575,10.0,0.0,0,LOW,Прогноз 3 шт.; остаток 20; в пути 0; страховой запас 4; MOQ 10.0.
IEK,010700002_, BA 47-100 (3ф) 100А IEK (4/40),2026-08-01,289.5850879459188,1087.0,320.0,51.07094738368044,4.0,0.0,0,LOW,Прогноз 290 шт.; остаток 1087; в пути 320; страховой запас 51; MOQ 4.0.
IEK,010700029_, BA 47-100 (3ф)  25А IEK (4/40),2026-08-01,15.310671252080407,63.0,0.0,4.546060565661949,4.0,0.0,0,LOW,Прогноз 15 шт.; остаток 63; в пути 0; страховой запас 5; MOQ 4.0.
IEK,251400106_,ЩМП  500х400х200 IP66  TITAN 5 IEK,2026-08-01,2.1106812021912034,17.0,0.0,0.8944271909999162,1.0,0.0,0,LOW,Прогноз 2 шт.; остаток 17; в пути 0; страховой запас 1; MOQ 1.0.
IEK,270300275_,Мини-обогреватель шкафной 10Вт IP54 IEK (100) NEW,2026-08-01,3.403088543319146e-07,1.0,0.0,0.0,1.0,0.0,0,LOW,Прогноз 0 шт.; остаток 1; в пути 0; страховой запас 0; MOQ 1.0.
IEK,270300288_,Вентилятор с фильтром ВФИ 105 м3/час IP55 IEK (20) NEW,2026-08-01,2.7708349501421243,7.0,0.0,1.140175425099139,1.0,0.0,0,LOW,Прогноз 3 шт.; остаток 7; в пути 0; страховой запас 1; MOQ 1.0.
IEK,030200859_," Рамка 3-мест. ""BRITE"" стекло белый (1/50)",2026-08-01,0.0,25.0,0.0,0.408248290463863,1.0,0.0,0,LOW,Прогноз 0 шт.; остаток 25; в пути 0; страховой запас 0; MOQ 1.0.
IEK,130900014_, ВКИ-211 3Р 6А 230\400В IP40 IEK (10/120),2026-08-01,2.134001096673485,18.0,0.0,0.5244044240850677,10.0,0.0,0,LOW,Прогноз 2 шт.; остаток 18; в пути 0; страховой запас 1; MOQ 10.0.
IEK,130300143_,Заглушка для ЗНИ-10мм ² серый IEK * (1000),2026-08-01,0.0,0.0,0.0,0.0,,0.0,0,LOW,Прогноз 0 шт.; остаток 0; в пути 0; страховой запас 0; MOQ не указан.
IEK,010500092_,ВА47-29 (4ф) 25А IEK (3/36),2026-08-01,8.762561944603533,20.0,0.0,5.15751878329105,3.0,0.0,0,LOW,Прогноз 9 шт.; остаток 20; в пути 0; страховой запас 5; MOQ 3.0.
IEK,010700003_, BA 47-100 (3ф)  80А IEK (4/40),2026-08-01,108.67880301227875,502.0,120.0,12.68069398731802,4.0,0.0,0,LOW,Прогноз 109 шт.; остаток 502; в пути 120; страховой запас 13; MOQ 4.0.
IEK,130300108_, ЗВИ  15 ПВХ (4-10мм ² 15А) 12 пар IEK (10),2026-08-01,0.4137147519411496,25.0,0.0,7.956129712366433,,0.0,0,LOW,Прогноз 0 шт.; остаток 25; в пути 0; страховой запас 8; MOQ не указан.
IEK,130300142_,Заглушка для ЗНИ4-6мм2 (JXB35-50A) серый IEK!!!,2026-08-01,0.0425658429498795,10.0,0.0,2.041241452319315,,0.0,0,LOW,Прогноз 0 шт.; остаток 10; в пути 0; страховой запас 2; MOQ не указан.
IEK,130300449_,Скрепа СУ-20 IEK (100) ,2026-08-01,0.9813819862092422,5.0,0.0,0.9354143466934852,1.0,0.0,0,LOW,Прогноз 1 шт.; остаток 5; в пути 0; страховой запас 1; MOQ 1.0.
IEK,030201071_," Рамка 4-мест. ""BRITE""  алюм./алюм.  IEK  (1/100)",2026-08-01,0.0,5.0,0.0,0.0,1.0,0.0,0,LOW,Прогноз 0 шт.; остаток 5; в пути 0; страховой запас 0; MOQ 1.0.
IEK,270300289_,Вентилятор с фильтром ВФИ 200 м3/час IP55 IEK (10) NEW,2026-08-01,0.4672631390804734,2.0,0.0,1.0000000000000002,1.0,0.0,0,LOW,Прогноз 0 шт.; остаток 2; в пути 0; страховой запас 1; MOQ 1.0.
IEK,030200858_," Рамка 2-мест. ""BRITE"" стекло черный (1/100)",2026-08-01,0.018356744595698787,13.0,0.0,0.8164965809277299,1.0,0.0,0,LOW,Прогноз 0 шт.; остаток 13; в пути 0; страховой запас 1; MOQ 1.0.
IEK,130900019_,"Кнопка SB-7 ""СТОП"" (красная Ø22мм) IEK (10/500)",2026-08-01,162.6658327371521,565.0,100.0,43.07483797609304,10.0,0.0,0,LOW,Прогноз 163 шт.; остаток 565; в пути 100; страховой запас 43; MOQ 10.0.
IEK,130900017_,Кнопка AEAL-22 (грибок с фиксац.красн) IEK (10/200),2026-08-01,30.458336890128955,167.0,0.0,19.70384903176701,10.0,0.0,0,LOW,Прогноз 30 шт.; остаток 167; в пути 0; страховой запас 20; MOQ 10.0.
IEK,010500152_,ВА47-29 (2ф)  40А GENERICA (6/72) !!!,2026-08-01,0.00012432953353018223,66.0,0.0,0.0,,0.0,0,LOW,Прогноз 0 шт.; остаток 66; в пути 0; страховой запас 0; MOQ не указан.
IEK,130600254_,"Преобраз. частоты A150 380В 3Ф  5,5кВт 13А встр. торм ONI A150-33-55NT NEW(6) NEW",2026-08-01,0.017978429856273168,1.0,0.0,0.0,,0.0,0,LOW,Прогноз 0 шт.; остаток 1; в пути 0; страховой запас 0; MOQ не указан.
IEK,010500136_,ВА47-29 (3ф)  8А IEK (4/48) !!!,2026-08-01,5.208621611230144e-07,7.0,0.0,0.0,,0.0,0,LOW,Прогноз 0 шт.; остаток 7; в пути 0; страховой запас 0; MOQ не указан.
IEK,270300282_,Фильтр c защитным кожухом 125x125мм для вент-ра 55м3/час IEK (24) NEW,2026-08-01,0.0,3.0,0.0,0.5163977794943223,1.0,0.0,0,LOW,Прогноз 0 шт.; остаток 3; в пути 0; страховой запас 1; MOQ 1.0.
IEK,130600259_,Преобраз. частоты A150 380В 3Ф 11кВт 25А встр. торм ONI A150-33-11T NEW (4) NEW,2026-08-01,2.653365838483184e-07,1.0,0.0,0.0,,0.0,0,LOW,Прогноз 0 шт.; остаток 1; в пути 0; страховой запас 0; MOQ не указан.
IEK,030200865_," Рамка 1-мест. ""BRITE"" стекло дымчатый (1/100)",2026-08-01,1.748200406117164,17.0,0.0,2.2453655975512463,1.0,0.0,0,LOW,Прогноз 2 шт.; остаток 17; в пути 0; страховой запас 2; MOQ 1.0.
IEK,MNV10-3-125,Выкл. нагрузки ВН-32 (3ф) 125А IEK (4/80),2026-08-01,0.0,1.0,0.0,0.408248290463863,,0.0,0,LOW,Прогноз 0 шт.; остаток 1; в пути 0; страховой запас 0; MOQ не указан.
IEK,010500111_,Выкл. нагрузки ВН-32 (3ф)  20А IEK (4/80),2026-08-01,6.456629156914923,78.0,0.0,7.745966692414832,4.0,0.0,0,LOW,Прогноз 6 шт.; остаток 78; в пути 0; страховой запас 8; MOQ 4.0.
IEK,130300287_,"Датчик движения ДД 008 белый,до 1100 Вт,дальность 12 м IP44 IEK (48)",2026-08-01,7.351679470532601,63.0,0.0,5.868702298350636,1.0,0.0,0,LOW,Прогноз 7 шт.; остаток 63; в пути 0; страховой запас 6; MOQ 1.0.
IEK,030201065_," Рамка 1-мест. ""BRITE""  хром/черн.  IEK  (1/100)",2026-08-01,0.8073020297205388,25.0,0.0,2.010389680302466,1.0,0.0,0,LOW,Прогноз 1 шт.; остаток 25; в пути 0; страховой запас 2; MOQ 1.0.
IEK,251400103_,ЩМП  500х300х150 IP66  TITAN 5 IEK,2026-08-01,7.690116165915877e-07,2.0,0.0,0.0,1.0,0.0,0,LOW,Прогноз 0 шт.; остаток 2; в пути 0; страховой запас 0; MOQ 1.0.
IEK,130300288_,"Датчик движения ДД 010 белый,до 1100 Вт,дальность 10 м IP44 IEK (48)",2026-08-01,1.0638783650220607,11.0,0.0,2.2803508501982748,1.0,0.0,0,LOW,Прогноз 1 шт.; остаток 11; в пути 0; страховой запас 2; MOQ 1.0.
IEK,251400100_,ЩМП  400х600х150 IP66  TITAN 5 IEK,2026-08-01,0.0,1.0,0.0,0.2041241452319315,1.0,0.0,0,LOW,Прогноз 0 шт.; остаток 1; в пути 0; страховой запас 0; MOQ 1.0.
IEK,030201056_," Рамка 2-мест. ""BRITE""  беж./жемч.  IEK  (1/100)",2026-08-01,0.0,2.0,0.0,0.0,1.0,0.0,0,LOW,Прогноз 0 шт.; остаток 2; в пути 0; страховой запас 0; MOQ 1.0.
IEK,130300233_, ЗНИ 10мм ² (70А) синий  IEK (40),2026-08-01,2.3181869446972963e-08,6.0,0.0,0.0,,0.0,0,LOW,Прогноз 0 шт.; остаток 6; в пути 0; страховой запас 0; MOQ не указан.
IEK,270300278_,Обогреватель на DIN-рейку ОДР (вент.+терм.) 900Вт IP20 IEK (12) NEW,2026-08-01,0.0,2.0,0.0,1.224744871391589,1.0,0.0,0,LOW,Прогноз 0 шт.; остаток 2; в пути 0; страховой запас 1; MOQ 1.0.
IEK,251400102_,ЩМП  400х600х250 IP66  TITAN 5 IEK,2026-08-01,6.833268198016043e-07,1.0,1.0,0.0,1.0,0.0,0,LOW,Прогноз 0 шт.; остаток 1; в пути 1; страховой запас 0; MOQ 1.0.
IEK,030201063_," Рамка 1-мест. ""BRITE""  беж./шамп.  IEK  (1/100)",2026-08-01,0.17768988332554847,42.0,0.0,6.69141240695864,1.0,0.0,0,LOW,Прогноз 0 шт.; остаток 42; в пути 0; страховой запас 7; MOQ 1.0.
IEK,130300275_,Сизы-1 (9-25мм) серый IEK (100),2026-08-01,0.0,2.0,0.0,0.0,,0.0,0,LOW,Прогноз 0 шт.; остаток 2; в пути 0; страховой запас 0; MOQ не указан.
IEK,010500124_,"Переключатель LAY5-BD25 2 полож.""1-0"" стандарт ручка IEK (1/20)",2026-08-01,33.620625318474424,261.0,0.0,13.669003865193204,20.0,0.0,0,LOW,Прогноз 34 шт.; остаток 261; в пути 0; страховой запас 14; MOQ 20.0.
IEK,130600258_,"Преобраз. частоты A150 380В 3Ф  1,5кВт 5А встр. торм ONI A150-33-15NT NEW (12) NEW",2026-08-01,6.649354890169386e-07,2.0,0.0,0.0,,0.0,0,LOW,Прогноз 0 шт.; остаток 2; в пути 0; страховой запас 0; MOQ не указан.
IEK,270300281_,Фильтр c защитным кожухом 97x97мм для вент-ра 21 м3/час IEK (20) NEW,2026-08-01,0.0474511164874291,8.0,0.0,1.2006942436218584,1.0,0.0,0,LOW,Прогноз 0 шт.; остаток 8; в пути 0; страховой запас 1; MOQ 1.0.
IEK,010500122_," Переключатель LAY5-BD33 3 положения ""I-0-II"" стандарт ручка ИЕК (1/20)",2026-08-01,73.19170325205805,298.0,40.0,28.08335806131454,20.0,0.0,0,LOW,Прогноз 73 шт.; остаток 298; в пути 40; страховой запас 28; MOQ 20.0.
IEK,030201064_," Рамка 1-мест. ""BRITE""  алюм./алюм.  IEK  (1/100)",2026-08-01,0.0007060955716564592,11.0,0.0,0.2041241452319315,1.0,0.0,0,LOW,Прогноз 0 шт.; остаток 11; в пути 0; страховой запас 0; MOQ 1.0.
IEK,251400101_,ЩМП  400х600х200 IP66  TITAN 5 IEK,2026-08-01,3.3156590279887034e-09,2.0,0.0,0.0,1.0,0.0,0,LOW,Прогноз 0 шт.; остаток 2; в пути 0; страховой запас 0; MOQ 1.0.
IEK,030200867_,"Выкл 1-кл. прох. с инд б/рамки 10А ""BRITE"" алюминий (1/100)",2026-08-01,0.0,111.0,0.0,0.0,1.0,0.0,0,LOW,Прогноз 0 шт.; остаток 111; в пути 0; страховой запас 0; MOQ 1.0.
IEK,130300223_, ЗНИ  2.5мм ² (24А) серый  IEK (50),2026-08-01,0.026215515536264535,13.0,0.0,1.0801234497346432,,0.0,0,LOW,Прогноз 0 шт.; остаток 13; в пути 0; страховой запас 1; MOQ не указан.
IEK,010500141_,ВА47-29 (1ф)  25А GENERICA (12/144) !!!,2026-08-01,2.5203553094454424e-07,4.0,0.0,0.0,,0.0,0,LOW,Прогноз 0 шт.; остаток 4; в пути 0; страховой запас 0; MOQ не указан.
IEK,030201067_," Рамка 1-мест. ""BRITE""  беж. рифленый  IEK  (1/100)",2026-08-01,0.4154714590063131,33.0,0.0,3.027650354097492,1.0,0.0,0,LOW,Прогноз 0 шт.; остаток 33; в пути 0; страховой запас 3; MOQ 1.0.
IEK,130300292_,Ножницы (секторные) для резки кабеля НК-250 IEK (240мм) ,2026-08-01,1.285901365611257,6.0,5.0,0.8010409893798613,1.0,0.0,0,LOW,Прогноз 1 шт.; остаток 6; в пути 5; страховой запас 1; MOQ 1.0.
IEK,251400098_,ЩМП  400х400х200 IP66  TITAN 5 IEK,2026-08-01,0.08798805858595511,8.0,0.0,1.4832396974191326,1.0,0.0,0,LOW,Прогноз 0 шт.; остаток 8; в пути 0; страховой запас 1; MOQ 1.0.
IEK,130900001_,ВКИ-230 3Р 16А 230\400В IP40 IEK (10/100),2026-08-01,4.326450557874862,60.0,20.0,2.3112045921265145,10.0,0.0,0,LOW,Прогноз 4 шт.; остаток 60; в пути 20; страховой запас 2; MOQ 10.0.
IEK,130300210_,Основание контакт. ДП-33 габарит 0 (160А) IEK  (3/54) !!!,2026-08-01,3.2275576145202997e-07,4.0,0.0,0.0,,0.0,0,LOW,Прогноз 0 шт.; остаток 4; в пути 0; страховой запас 0; MOQ не указан.
IEK,270300285_,Вентилятор с фильтром 102 куб.м./час IP55 IEK (8) NEW,2026-08-01,0.1474347338130832,6.0,0.0,0.970395108533976,1.0,0.0,0,LOW,Прогноз 0 шт.; остаток 6; в пути 0; страховой запас 1; MOQ 1.0.
IEK,251400104_,ЩМП  500х300х200 IP66  TITAN 5 IEK,2026-08-01,3.105206725963228e-06,2.0,0.0,0.2041241452319315,1.0,0.0,0,LOW,Прогноз 0 шт.; остаток 2; в пути 0; страховой запас 0; MOQ 1.0.
IEK,030201055_," Рамка 1-мест. ""BRITE""  беж./жемч.  IEK  (1/100)",2026-08-01,0.0,17.0,0.0,0.0,1.0,0.0,0,LOW,Прогноз 0 шт.; остаток 17; в пути 0; страховой запас 0; MOQ 1.0.
IEK,130900006_, Переключатель ANCLR 22-3 (зеленый неон на 3 полож.) IEK (10/200),2026-08-01,6.350771326570529,50.0,10.0,6.499358942747097,10.0,0.0,0,LOW,Прогноз 6 шт.; остаток 50; в пути 10; страховой запас 6; MOQ 10.0.
IEK,130300207_,ОПС1-C 2Р In=20kA Un=400B Im=40kA IEK,2026-08-01,1.0724252008954855,16.0,0.0,0.5163977794943245,1.0,0.0,0,LOW,Прогноз 1 шт.; остаток 16; в пути 0; страховой запас 1; MOQ 1.0.
IEK,010500101_,Выкл. нагрузки ВН-32 (3ф)  25А IEK (4/80) !!!,2026-08-01,0.004726397925361958,9.0,0.0,5.333072910308527,,0.0,0,LOW,Прогноз 0 шт.; остаток 9; в пути 0; страховой запас 5; MOQ не указан.
IEK,030200863_," Рамка 1-мест. ""BRITE"" стекло серый (1/100)",2026-08-01,4.5812600364639025,14.0,0.0,7.07401347656807,1.0,0.0,0,LOW,Прогноз 5 шт.; остаток 14; в пути 0; страховой запас 7; MOQ 1.0.
IEK,270300277_,Обогреватель на DIN-рейку ОДР (вент.+терм.) 800Вт IP20 IEK (12) NEW,2026-08-01,0.0,2.0,0.0,0.0,1.0,0.0,0,LOW,Прогноз 0 шт.; остаток 2; в пути 0; страховой запас 0; MOQ 1.0.
IEK,010500103_,ВА47-29 (2ф)  6А IEK (6/72) ,2026-08-01,125.90788160086292,61.0,480.0,96.14957964893382,6.0,0.0,0,LOW,Прогноз 126 шт.; остаток 61; в пути 480; страховой запас 96; MOQ 6.0.
IEK,270300283_,Фильтр c защитным кожухом 176x176мм для вен-ра 102м3/час IEK (8) NEW,2026-08-01,3.005454308097751e-07,2.0,0.0,0.0,1.0,0.0,0,LOW,Прогноз 0 шт.; остаток 2; в пути 0; страховой запас 0; MOQ 1.0.
IEK,030200864_," Рамка 1-мест. ""BRITE"" стекло ванильный (1/100)",2026-08-01,7.018372643895792,40.0,0.0,4.465609327590879,1.0,0.0,0,LOW,Прогноз 7 шт.; остаток 40; в пути 0; страховой запас 4; MOQ 1.0.
IEK,130300221_,"Фотореле ФР 602 серый, 5500 Вт IP44 (120)",2026-08-01,27.559715805315108,26.0,20.0,11.965227397198403,20.0,0.0,0,LOW,Прогноз 28 шт.; остаток 26; в пути 20; страховой запас 12; MOQ 20.0.
IEK,010500143_,ВА47-29 (1ф)  40А GENERICA (12/144) !!!,2026-08-01,0.0,0.0,0.0,0.0,,0.0,0,LOW,Прогноз 0 шт.; остаток 0; в пути 0; страховой запас 0; MOQ не указан.
IEK,030201066_," Рамка 1-мест. ""BRITE""  бел. рифленый  IEK  (1/100)",2026-08-01,0.0,15.0,0.0,0.6123724356957945,1.0,0.0,0,LOW,Прогноз 0 шт.; остаток 15; в пути 0; страховой запас 1; MOQ 1.0.
IEK,251400099_,ЩМП  400х400х250 IP66  TITAN 5 IEK,2026-08-01,3.123483275523786e-07,3.0,0.0,0.0,1.0,0.0,0,LOW,Прогноз 0 шт.; остаток 3; в пути 0; страховой запас 0; MOQ 1.0.
IEK,030200868_,"Роз 2-я с кр.  16А в сб IP44 ""BRITE"" алюминий (1/100)",2026-08-01,0.0,46.0,0.0,0.0,1.0,0.0,0,LOW,Прогноз 0 шт.; остаток 46; в пути 0; страховой запас 0; MOQ 1.0.
IEK,130300220_,"Фотореле ФР 601 серый, 2200 Вт IP44 IEK (120)",2026-08-01,73.99867364650596,202.0,60.0,17.7278030223715,20.0,0.0,0,LOW,Прогноз 74 шт.; остаток 202; в пути 60; страховой запас 18; MOQ 20.0.
IEK,010500145_,ВА47-29 (1ф)  63А GENERICA (12/144) !!!,2026-08-01,4.516478744670178e-07,2.0,0.0,0.0,,0.0,0,LOW,Прогноз 0 шт.; остаток 2; в пути 0; страховой запас 0; MOQ не указан.
IEK,010500102_,Выкл. нагрузки ВН-32 (3ф)  32А IEK (4/80),2026-08-01,22.716589000111316,75.0,0.0,7.12565786436593,4.0,0.0,0,LOW,Прогноз 23 шт.; остаток 75; в пути 0; страховой запас 7; MOQ 4.0.
IEK,270300284_,Вентилятор с фильтром 55 куб.м./час IP55 IEK (12) NEW,2026-08-01,0.2273103687466603,10.0,0.0,0.6324555320336746,1.0,0.0,0,LOW,Прогноз 0 шт.; остаток 10; в пути 0; страховой запас 1; MOQ 1.0.
IEK,030201072_," Рамка 1-мест. ""BRITE""  хром/никель  IEK  (1/100)",2026-08-01,0.0,10.0,0.0,0.0,1.0,0.0,0,LOW,Прогноз 0 шт.; остаток 10; в пути 0; страховой запас 0; MOQ 1.0.
IEK,251400093_,ЩМП  300х300х200 IP66  TITAN 5 IEK,2026-08-01,0.8248231500837967,13.0,0.0,0.4915960401250884,1.0,0.0,0,LOW,Прогноз 1 шт.; остаток 13; в пути 0; страховой запас 0; MOQ 1.0.
IEK,130900031_,Кнопка AELA-22 (грибок зеленый неон) IEK (10/200),2026-08-01,0.15994173809905984,9.0,10.0,3.231356784180085,10.0,0.0,0,LOW,Прогноз 0 шт.; остаток 9; в пути 10; страховой запас 3; MOQ 10.0.
IEK,130300103_,Приставка ПКИ 11 1з+1р IEK (1/250),2026-08-01,31.115061415472443,235.0,50.0,21.498061928152197,1.0,0.0,0,LOW,Прогноз 31 шт.; остаток 235; в пути 50; страховой запас 21; MOQ 1.0.
IEK,270300298_,Фильтр c решеткой для вентилятора ВФИ 480-700 м3/час IEK (19) NEW,2026-08-01,0.044063048030261086,9.0,0.0,0.8164965809277265,1.0,0.0,0,LOW,Прогноз 0 шт.; остаток 9; в пути 0; страховой запас 1; MOQ 1.0.
IEK,130300528_,Фасадное крепление КФК12-47.1 IEK (50) (150),2026-08-01,2.678846936198553,37.0,0.0,10.892275550437873,50.0,0.0,0,LOW,Прогноз 3 шт.; остаток 37; в пути 0; страховой запас 11; MOQ 50.0.
IEK,130300022_,Кнопка ABLFS-22 (красный неон) IEK (10/200),2026-08-01,20.268746073767968,112.0,0.0,7.97287066662108,10.0,0.0,0,LOW,Прогноз 20 шт.; остаток 112; в пути 0; страховой запас 8; MOQ 10.0.
IEK,030200850_," Рамка 2-мест. ""BRITE"" металл алюминий (1/100)",2026-08-01,0.014452504231901914,10.0,0.0,0.8010409893798611,1.0,0.0,0,LOW,Прогноз 0 шт.; остаток 10; в пути 0; страховой запас 1; MOQ 1.0.
IEK,010700084_,Распределительное устройство  РУСп – 3х16/3+1х16/5+1х32/5 У1 IP44,2026-08-01,0.25337545369464826,3.0,0.0,0.8755950357709132,1.0,0.0,0,LOW,Прогноз 0 шт.; остаток 3; в пути 0; страховой запас 1; MOQ 1.0.
IEK,270300268_,Обогреватель на DIN-рейку в корп.(встр.вент.) 250Вт IP20 IEK (38) NEW,2026-08-01,7.532512811163504e-07,1.0,0.0,0.0,1.0,0.0,0,LOW,Прогноз 0 шт.; остаток 1; в пути 0; страховой запас 0; MOQ 1.0.
IEK,010500047_,ВА47-29 (3ф)  4А IEK (4/48),2026-08-01,3.0104927864667337,9.0,0.0,2.0836666400042643,4.0,0.0,0,LOW,Прогноз 3 шт.; остаток 9; в пути 0; страховой запас 2; MOQ 4.0.
IEK,030201079_," Рамка 4-мест. ""BRITE""  беж./шамп.  IEK  (1/100)",2026-08-01,0.10673072900041539,5.0,0.0,1.4288690166235205,1.0,0.0,0,LOW,Прогноз 0 шт.; остаток 5; в пути 0; страховой запас 1; MOQ 1.0.
IEK,010700102_, BA 47-150 (3ф) 125А IEK (4/40),2026-08-01,35.56526101460033,110.0,0.0,3.9422920575049485,1.0,0.0,0,LOW,Прогноз 36 шт.; остаток 110; в пути 0; страховой запас 4; MOQ 1.0.
IEK,251400086_,ЩРВ 168 (2х84мод) 1130х625х130 IP31 TITAN 5 IEK,2026-08-01,6.846205439424067e-05,4.0,0.0,0.0,1.0,0.0,0,LOW,Прогноз 0 шт.; остаток 4; в пути 0; страховой запас 0; MOQ 1.0.
IEK,130300021_,Кнопка ABLFS-22 (зеленый неон) IEK (10/200),2026-08-01,10.395174499843119,25.0,0.0,7.655063683601842,10.0,0.0,0,LOW,Прогноз 10 шт.; остаток 25; в пути 0; страховой запас 8; MOQ 10.0.
IEK,010700103_, BA 47-150 (3ф) 100А IEK (4/40) ,2026-08-01,2.99596284081148,10.0,4.0,1.635542723379612,1.0,0.0,0,LOW,Прогноз 3 шт.; остаток 10; в пути 4; страховой запас 2; MOQ 1.0.
IEK,UNL10-D25-4-4,"Наконечник НВИ 2-4 вилка 1,5-2,5мм (100шт/упак) IEK E-PRO",2026-08-01,0.0005573654632916036,137.0,0.0,0.816496580927726,,0.0,0,LOW,Прогноз 0 шт.; остаток 137; в пути 0; страховой запас 1; MOQ не указан.
IEK,130300529_,Фасадное крепление КФК15-57.6 IEK (50) (150),2026-08-01,70.75791476150515,86.0,50.0,22.94268220297415,50.0,0.0,0,LOW,Прогноз 71 шт.; остаток 86; в пути 50; страховой запас 23; MOQ 50.0.
IEK,030200874_,"Выкл 1-кл. прох. с инд.  10А ""BRITE"" графит (1/100)",2026-08-01,0.00011408349926724251,39.0,0.0,0.0,1.0,0.0,0,LOW,Прогноз 0 шт.; остаток 39; в пути 0; страховой запас 0; MOQ 1.0.
IEK,150100955_, ТУТ 20/10  черная IEK (100),2026-08-01,1.3653031745873339,40.0,0.0,0.7527726527090861,,0.0,0,LOW,Прогноз 1 шт.; остаток 40; в пути 0; страховой запас 1; MOQ не указан.
IEK,010500050_,ВА47-29 (3ф)  5А IEK (4/48) !!!,2026-08-01,2.875599066220977e-07,5.0,0.0,0.0,,0.0,0,LOW,Прогноз 0 шт.; остаток 5; в пути 0; страховой запас 0; MOQ не указан.
IEK,030201077_," Рамка 4-мест. ""BRITE""  бел./бел.  IEK  (1/100)",2026-08-01,0.0,12.0,0.0,0.0,1.0,0.0,0,LOW,Прогноз 0 шт.; остаток 12; в пути 0; страховой запас 0; MOQ 1.0.
IEK,251400088_,ЩРВ 144 (3х48мод) 755х885х130 IP31 TITAN 5 IEK,2026-08-01,0.0,1.0,0.0,0.2041241452319315,1.0,0.0,0,LOW,Прогноз 0 шт.; остаток 1; в пути 0; страховой запас 0; MOQ 1.0.
IEK,251400109_,ЩМП  500х600х200 IP66  TITAN 5 IEK,2026-08-01,0.0,2.0,0.0,0.2738612787525831,1.0,0.0,0,LOW,Прогноз 0 шт.; остаток 2; в пути 0; страховой запас 0; MOQ 1.0.
IEK,270300297_,Фильтр c решеткой для вентилятора ВФИ 380 м3/час IEK (28) NEW,2026-08-01,0.3765775459581169,13.0,0.0,1.2549900398011133,1.0,0.0,0,LOW,Прогноз 0 шт.; остаток 13; в пути 0; страховой запас 1; MOQ 1.0.
IEK,130300033_,Клещи обжимн КО-6Е 6-16мм IEK (40),2026-08-01,0.2971181892092992,3.0,0.0,0.9354143466934854,1.0,0.0,0,LOW,Прогноз 0 шт.; остаток 3; в пути 0; страховой запас 1; MOQ 1.0.
IEK,130300527_,ЗОИ 35-150/6-35 IEK (144),2026-08-01,200.6429249507905,748.0,288.0,69.32225472386189,144.0,0.0,0,LOW,Прогноз 201 шт.; остаток 748; в пути 288; страховой запас 69; MOQ 144.0.
IEK,030200851_," Рамка 3-мест. ""BRITE"" металл черный (1/50)",2026-08-01,0.04131058166265957,18.0,0.0,1.0,1.0,0.0,0,LOW,Прогноз 0 шт.; остаток 18; в пути 0; страховой запас 1; MOQ 1.0.
IEK,010700068_,ВА47-29 (3ф) 16А IEK (48) B !!!,2026-08-01,6.547691983950167e-07,1.0,0.0,0.0,,0.0,0,LOW,Прогноз 0 шт.; остаток 1; в пути 0; страховой запас 0; MOQ не указан.
IEK,010500048_,ВА47-29 (3ф)  6А IEK (4/48),2026-08-01,37.8498059326736,160.0,48.0,22.0289582141326,4.0,0.0,0,LOW,Прогноз 38 шт.; остаток 160; в пути 48; страховой запас 22; MOQ 4.0.
IEK,030201078_," Рамка 2-мест. ""BRITE""  хром/никель  IEK  (1/100)",2026-08-01,0.0,10.0,0.0,0.0,1.0,0.0,0,LOW,Прогноз 0 шт.; остаток 10; в пути 0; страховой запас 0; MOQ 1.0.
IEK,251400087_,ЩРВ 108 (3х36мод) 630х885х130 IP31 TITAN 5 IEK,2026-08-01,4.1399305524665227e-07,2.0,0.0,0.0,1.0,0.0,0,LOW,Прогноз 0 шт.; остаток 2; в пути 0; страховой запас 0; MOQ 1.0.
IEK,BR-R16-16-44-K46,BRITE Розетка 1-местная с заземлением с защитными шторками и крышкой 16А IP44 РСбш10-3-44-БрС сталь,2026-08-01,3.4108668118410883e-07,13.0,0.0,0.0,1.0,0.0,0,LOW,Прогноз 0 шт.; остаток 13; в пути 0; страховой запас 0; MOQ 1.0.
IEK,270300299_,Термостат двухканальный УККт от 0 до +60°C NO+NC IEK (100) NEW,2026-08-01,3.1375319483820983,24.0,0.0,2.478238621817251,1.0,0.0,0,LOW,Прогноз 3 шт.; остаток 24; в пути 0; страховой запас 2; MOQ 1.0.
IEK,150101000_, ТУТ 30/15 зеленая IEK (50),2026-08-01,0.0,0.0,0.0,0.0,,0.0,0,LOW,Прогноз 0 шт.; остаток 0; в пути 0; страховой запас 0; MOQ не указан.
IEK,130300004_,Пост тельф.ПКТ-62 (на 4 кноп.) IP54 IEK (5/40),2026-08-01,1.8779073765977967,15.0,0.0,2.6583202716502514,5.0,0.0,0,LOW,Прогноз 2 шт.; остаток 15; в пути 0; страховой запас 3; MOQ 5.0.
IEK,251400110_,ЩМП  500х600х300 IP66  TITAN 5 IEK,2026-08-01,5.069559149683763e-07,1.0,0.0,0.0,1.0,0.0,0,LOW,Прогноз 0 шт.; остаток 1; в пути 0; страховой запас 0; MOQ 1.0.
IEK,030201037_," Рамка 4-мест. ""BRITE""  металл латунь RE  IEK  (1/50)",2026-08-01,0.0,7.0,0.0,0.0,1.0,0.0,0,LOW,Прогноз 0 шт.; остаток 7; в пути 0; страховой запас 0; MOQ 1.0.
IEK,030201081_," Рамка 3-мест. ""BRITE""  хром/черн.  IEK  (1/100)",2026-08-01,0.013763238979899877,11.0,0.0,0.6123724356957945,1.0,0.0,0,LOW,Прогноз 0 шт.; остаток 11; в пути 0; страховой запас 1; MOQ 1.0.
IEK,251400084_,ЩРВ 120 (2х60мод) 880х625х130 IP31 TITAN 5 IEK,2026-08-01,0.2399827810802462,2.0,1.0,0.27386127875258304,1.0,0.0,0,LOW,Прогноз 0 шт.; остаток 2; в пути 1; страховой запас 0; MOQ 1.0.
IEK,010700135_,ARMAT (1ф) 16А C IEK (1),2026-08-01,77.53481651308162,347.0,40.0,22.78248596327157,1.0,0.0,0,LOW,Прогноз 78 шт.; остаток 347; в пути 40; страховой запас 23; MOQ 1.0.
IEK,130300533_,Зажим анкерный ЗАС 4х70-95/27400 (HEL-5507) IEK (8),2026-08-01,4.6648557491116085,36.0,10.0,1.942935922772546,1.0,0.0,0,LOW,Прогноз 5 шт.; остаток 36; в пути 10; страховой запас 2; MOQ 1.0.
IEK,130300003_,Пост тельф.ПКТ-63 (на 6 кноп.) IP54 IEK (5/30),2026-08-01,3.520586690378571,15.0,0.0,3.105103326246433,5.0,0.0,0,LOW,Прогноз 4 шт.; остаток 15; в пути 0; страховой запас 3; MOQ 5.0.
IEK,010500042_,Выкл. нагрузки ВН-32 (3ф)  63А IEK (4/80),2026-08-01,16.050156237274663,64.0,0.0,11.071359446788819,4.0,0.0,0,LOW,Прогноз 16 шт.; остаток 64; в пути 0; страховой запас 11; MOQ 4.0.
IEK,270300301_,"Гигростат электронный УККг от 40 до 0,9 RH IEK (100) NEW",2026-08-01,0.0,2.0,0.0,0.0,1.0,0.0,0,LOW,Прогноз 0 шт.; остаток 2; в пути 0; страховой запас 0; MOQ 1.0.
IEK,010700136_,ARMAT (1ф) 20А C IEK (1),2026-08-01,4.167604350194743,29.0,0.0,4.344536799245689,1.0,0.0,0,LOW,Прогноз 4 шт.; остаток 29; в пути 0; страховой запас 4; MOQ 1.0.
IEK,030200847_," Рамка 1-мест. ""BRITE"" металл черный (1/100) ",2026-08-01,0.5265994085268666,13.0,0.0,1.8165902124584952,1.0,0.0,0,LOW,Прогноз 1 шт.; остаток 13; в пути 0; страховой запас 2; MOQ 1.0.
IEK,130200494_,Отвертка диэлектрическая SLIM PH/SL2х100 Т2 ARMA2L 5  IEK,2026-08-01,5.9620905406085854e-05,18.0,0.0,0.2041241452319315,1.0,0.0,0,LOW,Прогноз 0 шт.; остаток 18; в пути 0; страховой запас 0; MOQ 1.0.
IEK,010700134_,ARMAT (1ф) 10А C IEK (1),2026-08-01,48.980881004178684,130.0,20.0,5.791516784631332,1.0,0.0,0,LOW,Прогноз 49 шт.; остаток 130; в пути 20; страховой запас 6; MOQ 1.0.
IEK,030200848_," Рамка 1-мест. ""BRITE"" металл алюминий (1/100)",2026-08-01,0.07198045587410079,5.0,0.0,2.804757862395017,1.0,0.0,0,LOW,Прогноз 0 шт.; остаток 5; в пути 0; страховой запас 3; MOQ 1.0.
IEK,010500044_,ВА47-29 (1ф)  4А IEK (12/144) ,2026-08-01,15.039626910526522,82.0,0.0,8.365106096159208,12.0,0.0,0,LOW,Прогноз 15 шт.; остаток 82; в пути 0; страховой запас 8; MOQ 12.0.
IEK,150100961_, ТУТ  6/3 черная IEK (200),2026-08-01,0.0006643537835207368,80.0,0.0,1.0,,0.0,0,LOW,Прогноз 0 шт.; остаток 80; в пути 0; страховой запас 1; MOQ не указан.
IEK,130300020_,Расцепитель независимый РН47 на DIN-рейку НОВЫЕ IEK (12/240),2026-08-01,40.35934503595911,115.0,0.0,13.18585100274786,12.0,0.0,0,LOW,Прогноз 40 шт.; остаток 115; в пути 0; страховой запас 13; MOQ 12.0.
IEK,030200849_," Рамка 2-мест. ""BRITE"" металл черный (1/100)",2026-08-01,0.0,3.0,0.0,1.2549900398011133,1.0,0.0,0,LOW,Прогноз 0 шт.; остаток 3; в пути 0; страховой запас 1; MOQ 1.0.
IEK,UNL20-006-6-5,"Наконечник НКИ 5,5-8 кольцо 4-6мм (100шт/упак) IEK !!!",2026-08-01,1.2397964579190898e-05,23.0,0.0,0.4183300132670378,,0.0,0,LOW,Прогноз 0 шт.; остаток 23; в пути 0; страховой запас 0; MOQ не указан.
IEK,010500046_,ВА47-29 (3ф)  2А IEK (4/48),2026-08-01,4.519451899909689,24.0,0.0,4.513867521316945,4.0,0.0,0,LOW,Прогноз 5 шт.; остаток 24; в пути 0; страховой запас 5; MOQ 4.0.
IEK,BR-R16-16-44-K37,BRITE Розетка 1-я с/з с/ш и крышкой 16А IP44 РСбш10-3-44-БрШ шампань IEK,2026-08-01,0.0003116739722129062,26.0,0.0,0.2041241452319339,1.0,0.0,0,LOW,Прогноз 0 шт.; остаток 26; в пути 0; страховой запас 0; MOQ 1.0.
IEK,150100996_, ТУТ 30/15  черная IEK (50),2026-08-01,0.0,0.0,0.0,0.0,,0.0,0,LOW,Прогноз 0 шт.; остаток 0; в пути 0; страховой запас 0; MOQ не указан.
IEK,130300006_,Отвертка пробник ОП-2Э IEK (120),2026-08-01,15.930125472067473,70.0,0.0,2.870830309625868,1.0,0.0,0,LOW,Прогноз 16 шт.; остаток 70; в пути 0; страховой запас 3; MOQ 1.0.
IEK,030201080_," Рамка 3-мест. ""BRITE""  хром/никель  IEK  (1/100)",2026-08-01,0.0,13.0,0.0,0.0,1.0,0.0,0,LOW,Прогноз 0 шт.; остаток 13; в пути 0; страховой запас 0; MOQ 1.0.
IEK,030200875_,"Розетка 2-ая компьютерная RJ45 кат.5E ""BRITE"" графит (1/100)",2026-08-01,4.316002588364303,37.0,0.0,7.683857538155334,1.0,0.0,0,LOW,Прогноз 4 шт.; остаток 37; в пути 0; страховой запас 8; MOQ 1.0.
IEK,270300267_,Обогреватель на DIN-рейку в корп.(встр.вент.) 150Вт IP20 IEK (38) NEW,2026-08-01,0.0,2.0,0.0,0.20412414523193145,1.0,0.0,0,LOW,Прогноз 0 шт.; остаток 2; в пути 0; страховой запас 0; MOQ 1.0.
IEK,010700133_,ARMAT (1ф) 6А C IEK (1),2026-08-01,22.560906612461718,86.0,0.0,8.177713616898084,1.0,0.0,0,LOW,Прогноз 23 шт.; остаток 86; в пути 0; страховой запас 8; MOQ 1.0.
IEK,130300532_,Зажим анкерный ЗАС 4х16-50/14400 (HEL-5506) IEK (15),2026-08-01,10.001058988635782,33.0,30.0,9.379054678733175,1.0,0.0,0,LOW,Прогноз 10 шт.; остаток 33; в пути 30; страховой запас 9; MOQ 1.0.
IEK,130600220_,Реле твердотельное OSS-2 25А 380В AC 3-32В DC ONI OSS-2-3-25-B NEW,2026-08-01,8.507567802810632e-07,1.0,0.0,0.0,,0.0,0,LOW,Прогноз 0 шт.; остаток 1; в пути 0; страховой запас 0; MOQ не указан.
IEK,130300005_,Отвертка пробник ОП-1 IEK (120) ,2026-08-01,13.281018379430567,45.0,0.0,6.909534475394601,1.0,0.0,0,LOW,Прогноз 13 шт.; остаток 45; в пути 0; страховой запас 7; MOQ 1.0.
IEK,270300300_,Термостат двухканальный от 0 до +60°C NO+NO IEK (100) NEW,2026-08-01,0.14940544168152392,2.0,0.0,0.6055300708194984,1.0,0.0,0,LOW,Прогноз 0 шт.; остаток 2; в пути 0; страховой запас 1; MOQ 1.0.
IEK,030200892_,"Заглушка c суппортом ""BRITE"" черный (1/200)",2026-08-01,2.433865015059358,23.0,0.0,2.26752434753558,1.0,0.0,0,LOW,Прогноз 2 шт.; остаток 23; в пути 0; страховой запас 2; MOQ 1.0.
IEK,130300091_,"Сизы-1 (4,0-11,0) красный P7-5 IEK (100)",2026-08-01,0.47091697111517744,18.0,0.0,0.2041241452319315,,0.0,0,LOW,Прогноз 0 шт.; остаток 18; в пути 0; страховой запас 0; MOQ не указан.
IEK,010500068_,ВА47-29 (1ф)  3А IEK (12/144) ,2026-08-01,6.671969135468666,36.0,12.0,3.865445209373257,12.0,0.0,0,LOW,Прогноз 7 шт.; остаток 36; в пути 12; страховой запас 4; MOQ 12.0.
IEK,030200855_," Рамка 1-мест. ""BRITE"" стекло белый (1/100)",2026-08-01,0.4187515069359336,25.0,0.0,0.408248290463824,1.0,0.0,0,LOW,Прогноз 0 шт.; остаток 25; в пути 0; страховой запас 0; MOQ 1.0.
IEK,CLP1CL-300-1,Кронштейн замковый осн.300мм IEK,2026-08-01,3.400544186473072e-07,1.0,0.0,0.0,,0.0,0,LOW,Прогноз 0 шт.; остаток 1; в пути 0; страховой запас 0; MOQ не указан.
IEK,130300520_,Гильза изолир. фазная ГИФ 35 IEK  (10)(200),2026-08-01,0.0057561890760224575,2.0,0.0,1.3291601358251257,10.0,0.0,0,LOW,Прогноз 0 шт.; остаток 2; в пути 0; страховой запас 1; MOQ 10.0.
IEK,030201074_," Рамка 2-мест. ""BRITE""  бел. рифленый  IEK  (1/100)",2026-08-01,4.909372055544523e-07,4.0,0.0,0.2041241452319315,1.0,0.0,0,LOW,Прогноз 0 шт.; остаток 4; в пути 0; страховой запас 0; MOQ 1.0.
IEK,251400091_,ЩРВ 252 (3х84мод) 1130х885х130 IP31 TITAN 5 IEK,2026-08-01,0.0,1.0,0.0,0.5163977794943223,1.0,0.0,0,LOW,Прогноз 0 шт.; остаток 1; в пути 0; страховой запас 1; MOQ 1.0.
IEK,270300272_,Обогреватель (встр. вентилятор) 300 Вт IP20 IEK (20) NEW,2026-08-01,1.0608908720896989e-06,1.0,0.0,0.0,1.0,0.0,0,LOW,Прогноз 0 шт.; остаток 1; в пути 0; страховой запас 0; MOQ 1.0.
IEK,130300089_,"Сизы-1 (2,0-4,0) оранжевый P7-3 IEK (100)",2026-08-01,0.0,0.0,0.0,0.0,,0.0,0,LOW,Прогноз 0 шт.; остаток 0; в пути 0; страховой запас 0; MOQ не указан.
IEK,030201052_," Рамка 1-мест. ""BRITE""  бел./бел.  IEK  (1/100)",2026-08-01,0.00023255551187516133,26.0,0.0,0.0,1.0,0.0,0,LOW,Прогноз 0 шт.; остаток 26; в пути 0; страховой запас 0; MOQ 1.0.
IEK,130300518_,Гильза изолир. фазная ГИФ 16 IEK  (10)(200),2026-08-01,0.03617078816704807,12.0,10.0,2.2003787552752554,10.0,0.0,0,LOW,Прогноз 0 шт.; остаток 12; в пути 10; страховой запас 2; MOQ 10.0.
IEK,010700032_, BA 47-100 (3ф)  50А IEK (4/40),2026-08-01,13.588280595470849,44.0,0.0,8.691470915021617,4.0,0.0,0,LOW,Прогноз 14 шт.; остаток 44; в пути 0; страховой запас 9; MOQ 4.0.
IEK,130900065_,"Кнопка AEA-22  (грибок, красный)  IEK  (10/200)",2026-08-01,3.446026262008673,35.0,0.0,4.285634919900043,10.0,0.0,0,LOW,Прогноз 3 шт.; остаток 35; в пути 0; страховой запас 4; MOQ 10.0.
IEK,010700036_,ВА47-29 (1ф)  6А IEK (12/144) D !!!,2026-08-01,5.819281854519725e-07,1.0,0.0,0.0,,0.0,0,LOW,Прогноз 0 шт.; остаток 1; в пути 0; страховой запас 0; MOQ не указан.
IEK,270300291_,Вентилятор с фильтром ВФИ 480 м3/час IP55 IEK (5) NEW,2026-08-01,0.044057524870131766,10.0,0.0,0.8164965809277271,1.0,0.0,0,LOW,Прогноз 0 шт.; остаток 10; в пути 0; страховой запас 1; MOQ 1.0.
IEK,130300102_,Таймер ТЭ15 цифровой 16А 230В на DIN-рейку IEK (100),2026-08-01,45.30393541599639,79.0,20.0,6.220932405998388,1.0,0.0,0,LOW,Прогноз 45 шт.; остаток 79; в пути 20; страховой запас 6; MOQ 1.0.
IEK,251400107_,ЩМП  500х500х200 IP66  TITAN 5 IEK,2026-08-01,6.438058917261773e-05,3.0,0.0,0.2041241452319315,1.0,0.0,0,LOW,Прогноз 0 шт.; остаток 3; в пути 0; страховой запас 0; MOQ 1.0.
IEK,030200856_," Рамка 1-мест. ""BRITE"" стекло черный (1/100)",2026-08-01,0.6706046750143693,19.0,0.0,0.0,1.0,0.0,0,LOW,Прогноз 1 шт.; остаток 19; в пути 0; страховой запас 0; MOQ 1.0.
IEK,010500082_,ВА47-29М (2ф) 63А IEK (72) !!!,2026-08-01,0.00012027670175674023,1.0,0.0,0.6123724356957939,,0.0,0,LOW,Прогноз 0 шт.; остаток 1; в пути 0; страховой запас 1; MOQ не указан.
IEK,030201073_," Рамка 2-мест. ""BRITE""  хром/черн.  IEK  (1/100)",2026-08-01,0.04264829617891872,17.0,0.0,1.6046806535881204,1.0,0.0,0,LOW,Прогноз 0 шт.; остаток 17; в пути 0; страховой запас 2; MOQ 1.0.
IEK,010700037_,ВА47-29 (1ф) 10А IEK (12/144) D !!!,2026-08-01,0.0010718432933400968,19.0,0.0,1.0206207261596576,,0.0,0,LOW,Прогноз 0 шт.; остаток 19; в пути 0; страховой запас 1; MOQ не указан.
IEK,251400092_,ЩМП  300х300х150 IP66  TITAN 5 IEK,2026-08-01,1.6614330117104763,17.0,0.0,1.35708019905482,1.0,0.0,0,LOW,Прогноз 2 шт.; остаток 17; в пути 0; страховой запас 1; MOQ 1.0.
IEK,130300519_,Гильза изолир. фазная ГИФ 25 IEK  (10)(200) ,2026-08-01,4.4116811429001e-06,5.0,10.0,0.0,10.0,0.0,0,LOW,Прогноз 0 шт.; остаток 5; в пути 10; страховой запас 0; MOQ 10.0.
IEK,150100494_, LED ДВО Опал 36w/2800lm 595x595x10 6500K IP20 IEK (драйвера приобретаются отдельно),2026-08-01,0.12067269438422312,17.0,0.0,1.2247448713915892,,0.0,0,LOW,Прогноз 0 шт.; остаток 17; в пути 0; страховой запас 1; MOQ не указан.
IEK,130300101_,Переключатель AKS-22  (черный с ключом на 2 фикс.полож.) IEK (10/200),2026-08-01,1.31160234248877,15.0,0.0,3.172801075810879,10.0,0.0,0,LOW,Прогноз 1 шт.; остаток 15; в пути 0; страховой запас 3; MOQ 10.0.
IEK,ORI-01-5,"Реле контроля тока ORI 0,5-5А 24-240В AC/24В DC IEK",2026-08-01,0.0,0.0,0.0,0.0,,0.0,0,LOW,Прогноз 0 шт.; остаток 0; в пути 0; страховой запас 0; MOQ не указан.
IEK,010500063_,ВА47-29 (4ф) 50A IEK (3/36),2026-08-01,6.261055938609189,16.0,0.0,6.562519841239848,3.0,0.0,0,LOW,Прогноз 6 шт.; остаток 16; в пути 0; страховой запас 7; MOQ 3.0.
IEK,270300293_,Вентилятор с фильтром ВФИ 700 м3/час IP55 IEK (4) NEW,2026-08-01,0.0,2.0,0.0,0.0,1.0,0.0,0,LOW,Прогноз 0 шт.; остаток 2; в пути 0; страховой запас 0; MOQ 1.0.
IEK,030200854_," Рамка 4-мест. ""BRITE"" металл алюминий (1/50)",2026-08-01,0.0,17.0,0.0,0.2041241452319315,1.0,0.0,0,LOW,Прогноз 0 шт.; остаток 17; в пути 0; страховой запас 0; MOQ 1.0.
IEK,CLM50D-PPP-050-15,"Профиль перфорированный П-образный  500-1,5 IEK E-PRO",2026-08-01,0.0,2.0,0.0,0.0,,0.0,0,LOW,Прогноз 0 шт.; остаток 2; в пути 0; страховой запас 0; MOQ не указан.
IEK,030201076_," Рамка 3-мест. ""BRITE""  беж./шамп.  IEK  (1/100)",2026-08-01,0.012574388741306494,10.0,0.0,1.5625833311112296,1.0,0.0,0,LOW,Прогноз 0 шт.; остаток 10; в пути 0; страховой запас 2; MOQ 1.0.
IEK,030200873_,"Выкл 1-кл. прох. с инд. б/рамки 10А ""BRITE"" шампань (1/100)",2026-08-01,0.0,127.0,0.0,0.408248290463863,1.0,0.0,0,LOW,Прогноз 0 шт.; остаток 127; в пути 0; страховой запас 0; MOQ 1.0.
IEK,270300269_,Обогреватель на DIN-рейку в корп.(встр.вент.) 400Вт IP20 IEK (20) NEW,2026-08-01,8.337640977023627e-07,1.0,0.0,0.0,1.0,0.0,0,LOW,Прогноз 0 шт.; остаток 1; в пути 0; страховой запас 0; MOQ 1.0.
IEK,150100855_, ТУТ 20/10 красная IEK (100),2026-08-01,0.0,0.0,0.0,0.0,,0.0,0,LOW,Прогноз 0 шт.; остаток 0; в пути 0; страховой запас 0; MOQ не указан.
IEK,251400089_,ЩРВ 180 (3х60мод) 880х885х130 IP31 TITAN 5 IEK,2026-08-01,5.069559149683763e-07,1.0,0.0,0.0,1.0,0.0,0,LOW,Прогноз 0 шт.; остаток 1; в пути 0; страховой запас 0; MOQ 1.0.
IEK,010500053_,ВА47-29 (3ф)  3А IEK (4/48),2026-08-01,0.34379548691493267,20.0,0.0,0.20412414523192585,4.0,0.0,0,LOW,Прогноз 0 шт.; остаток 20; в пути 0; страховой запас 0; MOQ 4.0.
IEK,010700048_, BA 47-100 (1ф)  16А IEK (12/120) !!!,2026-08-01,4.3178633870858756e-07,1.0,0.0,0.0,,0.0,0,LOW,Прогноз 0 шт.; остаток 1; в пути 0; страховой запас 0; MOQ не указан.
IEK,130300040_, ЗНИ 35мм ² (125) серый  IEK (30),2026-08-01,0.00016217821036438603,2.0,0.0,0.0,,0.0,0,LOW,Прогноз 0 шт.; остаток 2; в пути 0; страховой запас 0; MOQ не указан.
IEK,270300296_,Фильтр c решеткой для вентилятора ВФИ 200 м3/час IEK (28) NEW,2026-08-01,0.4676168496754752,14.0,0.0,1.4288690166235214,1.0,0.0,0,LOW,Прогноз 0 шт.; остаток 14; в пути 0; страховой запас 1; MOQ 1.0.
IEK,030200852_," Рамка 3-мест. ""BRITE"" металл алюминий (1/50)",2026-08-01,0.015375928967806677,19.0,0.0,0.408248290463863,1.0,0.0,0,LOW,Прогноз 0 шт.; остаток 19; в пути 0; страховой запас 0; MOQ 1.0.
IEK,130300526_,ЗОИ 35-150/35-150 IEK  (36),2026-08-01,424.38286238587136,1209.0,560.0,179.99185166742038,70.0,0.0,0,LOW,Прогноз 424 шт.; остаток 1209; в пути 560; страховой запас 180; MOQ 70.0.
IEK,130300524_,Зажим анкерный ЗАБу 4х10-35 IEK (30),2026-08-01,10.75782955685077,67.0,40.0,2.581988897471629,1.0,0.0,0,LOW,Прогноз 11 шт.; остаток 67; в пути 40; страховой запас 3; MOQ 1.0.
IEK,130300084_,Звонок ЗД-47 на DIN-рейку IEK (12/240),2026-08-01,4.271381950085575,37.0,0.0,2.267524347535574,12.0,0.0,0,LOW,Прогноз 4 шт.; остаток 37; в пути 0; страховой запас 2; MOQ 12.0.
IEK,130300521_,Гильза изолир. фазная ГИФ 50 IEK  (10)(200) ,2026-08-01,0.060572377985125596,13.0,0.0,0.0,10.0,0.0,0,LOW,Прогноз 0 шт.; остаток 13; в пути 0; страховой запас 0; MOQ 10.0.
IEK,030201075_," Рамка 2-мест. ""BRITE""  беж. рифленый  IEK  (1/100)",2026-08-01,0.447481793243135,13.0,0.0,1.772474729486056,1.0,0.0,0,LOW,Прогноз 0 шт.; остаток 13; в пути 0; страховой запас 2; MOQ 1.0.
IEK,251400090_,ЩРВ 216 (3х72мод) 1005х885х130 IP31 TITAN 5 IEK,2026-08-01,2.4906724075638164e-05,1.0,0.0,0.2041241452319315,1.0,0.0,0,LOW,Прогноз 0 шт.; остаток 1; в пути 0; страховой запас 0; MOQ 1.0.
IEK,010700045_,ВА47-29 (3ф) 40А D IEK !!!,2026-08-01,3.27463033216889e-07,2.0,0.0,0.0,,0.0,0,LOW,Прогноз 0 шт.; остаток 2; в пути 0; страховой запас 0; MOQ не указан.
IEK,130300080_,"Кнопка PPВВ-30N ""ПУСК-СТОП"" Ø30мм IEK (10/200)",2026-08-01,26.677392869872815,167.0,0.0,13.573564994748676,10.0,0.0,0,LOW,Прогноз 27 шт.; остаток 167; в пути 0; страховой запас 14; MOQ 10.0.
IEK,010700046_,ВА47-29 (3ф) 63А D IEK !!!,2026-08-01,1.1098718855103358e-06,1.0,0.0,0.0,,0.0,0,LOW,Прогноз 0 шт.; остаток 1; в пути 0; страховой запас 0; MOQ не указан.
IEK,010500054_,ВА47-29 (1ф)  5А IEK (12/144) ,2026-08-01,7.164678304752542,27.0,0.0,4.179314138308645,12.0,0.0,0,LOW,Прогноз 7 шт.; остаток 27; в пути 0; страховой запас 4; MOQ 12.0.
IEK,270300295_,Фильтр c решеткой для вентилятора ВФИ 65-105 м3/час IEK (56) NEW,2026-08-01,5.356668623224431,33.0,0.0,2.76435646519523,1.0,0.0,0,LOW,Прогноз 5 шт.; остаток 33; в пути 0; страховой запас 3; MOQ 1.0.
IEK,251400108_,ЩМП  500х500х300 IP66  TITAN 5 IEK,2026-08-01,0.0,2.0,2.0,0.408248290463863,1.0,0.0,0,LOW,Прогноз 0 шт.; остаток 2; в пути 2; страховой запас 0; MOQ 1.0.
IEK,030201049_,BRITE Выключатель 1-клавишный перекрестный 10А ВС10-1-3-БрТБ темная бронза IEK,2026-08-01,0.00042706438884796544,83.0,0.0,0.2041241452319314,1.0,0.0,0,LOW,Прогноз 0 шт.; остаток 83; в пути 0; страховой запас 0; MOQ 1.0.
IEK,030200853_," Рамка 4-мест. ""BRITE"" металл черный (1/50)",2026-08-01,0.0002665339810665361,7.0,0.0,0.0,1.0,0.0,0,LOW,Прогноз 0 шт.; остаток 7; в пути 0; страховой запас 0; MOQ 1.0.
IEK,150100854_, ТУТ  2/1 черная IEK (1),2026-08-01,0.0,0.0,0.0,0.0,,0.0,0,LOW,Прогноз 0 шт.; остаток 0; в пути 0; страховой запас 0; MOQ не указан.
IEK,010700055_,ВА 44-33 (3ф)  80А IEK (1/20) ,2026-08-01,0.03935869766207257,4.0,0.0,0.0,1.0,0.0,0,LOW,Прогноз 0 шт.; остаток 4; в пути 0; страховой запас 0; MOQ 1.0.
IEK,030200417_,"Рамка 3-мест. ""BRITE"" алюминий (1/100)",2026-08-01,27.515170567022675,113.0,0.0,19.25530230005924,1.0,0.0,0,LOW,Прогноз 28 шт.; остаток 113; в пути 0; страховой запас 19; MOQ 1.0.
IEK,270300253_,Ящик  ЯТП(укп) 230/12 IP54 IEK (1),2026-08-01,0.00014022114048626606,2.0,0.0,0.0,1.0,0.0,0,LOW,Прогноз 0 шт.; остаток 2; в пути 0; страховой запас 0; MOQ 1.0.
IEK,240100006_," Хомут 3,6х300 IEK (100)",2026-08-01,81.41732965629586,770.0,100.0,20.18766124806516,20.0,0.0,0,LOW,Прогноз 81 шт.; остаток 770; в пути 100; страховой запас 20; MOQ 20.0.
IEK,120100086_,Контактор  КТИ 5265  265А 230В IEK (1/2) ,2026-08-01,1.9037167247291538,11.0,2.0,0.930949336251262,1.0,0.0,0,LOW,Прогноз 2 шт.; остаток 11; в пути 2; страховой запас 1; MOQ 1.0.
IEK,251400040_,ЩРН-П  8  черн. прозр. дверь IP41 TEKFOR IEK,2026-08-01,1.9532617896428242,79.0,0.0,1.8819316317727024,1.0,0.0,0,LOW,Прогноз 2 шт.; остаток 79; в пути 0; страховой запас 2; MOQ 1.0.
IEK,251400133_,ЩМП 1200х800х300 IP66  TITAN 5 IEK,2026-08-01,0.0,6.0,0.0,0.2041241452319315,1.0,0.0,0,LOW,Прогноз 0 шт.; остаток 6; в пути 0; страховой запас 0; MOQ 1.0.
IEK,020100007_,Переносная вилка 034 3р+ре 63А 380В IP 54 IEK,2026-08-01,5.924737563128592,41.0,0.0,3.2774481943528353,2.0,0.0,0,LOW,Прогноз 6 шт.; остаток 41; в пути 0; страховой запас 3; MOQ 2.0.
IEK,030200977_,"Роз. аудио 4-мест. ""BRITE"" графит (1/100)",2026-08-01,1.553399389252855e-07,8.0,0.0,0.0,1.0,0.0,0,LOW,Прогноз 0 шт.; остаток 8; в пути 0; страховой запас 0; MOQ 1.0.
IEK,240100007_," Хомут 3,6х350 IEK (100)",2026-08-01,12.808907967383316,106.0,0.0,7.559210717175909,20.0,0.0,0,LOW,Прогноз 13 шт.; остаток 106; в пути 0; страховой запас 8; MOQ 20.0.
IEK,120100085_,Контактор  КТИ 5185  185А 230В IEK (1/4) ,2026-08-01,3.5682452727449836,12.0,4.0,3.5023801430836525,1.0,0.0,0,LOW,Прогноз 4 шт.; остаток 12; в пути 4; страховой запас 4; MOQ 1.0.
IEK,030201126_," Рамка 3-мест. ""BRITE""  металл черн. RE AL  IEK  (1/50)",2026-08-01,0.0,7.0,0.0,2.2453655975512468,1.0,0.0,0,LOW,Прогноз 0 шт.; остаток 7; в пути 0; страховой запас 2; MOQ 1.0.
IEK,280100136_,Т-угол  80х40  ПРАЙМЕР (108),2026-08-01,2.926620045482018,24.0,0.0,5.026595932305149,12.0,0.0,0,LOW,Прогноз 3 шт.; остаток 24; в пути 0; страховой запас 5; MOQ 12.0.
IEK,030200778_,"Выкл 1-кл перекрестный  б/рамки 10А ""BRITE"" сталь (1/100)",2026-08-01,0.2374443183001416,49.0,0.0,2.041241452319315,1.0,0.0,0,LOW,Прогноз 0 шт.; остаток 49; в пути 0; страховой запас 2; MOQ 1.0.
IEK,020100008_,Переносная розетка  213 2р+е 16А 220В IP44 IEK,2026-08-01,0.0,1.0,0.0,0.970395108533976,10.0,0.0,0,LOW,Прогноз 0 шт.; остаток 1; в пути 0; страховой запас 1; MOQ 10.0.
IEK,130600064_,Тепловое реле РТИ-3363 (63-80А) IEK (50),2026-08-01,5.382657800302788,51.0,0.0,2.99026197291586,1.0,0.0,0,LOW,Прогноз 5 шт.; остаток 51; в пути 0; страховой запас 3; MOQ 1.0.
IEK,240100011_,"Хомут 4,8х450 IEK (100)",2026-08-01,9.680932914147638,75.0,0.0,5.810909280540061,10.0,0.0,0,LOW,Прогноз 10 шт.; остаток 75; в пути 0; страховой запас 6; MOQ 10.0.
IEK,120100081_, Контактор КМИ-49512 95А 400В (4вел) IEK (1/16),2026-08-01,16.104557053109843,61.0,16.0,6.741043440496928,1.0,0.0,0,LOW,Прогноз 16 шт.; остаток 61; в пути 16; страховой запас 7; MOQ 1.0.
IEK,030201127_," Рамка 3-мест. ""BRITE""  металл коричн. RE AL  IEK  (1/50)",2026-08-01,0.0,14.0,0.0,0.0,1.0,0.0,0,LOW,Прогноз 0 шт.; остаток 14; в пути 0; страховой запас 0; MOQ 1.0.
IEK,010400867_,Реле напряжения РН-д однофазное 36мм 40А IEK,2026-08-01,4.67523854123066,28.0,0.0,4.054832507843779,1.0,0.0,0,LOW,Прогноз 5 шт.; остаток 28; в пути 0; страховой запас 4; MOQ 1.0.
IEK,020100009_,Переносная розетка  214 3р+ре 16А 380В IP44 IEK,2026-08-01,0.8041100544229121,13.0,0.0,3.5742132001323017,10.0,0.0,0,LOW,Прогноз 1 шт.; остаток 13; в пути 0; страховой запас 4; MOQ 10.0.
IEK,130600066_,Тепловое реле РТИ-3353 (23-32А) IEK (50),2026-08-01,6.821520634931597,49.0,0.0,4.427188724235731,1.0,0.0,0,LOW,Прогноз 7 шт.; остаток 49; в пути 0; страховой запас 4; MOQ 1.0.
IEK,120100089_,Контактор  КТИ 5265  265А 400В IEK (1/2) ,2026-08-01,0.0,3.0,3.0,0.816496580927726,1.0,0.0,0,LOW,Прогноз 0 шт.; остаток 3; в пути 3; страховой запас 1; MOQ 1.0.
IEK,030201124_," Рамка 3-мест. ""BRITE""  металл алюм. RE  IEK  (1/50)",2026-08-01,3.622572431146401e-05,15.0,0.0,0.408248290463863,1.0,0.0,0,LOW,Прогноз 0 шт.; остаток 15; в пути 0; страховой запас 0; MOQ 1.0.
IEK,251400041_,ЩРН-П 12 черн. прозр. дверь IP41 TEKFOR IEK,2026-08-01,3.75504004562661,25.0,0.0,0.7359800721939908,1.0,0.0,0,LOW,Прогноз 4 шт.; остаток 25; в пути 0; страховой запас 1; MOQ 1.0.
IEK,130301257_,"Автоматический стриппер  MASTER АС 0,03-10 IEK",2026-08-01,4.7405631338787435,11.0,5.0,1.2416387021459443,1.0,0.0,0,LOW,Прогноз 5 шт.; остаток 11; в пути 5; страховой запас 1; MOQ 1.0.
IEK,130600067_,Тепловое реле РТИ-3361 (55-70А) IEK (50),2026-08-01,1.226635238374596,29.0,0.0,1.2247448713915845,1.0,0.0,0,LOW,Прогноз 1 шт.; остаток 29; в пути 0; страховой запас 1; MOQ 1.0.
IEK,020100004_,Переносная вилка 023 2р+ре 32А 220В IEK,2026-08-01,10.00150570098928,60.0,20.0,6.005552985917836,10.0,0.0,0,LOW,Прогноз 10 шт.; остаток 60; в пути 20; страховой запас 6; MOQ 10.0.
IEK,240100004_," Хомут 3,6х150 IEK (100)",2026-08-01,19.644709485720917,89.0,0.0,5.083469943519636,20.0,0.0,0,LOW,Прогноз 20 шт.; остаток 89; в пути 0; страховой запас 5; MOQ 20.0.
IEK,120100088_,Контактор  КТИ 5185  185А 400В IEK (1/4) ,2026-08-01,0.27327130737136235,7.0,2.0,0.37638632635454006,1.0,0.0,0,LOW,Прогноз 0 шт.; остаток 7; в пути 2; страховой запас 0; MOQ 1.0.
IEK,130301258_,Автоматический стриппер  PROFI СИ-6м IEK,2026-08-01,0.0,0.0,0.0,0.0,1.0,0.0,0,LOW,Прогноз 0 шт.; остаток 0; в пути 0; страховой запас 0; MOQ 1.0.
IEK,030200904_," Рамка 4-мест. ""BRITE"" стекло темная бронза (1/50)",2026-08-01,8.306518069735151e-07,4.0,0.0,0.2041241452319316,1.0,0.0,0,LOW,Прогноз 0 шт.; остаток 4; в пути 0; страховой запас 0; MOQ 1.0.
IEK,280100135_,Т-угол 100х40  ПРАЙМЕР (108),2026-08-01,4.1161618841394345,38.0,0.0,2.962262648719723,12.0,0.0,0,LOW,Прогноз 4 шт.; остаток 38; в пути 0; страховой запас 3; MOQ 12.0.
IEK,030200779_,"Выкл 1-кл перекрестный  б/рамки 10А ""BRITE"" графит (1/100)",2026-08-01,1.5476858220330707,26.0,0.0,2.78687399547714,1.0,0.0,0,LOW,Прогноз 2 шт.; остаток 26; в пути 0; страховой запас 3; MOQ 1.0.
IEK,010400925_,Реле напряжения и тока РНТ-д однофазное 36мм 25А IEK,2026-08-01,4.019797600264667,8.0,11.0,3.292668623877396,1.0,0.0,0,LOW,Прогноз 4 шт.; остаток 8; в пути 11; страховой запас 3; MOQ 1.0.
IEK,240100005_," Хомут 3,6х200 IEK (100)",2026-08-01,121.24365766350543,946.0,200.0,10.751744044576052,20.0,0.0,0,LOW,Прогноз 121 шт.; остаток 946; в пути 200; страховой запас 11; MOQ 20.0.
IEK,120100087_,Контактор КТИ 6400  400А 230В IEK (1/4) ,2026-08-01,3.260279351982017,14.0,0.0,1.655797894269306,1.0,0.0,0,LOW,Прогноз 3 шт.; остаток 14; в пути 0; страховой запас 2; MOQ 1.0.
IEK,020100006_,Переносная вилка 025 3р+ре+n 32А 380В IEK,2026-08-01,28.23366476348592,96.0,60.0,13.20132569100548,10.0,0.0,0,LOW,Прогноз 28 шт.; остаток 96; в пути 60; страховой запас 13; MOQ 10.0.
IEK,240100003_,"Хомут 3,6х100 IEK (100)",2026-08-01,1.5510008617343114,56.0,0.0,1.3570801990548407,20.0,0.0,0,LOW,Прогноз 2 шт.; остаток 56; в пути 0; страховой запас 1; MOQ 20.0.
IEK,280300250_,Разделительная перегородка h 80 IEK,2026-08-01,0.2862596684685019,112.0,0.0,0.4183300132670378,2.0,0.0,0,LOW,Прогноз 0 шт.; остаток 112; в пути 0; страховой запас 0; MOQ 2.0.
IEK,030200905_,"Вывод кабеля ""BRITE"" белый (1/200)",2026-08-01,7.16038864046233,19.0,0.0,3.5555121525128643,1.0,0.0,0,LOW,Прогноз 7 шт.; остаток 19; в пути 0; страховой запас 4; MOQ 1.0.
IEK,030200776_,"Выкл 1-кл перекрестный  10А б/рамки ""BRITE"" шампань (1/100)",2026-08-01,2.5637468934184713,18.0,0.0,1.7724747294860586,1.0,0.0,0,LOW,Прогноз 3 шт.; остаток 18; в пути 0; страховой запас 2; MOQ 1.0.
IEK,130301608_,"Колодка клеммная CTS   2,5мм2 серая IEK",2026-08-01,66.49437667185568,382.0,0.0,40.153455642073936,100.0,0.0,0,LOW,Прогноз 66 шт.; остаток 382; в пути 0; страховой запас 40; MOQ 100.0.
IEK,130600061_,Реле РЭК78/4(MY4)  3А 220В АC IEK (20/500),2026-08-01,24.802369975400126,54.0,40.0,9.650993040442344,20.0,0.0,0,LOW,Прогноз 25 шт.; остаток 54; в пути 40; страховой запас 10; MOQ 20.0.
IEK,240100020_,Площадка (самоклеющаяся) 30х30 IEK (100),2026-08-01,9.146778559237429e-07,1.0,0.0,0.0,,0.0,0,LOW,Прогноз 0 шт.; остаток 1; в пути 0; страховой запас 0; MOQ не указан.
IEK,120100072_, Пускатель ПРК32-18 In=18A Ir=13-18A Ue 660В IEK (1/50),2026-08-01,2.5692803400470043,21.0,4.0,1.991649232838622,1.0,0.0,0,LOW,Прогноз 3 шт.; остаток 21; в пути 4; страховой запас 2; MOQ 1.0.
IEK,030200976_,"Роз. аудио 4-мест. ""BRITE"" черный (1/100)",2026-08-01,0.0,2.0,0.0,0.408248290463863,1.0,0.0,0,LOW,Прогноз 0 шт.; остаток 2; в пути 0; страховой запас 0; MOQ 1.0.
IEK,020100013_,Переносная розетка  225 3р+ре+n 32А 380В IEK,2026-08-01,21.06115855492444,88.0,0.0,10.856641592438567,10.0,0.0,0,LOW,Прогноз 21 шт.; остаток 88; в пути 0; страховой запас 11; MOQ 10.0.
IEK,251400134_,ЩМП 1200х800х400 IP66  TITAN 5 IEK,2026-08-01,0.0902224860722187,4.0,0.0,0.2738612787525829,1.0,0.0,0,LOW,Прогноз 0 шт.; остаток 4; в пути 0; страховой запас 0; MOQ 1.0.
IEK,240100025_,Площадка (самоклеющаяся) 40х40 IEK (100),2026-08-01,9.563460728107548e-07,1.0,0.0,0.0,,0.0,0,LOW,Прогноз 0 шт.; остаток 1; в пути 0; страховой запас 0; MOQ не указан.
IEK,030201129_," Рамка 3-мест. ""BRITE""  металл алюм. RE AL  IEK  (1/50)",2026-08-01,7.571013427842943e-05,9.0,0.0,0.2041241452319315,1.0,0.0,0,LOW,Прогноз 0 шт.; остаток 9; в пути 0; страховой запас 0; MOQ 1.0.
IEK,020100015_,Стационарная розетка  113 2р+ре 16А 220В IP44 IEK,2026-08-01,3.77060265480578,32.0,0.0,2.653613888015117,10.0,0.0,0,LOW,Прогноз 4 шт.; остаток 32; в пути 0; страховой запас 3; MOQ 10.0.
IEK,280300231_,I12 диммер КВАРТА ВСР 10-1-0-КБ (160),2026-08-01,0.41962190074643313,8.0,0.0,0.25819888974715927,8.0,0.0,0,LOW,Прогноз 0 шт.; остаток 8; в пути 0; страховой запас 0; MOQ 8.0.
IEK,251400037_,ЩРВ-П 36 бел. дверь IP41 TEKFOR IEK,2026-08-01,3.1639518415837884,26.0,0.0,2.1832697191750423,1.0,0.0,0,LOW,Прогноз 3 шт.; остаток 26; в пути 0; страховой запас 2; MOQ 1.0.
IEK,240100026_," Хомут 4,8х250 IEK (100)",2026-08-01,33.60281880524924,213.0,0.0,6.969576744681171,10.0,0.0,0,LOW,Прогноз 34 шт.; остаток 213; в пути 0; страховой запас 7; MOQ 10.0.
IEK,120100070_, Пускатель ПРК32-10 In=10A Ir=6-10A Ue 660В IEK (1/50),2026-08-01,5.557666237335004,23.0,0.0,4.641300105214773,1.0,0.0,0,LOW,Прогноз 6 шт.; остаток 23; в пути 0; страховой запас 5; MOQ 1.0.
IEK,280100139_,Рамка и суппорт  на 6 модулей 60 мм ПРАЙМЕР (120),2026-08-01,32.704865494952486,118.0,0.0,22.506480548203594,10.0,0.0,0,LOW,Прогноз 33 шт.; остаток 118; в пути 0; страховой запас 23; MOQ 10.0.
IEK,120100071_,Пускатель ПРК32-14 In=14A Ir=9-14A Ue 660В IEK (1/50),2026-08-01,1.679760681610024,9.0,0.0,1.942935922772545,1.0,0.0,0,LOW,Прогноз 2 шт.; остаток 9; в пути 0; страховой запас 2; MOQ 1.0.
IEK,251400039_,ЩРВ-П  8 черн. прозр. дверь IP41 TEKFOR IEK,2026-08-01,0.026013810908384657,5.0,0.0,0.8755950357709132,1.0,0.0,0,LOW,Прогноз 0 шт.; остаток 5; в пути 0; страховой запас 1; MOQ 1.0.
IEK,010400854_,Реле напряжения и тока РНТ-д однофазное 36мм 50А IEK,2026-08-01,3.8557145715684444,10.0,0.0,5.96168320750664,1.0,0.0,0,LOW,Прогноз 4 шт.; остаток 10; в пути 0; страховой запас 6; MOQ 1.0.
IEK,240100012_," Хомут 4,8х500 IEK (100)",2026-08-01,1.7215295679544103,3.0,0.0,0.81649658092771,10.0,0.0,0,LOW,Прогноз 2 шт.; остаток 3; в пути 0; страховой запас 1; MOQ 10.0.
IEK,120100080_,Контактор  КМИ-34062 40А 220В  IP54 (3вел в корпусе) IEK (1/6),2026-08-01,0.6003794451766483,7.0,0.0,0.4183300132670359,1.0,0.0,0,LOW,Прогноз 1 шт.; остаток 7; в пути 0; страховой запас 0; MOQ 1.0.
IEK,010400865_,Реле напряжения РН-д 1ф 36мм 32А IEK NEW,2026-08-01,5.43337359965422,42.0,7.0,1.881931631772702,1.0,0.0,0,LOW,Прогноз 5 шт.; остаток 42; в пути 7; страховой запас 2; MOQ 1.0.
IEK,270300133_,"Перекл.кулачковый ПКП10-33 /О 10А""1-0-2""3Р/400В  IEK !!!",2026-08-01,0.0,6.0,0.0,0.0,,0.0,0,LOW,Прогноз 0 шт.; остаток 6; в пути 0; страховой запас 0; MOQ не указан.
IEK,280100137_,Соеденитель на стык лицевой  для крышки 75 мм ПРАЙМЕР (720),2026-08-01,10.99702073504563,111.0,0.0,8.71014733897577,20.0,0.0,0,LOW,Прогноз 11 шт.; остаток 111; в пути 0; страховой запас 9; MOQ 20.0.
IEK,030200777_,"Выкл 1-кл перекрестный  10А б/рамки ""BRITE"" алюминий (1/100)",2026-08-01,0.8172824091619394,40.0,0.0,2.1602468994692865,1.0,0.0,0,LOW,Прогноз 1 шт.; остаток 40; в пути 0; страховой запас 2; MOQ 1.0.
IEK,020100012_,Переносная розетка  224 3р+ре 32А 380В IP44 IEK,2026-08-01,9.326532040804114,24.0,40.0,6.631364867054188,10.0,0.0,0,LOW,Прогноз 9 шт.; остаток 24; в пути 40; страховой запас 7; MOQ 10.0.
IEK,130301263_,Устройство АВР модульное АВР-1 STANDARD 63А KARAT IEK (6) NEW,2026-08-01,0.06882785684005921,2.0,0.0,0.2041241452319315,,0.0,0,LOW,Прогноз 0 шт.; остаток 2; в пути 0; страховой запас 0; MOQ не указан.
IEK,240100013_," Хомут 7,6х500 IEK (100)",2026-08-01,7.421860328598663,89.0,0.0,3.42052627529742,5.0,0.0,0,LOW,Прогноз 7 шт.; остаток 89; в пути 0; страховой запас 3; MOQ 5.0.
IEK,020100011_,Переносная розетка  223 2р+ре 32А 220В  IEK,2026-08-01,1.7247169604482793,34.0,0.0,2.2060522810365777,10.0,0.0,0,LOW,Прогноз 2 шт.; остаток 34; в пути 0; страховой запас 2; MOQ 10.0.
IEK,030201128_," Рамка 3-мест. ""BRITE""  металл шамп. RE AL  IEK  (1/50)",2026-08-01,0.0038691081106599946,22.0,0.0,0.6123724356957945,1.0,0.0,0,LOW,Прогноз 0 шт.; остаток 22; в пути 0; страховой запас 1; MOQ 1.0.
IEK,251400038_,ЩРВ-П 54 бел. дверь IP41 TEKFOR IEK,2026-08-01,4.280445960413431,13.0,0.0,2.622022120425379,1.0,0.0,0,LOW,Прогноз 4 шт.; остаток 13; в пути 0; страховой запас 3; MOQ 1.0.
IEK,120100073_, Пускатель ПРК32-25 In=25A Ir=20-25A Ue 660В IEK (1/50),2026-08-01,2.122023744926161,18.0,0.0,1.772474729486056,1.0,0.0,0,LOW,Прогноз 2 шт.; остаток 18; в пути 0; страховой запас 2; MOQ 1.0.
IEK,щт-0001802,Сиг. лампа ENR-22  d22мм белый неон/240В цилиндр IEK !!!,2026-08-01,0.00022549412013518884,3.0,0.0,0.6123724356957945,,0.0,0,LOW,Прогноз 0 шт.; остаток 3; в пути 0; страховой запас 1; MOQ не указан.
IEK,010400926_,Реле напряжения и тока РНТ-д однофазное 54мм 25А IEK,2026-08-01,5.400063337740566e-05,5.0,5.0,0.816496580927726,1.0,0.0,0,LOW,Прогноз 0 шт.; остаток 5; в пути 5; страховой запас 1; MOQ 1.0.
IEK,280300356_, 3 КВтп 10х150-240-02 IEK !!!,2026-08-01,0.0,3.0,0.0,0.0,,0.0,0,LOW,Прогноз 0 шт.; остаток 3; в пути 0; страховой запас 0; MOQ не указан.
IEK,030201120_," Рамка 3-мест. ""BRITE""  стекло черн. RE  IEK  (1/50)",2026-08-01,0.0,6.0,0.0,0.8164965809277259,1.0,0.0,0,LOW,Прогноз 0 шт.; остаток 6; в пути 0; страховой запас 1; MOQ 1.0.
IEK,251400045_,КМПн 2 белый IP41 TEKFOR Mini  IEK,2026-08-01,5.709316983971142,67.0,0.0,2.06559111797729,12.0,0.0,0,LOW,Прогноз 6 шт.; остаток 67; в пути 0; страховой запас 2; MOQ 12.0.
IEK,010400930_,Реле напряжения РН-д однофазное 54мм 25А IEK,2026-08-01,0.04614954566060678,4.0,0.0,0.8803408430829506,1.0,0.0,0,LOW,Прогноз 0 шт.; остаток 4; в пути 0; страховой запас 1; MOQ 1.0.
IEK,200400329_,"U/UTP кат.6 4х2х0,57 PVCLS нг(А)-LSLTx белый (305м) ITK",2026-08-01,0.0,2440.0,0.0,0.0,1.0,0.0,0,LOW,Прогноз 0 шт.; остаток 2440; в пути 0; страховой запас 0; MOQ 1.0.
IEK,120100307_,Контактор КМ 20-40М AC IEK,2026-08-01,0.0003011140957308307,0.0,11.0,2.9439202887759492,1.0,0.0,0,LOW,Прогноз 0 шт.; остаток 0; в пути 11; страховой запас 3; MOQ 1.0.
IEK,011100126_,Доп. контакт ДК-250(400)А (АК-35/37)  TDM !!!,2026-08-01,0.0,182.0,0.0,0.6123724356957945,,0.0,0,LOW,Прогноз 0 шт.; остаток 182; в пути 0; страховой запас 1; MOQ не указан.
IEK,280300404_,Распределительная  коробка о/у  с сальниками 100х100х50 IP44 КМ41255 IEK (48),2026-08-01,338.357727362435,2482.0,0.0,222.4843814742958,48.0,0.0,0,LOW,Прогноз 338 шт.; остаток 2482; в пути 0; страховой запас 222; MOQ 48.0.
IEK,280100131_,"Розетка с з/к 2к, 2 модуля (белая) РКС-20-30-П ПРАЙМЕР (100)",2026-08-01,456.42763422542066,1311.0,0.0,84.55575083931309,10.0,0.0,0,LOW,Прогноз 456 шт.; остаток 1311; в пути 0; страховой запас 85; MOQ 10.0.
IEK,030200785_,"Роз. 2-я RJ11+RJ45 кат.5E б/рамки ""BRITE"" графит (1/100)",2026-08-01,0.4817886632307017,16.0,0.0,0.0,1.0,0.0,0,LOW,Прогноз 0 шт.; остаток 16; в пути 0; страховой запас 0; MOQ 1.0.
IEK,120100306_,Контактор КМ 20-20М AC IEK,2026-08-01,87.42330961396924,581.0,0.0,17.92414572580796,1.0,0.0,0,LOW,Прогноз 87 шт.; остаток 581; в пути 0; страховой запас 18; MOQ 1.0.
IEK,011100210_,Расцепитель независимый РН-800/1600  TDM !!!,2026-08-01,0.0,32.0,0.0,0.0,,0.0,0,LOW,Прогноз 0 шт.; остаток 32; в пути 0; страховой запас 0; MOQ не указан.
IEK,280300403_,Распределительная  коробка о/у  с сальниками  70х70х40 IP44 КМ41236 IEK (84),2026-08-01,46.35985595198417,424.0,0.0,39.7937390385305,84.0,0.0,0,LOW,Прогноз 46 шт.; остаток 424; в пути 0; страховой запас 40; MOQ 84.0.
IEK,130301120_,ВПу12-01-Ст Вилка разборная угловая с з/к с кольцом 16А белая,2026-08-01,20.520817045792832,176.0,0.0,9.26102946041461,50.0,0.0,0,LOW,Прогноз 21 шт.; остаток 176; в пути 0; страховой запас 9; MOQ 50.0.
IEK,251400131_,ЩМП 1200х600х300 IP66  TITAN 5 IEK,2026-08-01,0.03913677420147005,3.0,0.0,0.2738612787525831,1.0,0.0,0,LOW,Прогноз 0 шт.; остаток 3; в пути 0; страховой запас 0; MOQ 1.0.
IEK,030201121_," Рамка 3-мест. ""BRITE""  стекло графит RE  IEK  (1/50)",2026-08-01,0.007821647072383416,3.0,0.0,0.6123724356957945,1.0,0.0,0,LOW,Прогноз 0 шт.; остаток 3; в пути 0; страховой запас 1; MOQ 1.0.
IEK,щт-0001014, BA 47-100 (2ф)  80A IEK !!!,2026-08-01,0.0020169975032064166,1.0,0.0,0.408248290463863,,0.0,0,LOW,Прогноз 0 шт.; остаток 1; в пути 0; страховой запас 0; MOQ не указан.
IEK,200400330_,"U/UTP кат.6 4х2х0,57 LSZH нг(А)-HF оранжевый (305м)  ITK ",2026-08-01,18.898155485381853,1785.0,0.0,30.618621784789728,1.0,0.0,0,LOW,Прогноз 19 шт.; остаток 1785; в пути 0; страховой запас 31; MOQ 1.0.
IEK,010400929_,Реле напряжения РН-д однофазное 36мм 25А IEK,2026-08-01,0.07393499528201691,10.0,5.0,2.489979919597747,1.0,0.0,0,LOW,Прогноз 0 шт.; остаток 10; в пути 5; страховой запас 2; MOQ 1.0.
IEK,030200902_," Рамка 4-мест. ""BRITE"" стекло ванильный (1/50)",2026-08-01,0.01927452374530254,12.0,0.0,0.2581988897471656,1.0,0.0,0,LOW,Прогноз 0 шт.; остаток 12; в пути 0; страховой запас 0; MOQ 1.0.
IEK,030201119_," Рамка 3-мест. ""BRITE""  стекло бел. RE  IEK  (1/50)",2026-08-01,0.013453495567968939,19.0,0.0,0.2041241452319315,1.0,0.0,0,LOW,Прогноз 0 шт.; остаток 19; в пути 0; страховой запас 0; MOQ 1.0.
IEK,200400250_,"F/UTP (24 AWG), кат.5Е экран, 4 пары, LDPE внеш.черный 305м ITK ",2026-08-01,1589.1745856551292,7330.0,0.0,302.9043440868211,1.0,0.0,0,LOW,Прогноз 1589 шт.; остаток 7330; в пути 0; страховой запас 303; MOQ 1.0.
IEK,130600078_,"Тепловое реле РТИ-1304 (0,4-0,63А) IEK (1/100)",2026-08-01,0.5348666906768281,9.0,0.0,0.40824829046386396,1.0,0.0,0,LOW,Прогноз 1 шт.; остаток 9; в пути 0; страховой запас 0; MOQ 1.0.
IEK,251400046_,КМПн 4 белый IP41 TEKFOR Mini  IEK,2026-08-01,4.997037647707328,33.0,0.0,4.152308594826097,12.0,0.0,0,LOW,Прогноз 5 шт.; остаток 33; в пути 0; страховой запас 4; MOQ 12.0.
IEK,011100121_,Расцепитель независимый РН-125/160 (РН-32/33) TDM !!!,2026-08-01,0.0,168.0,0.0,0.0,,0.0,0,LOW,Прогноз 0 шт.; остаток 168; в пути 0; страховой запас 0; MOQ не указан.
IEK,200400259_,Инструмент обжим. RJ-45/12 с храп. мех. верт. обжим ITK ,2026-08-01,0.0005698743691327087,1.0,0.0,0.2041241452319315,1.0,0.0,0,LOW,Прогноз 0 шт.; остаток 1; в пути 0; страховой запас 0; MOQ 1.0.
IEK,120100309_,Контактор КМ 63-40М AC/DC IEK,2026-08-01,11.890338930404235,43.0,0.0,23.036384264897126,1.0,0.0,0,LOW,Прогноз 12 шт.; остаток 43; в пути 0; страховой запас 23; MOQ 1.0.
IEK,280100130_,"Розетка информационная RJ-45 UTP кат.5е,2 модуль РКИ-20-00-П ПРАЙМЕР (100)",2026-08-01,31.017827532898526,54.0,0.0,9.437513796899404,10.0,0.0,0,LOW,Прогноз 31 шт.; остаток 54; в пути 0; страховой запас 9; MOQ 10.0.
IEK,011100123_,Аварийный контакт АК-125/160 (АК 32/33)   ТДМ !!!,2026-08-01,0.0003217530729948704,381.0,0.0,0.0,,0.0,0,LOW,Прогноз 0 шт.; остаток 381; в пути 0; страховой запас 0; MOQ не указан.
IEK,030200786_,BRITE Розетка двойная RJ11+RJ45 кат.5E РК/Т12-БрМ маренго IEK,2026-08-01,0.0,45.0,0.0,0.0,,0.0,0,LOW,Прогноз 0 шт.; остаток 45; в пути 0; страховой запас 0; MOQ не указан.
IEK,200400264_,Инструмент обжим. RJ-45/12/11 с храп. мех. ITK ,2026-08-01,1.4950895155311716,6.0,0.0,0.5163977794943216,1.0,0.0,0,LOW,Прогноз 1 шт.; остаток 6; в пути 0; страховой запас 1; MOQ 1.0.
IEK,120100308_,Контактор КМ 40-40М AC/DC IEK,2026-08-01,4.715508596472845,15.0,0.0,2.9566309655867875,1.0,0.0,0,LOW,Прогноз 5 шт.; остаток 15; в пути 0; страховой запас 3; MOQ 1.0.
IEK,011100124_,Аварийный контакт АК-250/400 (АК 35/37)   ТДМ !!!,2026-08-01,0.00031711277425943996,169.0,0.0,0.0,,0.0,0,LOW,Прогноз 0 шт.; остаток 169; в пути 0; страховой запас 0; MOQ не указан.
IEK,280300589_,ЩРН- 12 (265x310x120) GENERICA,2026-08-01,0.0,0.0,0.0,0.0,,0.0,0,LOW,Прогноз 0 шт.; остаток 0; в пути 0; страховой запас 0; MOQ не указан.
IEK,010400931_,Реле напряжения РН-д однофазное 54мм 32А IEK,2026-08-01,0.526960056044006,12.0,3.0,1.497219645431714,1.0,0.0,0,LOW,Прогноз 1 шт.; остаток 12; в пути 3; страховой запас 1; MOQ 1.0.
IEK,201000015_,Преобраз. частоты CONTROL-A310 380В 3Ф  18-22кВт 37-45A IEK (1) NEW,2026-08-01,4.2110848006572037e-07,1.0,0.0,0.0,,0.0,0,LOW,Прогноз 0 шт.; остаток 1; в пути 0; страховой запас 0; MOQ не указан.
IEK,030200980_,"Роз. 2-я TV+SAT б/рамки ""BRITE"" белый (1/100)",2026-08-01,6.357822530437848e-07,4.0,0.0,0.0,1.0,0.0,0,LOW,Прогноз 0 шт.; остаток 4; в пути 0; страховой запас 0; MOQ 1.0.
IEK,030200781_,"Роз. с з/к с з/ш 16А с USB A+A 2,1А б/рамки ""BRITE"" графит (1/80)",2026-08-01,0.0001623501561659056,6.0,0.0,0.0,1.0,0.0,0,LOW,Прогноз 0 шт.; остаток 6; в пути 0; страховой запас 0; MOQ 1.0.
IEK,020100001_,Переносная вилка 013  2р+ре 16А 220В IEK,2026-08-01,2.0328230197276387,12.0,0.0,1.3662601021278626,10.0,0.0,0,LOW,Прогноз 2 шт.; остаток 12; в пути 0; страховой запас 1; MOQ 10.0.
IEK,280300397_, Распределительная коробка с/у для твердых стен 172x96x45 IP20 КМ41006 IEK (70)*,2026-08-01,0.9470004561024781,44.0,0.0,0.9831920802501636,,0.0,0,LOW,Прогноз 1 шт.; остаток 44; в пути 0; страховой запас 1; MOQ не указан.
IEK,010400927_,Реле напряжения и тока РНТ-д однофазное 54мм 40А IEK,2026-08-01,2.6371722982474433,0.0,8.0,1.7724747294860563,1.0,0.0,0,LOW,Прогноз 3 шт.; остаток 0; в пути 8; страховой запас 2; MOQ 1.0.
IEK,120100119_, Контактор КМИ-46512 65А 400В (4вел) IEK (1/20),2026-08-01,18.205197427228594,61.0,0.0,4.701063709417266,1.0,0.0,0,LOW,Прогноз 18 шт.; остаток 61; в пути 0; страховой запас 5; MOQ 1.0.
IEK,030201123_," Рамка 3-мест. ""BRITE""  металл черн. RE  IEK  (1/50)",2026-08-01,0.0,7.0,0.0,0.0,1.0,0.0,0,LOW,Прогноз 0 шт.; остаток 7; в пути 0; страховой запас 0; MOQ 1.0.
IEK,251400042_,ЩРН-П 24 черн. прозр. дверь IP41 TEKFOR IEK,2026-08-01,4.347098933752208,16.0,10.0,2.695675549220763,1.0,0.0,0,LOW,Прогноз 4 шт.; остаток 16; в пути 10; страховой запас 3; MOQ 1.0.
IEK,120100122_,Контактор  КМИ-46562 65А 380В  IP54 (3вел в корпусе) IEK (1/6),2026-08-01,0.06162264737663897,5.0,1.0,1.0206207261596574,1.0,0.0,0,LOW,Прогноз 0 шт.; остаток 5; в пути 1; страховой запас 1; MOQ 1.0.
IEK,130301232_, Трубы гибкая двустенная красная (с протяжкой)  Ø160  IEK (35) ,2026-08-01,196.6505461105399,600.0,0.0,67.03313857090878,35.0,0.0,0,LOW,Прогноз 197 шт.; остаток 600; в пути 0; страховой запас 67; MOQ 35.0.
IEK,020100002_,Переносная вилка 014 3р+ре 16А 380В IEK,2026-08-01,9.140499299807534,35.0,0.0,7.278392679706146,10.0,0.0,0,LOW,Прогноз 9 шт.; остаток 35; в пути 0; страховой запас 7; MOQ 10.0.
IEK,030200978_,"Роз. аудио 4-мест. ""BRITE"" сталь (1/100)",2026-08-01,0.0,3.0,0.0,0.0,1.0,0.0,0,LOW,Прогноз 0 шт.; остаток 3; в пути 0; страховой запас 0; MOQ 1.0.
IEK,240100002_,"Хомут 2,5х150 IEK (100)",2026-08-01,8.98113568419442,173.0,0.0,2.162174831043874,20.0,0.0,0,LOW,Прогноз 9 шт.; остаток 173; в пути 0; страховой запас 2; MOQ 20.0.
IEK,120100118_, Контактор КМИ-46512 65А 230В (4вел) IEK (1/20),2026-08-01,63.240811337832056,226.0,3.0,25.60078123807944,1.0,0.0,0,LOW,Прогноз 63 шт.; остаток 226; в пути 3; страховой запас 26; MOQ 1.0.
IEK,280100134_,Соединитель на стык боковой высотой 40 мм.  ПРАЙМЕР (1440),2026-08-01,50.64902667911611,274.0,0.0,32.4222146066551,40.0,0.0,0,LOW,Прогноз 51 шт.; остаток 274; в пути 0; страховой запас 32; MOQ 40.0.
IEK,030200780_,"Выкл 1-кл перекрестный 10А б/рамки ""BRITE"" чёрный (1/100)",2026-08-01,11.00058273458391,54.0,0.0,8.48331696134635,1.0,0.0,0,LOW,Прогноз 11 шт.; остаток 54; в пути 0; страховой запас 8; MOQ 1.0.
IEK,020100003_,Переносная вилка 015 3р+ре+n 16А 380В IP 44 IEK,2026-08-01,4.130545061854303,28.0,0.0,3.250640962435965,10.0,0.0,0,LOW,Прогноз 4 шт.; остаток 28; в пути 0; страховой запас 3; MOQ 10.0.
IEK,280100133_,"Розетка телеф RJ-11 кат.3, 1 модуль РКФ-10-00-П ПРАЙМЕР (100)",2026-08-01,0.006096560346528453,6.0,0.0,1.329160135825126,10.0,0.0,0,LOW,Прогноз 0 шт.; остаток 6; в пути 0; страховой запас 1; MOQ 10.0.
IEK,280300399_,Распределительная коробка с/у для полых стен г/к 172х96x45 IP20 КМ41026 IEK (70),2026-08-01,0.4563463024025637,50.0,0.0,1.7440374613713625,,0.0,0,LOW,Прогноз 0 шт.; остаток 50; в пути 0; страховой запас 2; MOQ не указан.
IEK,011100245_,Аварийный контакт АК-800/1600 (АК 40/43)   ТДМ !!!,2026-08-01,0.0,34.0,0.0,0.0,,0.0,0,LOW,Прогноз 0 шт.; остаток 34; в пути 0; страховой запас 0; MOQ не указан.
IEK,280300402_,Распределительная  коробка о/у  с сальниками 190х140х70 IP55 КМ41244 IEK (20),2026-08-01,30.226366131072638,129.0,0.0,14.610783688769054,20.0,0.0,0,LOW,Прогноз 30 шт.; остаток 129; в пути 0; страховой запас 15; MOQ 20.0.
IEK,280100132_,"Розетка с з/к 2к, 2 модуля (красная) РКС-20-32-П ПРАЙМЕР (10)",2026-08-01,48.513403484957436,324.0,0.0,23.063860619303668,10.0,0.0,0,LOW,Прогноз 49 шт.; остаток 324; в пути 0; страховой запас 23; MOQ 10.0.
IEK,280300401_,Распределительная  коробка о/у  с сальниками  85х85х40 IP44 КМ41235 IEK (60),2026-08-01,97.6664370746657,381.0,0.0,24.49625821766797,60.0,0.0,0,LOW,Прогноз 98 шт.; остаток 381; в пути 0; страховой запас 24; MOQ 60.0.
IEK,130301128_,Кронштейн для анкерного зажима КАМ-1500 IEK (10),2026-08-01,1.3516407701689406,12.0,0.0,0.9999999999999996,10.0,0.0,0,LOW,Прогноз 1 шт.; остаток 12; в пути 0; страховой запас 1; MOQ 10.0.
IEK,120100216_,Контактор КМИ-11211 12А 230В/АС3 1Н3 IEK !!!,2026-08-01,0.0,40.0,0.0,0.0,,0.0,0,LOW,Прогноз 0 шт.; остаток 40; в пути 0; страховой запас 0; MOQ не указан.
IEK,030201122_," Рамка 3-мест. ""BRITE""  стекло песчаный RE  IEK  (1/50)",2026-08-01,0.0,7.0,0.0,0.970395108533976,1.0,0.0,0,LOW,Прогноз 0 шт.; остаток 7; в пути 0; страховой запас 1; MOQ 1.0.
IEK,280300400_, Установочная коробка для полых стен г/к 141х70x45 КМ40023 IEK (100),2026-08-01,0.7754750934436003,78.0,0.0,1.357080199054816,,0.0,0,LOW,Прогноз 1 шт.; остаток 78; в пути 0; страховой запас 1; MOQ не указан.
IEK,251400043_,ЩРН-П 36 черн. прозр. дверь IP41 TEKFOR IEK,2026-08-01,4.791818575222446,14.0,0.0,1.7440374613713625,1.0,0.0,0,LOW,Прогноз 5 шт.; остаток 14; в пути 0; страховой запас 2; MOQ 1.0.
IEK,030200903_," Рамка 4-мест. ""BRITE"" стекло дымчатый (1/50)",2026-08-01,0.03932771034111283,26.0,0.0,0.408248290463863,1.0,0.0,0,LOW,Прогноз 0 шт.; остаток 26; в пути 0; страховой запас 0; MOQ 1.0.
IEK,030200775_,"Выкл 1-кл перекрестный 10А б/рамки ""BRITE"" жемчуг (1/100)",2026-08-01,2.100641111662566,106.0,0.0,4.02077936060494,1.0,0.0,0,LOW,Прогноз 2 шт.; остаток 106; в пути 0; страховой запас 4; MOQ 1.0.
IEK,030200985_,"Светорег. пов-наж. 600Вт ""BRITE"" графит (1/80)",2026-08-01,0.04904619071879425,8.0,0.0,3.061862178478972,1.0,0.0,0,LOW,Прогноз 0 шт.; остаток 8; в пути 0; страховой запас 3; MOQ 1.0.
IEK,130301609_,"Колодка клеммная CTS   2,5мм2 синяя IEK",2026-08-01,9.691904035794664,141.0,0.0,9.020347369512235,100.0,0.0,0,LOW,Прогноз 10 шт.; остаток 141; в пути 0; страховой запас 9; MOQ 100.0.
IEK,020100017_,Стационарная розетка  114 3р+е 16А 380В IP 44 IEK,2026-08-01,1.0653519133362161,17.0,0.0,3.1570027980137545,10.0,0.0,0,LOW,Прогноз 1 шт.; остаток 17; в пути 0; страховой запас 3; MOQ 10.0.
IEK,130301616_,Колодка клеммная CTS  16мм2 серая IEK,2026-08-01,3.8093167077778505,102.0,0.0,6.252999280345393,50.0,0.0,0,LOW,Прогноз 4 шт.; остаток 102; в пути 0; страховой запас 6; MOQ 50.0.
IEK,130600027_,Реле РЭК78/3(MY3)  5А 220В АC IEK (20/500),2026-08-01,12.474147414156999,55.0,0.0,7.160074487508269,20.0,0.0,0,LOW,Прогноз 12 шт.; остаток 55; в пути 0; страховой запас 7; MOQ 20.0.
IEK,030200911_,"Вывод кабеля ""BRITE"" черный (1/200)",2026-08-01,3.8957794947305153,27.0,0.0,2.5964719653149837,1.0,0.0,0,LOW,Прогноз 4 шт.; остаток 27; в пути 0; страховой запас 3; MOQ 1.0.
IEK,240100106_," Хомут 4,8х350 IEK (100)",2026-08-01,10.876066693673472,24.0,0.0,6.016643582596536,10.0,0.0,0,LOW,Прогноз 11 шт.; остаток 24; в пути 0; страховой запас 6; MOQ 10.0.
IEK,120100045_,Контактор  КМИ-10960 9А 380В  IP54 (1вел в корпусе) IEK (1/20),2026-08-01,1.22292738468983,9.0,2.0,0.5477225575051607,1.0,0.0,0,LOW,Прогноз 1 шт.; остаток 9; в пути 2; страховой запас 1; MOQ 1.0.
IEK,030200409_,"Выкл 2-кл. 10А б/рамки ""BRITE"" алюминий (1/100)",2026-08-01,40.73240377672687,190.0,0.0,8.965210538520573,1.0,0.0,0,LOW,Прогноз 41 шт.; остаток 190; в пути 0; страховой запас 9; MOQ 1.0.
IEK,010300189_, УЗО АД 12  (2ф) 32А 100мА IEK !!!,2026-08-01,0.0,0.0,0.0,0.0,,0.0,0,LOW,Прогноз 0 шт.; остаток 0; в пути 0; страховой запас 0; MOQ не указан.
IEK,280300084_, Лоток проволочный (60х100х3000) IEK (6),2026-08-01,42.51518544998553,0.0,180.0,47.87796988177343,18.0,0.0,0,LOW,Прогноз 43 шт.; остаток 0; в пути 180; страховой запас 48; MOQ 18.0.
IEK,251400030_,ЩРВ-П 54 черн. прозр. дверь IP41 TEKFOR IEK,2026-08-01,8.983531437307553,36.0,20.0,0.9831920802501763,1.0,0.0,0,LOW,Прогноз 9 шт.; остаток 36; в пути 20; страховой запас 1; MOQ 1.0.
IEK,030200768_,"Роз. с з/к с з/ш 16А с USB A+A 3,1А б/рамки ""BRITE"" графит (1/80)",2026-08-01,4.490252010339246e-07,2.0,0.0,0.0,1.0,0.0,0,LOW,Прогноз 0 шт.; остаток 2; в пути 0; страховой запас 0; MOQ 1.0.
IEK,240100107_,"Хомут 7,6х300 IEK (100)",2026-08-01,6.1105612992784915,35.0,0.0,1.9083151381958336,5.0,0.0,0,LOW,Прогноз 6 шт.; остаток 35; в пути 0; страховой запас 2; MOQ 5.0.
IEK,030200410_,"Выкл 2-кл. с инд. б/рамки ""BRITE"" алюминий (1/100)",2026-08-01,1.015275285859024,10.0,0.0,2.738612787525827,1.0,0.0,0,LOW,Прогноз 1 шт.; остаток 10; в пути 0; страховой запас 3; MOQ 1.0.
IEK,280300083_, Лоток проволочный (50х80х3000) IEK (6),2026-08-01,19.80248654096061,93.0,0.0,21.633307652783976,18.0,0.0,0,LOW,Прогноз 20 шт.; остаток 93; в пути 0; страховой запас 22; MOQ 18.0.
IEK,120100044_,Контактор  КТИ 5150  150А 400В IEK (1/4) ,2026-08-01,1.3334364384461335,5.0,0.0,2.1134489978863145,1.0,0.0,0,LOW,Прогноз 1 шт.; остаток 5; в пути 0; страховой запас 2; MOQ 1.0.
IEK,030201137_," Рамка 4-мест. ""BRITE""  металл черн. RE  IEK  (1/50)",2026-08-01,1.6063762962623434e-07,6.0,0.0,0.0,1.0,0.0,0,LOW,Прогноз 0 шт.; остаток 6; в пути 0; страховой запас 0; MOQ 1.0.
IEK,251400029_,ЩРН-П 36 бел. дверь IP41 TEKFOR IEK,2026-08-01,1.423058783121897,12.0,2.0,1.3197221929886103,1.0,0.0,0,LOW,Прогноз 1 шт.; остаток 12; в пути 2; страховой запас 1; MOQ 1.0.
IEK,130301617_,Колодка клеммная CTS  16мм2 синяя IEK,2026-08-01,0.5660313656222636,163.0,0.0,2.2304708023195463,50.0,0.0,0,LOW,Прогноз 1 шт.; остаток 163; в пути 0; страховой запас 2; MOQ 50.0.
IEK,030200411_,"Роз. комп. RJ45 кат.5E б/рамки ""BRITE"" алюминий (1/100)",2026-08-01,5.924663460312361,19.0,0.0,4.120072814890534,1.0,0.0,0,LOW,Прогноз 6 шт.; остаток 19; в пути 0; страховой запас 4; MOQ 1.0.
IEK,280100337_,Кабель-канал 25х16 черный ЭЛЕКОР IEK (50м),2026-08-01,32.885255325640784,100.0,0.0,18.32393698599367,50.0,0.0,0,LOW,Прогноз 33 шт.; остаток 100; в пути 0; страховой запас 18; MOQ 50.0.
IEK,280300082_,Кронштейн настенный осн.300мм IEK,2026-08-01,2.8898017734281005,26.0,0.0,7.026734661277612,4.0,0.0,0,LOW,Прогноз 3 шт.; остаток 26; в пути 0; страховой запас 7; MOQ 4.0.
IEK,030201136_," Рамка 4-мест. ""BRITE""  стекло песчаный RE  IEK  (1/50)",2026-08-01,0.01730575425715813,3.0,0.0,0.8010409893798611,1.0,0.0,0,LOW,Прогноз 0 шт.; остаток 3; в пути 0; страховой запас 1; MOQ 1.0.
IEK,030200408_,"Выкл 1-кл. с инд. б/рамки ""BRITE"" алюминий (1/100)",2026-08-01,12.525697220738753,91.0,0.0,7.958747807706102,1.0,0.0,0,LOW,Прогноз 13 шт.; остаток 91; в пути 0; страховой запас 8; MOQ 1.0.
IEK,030201135_," Рамка 4-мест. ""BRITE""  стекло графит RE  IEK  (1/50)",2026-08-01,0.0,7.0,0.0,0.0,1.0,0.0,0,LOW,Прогноз 0 шт.; остаток 7; в пути 0; страховой запас 0; MOQ 1.0.
IEK,240100095_,Площадка (самоклеющаяся) черная 20х20 IEK (100),2026-08-01,6.483530278094983,25.0,10.0,2.994439290863428,10.0,0.0,0,LOW,Прогноз 6 шт.; остаток 25; в пути 10; страховой запас 3; MOQ 10.0.
IEK,120100050_,Контактор КТИ 6400  400А 400В IEK (1/2) ,2026-08-01,0.003982170414792171,1.0,1.0,1.224744871391589,1.0,0.0,0,LOW,Прогноз 0 шт.; остаток 1; в пути 1; страховой запас 1; MOQ 1.0.
IEK,251400031_,ЩРН-П  8  бел. дверь IP41 TEKFOR IEK,2026-08-01,9.037169011451193e-07,1.0,0.0,0.0,1.0,0.0,0,LOW,Прогноз 0 шт.; остаток 1; в пути 0; страховой запас 0; MOQ 1.0.
IEK,030200406_,"Роз. с з/к/ш 16А б/рамки ""BRITE"" алюминий (1/100)",2026-08-01,170.70609302020904,739.0,0.0,29.735080292476184,1.0,0.0,0,LOW,Прогноз 171 шт.; остаток 739; в пути 0; страховой запас 30; MOQ 1.0.
IEK,280300088_, Лоток проволочный (60х300х3000) IEK (6),2026-08-01,34.520834571567896,66.0,0.0,28.073118814980283,6.0,0.0,0,LOW,Прогноз 35 шт.; остаток 66; в пути 0; страховой запас 28; MOQ 6.0.
IEK,130301615_,Колодка клеммная CTS  10мм2 синяя IEK,2026-08-01,1.151291918037967,187.0,0.0,3.5601966237835794,100.0,0.0,0,LOW,Прогноз 1 шт.; остаток 187; в пути 0; страховой запас 4; MOQ 100.0.
IEK,130600031_,"Тепловое реле РТИ-1307 (1,6-2,5А) IEK (1/100)",2026-08-01,4.090374082517798,17.0,15.0,1.3291601358251364,1.0,0.0,0,LOW,Прогноз 4 шт.; остаток 17; в пути 15; страховой запас 1; MOQ 1.0.
IEK,240100096_,Площадка (самоклеющаяся) черная 25х25 IEK (100),2026-08-01,2.7389522976468297,7.0,0.0,1.594260539142416,5.0,0.0,0,LOW,Прогноз 3 шт.; остаток 7; в пути 0; страховой запас 2; MOQ 5.0.
IEK,251400137_,ЩРН-П 12 прозр. дверь IP40 KREPTA 5 IEK,2026-08-01,0.0,0.0,0.0,0.0,,0.0,0,LOW,Прогноз 0 шт.; остаток 0; в пути 0; страховой запас 0; MOQ не указан.
IEK,030200407_,"Выкл 1-кл. 10А б/рамки ""BRITE"" алюминий (1/100)",2026-08-01,97.62288946535047,499.0,0.0,30.70247004178437,1.0,0.0,0,LOW,Прогноз 98 шт.; остаток 499; в пути 0; страховой запас 31; MOQ 1.0.
IEK,280300086_," Лоток перфорированный (50 х50х3000) (0,7 мм) IEK (6)",2026-08-01,129.49195840631558,882.0,0.0,68.23269011258478,18.0,0.0,0,LOW,Прогноз 129 шт.; остаток 882; в пути 0; страховой запас 68; MOQ 18.0.
IEK,280100336_,Кабель-канал 16х16 черный ЭЛЕКОР IEK (84м),2026-08-01,19.193197119066802,56.0,0.0,13.14153720079961,84.0,0.0,0,LOW,Прогноз 19 шт.; остаток 56; в пути 0; страховой запас 13; MOQ 84.0.
IEK,030200973_,"Выкл. 1-кл. самовозвратн. 10А ""BRITE"" сталь (1/100)",2026-08-01,1.4995640061744906e-06,1.0,0.0,0.0,1.0,0.0,0,LOW,Прогноз 0 шт.; остаток 1; в пути 0; страховой запас 0; MOQ 1.0.
IEK,030200769_,"Роз. USB A+C 18Вт б/рамки ""BRITE"" графит (1/80)",2026-08-01,2.423062071844308e-07,2.0,0.0,0.0,1.0,0.0,0,LOW,Прогноз 0 шт.; остаток 2; в пути 0; страховой запас 0; MOQ 1.0.
IEK,240100097_,Площадка (самоклеющаяся) черная 30х30 IEK (100),2026-08-01,0.497016220161734,4.0,0.0,0.8010409893798613,5.0,0.0,0,LOW,Прогноз 0 шт.; остаток 4; в пути 0; страховой запас 1; MOQ 5.0.
IEK,120100046_,Контактор  КТИ 5225  225А 400В IEK (1/2),2026-08-01,0.035659097467401105,3.0,0.0,0.6123724356957945,1.0,0.0,0,LOW,Прогноз 0 шт.; остаток 3; в пути 0; страховой запас 1; MOQ 1.0.
IEK,120100047_,Контактор  КТИ 5225  225А 230В IEK (1/2) ,2026-08-01,1.0758778760393066,4.0,4.0,1.0327955589886455,1.0,0.0,0,LOW,Прогноз 1 шт.; остаток 4; в пути 4; страховой запас 1; MOQ 1.0.
IEK,030200770_,"Роз. с з/к с з/ш 16А с USB A+A 3,1А б/рамки ""BRITE"" черный (1/80)",2026-08-01,0.00022535732178043179,52.0,0.0,0.0,1.0,0.0,0,LOW,Прогноз 0 шт.; остаток 52; в пути 0; страховой запас 0; MOQ 1.0.
IEK,240100111_,Дюбель-хомут 11-18мм нейлон бел. IEK (100),2026-08-01,107.32415016877884,667.0,0.0,61.59356026945242,5.0,0.0,0,LOW,Прогноз 107 шт.; остаток 667; в пути 0; страховой запас 62; MOQ 5.0.
IEK,010300188_, УЗО АД 12  (2ф) 25А 100мА IEK !!!,2026-08-01,4.187139143409062e-06,5.0,0.0,0.25819888974716115,,0.0,0,LOW,Прогноз 0 шт.; остаток 5; в пути 0; страховой запас 0; MOQ не указан.
IEK,030200912_,"Роз. USB A+A 3,1А б/рамки ""BRITE"" белый (1/80)",2026-08-01,0.00036453868534788573,4.0,0.0,0.0,1.0,0.0,0,LOW,Прогноз 0 шт.; остаток 4; в пути 0; страховой запас 0; MOQ 1.0.
IEK,270300101_,"Трансформатор тока ТТИ-А  200/5А  5ВА  класс 0,5  IEK",2026-08-01,5.19499197626932,21.0,10.0,2.806243040080451,1.0,0.0,0,LOW,Прогноз 5 шт.; остаток 21; в пути 10; страховой запас 3; MOQ 1.0.
IEK,120100038_, Контактор КМИ-35012 50А 400В (3вел) IEK (1/20),2026-08-01,2.8746231911065774,14.0,0.0,1.8885620632287066,1.0,0.0,0,LOW,Прогноз 3 шт.; остаток 14; в пути 0; страховой запас 2; MOQ 1.0.
IEK,030200765_,"Роз. USB A+C 18Вт б/рамки ""BRITE"" алюминий (1/80)",2026-08-01,4.544218262821037e-07,6.0,0.0,0.0,1.0,0.0,0,LOW,Прогноз 0 шт.; остаток 6; в пути 0; страховой запас 0; MOQ 1.0.
IEK,030200415_,"Рамка 1-мест. ""BRITE"" алюминий (1/100)",2026-08-01,241.79302544426548,1138.0,0.0,45.66006643300751,1.0,0.0,0,LOW,Прогноз 242 шт.; остаток 1138; в пути 0; страховой запас 46; MOQ 1.0.
IEK,240100209_,Площадка (самоклеющаяся) черная 40х40 IEK (100),2026-08-01,0.0,3.0,0.0,2.401388487243716,5.0,0.0,0,LOW,Прогноз 0 шт.; остаток 3; в пути 0; страховой запас 2; MOQ 5.0.
IEK,120100037_, Контактор КМИ-34012 40А 400В (3вел) IEK (1/20),2026-08-01,11.494847081772182,33.0,0.0,1.6931233465600324,1.0,0.0,0,LOW,Прогноз 11 шт.; остаток 33; в пути 0; страховой запас 2; MOQ 1.0.
IEK,240100208_," Хомут 4,8х200 черные (100) IEK",2026-08-01,175.47045620949845,514.0,150.0,29.86971710612606,10.0,0.0,0,LOW,Прогноз 175 шт.; остаток 514; в пути 150; страховой запас 30; MOQ 10.0.
IEK,251400027_,КМПн-54 черн. прозр. дверь IP65 TEKFOR IEK,2026-08-01,0.6093746325083426,17.0,0.0,0.7359800721939871,,0.0,0,LOW,Прогноз 1 шт.; остаток 17; в пути 0; страховой запас 1; MOQ не указан.
IEK,030200416_,"Рамка 2-мест. ""BRITE"" алюминий (1/100)",2026-08-01,72.3061898313669,186.0,0.0,20.556426407979245,1.0,0.0,0,LOW,Прогноз 72 шт.; остаток 186; в пути 0; страховой запас 21; MOQ 1.0.
IEK,280300073_,Поворот 90º  50х200 IEK,2026-08-01,7.883061717306362,14.0,0.0,3.9072582032246963,1.0,0.0,0,LOW,Прогноз 8 шт.; остаток 14; в пути 0; страховой запас 4; MOQ 1.0.
IEK,130600023_,Тепловое реле РТИ-1322 (17-25А) IEK (1/100),2026-08-01,28.682409057711077,130.0,40.0,9.750641004569905,1.0,0.0,0,LOW,Прогноз 29 шт.; остаток 130; в пути 40; страховой запас 10; MOQ 1.0.
IEK,240200003_,Круглая скоба  6мм IEK (100),2026-08-01,0.0,1.0,0.0,0.2041241452319315,,0.0,0,LOW,Прогноз 0 шт.; остаток 1; в пути 0; страховой запас 0; MOQ не указан.
IEK,120100036_, Контактор КМИ-23210 32А 400В (2вел) IEK (1/50),2026-08-01,29.429135894335687,116.0,0.0,6.392704174812619,1.0,0.0,0,LOW,Прогноз 29 шт.; остаток 116; в пути 0; страховой запас 6; MOQ 1.0.
IEK,030201140_," Рамка 4-мест. ""BRITE""  металл черн. RE AL  IEK  (1/50)",2026-08-01,4.270271094670733e-05,2.0,0.0,0.816496580927726,1.0,0.0,0,LOW,Прогноз 0 шт.; остаток 2; в пути 0; страховой запас 1; MOQ 1.0.
IEK,280100339_,Кабель-канал 12х12 дуб ЭЛЕКОР IEK (120),2026-08-01,2.2699825195703953,58.0,0.0,4.676180777800048,120.0,0.0,0,LOW,Прогноз 2 шт.; остаток 58; в пути 0; страховой запас 5; MOQ 120.0.
IEK,130301618_,Колодка клеммная CTS  25мм2 серая IEK,2026-08-01,1.1976231002349154,34.0,0.0,5.105552532945544,50.0,0.0,0,LOW,Прогноз 1 шт.; остаток 34; в пути 0; страховой запас 5; MOQ 50.0.
IEK,120100043_,Контактор  КТИ 5150  150А 230В IEK (1/4) ,2026-08-01,6.824106518210354,34.0,4.0,6.703854612584217,1.0,0.0,0,LOW,Прогноз 7 шт.; остаток 34; в пути 4; страховой запас 7; MOQ 1.0.
IEK,280100338_,Кабель-канал 40х25 черный ЭЛЕКОР IEK (24),2026-08-01,7.629566850056561,100.0,0.0,9.50789145920378,24.0,0.0,0,LOW,Прогноз 8 шт.; остаток 100; в пути 0; страховой запас 10; MOQ 24.0.
IEK,030200767_,"Роз. USB A+C 18Вт б/рамки ""BRITE"" сталь (1/80)",2026-08-01,5.052947661337159e-07,2.0,0.0,0.0,1.0,0.0,0,LOW,Прогноз 0 шт.; остаток 2; в пути 0; страховой запас 0; MOQ 1.0.
IEK,130600025_,Тепловое реле РТИ-3355 (30-40А) IEK (50),2026-08-01,10.734115131262394,63.0,0.0,5.989574275355468,1.0,0.0,0,LOW,Прогноз 11 шт.; остаток 63; в пути 0; страховой запас 6; MOQ 1.0.
IEK,030200412_,"Выкл 1-кл. прох. 10А б/рамки ""BRITE"" алюминий (1/100)",2026-08-01,2.558068333648765,59.0,0.0,3.1411250638372663,1.0,0.0,0,LOW,Прогноз 3 шт.; остаток 59; в пути 0; страховой запас 3; MOQ 1.0.
IEK,251400138_,ЩРН-П 24 прозр. дверь IP40 KREPTA 5 IEK,2026-08-01,0.0,0.0,0.0,0.0,,0.0,0,LOW,Прогноз 0 шт.; остаток 0; в пути 0; страховой запас 0; MOQ не указан.
IEK,240100112_,Дюбель-хомут  5-8мм нейлон чёрный IEK (100) ,2026-08-01,384.53032296637207,1073.0,400.0,76.04565514654125,10.0,0.0,0,LOW,Прогноз 385 шт.; остаток 1073; в пути 400; страховой запас 76; MOQ 10.0.
IEK,130600024_,Тепловое реле РТИ-2355 (28-36А) IEK (60),2026-08-01,2.616111284533829,23.0,0.0,0.9874208829065813,1.0,0.0,0,LOW,Прогноз 3 шт.; остаток 23; в пути 0; страховой запас 1; MOQ 1.0.
IEK,120100042_, Контактор КМИ-48012 80А 400В (4вел) IEK (1/16),2026-08-01,5.689148972745871,54.0,0.0,21.12581359380036,1.0,0.0,0,LOW,Прогноз 6 шт.; остаток 54; в пути 0; страховой запас 21; MOQ 1.0.
IEK,030200413_,"Роз. 2-я с з/к без з/ш 16А в сборе ""BRITE"" алюминий (1/100)",2026-08-01,46.50653788292504,349.0,0.0,18.0372300164595,1.0,0.0,0,LOW,Прогноз 47 шт.; остаток 349; в пути 0; страховой запас 18; MOQ 1.0.
IEK,251400028_,ЩРН-П 24 бел. дверь IP41 TEKFOR IEK,2026-08-01,2.5565171242418745,11.0,12.0,2.354074481970922,1.0,0.0,0,LOW,Прогноз 3 шт.; остаток 11; в пути 12; страховой запас 2; MOQ 1.0.
IEK,240100185_," Хомут 4,8х200 IEK (100)",2026-08-01,18.584173831966925,52.0,0.0,11.616439500409225,10.0,0.0,0,LOW,Прогноз 19 шт.; остаток 52; в пути 0; страховой запас 12; MOQ 10.0.
IEK,120100041_, Контактор КМИ-48012 80А 230В (4вел) IEK (1/16),2026-08-01,17.98500016723882,73.0,0.0,4.167333280008527,1.0,0.0,0,LOW,Прогноз 18 шт.; остаток 73; в пути 0; страховой запас 4; MOQ 1.0.
IEK,030200414_,"Роз. 2-я с з/к/ш 16А в сборе ""BRITE"" алюминий (1/100)",2026-08-01,46.87959847777714,203.0,0.0,18.58606108530441,1.0,0.0,0,LOW,Прогноз 47 шт.; остаток 203; в пути 0; страховой запас 19; MOQ 1.0.
IEK,030201138_," Рамка 4-мест. ""BRITE""  металл алюм. RE  IEK  (1/50)",2026-08-01,0.0,7.0,0.0,0.0,1.0,0.0,0,LOW,Прогноз 0 шт.; остаток 7; в пути 0; страховой запас 0; MOQ 1.0.
IEK,280300092_,Держатель горизонтальный VH200 IEK (20),2026-08-01,12.051053450479856,60.0,0.0,7.810249675906626,20.0,0.0,0,LOW,Прогноз 12 шт.; остаток 60; в пути 0; страховой запас 8; MOQ 20.0.
IEK,020300150_,Распред. блок на DIN-рейку РБД-500А IEK,2026-08-01,0.0,34.0,0.0,0.2041241452319315,,0.0,0,LOW,Прогноз 0 шт.; остаток 34; в пути 0; страховой запас 0; MOQ не указан.
IEK,010300239_,УЗДП c авт. выкл. 1P+N C 16A KARAT IEK,2026-08-01,0.04095678849539931,6.0,0.0,1.0206207261596574,1.0,0.0,0,LOW,Прогноз 0 шт.; остаток 6; в пути 0; страховой запас 1; MOQ 1.0.
IEK,240100029_,"Хомут 2,5х200 IEK (100)",2026-08-01,18.042772122463973,322.0,0.0,20.703663121937655,20.0,0.0,0,LOW,Прогноз 18 шт.; остаток 322; в пути 0; страховой запас 21; MOQ 20.0.
IEK,030200975_,"Роз. аудио 4-мест. ""BRITE"" белый (1/100)",2026-08-01,0.0003324879433457486,42.0,0.0,1.7440374613713625,1.0,0.0,0,LOW,Прогноз 0 шт.; остаток 42; в пути 0; страховой запас 2; MOQ 1.0.
IEK,030201131_," Рамка 4-мест. ""BRITE""  стекло черн. матовый  IEK  (1/50)",2026-08-01,1.580011544692416e-07,8.0,0.0,0.0,1.0,0.0,0,LOW,Прогноз 0 шт.; остаток 8; в пути 0; страховой запас 0; MOQ 1.0.
IEK,251400035_,ЩРВ-П 12 бел. дверь IP41 TEKFOR IEK,2026-08-01,0.02198034930611708,3.0,0.0,0.5163977794943223,1.0,0.0,0,LOW,Прогноз 0 шт.; остаток 3; в пути 0; страховой запас 1; MOQ 1.0.
IEK,020100021_,Стационарная розетка  125 3р+ре+n 32А 380В IP 44 IEK,2026-08-01,26.06441296257391,89.0,0.0,6.889605697474115,10.0,0.0,0,LOW,Прогноз 26 шт.; остаток 89; в пути 0; страховой запас 7; MOQ 10.0.
IEK,280300179_,Распределительная коробка с/у для полых стен г/к  80х40 IP20 КМ41024 IEK (175),2026-08-01,10.35606365769678,77.0,0.0,22.114286483327106,175.0,0.0,0,LOW,Прогноз 10 шт.; остаток 77; в пути 0; страховой запас 22; MOQ 175.0.
IEK,240100052_," Хомут 3,6х150мм черные (100) IEK",2026-08-01,112.08892058595804,537.0,0.0,20.931833810411046,20.0,0.0,0,LOW,Прогноз 112 шт.; остаток 537; в пути 0; страховой запас 21; MOQ 20.0.
IEK,120100066_,"  Пускатель ПРК32 0,63-1А 380В IEK (1) !!!",2026-08-01,8.462570212385678e-07,1.0,0.0,0.2041241452319315,,0.0,0,LOW,Прогноз 0 шт.; остаток 1; в пути 0; страховой запас 0; MOQ не указан.
IEK,130301611_,Колодка клеммная CTS   4мм2 синяя IEK,2026-08-01,3.3709193130667066,87.0,0.0,35.027727112484285,100.0,0.0,0,LOW,Прогноз 3 шт.; остаток 87; в пути 0; страховой запас 35; MOQ 100.0.
IEK,280100141_,Разделительная перегородка высотой 40мм ПРАЙМЕР (160),2026-08-01,0.2122808305244983,246.0,0.0,11.489125293076048,160.0,0.0,0,LOW,Прогноз 0 шт.; остаток 246; в пути 0; страховой запас 11; MOQ 160.0.
IEK,030200773_,"Светорег. пов-наж. 600Вт ""BRITE"" белый (1/80)",2026-08-01,2.3469771333286586,5.0,0.0,2.2583179581272415,1.0,0.0,0,LOW,Прогноз 2 шт.; остаток 5; в пути 0; страховой запас 2; MOQ 1.0.
IEK,280300147_,I13 роз. комп КВАРТА РК10-КБ (200),2026-08-01,0.11410972894786701,15.0,0.0,0.2041241452319315,10.0,0.0,0,LOW,Прогноз 0 шт.; остаток 15; в пути 0; страховой запас 0; MOQ 10.0.
IEK,щт02229866,Совмещенный контакт АКДК-250/400А IEK !!!,2026-08-01,0.039961575750316725,45.0,0.0,0.0,,0.0,0,LOW,Прогноз 0 шт.; остаток 45; в пути 0; страховой запас 0; MOQ не указан.
IEK,010300252_,УЗДП 1P+N 63A KARAT IEK,2026-08-01,0.10337979100240648,4.0,0.0,0.9309493362512627,1.0,0.0,0,LOW,Прогноз 0 шт.; остаток 4; в пути 0; страховой запас 1; MOQ 1.0.
IEK,240100053_," Хомут 3,6х200 черные IEK (100)",2026-08-01,797.8165672012577,1574.0,800.0,177.89343720328725,20.0,0.0,0,LOW,Прогноз 798 шт.; остаток 1574; в пути 800; страховой запас 178; MOQ 20.0.
IEK,120100060_,Контактор  КМИ-35062 50А 220В  IP54 (3вел в корпусе) IEK (1/6),2026-08-01,5.1483743946224206e-05,3.0,0.0,0.2041241452319315,1.0,0.0,0,LOW,Прогноз 0 шт.; остаток 3; в пути 0; страховой запас 0; MOQ 1.0.
IEK,020100023_,Стационарная розетка  414 скрытая 3р+ре 16А 380В IP44 IEK,2026-08-01,2.0653994318048955e-05,8.0,0.0,0.25819888974716115,10.0,0.0,0,LOW,Прогноз 0 шт.; остаток 8; в пути 0; страховой запас 0; MOQ 10.0.
IEK,130600053_,Тепловое реле РТИ-1321 (12-18А) IEK (1/100),2026-08-01,17.472557919634223,67.0,0.0,9.1946542439978,1.0,0.0,0,LOW,Прогноз 17 шт.; остаток 67; в пути 0; страховой запас 9; MOQ 1.0.
IEK,280300146_, I8  роз. 2-я с/у з/к  16А)КВАРТА РС 12-3-КБ (160),2026-08-01,48.32868571341827,136.0,0.0,30.233535464227025,8.0,0.0,0,LOW,Прогноз 48 шт.; остаток 136; в пути 0; страховой запас 30; MOQ 8.0.
IEK,020100020_,Стационарная розетка  124 3р+ре 32А 380В IP 44 IEK,2026-08-01,22.141161595647173,62.0,30.0,22.889772097307286,10.0,0.0,0,LOW,Прогноз 22 шт.; остаток 62; в пути 30; страховой запас 23; MOQ 10.0.
IEK,280300229_, I7  роз. 2-я с/у  10А КВАРТА РС 12-2-КБ (180),2026-08-01,12.601406174604612,49.0,0.0,6.258993529314402,9.0,0.0,0,LOW,Прогноз 13 шт.; остаток 49; в пути 0; страховой запас 6; MOQ 9.0.
IEK,030200908_,"Вывод кабеля ""BRITE"" алюминий (1/200)",2026-08-01,0.09760790783223314,5.0,0.0,0.930949336251264,1.0,0.0,0,LOW,Прогноз 0 шт.; остаток 5; в пути 0; страховой запас 1; MOQ 1.0.
IEK,270300132_,"Трансформатор тока ТТИ-А  250/5А  5ВА  класс 0,5  IEK",2026-08-01,2.428084965900866,6.0,0.0,1.211060141639005,1.0,0.0,0,LOW,Прогноз 2 шт.; остаток 6; в пути 0; страховой запас 1; MOQ 1.0.
IEK,240100027_,"Хомут 4,8х300 IEK (100)",2026-08-01,16.955626883449703,54.0,0.0,11.137399457084474,10.0,0.0,0,LOW,Прогноз 17 шт.; остаток 54; в пути 0; страховой запас 11; MOQ 10.0.
IEK,020100018_,Стационарная розетка  115 3р+ре+n 16А 380В IP 44 IEK,2026-08-01,1.9576345728411972,24.0,0.0,1.200694243621847,10.0,0.0,0,LOW,Прогноз 2 шт.; остаток 24; в пути 0; страховой запас 1; MOQ 10.0.
IEK,280300182_,Распределительная  коробка о/у  с сальниками 150х110х70 IP55 КМ41242 IEK (30),2026-08-01,11.962576206456912,82.0,0.0,3.250640962436055,30.0,0.0,0,LOW,Прогноз 12 шт.; остаток 82; в пути 0; страховой запас 3; MOQ 30.0.
IEK,щт-0002147,Подвес V-образный M10 IEK !!!,2026-08-01,0.0,490.0,0.0,0.0,,0.0,0,LOW,Прогноз 0 шт.; остаток 490; в пути 0; страховой запас 0; MOQ не указан.
IEK,010400849_,Реле напряжения и тока РНТ-д однофазное 54мм 32А IEK,2026-08-01,2.431381339459288,15.0,7.0,1.541103500742246,1.0,0.0,0,LOW,Прогноз 2 шт.; остаток 15; в пути 7; страховой запас 2; MOQ 1.0.
IEK,120100069_," Пускатель ПРК32-6,3 In=6,3A Ir=4-6,3A Ue 660В IEK (1/50)",2026-08-01,4.13257186174775,23.0,0.0,2.354074481970921,1.0,0.0,0,LOW,Прогноз 4 шт.; остаток 23; в пути 0; страховой запас 2; MOQ 1.0.
IEK,030201130_," Рамка 4-мест. ""BRITE""  стекло бел. матовый  IEK  (1/50)",2026-08-01,1.9863248169420562e-07,5.0,0.0,0.2041241452319315,1.0,0.0,0,LOW,Прогноз 0 шт.; остаток 5; в пути 0; страховой запас 0; MOQ 1.0.
IEK,020100019_,Стационарная розетка  123 2р+е 32А 220В IP44 IEK,2026-08-01,6.677448241554794,61.0,0.0,4.435651023243375,10.0,0.0,0,LOW,Прогноз 7 шт.; остаток 61; в пути 0; страховой запас 4; MOQ 10.0.
IEK,280300181_,Распределительная  коробка о/у  с сальниками 150х110х70 IP44 КМ41241 IEK (30),2026-08-01,12.112808190354066,55.0,0.0,9.130534851073426,,0.0,0,LOW,Прогноз 12 шт.; остаток 55; в пути 0; страховой запас 9; MOQ не указан.
IEK,130301610_,Колодка клеммная CTS   4мм2 серая IEK,2026-08-01,21.619008488772344,133.0,0.0,41.4169852435769,100.0,0.0,0,LOW,Прогноз 22 шт.; остаток 133; в пути 0; страховой запас 41; MOQ 100.0.
IEK,280100140_,Рамка и суппорт  на 6 модулей 75 мм ПРАЙМЕР (120),2026-08-01,32.18351576528796,160.0,0.0,10.50714042925098,10.0,0.0,0,LOW,Прогноз 32 шт.; остаток 160; в пути 0; страховой запас 11; MOQ 10.0.
IEK,240100028_," Хомут 2,5х100 IEK (100)",2026-08-01,28.033123952157254,132.0,0.0,42.62510997053261,20.0,0.0,0,LOW,Прогноз 28 шт.; остаток 132; в пути 0; страховой запас 43; MOQ 20.0.
IEK,030200774_,"Выкл. жалюзи 10А ""BRITE"" белый (1/100)",2026-08-01,2.5323213013255925,37.0,0.0,5.192943930629972,1.0,0.0,0,LOW,Прогноз 3 шт.; остаток 37; в пути 0; страховой запас 5; MOQ 1.0.
IEK,251400135_,ЩМП 1400х600х300 IP66  TITAN 5 IEK,2026-08-01,0.07293315592797896,1.0,0.0,0.2738612787525831,1.0,0.0,0,LOW,Прогноз 0 шт.; остаток 1; в пути 0; страховой запас 0; MOQ 1.0.
IEK,251400036_,ЩРВ-П 24 бел. дверь IP41 TEKFOR IEK,2026-08-01,2.0748724305314648,13.0,14.0,1.4404860290887933,1.0,0.0,0,LOW,Прогноз 2 шт.; остаток 13; в пути 14; страховой запас 1; MOQ 1.0.
IEK,030200909_,"Вывод кабеля ""BRITE"" сталь (1/200)",2026-08-01,0.18399207237705348,10.0,0.0,0.408248290463863,1.0,0.0,0,LOW,Прогноз 0 шт.; остаток 10; в пути 0; страховой запас 0; MOQ 1.0.
IEK,030201133_," Рамка 4-мест. ""BRITE""  стекло бел. RE  IEK  (1/50)",2026-08-01,0.0,12.0,0.0,0.0,1.0,0.0,0,LOW,Прогноз 0 шт.; остаток 12; в пути 0; страховой запас 0; MOQ 1.0.
IEK,240100092_," Хомут 2,5х200 черные IEK (100)",2026-08-01,0.009492395507052151,7.0,0.0,0.408248290463863,,0.0,0,LOW,Прогноз 0 шт.; остаток 7; в пути 0; страховой запас 0; MOQ не указан.
IEK,010300242_,УЗДП c авт. выкл. 1P+N C 32A KARAT IEK,2026-08-01,0.06511122005791042,26.0,0.0,2.073644135332772,1.0,0.0,0,LOW,Прогноз 0 шт.; остаток 26; в пути 0; страховой запас 2; MOQ 1.0.
IEK,280300104_,Площадка фиксаторная CR IEK (200),2026-08-01,3.2143738637532744,140.0,0.0,30.99462318962221,200.0,0.0,0,LOW,Прогноз 3 шт.; остаток 140; в пути 0; страховой запас 31; MOQ 200.0.
IEK,030201134_," Рамка 4-мест. ""BRITE""  стекло черн. RE  IEK  (1/50)",2026-08-01,0.282683538134349,8.0,0.0,0.5845225972250055,1.0,0.0,0,LOW,Прогноз 0 шт.; остаток 8; в пути 0; страховой запас 1; MOQ 1.0.
IEK,251400032_,ЩРН-П 12 бел. дверь IP41 TEKFOR IEK,2026-08-01,1.9404298078412912,9.0,0.0,0.774596669241483,1.0,0.0,0,LOW,Прогноз 2 шт.; остаток 9; в пути 0; страховой запас 1; MOQ 1.0.
IEK,240100093_,"Хомут 3,6х350 черные IEK (100)",2026-08-01,20.00094237030614,30.0,0.0,8.493625060400698,20.0,0.0,0,LOW,Прогноз 20 шт.; остаток 30; в пути 0; страховой запас 8; MOQ 20.0.
IEK,030200771_,"Роз. USB A+C 18Вт б/рамки ""BRITE"" черный (1/80)",2026-08-01,1.873206645329392,7.0,0.0,0.9486832980505128,1.0,0.0,0,LOW,Прогноз 2 шт.; остаток 7; в пути 0; страховой запас 1; MOQ 1.0.
IEK,030200910_,"Вывод кабеля ""BRITE"" графит (1/200)",2026-08-01,0.6141012486811475,8.0,0.0,0.2581988897471613,1.0,0.0,0,LOW,Прогноз 1 шт.; остаток 8; в пути 0; страховой запас 0; MOQ 1.0.
IEK,120100055_,Контактор  КМИ-10960 9А 220В  IP54  (1вел в корпусе) IEK (1/20),2026-08-01,19.65437009319668,94.0,30.0,11.717508267545622,1.0,0.0,0,LOW,Прогноз 20 шт.; остаток 94; в пути 30; страховой запас 12; MOQ 1.0.
IEK,130301614_,Колодка клеммная CTS  10мм2 серая IEK,2026-08-01,2.7706523295592826,103.0,0.0,1.881931631772703,100.0,0.0,0,LOW,Прогноз 3 шт.; остаток 103; в пути 0; страховой запас 2; MOQ 100.0.
IEK,130600032_,Тепловое реле РТИ-1310 (4-6А) IEK (1/100),2026-08-01,14.991189022593904,63.0,0.0,8.670351780637278,1.0,0.0,0,LOW,Прогноз 15 шт.; остаток 63; в пути 0; страховой запас 9; MOQ 1.0.
IEK,280300103_," Лоток перфорированный (50х150х3000) (0,7 мм) IEK (6)",2026-08-01,139.24749685420596,279.0,216.0,53.65444995524598,18.0,0.0,0,LOW,Прогноз 139 шт.; остаток 279; в пути 216; страховой запас 54; MOQ 18.0.
IEK,240100094_," Хомут 4,8х300 черные IEK (100)",2026-08-01,271.2701148079465,1012.0,300.0,33.6986646619715,10.0,0.0,0,LOW,Прогноз 271 шт.; остаток 1012; в пути 300; страховой запас 34; MOQ 10.0.
IEK,щщ0001050,"Наконечник НВИ 2-5 вилка 1,5-2,5мм (100 шт) IEK !",2026-08-01,9.317046818454586e-08,7.0,0.0,0.2041241452319315,,0.0,0,LOW,Прогноз 0 шт.; остаток 7; в пути 0; страховой запас 0; MOQ не указан.
IEK,280100240_,Кабель-канал 25х16 дуб ЭЛЕКОР IEK (50),2026-08-01,49.74663896784708,136.0,0.0,30.657244929488805,50.0,0.0,0,LOW,Прогноз 50 шт.; остаток 136; в пути 0; страховой запас 31; MOQ 50.0.
IEK,280300122_,Кронштейн настенный осн.400мм. IEK (4),2026-08-01,0.6202149872554789,33.0,0.0,11.430952132988164,4.0,0.0,0,LOW,Прогноз 1 шт.; остаток 33; в пути 0; страховой запас 11; MOQ 4.0.
IEK,240100054_," Хомут 3,6х300 черные IEK (100)",2026-08-01,610.8217888153087,1449.0,600.0,126.8059212602734,20.0,0.0,0,LOW,Прогноз 611 шт.; остаток 1449; в пути 600; страховой запас 127; MOQ 20.0.
IEK,120100059_,Контактор  КМИ-23260 32А 220В  IP54 (2вел в корпусе) IEK (1/16),2026-08-01,2.2513139268705666,5.0,0.0,1.6557978942693055,1.0,0.0,0,LOW,Прогноз 2 шт.; остаток 5; в пути 0; страховой запас 2; MOQ 1.0.
IEK,130301612_,Колодка клеммная CTS   6мм2 серая IEK,2026-08-01,4.521462430214902,161.0,0.0,7.659960835409048,100.0,0.0,0,LOW,Прогноз 5 шт.; остаток 161; в пути 0; страховой запас 8; MOQ 100.0.
IEK,130600052_,"Тепловое реле РТИ-1308 (2,5-4,0А) IEK (1/100)",2026-08-01,6.553695525191721,74.0,0.0,2.375219288121968,1.0,0.0,0,LOW,Прогноз 7 шт.; остаток 74; в пути 0; страховой запас 2; MOQ 1.0.
IEK,030200772_,"Выкл 3-кл. 10А б/рамки ""BRITE"" маренго (1/100)",2026-08-01,0.2959640367210937,152.0,0.0,0.408248290463863,,0.0,0,LOW,Прогноз 0 шт.; остаток 152; в пути 0; страховой запас 0; MOQ не указан.
IEK,020100044_,Переносная вилка 035 3р+ре+n63А 380В IP 54 IEK,2026-08-01,1.2098241001154941,8.0,0.0,1.0000000000000007,2.0,0.0,0,LOW,Прогноз 1 шт.; остаток 8; в пути 0; страховой запас 1; MOQ 2.0.
IEK,280300145_, I5 роз. с/у  10А КВАРТА РС 10-2-КБ (200),2026-08-01,7.586585879061101,43.0,0.0,5.953290406713559,10.0,0.0,0,LOW,Прогноз 8 шт.; остаток 43; в пути 0; страховой запас 6; MOQ 10.0.
IEK,240100090_,Дюбель-хомут 19-25мм нейлон бел. IEK (100) ,2026-08-01,0.0,0.0,0.0,0.0,,0.0,0,LOW,Прогноз 0 шт.; остаток 0; в пути 0; страховой запас 0; MOQ не указан.
IEK,щт02230193,"ВА47-29 (3ф)  4А 4,5кА х-ка D IEK !!!",2026-08-01,0.0,3.0,0.0,0.0,,0.0,0,LOW,Прогноз 0 шт.; остаток 3; в пути 0; страховой запас 0; MOQ не указан.
IEK,010300251_,УЗДП 1P+N 32A KARAT IEK,2026-08-01,0.0,3.0,0.0,0.25819888974716154,1.0,0.0,0,LOW,Прогноз 0 шт.; остаток 3; в пути 0; страховой запас 0; MOQ 1.0.
IEK,120100058_,Контактор  КМИ-22560 25А 220В  IP54 (2вел в корпусе) IEK (1/16),2026-08-01,5.616351025028047,31.0,0.0,3.1728010758108764,1.0,0.0,0,LOW,Прогноз 6 шт.; остаток 31; в пути 0; страховой запас 3; MOQ 1.0.
IEK,251400033_,ЩРН-П 54 бел. дверь IP41 TEKFOR IEK,2026-08-01,2.862422793442078,23.0,0.0,3.33791351995025,1.0,0.0,0,LOW,Прогноз 3 шт.; остаток 23; в пути 0; страховой запас 3; MOQ 1.0.
IEK,020100045_,Стационарная розетка  135 3р+ре+n 63А 380В IP 54 IEK,2026-08-01,1.5593424186599933,17.0,0.0,0.7527726527090814,2.0,0.0,0,LOW,Прогноз 2 шт.; остаток 17; в пути 0; страховой запас 1; MOQ 2.0.
IEK,280300128_," Лоток перфорированный (100х100х3000) (0,7 мм) IEK (6)",2026-08-01,16.349594691833254,234.0,0.0,5.692099788303112,12.0,0.0,0,LOW,Прогноз 16 шт.; остаток 234; в пути 0; страховой запас 6; MOQ 12.0.
IEK,030200974_,"Выкл. 1-кл. самовозвратн. 10А ""BRITE"" алюминий (1/100)",2026-08-01,5.902837497165382e-05,2.0,0.0,0.20412414523193134,1.0,0.0,0,LOW,Прогноз 0 шт.; остаток 2; в пути 0; страховой запас 0; MOQ 1.0.
IEK,240100091_," Хомут 2,5х100 черные IEK (100)",2026-08-01,82.26132848483842,226.0,0.0,45.51638898975474,20.0,0.0,0,LOW,Прогноз 82 шт.; остаток 226; в пути 0; страховой запас 46; MOQ 20.0.
IEK,120100057_,Контактор  КМИ-11860 18А 220В  IP54 (1вел в корпусе) IEK (1/20),2026-08-01,4.075429186289638,37.0,10.0,1.9853631070075488,1.0,0.0,0,LOW,Прогноз 4 шт.; остаток 37; в пути 10; страховой запас 2; MOQ 1.0.
IEK,130301613_,Колодка клеммная CTS   6мм2 синяя IEK,2026-08-01,2.7131409774758715,163.0,0.0,8.639540882863319,100.0,0.0,0,LOW,Прогноз 3 шт.; остаток 163; в пути 0; страховой запас 9; MOQ 100.0.
IEK,130600051_,Тепловое реле РТИ-3357 (37-50А) IEK (50),2026-08-01,4.573419946408169,33.0,0.0,2.089657069154331,1.0,0.0,0,LOW,Прогноз 5 шт.; остаток 33; в пути 0; страховой запас 2; MOQ 1.0.
IEK,251400130_,ЩМП 1200х600х200 IP66  TITAN 5 IEK,2026-08-01,0.0,1.0,0.0,0.25819888974716115,1.0,0.0,0,LOW,Прогноз 0 шт.; остаток 1; в пути 0; страховой запас 0; MOQ 1.0.
IEK,280300592_,ЩМП- 3 IP 31 (650х500х220) GENERICA,2026-08-01,0.0,0.0,0.0,0.0,,0.0,0,LOW,Прогноз 0 шт.; остаток 0; в пути 0; страховой запас 0; MOQ не указан.
IEK,010500005_,ВА47-29 (1ф) 10А IEK (12/144) ,2026-08-01,2934.795495782928,7253.0,1800.0,425.18897759310147,12.0,0.0,0,LOW,Прогноз 2935 шт.; остаток 7253; в пути 1800; страховой запас 425; MOQ 12.0.
IEK,290100017_,У05К-выкл (5места 3метра) IEK,2026-08-01,0.0,0.0,0.0,0.0,,0.0,0,LOW,Прогноз 0 шт.; остаток 0; в пути 0; страховой запас 0; MOQ не указан.
IEK,200400003_, I2  выкл. 2кл. 10А КВАРТА ВС 10-2-0-КБ (200) ,2026-08-01,9.615679820682555,55.0,0.0,7.631622806891766,10.0,0.0,0,LOW,Прогноз 10 шт.; остаток 55; в пути 0; страховой запас 8; MOQ 10.0.
IEK,130200126_,"Шина ""N"" нулевая 6х9мм комб с изол ""Стойка"" ШНИ 14С IEK (20)",2026-08-01,11.205045138843055,58.0,10.0,8.140945890988341,10.0,0.0,0,LOW,Прогноз 11 шт.; остаток 58; в пути 10; страховой запас 8; MOQ 10.0.
IEK,030200895_," Рамка 2-мест. ""BRITE"" стекло дымчатый (1/100)",2026-08-01,1.45304357251787,21.0,0.0,1.2110601416389906,1.0,0.0,0,LOW,Прогноз 1 шт.; остаток 21; в пути 0; страховой запас 1; MOQ 1.0.
IEK,270300231_,Вентилятор с фильтром 21 куб.м./час IP55 IEK (18) NEW,2026-08-01,0.8329529308286406,10.0,0.0,1.1291589790636214,1.0,0.0,0,LOW,Прогноз 1 шт.; остаток 10; в пути 0; страховой запас 1; MOQ 1.0.
IEK,280100116_,Внешний изменяемый угол  80х40  ПРАЙМЕР (108),2026-08-01,12.141948741284228,46.0,0.0,6.164414002968965,12.0,0.0,0,LOW,Прогноз 12 шт.; остаток 46; в пути 0; страховой запас 6; MOQ 12.0.
IEK,ст-9952431,Сиг. лампа AL-22  d22мм красный неон/240В цилиндр IEK (200) !!!,2026-08-01,0.052041001015469074,19.0,0.0,1.6329931618554523,,0.0,0,LOW,Прогноз 0 шт.; остаток 19; в пути 0; страховой запас 2; MOQ не указан.
IEK,030200820_,"Рамка 2-мест. ""BRITE"" темная бронза (1/100)",2026-08-01,11.921000881154274,132.0,0.0,3.219730837611537,1.0,0.0,0,LOW,Прогноз 12 шт.; остаток 132; в пути 0; страховой запас 3; MOQ 1.0.
IEK,130300883_,Лента бандажная ЛМ-50 IEK (5),2026-08-01,4.924559584373217,20.0,10.0,2.0432816741702555,1.0,0.0,0,LOW,Прогноз 5 шт.; остаток 20; в пути 10; страховой запас 2; MOQ 1.0.
IEK,130600136_,Реле фаз ORF 03. 3ф 220-460V IEK (1/200),2026-08-01,0.36279516305615167,9.0,0.0,1.2110601416389966,1.0,0.0,0,LOW,Прогноз 0 шт.; остаток 9; в пути 0; страховой запас 1; MOQ 1.0.
IEK,130200125_,"Шина ""N"" нулевая 6х9мм комб с изол ""Стойка"" ШНИ 12С IEK (20)",2026-08-01,24.621510752408916,49.0,20.0,15.102152164509508,10.0,0.0,0,LOW,Прогноз 25 шт.; остаток 49; в пути 20; страховой запас 15; MOQ 10.0.
IEK,010500004_,ВА47-29 (1ф)  6А IEK (12/144) ,2026-08-01,1432.4149823018688,2463.0,1200.0,448.96926398139993,12.0,0.0,0,LOW,Прогноз 1432 шт.; остаток 2463; в пути 1200; страховой запас 449; MOQ 12.0.
IEK,030201107_," Рамка 2-мест. ""BRITE""  стекло графит RE  IEK  (1/100)",2026-08-01,0.0,6.0,0.0,0.2041241452319315,1.0,0.0,0,LOW,Прогноз 0 шт.; остаток 6; в пути 0; страховой запас 0; MOQ 1.0.
IEK,251400058_,ЩРН-П  6  бел. дв. IP41 UNION Compact IEK,2026-08-01,0.16095989907143782,13.0,0.0,1.2110601416389966,8.0,0.0,0,LOW,Прогноз 0 шт.; остаток 13; в пути 0; страховой запас 1; MOQ 8.0.
IEK,200400004_, I4  выкл. 2кл. с инд.10А КВАРТА ВС 10-2-1-КБ (200),2026-08-01,1.0111615229827378,14.0,0.0,0.0,10.0,0.0,0,LOW,Прогноз 1 шт.; остаток 14; в пути 0; страховой запас 0; MOQ 10.0.
IEK,200400007_, I6 А роз. с/у з/к с/ш 16А КВАРТА РСш 10-3-КБ (200) ,2026-08-01,2.8003242202764604,25.0,0.0,2.857738033247041,10.0,0.0,0,LOW,Прогноз 3 шт.; остаток 25; в пути 0; страховой запас 3; MOQ 10.0.
IEK,010800036_,Электропривод ЭП-32/33 230В IEK (1/16),2026-08-01,0.0,7.0,0.0,0.0,,0.0,0,LOW,Прогноз 0 шт.; остаток 7; в пути 0; страховой запас 0; MOQ не указан.
IEK,030201106_," Рамка 2-мест. ""BRITE""  стекло черн. RE  IEK  (1/100)",2026-08-01,0.4577337735639938,27.0,0.0,2.6204325342711385,1.0,0.0,0,LOW,Прогноз 0 шт.; остаток 27; в пути 0; страховой запас 3; MOQ 1.0.
IEK,130600138_,Реле фаз ORF 06. 3ф 220-460V IEK (1/200),2026-08-01,4.075058423454308,27.0,6.0,1.4142135623730951,1.0,0.0,0,LOW,Прогноз 4 шт.; остаток 27; в пути 6; страховой запас 1; MOQ 1.0.
IEK,130200131_,"Стабилизатор СНИ  0,5 кВА (1ф) IEK (1)",2026-08-01,4.2110848006572037e-07,1.0,0.0,0.0,,0.0,0,LOW,Прогноз 0 шт.; остаток 1; в пути 0; страховой запас 0; MOQ не указан.
IEK,251400060_,ЩРН-П 12  бел. дв. IP41 UNION Compact IEK,2026-08-01,0.14728596243776365,5.0,0.0,0.632455532033676,8.0,0.0,0,LOW,Прогноз 0 шт.; остаток 5; в пути 0; страховой запас 1; MOQ 8.0.
IEK,010800034_,ВА 88-35 (3ф) 125А IEK (1/6),2026-08-01,16.10348709027494,119.0,0.0,7.527726527090802,1.0,0.0,0,LOW,Прогноз 16 шт.; остаток 119; в пути 0; страховой запас 8; MOQ 1.0.
IEK,290100031_,"СФ-03К-вык (3 мест/1,5м.) IEK",2026-08-01,0.022600647204678283,73.0,0.0,2.4169540059063324,6.0,0.0,0,LOW,Прогноз 0 шт.; остаток 73; в пути 0; страховой запас 2; MOQ 6.0.
IEK,ст-9952430,Сиг. лампа AL-22  d22мм зеленый неон/240В цилиндр IEK (200) !!!,2026-08-01,0.11675137391070267,62.0,0.0,2.449489742783179,,0.0,0,LOW,Прогноз 0 шт.; остаток 62; в пути 0; страховой запас 2; MOQ не указан.
IEK,010500006_,ВА47-29 (1ф) 16А IEK (12/144) ,2026-08-01,27313.71530114329,58206.0,30000.0,2795.4471556443336,12.0,0.0,0,LOW,Прогноз 27314 шт.; остаток 58206; в пути 30000; страховой запас 2795; MOQ 12.0.
IEK,251400059_,ЩРН-П  8  бел. дв. IP41 UNION Compact IEK,2026-08-01,0.01892307618263367,9.0,0.0,0.2041241452319315,8.0,0.0,0,LOW,Прогноз 0 шт.; остаток 9; в пути 0; страховой запас 0; MOQ 8.0.
IEK,130200128_,"Датчик движения ДД 024 белый,до 1100 Вт,дальность 6 м IP33 IEK (60)",2026-08-01,25.422806163215853,134.0,40.0,31.164750386721654,1.0,0.0,0,LOW,Прогноз 25 шт.; остаток 134; в пути 40; страховой запас 31; MOQ 1.0.
IEK,030200821_,"Рамка 3-мест. ""BRITE"" темная бронза (1/100)",2026-08-01,5.375770950006981,31.0,0.0,2.4832774042918846,1.0,0.0,0,LOW,Прогноз 5 шт.; остаток 31; в пути 0; страховой запас 2; MOQ 1.0.
IEK,251400124_,ЩМП  800х800х300 IP66  TITAN 5 IEK,2026-08-01,0.009594512840136144,2.0,0.0,0.20412414523193145,1.0,0.0,0,LOW,Прогноз 0 шт.; остаток 2; в пути 0; страховой запас 0; MOQ 1.0.
IEK,030201012_,BRITE Розетка 1-местная с заземлением с защитными шторками и крышкой 16А IP44 РСбш10-3-44-БрГ графит,2026-08-01,0.0003692192531037425,13.0,0.0,0.2041241452319315,1.0,0.0,0,LOW,Прогноз 0 шт.; остаток 13; в пути 0; страховой запас 0; MOQ 1.0.
IEK,010800035_,ВА 88-35 (3ф) 160А IEK (1/6),2026-08-01,30.454621951105004,119.0,30.0,4.188277291043018,1.0,0.0,0,LOW,Прогноз 30 шт.; остаток 119; в пути 30; страховой запас 4; MOQ 1.0.
IEK,290100029_,Шнур УШ-01РВ (оранж с кругл  вилк и розеткой 5м) IEK,2026-08-01,0.5153242143940318,8.0,0.0,0.6123724356957936,10.0,0.0,0,LOW,Прогноз 1 шт.; остаток 8; в пути 0; страховой запас 1; MOQ 10.0.
IEK,200400002_, I3  выкл. 1кл. с инд. 10А КВАРТА ВС 10-1-1-КБ (200) ,2026-08-01,0.7387233034831244,14.0,0.0,3.102967802130997e-07,10.0,0.0,0,LOW,Прогноз 1 шт.; остаток 14; в пути 0; страховой запас 0; MOQ 10.0.
IEK,130300861_,Амперметр Э47 1000/5A 96х96 IEK !!!,2026-08-01,0.0,2.0,0.0,0.2041241452319315,,0.0,0,LOW,Прогноз 0 шт.; остаток 2; в пути 0; страховой запас 0; MOQ не указан.
IEK,130600137_,Реле фаз ORF 05. 3ф 220-460V IEK (1/200),2026-08-01,11.713138630142737,47.0,20.0,7.095186161522942,1.0,0.0,0,LOW,Прогноз 12 шт.; остаток 47; в пути 20; страховой запас 7; MOQ 1.0.
IEK,130200127_,"Шина ""N"" нулевая 6х9мм на DIN-рейку в корпусном изоляторе ШНИ 12К IEK (10)",2026-08-01,6.099754032166436,38.0,0.0,6.87749954561976,10.0,0.0,0,LOW,Прогноз 6 шт.; остаток 38; в пути 0; страховой запас 7; MOQ 10.0.
IEK,280100103_,Кабель-канал напольный 70х16  ЭЛЕКОР (42м),2026-08-01,917.9004498526707,3265.0,546.0,167.59527141300873,42.0,0.0,0,LOW,Прогноз 918 шт.; остаток 3265; в пути 546; страховой запас 168; MOQ 42.0.
IEK,130200124_,"Шина ""N"" нулевая 8х12мм комб с изол ""Стойка"" ШНИ 14 КС IEK (20)",2026-08-01,104.54219378434748,458.0,160.0,16.204937519163693,20.0,0.0,0,LOW,Прогноз 105 шт.; остаток 458; в пути 160; страховой запас 16; MOQ 20.0.
IEK,280100118_,Заглушка  80х40  ПРАЙМЕР (216),2026-08-01,43.09060994847481,214.0,0.0,14.75381306645845,12.0,0.0,0,LOW,Прогноз 43 шт.; остаток 214; в пути 0; страховой запас 15; MOQ 12.0.
IEK,030200818_,"Роз. 2-я с з/к 16А в сб. ""BRITE"" темная бронза (1/100)",2026-08-01,0.4775991441267014,12.0,0.0,1.8885620632287057,1.0,0.0,0,LOW,Прогноз 0 шт.; остаток 12; в пути 0; страховой запас 2; MOQ 1.0.
IEK,ст-9952497,"Наконечник-гильза НГИ2 6,0-14 с изол. фланцем (черый) IEK (100) !!!",2026-08-01,0.01820384580209302,12.0,0.0,3.1937438845342623,,0.0,0,LOW,Прогноз 0 шт.; остаток 12; в пути 0; страховой запас 3; MOQ не указан.
IEK,130200120_,"Шина ""N"" нулевая 8х12мм комб с изол ""Стойка"" ШНИ  6 КС IEK (20)",2026-08-01,34.78380885481987,230.0,80.0,13.467244212037851,20.0,0.0,0,LOW,Прогноз 35 шт.; остаток 230; в пути 80; страховой запас 13; MOQ 20.0.
IEK,010800046_,ВА 88-43 (3ф) 1600А 50 кА с эл расц МР 211 IEK (1),2026-08-01,0.24577246460657853,1.0,0.0,0.2041241452319315,1.0,0.0,0,LOW,Прогноз 0 шт.; остаток 1; в пути 0; страховой запас 0; MOQ 1.0.
IEK,130300963_,"Амперметр Э47 1000/5A кл. точн. 1,5 72х72 IEK (1/100)",2026-08-01,0.09477552389751025,11.0,0.0,0.20412414523192235,1.0,0.0,0,LOW,Прогноз 0 шт.; остаток 11; в пути 0; страховой запас 0; MOQ 1.0.
IEK,251400056_,ЩРВ-П 18 черн. пр. дв.   IP41 UNION Compact IEK,2026-08-01,3.312257599632534,52.0,0.0,1.497219645431714,4.0,0.0,0,LOW,Прогноз 3 шт.; остаток 52; в пути 0; страховой запас 1; MOQ 4.0.
IEK,200400016_,I15 Рамка 2-я КВАРТА (760) ,2026-08-01,1.189868336805065,42.0,0.0,0.408248290463863,38.0,0.0,0,LOW,Прогноз 1 шт.; остаток 42; в пути 0; страховой запас 0; MOQ 38.0.
IEK,130200089_,"Шина ""N"" нулевая 6х9мм с изол  12-Д-С IEK (20)",2026-08-01,30.76705552701051,159.0,60.0,9.956990843958147,20.0,0.0,0,LOW,Прогноз 31 шт.; остаток 159; в пути 60; страховой запас 10; MOQ 20.0.
IEK,010800049_,Доп. контакт ДК-250(400)А IEK !!!,2026-08-01,0.0,5.0,0.0,0.0,,0.0,0,LOW,Прогноз 0 шт.; остаток 5; в пути 0; страховой запас 0; MOQ не указан.
IEK,280100119_,Выключатель 2-кл  на 2 модуля ВК1-22-00-П ПРАЙМЕР (100),2026-08-01,1.7660865132025558,13.0,0.0,4.543310100209612,10.0,0.0,0,LOW,Прогноз 2 шт.; остаток 13; в пути 0; страховой запас 5; MOQ 10.0.
IEK,030200817_,"Роз. 2-я с з/к без з/ш 16А в сб. ""BRITE"" темная бронза (1/100)",2026-08-01,6.651274711587179,44.0,0.0,5.465802777268868,1.0,0.0,0,LOW,Прогноз 7 шт.; остаток 44; в пути 0; страховой запас 5; MOQ 1.0.
IEK,200400017_,I16 Рамка 3-я КВАРТА (500) ,2026-08-01,0.7422815774148612,23.0,0.0,0.6055300708194984,25.0,0.0,0,LOW,Прогноз 1 шт.; остаток 23; в пути 0; страховой запас 1; MOQ 25.0.
IEK,ст-9952498,Наконечник-гильза НГИ2 10-14 с изол. фланцем (слоновая кость) IEK (100) !!! ,2026-08-01,0.0,19.0,0.0,0.0,,0.0,0,LOW,Прогноз 0 шт.; остаток 19; в пути 0; страховой запас 0; MOQ не указан.
IEK,030201109_," Рамка 2-мест. ""BRITE""  металл черн. RE  IEK  (1/100)",2026-08-01,0.8260890476544483,18.0,0.0,5.316640543300503,1.0,0.0,0,LOW,Прогноз 1 шт.; остаток 18; в пути 0; страховой запас 5; MOQ 1.0.
IEK,010800045_,ВА 88-43 (3ф) 1250А 50кА с эл расц МР 211 IEK (1) ,2026-08-01,0.20584317369414848,4.0,0.0,0.547722557505166,1.0,0.0,0,LOW,Прогноз 0 шт.; остаток 4; в пути 0; страховой запас 1; MOQ 1.0.
IEK,200400014_,I14 роз. 2-я комп+тел КВАРТА РК/Т12-КБ (200) ,2026-08-01,0.0,9.0,0.0,0.2041241452319315,10.0,0.0,0,LOW,Прогноз 0 шт.; остаток 9; в пути 0; страховой запас 0; MOQ 10.0.
IEK,280100117_,Внутренний изменяемый угол  80х40  ПРАЙМЕР (108),2026-08-01,24.08143914132147,70.0,0.0,6.961800533386942,12.0,0.0,0,LOW,Прогноз 24 шт.; остаток 70; в пути 0; страховой запас 7; MOQ 12.0.
IEK,130200123_,"Шина ""N"" нулевая 8х12мм комб с изол ""Стойка"" ШНИ 12 КС IEK (20)",2026-08-01,151.36316974035458,701.0,260.0,33.24868418449052,20.0,0.0,0,LOW,Прогноз 151 шт.; остаток 701; в пути 260; страховой запас 33; MOQ 20.0.
IEK,030200819_,"Рамка 1-мест. ""BRITE"" темная бронза (1/100)",2026-08-01,39.29397000981466,251.0,0.0,20.133719643092956,1.0,0.0,0,LOW,Прогноз 39 шт.; остаток 251; в пути 0; страховой запас 20; MOQ 1.0.
IEK,130300962_,"Амперметр Э47  200/5А кл. точн. 1,5 72х72 IEK (1/100)",2026-08-01,0.23996939746363483,5.0,0.0,0.2041241452319368,1.0,0.0,0,LOW,Прогноз 0 шт.; остаток 5; в пути 0; страховой запас 0; MOQ 1.0.
IEK,030200990_,"Роз. комп. RJ45 кат.6 б/рамки ""BRITE"" белый (1/100)",2026-08-01,7.42453843640571,84.0,0.0,2.1832697191749664,1.0,0.0,0,LOW,Прогноз 7 шт.; остаток 84; в пути 0; страховой запас 2; MOQ 1.0.
IEK,010800041_,ВА 88-33 (3ф)  50А  35кА  IEK !!!,2026-08-01,0.0,0.0,0.0,0.0,,0.0,0,LOW,Прогноз 0 шт.; остаток 0; в пути 0; страховой запас 0; MOQ не указан.
IEK,130200121_,"Шина ""N"" нулевая 8х12мм комб с изол ""Стойка"" ШНИ  8 КС IEK (20)",2026-08-01,82.96402818750333,368.0,0.0,32.39547293475842,20.0,0.0,0,LOW,Прогноз 83 шт.; остаток 368; в пути 0; страховой запас 32; MOQ 20.0.
IEK,290100013_,У04К-выкл (4места  .3метра ) IEK,2026-08-01,0.0,0.0,0.0,0.0,,0.0,0,LOW,Прогноз 0 шт.; остаток 0; в пути 0; страховой запас 0; MOQ не указан.
IEK,010500003_,ВА47-29 (1ф)   2А IEK (12/144) ,2026-08-01,21.52352605544151,226.0,48.0,39.13395797343614,12.0,0.0,0,LOW,Прогноз 22 шт.; остаток 226; в пути 48; страховой запас 39; MOQ 12.0.
IEK,200400011_,I11 розетка тел. КВАРТА РТ10-КБ (10/200),2026-08-01,0.0,24.0,0.0,0.0,10.0,0.0,0,LOW,Прогноз 0 шт.; остаток 24; в пути 0; страховой запас 0; MOQ 10.0.
IEK,130200122_,"Шина ""N"" нулевая 8х12мм комб с изол ""Стойка"" ШНИ 10 КС IEK (20)",2026-08-01,90.1011386832467,154.0,120.0,30.223197492433926,20.0,0.0,0,LOW,Прогноз 90 шт.; остаток 154; в пути 120; страховой запас 30; MOQ 20.0.
IEK,030201108_," Рамка 2-мест. ""BRITE""  стекло песчаный RE  IEK  (1/100)",2026-08-01,0.007040749903609911,16.0,0.0,2.8047578623950176,1.0,0.0,0,LOW,Прогноз 0 шт.; остаток 16; в пути 0; страховой запас 3; MOQ 1.0.
IEK,251400057_,ЩРН-П  4  бел. дв. IP41 UNION Compact IEK,2026-08-01,0.0,9.0,0.0,0.2041241452319315,8.0,0.0,0,LOW,Прогноз 0 шт.; остаток 9; в пути 0; страховой запас 0; MOQ 8.0.
IEK,270300224_,Обогреватель на DIN-рейку 100Вт IP20 IEK (50) NEW,2026-08-01,11.045069189470034,48.0,10.0,6.673954350058642,1.0,0.0,0,LOW,Прогноз 11 шт.; остаток 48; в пути 10; страховой запас 7; MOQ 1.0.
IEK,ст-9952496,"Наконечник-гильза НГИ2 4,0-12 с изол. фланцем (серый) IEK (100) !!!",2026-08-01,0.0,15.0,0.0,0.0,,0.0,0,LOW,Прогноз 0 шт.; остаток 15; в пути 0; страховой запас 0; MOQ не указан.
IEK,030201105_," Рамка 2-мест. ""BRITE""  стекло бел. RE  IEK  (1/100)",2026-08-01,0.7340503348597932,63.0,0.0,1.8551729479125687,1.0,0.0,0,LOW,Прогноз 1 шт.; остаток 63; в пути 0; страховой запас 2; MOQ 1.0.
IEK,290100032_,"СФ-05К-вык (5 мест/1,5м.) IEK",2026-08-01,0.9344382855850986,47.0,0.0,0.894427190999916,5.0,0.0,0,LOW,Прогноз 1 шт.; остаток 47; в пути 0; страховой запас 1; MOQ 5.0.
IEK,010800033_,ВА 88-33 (3ф)  80А IEK (1/16),2026-08-01,9.920135411758562,54.0,8.0,2.2003787552752545,1.0,0.0,0,LOW,Прогноз 10 шт.; остаток 54; в пути 8; страховой запас 2; MOQ 1.0.
IEK,290100134_,У03К (3места/3метра) чер. IEK,2026-08-01,1.7483629834875145,9.0,0.0,1.3197221929886085,1.0,0.0,0,LOW,Прогноз 2 шт.; остаток 9; в пути 0; страховой запас 1; MOQ 1.0.
IEK,130300779_, Трубы гибкая двустенная красная (с протяжкой)   Ø63 IEK (50) ,2026-08-01,4815.383837022204,4608.0,2000.0,1224.6014351616611,50.0,0.0,0,LOW,Прогноз 4815 шт.; остаток 4608; в пути 2000; страховой запас 1225; MOQ 50.0.
IEK,151000606_,Отвертка Master 4х100мм IEK (12) ,2026-08-01,4.6312386471505973e-07,2.0,0.0,0.0,,0.0,0,LOW,Прогноз 0 шт.; остаток 2; в пути 0; страховой запас 0; MOQ не указан.
IEK,130200184_,Мультиметр цифровой Master MAS838L IEK (40),2026-08-01,6.716562831117267,33.0,0.0,2.840187787218772,1.0,0.0,0,LOW,Прогноз 7 шт.; остаток 33; в пути 0; страховой запас 3; MOQ 1.0.
IEK,010800021_,Привод ручной ПРП-1  160A для ВА88-33 IEK (12) !!!,2026-08-01,3.782045418499771e-07,3.0,0.0,0.0,,0.0,0,LOW,Прогноз 0 шт.; остаток 3; в пути 0; страховой запас 0; MOQ не указан.
IEK,290100133_,У03 (3места/5метров) чер. IEK,2026-08-01,1.7529764857504915,9.0,0.0,1.0684880283216414,1.0,0.0,0,LOW,Прогноз 2 шт.; остаток 9; в пути 0; страховой запас 1; MOQ 1.0.
IEK,280100014_,Кабель-канал 80х40 белый ЭЛЕКОР IEK (10),2026-08-01,4.8585931669129225,40.0,0.0,6.889605697474034,10.0,0.0,0,LOW,Прогноз 5 шт.; остаток 40; в пути 0; страховой запас 7; MOQ 10.0.
IEK,030200825_,"Роз. TV окон б/рамки ""BRITE"" темная бронза (1/100)",2026-08-01,0.11395648706591222,93.0,0.0,0.20412414523193814,1.0,0.0,0,LOW,Прогноз 0 шт.; остаток 93; в пути 0; страховой запас 0; MOQ 1.0.
IEK,010800020_,Привод ручной ПРП-1  125A для ВА88-32 IEK (12) !!!,2026-08-01,2.858667187056554e-07,2.0,0.0,0.0,,0.0,0,LOW,Прогноз 0 шт.; остаток 2; в пути 0; страховой запас 0; MOQ не указан.
IEK,151000691_,"Датчик движения ДД 009 черный,до 1100 Вт,дальность 12 м IP44 IEK (48)",2026-08-01,3.4334768882940967,26.0,10.0,2.4983327774070982,1.0,0.0,0,LOW,Прогноз 3 шт.; остаток 26; в пути 10; страховой запас 2; MOQ 1.0.
IEK,130200183_,Токоизмерительные клещи Expert 266С IEK (20),2026-08-01,7.297135654771587,34.0,2.0,3.6799003609699374,1.0,0.0,0,LOW,Прогноз 7 шт.; остаток 34; в пути 2; страховой запас 4; MOQ 1.0.
IEK,030201102_," Рамка 2-мест. ""BRITE""  стекло бел. матовый  IEK  (1/100)",2026-08-01,0.032231269997982884,17.0,0.0,0.6055300708194985,1.0,0.0,0,LOW,Прогноз 0 шт.; остаток 17; в пути 0; страховой запас 1; MOQ 1.0.
IEK,270300251_,Ящик  ЯТП(укп) 230/24 IP54 IEK (1),2026-08-01,1.1803551517260447e-06,1.0,0.0,0.0,1.0,0.0,0,LOW,Прогноз 0 шт.; остаток 1; в пути 0; страховой запас 0; MOQ 1.0.
IEK,010800023_,Привод ручной ПРП-1  400A для ВА88-37 IEK (12) !!!,2026-08-01,0.0,9.0,0.0,0.0,,0.0,0,LOW,Прогноз 0 шт.; остаток 9; в пути 0; страховой запас 0; MOQ не указан.
IEK,290100132_,У03 (3места/3метра) чер. IEK,2026-08-01,2.1934262341344013,15.0,0.0,1.2110601416389952,1.0,0.0,0,LOW,Прогноз 2 шт.; остаток 15; в пути 0; страховой запас 1; MOQ 1.0.
IEK,251400063_,ЩРВ-П 12  бел. дв. IP41 UNION Compact IEK,2026-08-01,0.025226371047430838,12.0,0.0,0.4472135954999579,8.0,0.0,0,LOW,Прогноз 0 шт.; остаток 12; в пути 0; страховой запас 0; MOQ 8.0.
IEK,010500010_,ВА47-29 (1ф) 40А IEK (12/144) ,2026-08-01,608.2838188143697,2222.0,2100.0,79.62348899665238,12.0,0.0,0,LOW,Прогноз 608 шт.; остаток 2222; в пути 2100; страховой запас 80; MOQ 12.0.
IEK,030201018_,"Выкл 1-кл. перекр 10А б/рамки ""BRITE"" бежевый (1/100)",2026-08-01,0.18459952575069313,3.0,0.0,0.2041241452319315,1.0,0.0,0,LOW,Прогноз 0 шт.; остаток 3; в пути 0; страховой запас 0; MOQ 1.0.
IEK,130200185_,Мультиметр цифровой Master MAS830L IEK (40),2026-08-01,2.896913579473196,11.0,0.0,1.7795130420052185,1.0,0.0,0,LOW,Прогноз 3 шт.; остаток 11; в пути 0; страховой запас 2; MOQ 1.0.
IEK,010500012_,ВА47-29 (1ф) 63А IEK (12/144) ,2026-08-01,281.14653829941386,1225.0,600.0,136.27817751447472,12.0,0.0,0,LOW,Прогноз 281 шт.; остаток 1225; в пути 600; страховой запас 136; MOQ 12.0.
IEK,010800017_,ВА 88-32 (3ф)  80А IEK (1/20),2026-08-01,17.308699060163143,70.0,20.0,3.5555121525128643,1.0,0.0,0,LOW,Прогноз 17 шт.; остаток 70; в пути 20; страховой запас 4; MOQ 1.0.
IEK,130200298_,"Датчик движения ДД 013 белый,до 1200 Вт,дальность 12 м IP65 IEK (50)",2026-08-01,2.1632347389424735,4.0,0.0,1.125462867742274,1.0,0.0,0,LOW,Прогноз 2 шт.; остаток 4; в пути 0; страховой запас 1; MOQ 1.0.
IEK,010800018_,ВА 88-32 (3ф)  25А IEK (1/20),2026-08-01,9.17203806886863,40.0,40.0,3.5974528025627603,1.0,0.0,0,LOW,Прогноз 9 шт.; остаток 40; в пути 40; страховой запас 4; MOQ 1.0.
IEK,290100136_,У04 (4места/3метра) чер. IEK,2026-08-01,0.6242529670927461,9.0,0.0,1.1291589790636214,1.0,0.0,0,LOW,Прогноз 1 шт.; остаток 9; в пути 0; страховой запас 1; MOQ 1.0.
IEK,130300775_,Вилка для плиты ВПпл10-01-Ст з/к 32А белая IEK,2026-08-01,1.3323527502868209,11.0,0.0,2.960855732160328,10.0,0.0,0,LOW,Прогноз 1 шт.; остаток 11; в пути 0; страховой запас 3; MOQ 10.0.
IEK,251400121_,ЩМП  800х600х300 IP66  TITAN 5 IEK,2026-08-01,0.05768275062745406,10.0,0.0,0.25819888974716565,1.0,0.0,0,LOW,Прогноз 0 шт.; остаток 10; в пути 0; страховой запас 0; MOQ 1.0.
IEK,030201101_," Рамка 4-мест. ""BRITE""  хром/никель  IEK  (1/100)",2026-08-01,0.0,16.0,0.0,0.0,1.0,0.0,0,LOW,Прогноз 0 шт.; остаток 16; в пути 0; страховой запас 0; MOQ 1.0.
IEK,280100013_,Кабель-канал 60х60 белый ЭЛЕКОР IEK (12),2026-08-01,3.8429029098612912,38.0,12.0,8.334666560017062,12.0,0.0,0,LOW,Прогноз 4 шт.; остаток 38; в пути 12; страховой запас 8; MOQ 12.0.
IEK,030200826_,"Роз. HDMI б/рамки ""BRITE"" темная бронза (1/100)",2026-08-01,0.004173653637459204,39.0,0.0,0.816496580927726,1.0,0.0,0,LOW,Прогноз 0 шт.; остаток 39; в пути 0; страховой запас 1; MOQ 1.0.
IEK,290100135_,У03К (3места/5метров) чер. IEK,2026-08-01,2.1231969267821253,15.0,0.0,1.5942605391424165,1.0,0.0,0,LOW,Прогноз 2 шт.; остаток 15; в пути 0; страховой запас 2; MOQ 1.0.
IEK,ст-9951729,"Трансформатор тока ТТИ-А  125\5А 5ВА кл.т.0,5 IEK (36) !!!",2026-08-01,4.2110848006572037e-07,1.0,0.0,0.0,,0.0,0,LOW,Прогноз 0 шт.; остаток 1; в пути 0; страховой запас 0; MOQ не указан.
IEK,010500011_,ВА47-29 (1ф) 50А IEK (12/144) ,2026-08-01,225.72932560930101,1122.0,288.0,40.06588324247959,12.0,0.0,0,LOW,Прогноз 226 шт.; остаток 1122; в пути 288; страховой запас 40; MOQ 12.0.
IEK,251400064_,ЩРВ-П 18  бел. дв. IP41 UNION Compact IEK,2026-08-01,0.018132912771705867,17.0,0.0,0.20412414523192104,4.0,0.0,0,LOW,Прогноз 0 шт.; остаток 17; в пути 0; страховой запас 0; MOQ 4.0.
IEK,151000558_,"Блок ав-го питания БАП58-1,0 IEK (5) ",2026-08-01,0.09510503129013777,12.0,0.0,1.2006942436218604,1.0,0.0,0,LOW,Прогноз 0 шт.; остаток 12; в пути 0; страховой запас 1; MOQ 1.0.
IEK,151000692_,"Датчик движения ДД 010 черный,до 1100 Вт,дальность 10 м IP44 IEK (48)",2026-08-01,0.13118207297950885,4.0,0.0,0.8164965809277255,1.0,0.0,0,LOW,Прогноз 0 шт.; остаток 4; в пути 0; страховой запас 1; MOQ 1.0.
IEK,130200159_, ССА1001 аварийный LED 3Вт Exit IEK (20) !!!,2026-08-01,1.3722051032352157e-06,3.0,0.0,0.408248290463863,,0.0,0,LOW,Прогноз 0 шт.; остаток 3; в пути 0; страховой запас 0; MOQ не указан.
IEK,010800025_,Скоба RCS-2 на ДИН-рейку для ВА88-33 IEK !!!,2026-08-01,6.33480892855071e-07,3.0,0.0,0.0,,0.0,0,LOW,Прогноз 0 шт.; остаток 3; в пути 0; страховой запас 0; MOQ не указан.
IEK,030201104_," Рамка 2-мест. ""BRITE""  стекло маренго матовый  IEK  (1/100)",2026-08-01,3.506512776403464e-05,15.0,0.0,0.2041241452319315,1.0,0.0,0,LOW,Прогноз 0 шт.; остаток 15; в пути 0; страховой запас 0; MOQ 1.0.
IEK,010800030_,ВА 88-40 (3ф) 500А IEK (1/2),2026-08-01,3.7738543712241635,14.0,0.0,2.6770630673681675,1.0,0.0,0,LOW,Прогноз 4 шт.; остаток 14; в пути 0; страховой запас 3; MOQ 1.0.
IEK,010800029_,ВА 88-37 (3ф) 315А IEK (1/4),2026-08-01,11.71775055957572,46.0,0.0,2.672389692141967,1.0,0.0,0,LOW,Прогноз 12 шт.; остаток 46; в пути 0; страховой запас 3; MOQ 1.0.
IEK,030200894_," Рамка 2-мест. ""BRITE"" стекло ванильный (1/100)",2026-08-01,3.1190790848345307,33.0,0.0,3.8654452093732545,1.0,0.0,0,LOW,Прогноз 3 шт.; остаток 33; в пути 0; страховой запас 4; MOQ 1.0.
IEK,130200134_,"Шина ""N"" нулевая 2х 7 групп на DIN-рейку в корпусе  IEK (10)",2026-08-01,47.07716673051319,83.0,60.0,24.094432275251204,10.0,0.0,0,LOW,Прогноз 47 шт.; остаток 83; в пути 60; страховой запас 24; MOQ 10.0.
IEK,010800031_,ВА 88-40 (3ф) 800А IEK (1/2),2026-08-01,2.25776120956195,8.0,0.0,1.0839741694339402,1.0,0.0,0,LOW,Прогноз 2 шт.; остаток 8; в пути 0; страховой запас 1; MOQ 1.0.
IEK,ст-9952399," BA 47-100 (2ф) 100А 4,5кА х-ка С IEK !!!",2026-08-01,0.05171677072287957,124.0,0.0,0.0,,0.0,0,LOW,Прогноз 0 шт.; остаток 124; в пути 0; страховой запас 0; MOQ не указан.
IEK,010500007_,ВА47-29 (1ф) 20А IEK (12/144) ,2026-08-01,740.9238819453143,2286.0,600.0,131.59093813785242,12.0,0.0,0,LOW,Прогноз 741 шт.; остаток 2286; в пути 600; страховой запас 132; MOQ 12.0.
IEK,290100033_,СФ-05К-вык (5 мест/3м.) IEK,2026-08-01,1.6025810435725123,22.0,4.0,1.0368220676663866,1.0,0.0,0,LOW,Прогноз 2 шт.; остаток 22; в пути 4; страховой запас 1; MOQ 1.0.
IEK,280100020_,Кабель-канал перфорированный  40х40 ИМПАКТ IEK (36),2026-08-01,178.47491203572625,636.0,180.0,42.71494664244192,36.0,0.0,0,LOW,Прогноз 178 шт.; остаток 636; в пути 180; страховой запас 43; MOQ 36.0.
IEK,130200133_,"Шина ""N"" нулевая 2х15 групп на DIN-рейку в корпусе  IEK (10)",2026-08-01,28.77308837148945,149.0,0.0,12.72301064999947,10.0,0.0,0,LOW,Прогноз 29 шт.; остаток 149; в пути 0; страховой запас 13; MOQ 10.0.
IEK,030200822_,"Рамка 4-мест. ""BRITE"" темная бронза (1/100)",2026-08-01,1.2724020074687339,34.0,0.0,1.8551729479125847,1.0,0.0,0,LOW,Прогноз 1 шт.; остаток 34; в пути 0; страховой запас 2; MOQ 1.0.
IEK,270300244_,Обогреватель на DIN-рейку 150Вт IP20 IEK (25) NEW,2026-08-01,0.04599648960069623,3.0,0.0,0.40824829046386274,1.0,0.0,0,LOW,Прогноз 0 шт.; остаток 3; в пути 0; страховой запас 0; MOQ 1.0.
IEK,030200823_,"Выкл 2-кл. прох. 10А б/рамки ""BRITE"" темная бронза (1/100)",2026-08-01,0.36220791799366514,33.0,0.0,0.6055300708194682,1.0,0.0,0,LOW,Прогноз 0 шт.; остаток 33; в пути 0; страховой запас 1; MOQ 1.0.
IEK,280100016_,Кабель-канал 25х25 белый ЭЛЕКОР IEK (32),2026-08-01,297.4391547594515,1166.0,0.0,120.91815413741635,32.0,0.0,0,LOW,Прогноз 297 шт.; остаток 1166; в пути 0; страховой запас 121; MOQ 32.0.
IEK,010500008_,ВА47-29 (1ф) 25А IEK (12/144),2026-08-01,16662.258984563156,43320.0,12000.0,1553.7457133220512,12.0,0.0,0,LOW,Прогноз 16662 шт.; остаток 43320; в пути 12000; страховой запас 1554; MOQ 12.0.
IEK,290100110_,ЩЭ 6 (1275х960х155) P31 IEK ,2026-08-01,6.863021293513529e-05,3.0,0.0,0.0,1.0,0.0,0,LOW,Прогноз 0 шт.; остаток 3; в пути 0; страховой запас 0; MOQ 1.0.
IEK,280100015_,Кабель-канал 80х60 белый ЭЛЕКОР IEK (8),2026-08-01,0.2842091414422263,12.0,0.0,1.3291601358251244,8.0,0.0,0,LOW,Прогноз 0 шт.; остаток 12; в пути 0; страховой запас 1; MOQ 8.0.
IEK,030200824_,"Выкл 3-кл. 10А б/рамки ""BRITE"" темная бронза (1/100)",2026-08-01,0.7357566910094202,162.0,0.0,1.5625833311112265,1.0,0.0,0,LOW,Прогноз 1 шт.; остаток 162; в пути 0; страховой запас 2; MOQ 1.0.
IEK,ст-9951998,ВА47-29 (1ф) 13А IEK (144) !!!,2026-08-01,0.00013596256682058805,115.0,0.0,0.0,,0.0,0,LOW,Прогноз 0 шт.; остаток 115; в пути 0; страховой запас 0; MOQ не указан.
IEK,010500009_,ВА47-29 (1ф) 32А IEK (12/144) ,2026-08-01,3203.0782516201953,7004.0,2400.0,415.1983160691607,12.0,0.0,0,LOW,Прогноз 3203 шт.; остаток 7004; в пути 2400; страховой запас 415; MOQ 12.0.
IEK,151000693_,"Датчик движения ДД 012 черный,до 1100 Вт,дальность 10 м IP44 IEK (48)",2026-08-01,4.58190188033784e-07,2.0,0.0,0.0,,0.0,0,LOW,Прогноз 0 шт.; остаток 2; в пути 0; страховой запас 0; MOQ не указан.
IEK,130200154_,Шина соединительная PIN (штырь) 3ф  63А (22см) IEK (10),2026-08-01,11.87440063755723,71.0,0.0,4.203173404306161,10.0,0.0,0,LOW,Прогноз 12 шт.; остаток 71; в пути 0; страховой запас 4; MOQ 10.0.
IEK,010800027_,ВА 88-33 (3ф) 100А IEK (1/16),2026-08-01,25.06349259721126,104.0,16.0,7.038584137926211,1.0,0.0,0,LOW,Прогноз 25 шт.; остаток 104; в пути 16; страховой запас 7; MOQ 1.0.
IEK,290100101_,"Шнур УШ-1КВ ( с плоск вилк и выкл 2x0,75/2метр) IEK",2026-08-01,7.790682447175768,62.0,0.0,1.914854215512665,10.0,0.0,0,LOW,Прогноз 8 шт.; остаток 62; в пути 0; страховой запас 2; MOQ 10.0.
IEK,030201103_," Рамка 2-мест. ""BRITE""  стекло черн. матовый  IEK  (1/100)",2026-08-01,5.452544242178433e-07,11.0,0.0,0.0,1.0,0.0,0,LOW,Прогноз 0 шт.; остаток 11; в пути 0; страховой запас 0; MOQ 1.0.
IEK,251400062_,ЩРВ-П  8  бел. дв. IP41 UNION Compact IEK,2026-08-01,0.00029832348576188896,7.0,0.0,0.25819888974716115,8.0,0.0,0,LOW,Прогноз 0 шт.; остаток 7; в пути 0; страховой запас 0; MOQ 8.0.
IEK,130300791_, Трубы гибкая двустенная красная (с протяжкой)   Ø40 IEK (50) ,2026-08-01,3339.6767254534507,11208.0,0.0,753.6646911370241,50.0,0.0,0,LOW,Прогноз 3340 шт.; остаток 11208; в пути 0; страховой запас 754; MOQ 50.0.
IEK,130600145_,Термостат от 0 до 60 °C NC IEK (200) NEW,2026-08-01,9.84158879507894,92.0,0.0,3.8394878130639745,10.0,0.0,0,LOW,Прогноз 10 шт.; остаток 92; в пути 0; страховой запас 4; MOQ 10.0.
IEK,130200136_,"Шина ""N"" нулевая 4х 7 групп на DIN-рейку в корпусе IEK (10)",2026-08-01,40.109006055720634,70.0,40.0,15.76599716689898,10.0,0.0,0,LOW,Прогноз 40 шт.; остаток 70; в пути 40; страховой запас 16; MOQ 10.0.
IEK,010800028_,ВА 88-33 (3ф) 125А IEK (1/16),2026-08-01,11.92486197344946,78.0,0.0,3.8470768123342776,1.0,0.0,0,LOW,Прогноз 12 шт.; остаток 78; в пути 0; страховой запас 4; MOQ 1.0.
IEK,251400123_,ЩМП  800х800х200 IP66  TITAN 5 IEK,2026-08-01,0.08613303427464862,1.0,0.0,0.4183300132670378,1.0,0.0,0,LOW,Прогноз 0 шт.; остаток 1; в пути 0; страховой запас 0; MOQ 1.0.
IEK,030201017_,"Роз. 1-мест. с з/к с з/ш 16А IP44 б/рамки ""BRITE"" бежевый (1/100)",2026-08-01,0.1782427624016886,33.0,0.0,0.6645800679125695,1.0,0.0,0,LOW,Прогноз 0 шт.; остаток 33; в пути 0; страховой запас 1; MOQ 1.0.
IEK,151000733_,Отвертка крест.Master Ph2 х 38мм IEK (6) ,2026-08-01,4.2110848006572037e-07,1.0,0.0,0.0,,0.0,0,LOW,Прогноз 0 шт.; остаток 1; в пути 0; страховой запас 0; MOQ не указан.
IEK,010500001_,ВА47-29 (1ф)   1А IEK (12/144),2026-08-01,30.369272723273475,118.0,0.0,19.827800348668696,12.0,0.0,0,LOW,Прогноз 30 шт.; остаток 118; в пути 0; страховой запас 20; MOQ 12.0.
IEK,130200085_, Кнопка управления модульная КМУ-11 IEK (12/144),2026-08-01,1.1673352214399366,12.0,0.0,0.9874208829065761,12.0,0.0,0,LOW,Прогноз 1 шт.; остаток 12; в пути 0; страховой запас 1; MOQ 12.0.
IEK,010800050_,Доп. контакт ДК-630/800/1600 А IEK !!!,2026-08-01,4.397318068853569e-07,5.0,0.0,0.0,,0.0,0,LOW,Прогноз 0 шт.; остаток 5; в пути 0; страховой запас 0; MOQ не указан.
IEK,290100004_,УК10 Катушка (10м) IEK,2026-08-01,3.1593331138449536,20.0,10.0,1.7888543819998304,10.0,0.0,0,LOW,Прогноз 3 шт.; остаток 20; в пути 10; страховой запас 2; MOQ 10.0.
IEK,280300737_,STRUT-гайка с конусной пружиной М10 IEK,2026-08-01,0.0051755146246109445,3739.0,0.0,0.0,25.0,0.0,0,LOW,Прогноз 0 шт.; остаток 3739; в пути 0; страховой запас 0; MOQ 25.0.
IEK,030201116_," Рамка 3-мест. ""BRITE""  стекло бел. матовый  IEK  (1/50)",2026-08-01,0.0,10.0,0.0,0.25819888974716115,1.0,0.0,0,LOW,Прогноз 0 шт.; остаток 10; в пути 0; страховой запас 0; MOQ 1.0.
IEK,200400034_,Токоизмерительные клещи Expert 266 IEK (20),2026-08-01,10.223432976691134,13.0,0.0,2.136976056643278,1.0,0.0,0,LOW,Прогноз 10 шт.; остаток 13; в пути 0; страховой запас 2; MOQ 1.0.
IEK,130200013_,Шина соединительная PIN (штырь) 3ф 100А (1м) IEK (10),2026-08-01,7.580127541324275,43.0,5.0,1.6020819787597307,5.0,0.0,0,LOW,Прогноз 8 шт.; остаток 43; в пути 5; страховой запас 2; MOQ 5.0.
IEK,130301096_,Пресс гидравл. ПГР- 70 IEK ,2026-08-01,2.6424731444191787,11.0,0.0,1.1583033569262695,1.0,0.0,0,LOW,Прогноз 3 шт.; остаток 11; в пути 0; страховой запас 1; MOQ 1.0.
IEK,130600098_,Разъем РРМ77/3(PTF11A) для РЭК77/3(LY3) модульный IEK,2026-08-01,2.6293305926745765,27.0,0.0,1.1726039399558603,10.0,0.0,0,LOW,Прогноз 3 шт.; остаток 27; в пути 0; страховой запас 1; MOQ 10.0.
IEK,280300736_,STRUT-болт с конусной пружиной  М8х50 IEK,2026-08-01,13.530981761487839,699.0,0.0,10.206207261596575,50.0,0.0,0,LOW,Прогноз 14 шт.; остаток 699; в пути 0; страховой запас 10; MOQ 50.0.
IEK,280100126_,Рамка и суппорт  на 4 модуля 60 мм ПРАЙМЕР (160),2026-08-01,49.73122101013568,187.0,0.0,19.072012653798925,10.0,0.0,0,LOW,Прогноз 50 шт.; остаток 187; в пути 0; страховой запас 19; MOQ 10.0.
IEK,030200810_,"Роз. с з/к 16А б/рамки ""BRITE"" темная бронза (1/100)",2026-08-01,35.24293611794141,191.0,0.0,23.972379940256253,1.0,0.0,0,LOW,Прогноз 35 шт.; остаток 191; в пути 0; страховой запас 24; MOQ 1.0.
IEK,011100063_,Стабилизатор СНИ  2 кВА (1ф) IEK (1),2026-08-01,0.0,0.0,0.0,0.0,,0.0,0,LOW,Прогноз 0 шт.; остаток 0; в пути 0; страховой запас 0; MOQ не указан.
IEK,010400939_,Микр. конц. МП-7141 укор. рычаг с рол. IP40 IEK,2026-08-01,0.0,9.0,0.0,0.0,1.0,0.0,0,LOW,Прогноз 0 шт.; остаток 9; в пути 0; страховой запас 0; MOQ 1.0.
IEK,280300735_,STRUT-болт с конусной пружиной  М8х40 IEK,2026-08-01,0.0,749.0,0.0,0.0,50.0,0.0,0,LOW,Прогноз 0 шт.; остаток 749; в пути 0; страховой запас 0; MOQ 50.0.
IEK,251400049_,ЩРН-П  6  черн. пр. дв. IP41 UNION Compact IEK,2026-08-01,0.13263713896961238,9.0,0.0,0.7527726527090811,8.0,0.0,0,LOW,Прогноз 0 шт.; остаток 9; в пути 0; страховой запас 1; MOQ 8.0.
IEK,030200900_," Рамка 3-мест. ""BRITE"" стекло темная бронза (1/50)",2026-08-01,0.2075669377803913,2.0,0.0,0.801040989379861,1.0,0.0,0,LOW,Прогноз 0 шт.; остаток 2; в пути 0; страховой запас 1; MOQ 1.0.
IEK,270300200_,Кабель-канал перфорированный  60х40 ИМПАКТ IEK (24),2026-08-01,40.1368491130236,80.0,0.0,12.961481396815724,24.0,0.0,0,LOW,Прогноз 40 шт.; остаток 80; в пути 0; страховой запас 13; MOQ 24.0.
IEK,130200012_,Шина соединительная PIN (штырь) 1ф 63А (1м) IEK (40),2026-08-01,127.39039580342553,225.0,0.0,43.80686780251091,40.0,0.0,0,LOW,Прогноз 127 шт.; остаток 225; в пути 0; страховой запас 44; MOQ 40.0.
IEK,011100064_,Стабилизатор СНИ  1 кВА (1ф) IEK (1),2026-08-01,8.998738609272543e-07,1.0,0.0,0.0,,0.0,0,LOW,Прогноз 0 шт.; остаток 1; в пути 0; страховой запас 0; MOQ не указан.
IEK,200400048_,"U/UTP, кат.5Е 4х2х0,51 solid, серый 305м ITK",2026-08-01,83.20364347594449,211.0,0.0,24.56504969811373,1.0,0.0,0,LOW,Прогноз 83 шт.; остаток 211; в пути 0; страховой запас 25; MOQ 1.0.
IEK,280300734_,STRUT-болт с конусной пружиной  М8х30 IEK,2026-08-01,1.0371408704510272,3726.0,0.0,2.857738033247041,50.0,0.0,0,LOW,Прогноз 1 шт.; остаток 3726; в пути 0; страховой запас 3; MOQ 50.0.
IEK,130200015_,Шина соединительная PIN (штырь) 3ф  63А (1м) IEK (10),2026-08-01,76.47477355751711,155.2,80.0,11.134031914210825,10.0,0.0,0,LOW,Прогноз 76 шт.; остаток 155; в пути 80; страховой запас 11; MOQ 10.0.
IEK,010400944_,Микр. конц. МП-7120 рычаг IP40 IEK,2026-08-01,0.0,9.0,0.0,0.0,1.0,0.0,0,LOW,Прогноз 0 шт.; остаток 9; в пути 0; страховой запас 0; MOQ 1.0.
IEK,280300740_,"STRUT-профиль перфорированный 41x21х2000-2,5 IEK",2026-08-01,16.659940633546395,150.0,0.0,29.35373343659485,2.0,0.0,0,LOW,Прогноз 17 шт.; остаток 150; в пути 0; страховой запас 29; MOQ 2.0.
IEK,200400029_,I26 выкл 1кл о/у белый IP54 ГЕРМЕС IEK ВС20-1-0-ГПБ  (10/100) ,2026-08-01,104.2436922645505,170.0,0.0,40.50524657374643,10.0,0.0,0,LOW,Прогноз 104 шт.; остаток 170; в пути 0; страховой запас 41; MOQ 10.0.
IEK,ст-9953247,Индикатор AD-16DS (LED) Ø16мм (зеленый) 12В IEK,2026-08-01,5.267591543914627e-07,1.0,0.0,0.0,,0.0,0,LOW,Прогноз 0 шт.; остаток 1; в пути 0; страховой запас 0; MOQ не указан.
IEK,010400947_,Микр. конц. МП-7310 толк. рез. IP40 IEK,2026-08-01,0.0,6.0,6.0,0.4183300132670378,1.0,0.0,0,LOW,Прогноз 0 шт.; остаток 6; в пути 6; страховой запас 0; MOQ 1.0.
IEK,130200019_,Свет. индикатор фаз (3-х фазн. на DIN-рейку) IEK (24/480),2026-08-01,2.099175084677384,18.0,0.0,0.8010409893798655,24.0,0.0,0,LOW,Прогноз 2 шт.; остаток 18; в пути 0; страховой запас 1; MOQ 24.0.
IEK,280300739_,"STRUT-профиль перфорированный 41x21х2000-2,0 IEK",2026-08-01,15.312637397343746,142.0,0.0,16.324061994491444,2.0,0.0,0,LOW,Прогноз 15 шт.; остаток 142; в пути 0; страховой запас 16; MOQ 2.0.
IEK,030201115_," Рамка 2-мест. ""BRITE""  металл алюм. RE AL  IEK  (1/100)",2026-08-01,0.053278545574600475,14.0,0.0,1.632993161855452,1.0,0.0,0,LOW,Прогноз 0 шт.; остаток 14; в пути 0; страховой запас 2; MOQ 1.0.
IEK,200400032_,ЛВО 1501 белый б/с Е27 2х26 (Downlight) IEK !!!,2026-08-01,0.0,24.0,0.0,0.0,,0.0,0,LOW,Прогноз 0 шт.; остаток 24; в пути 0; страховой запас 0; MOQ не указан.
IEK,251400050_,ЩРН-П  8  черн. пр. дв. IP41 UNION Compact IEK,2026-08-01,0.5692392912307109,6.0,0.0,0.970395108533976,8.0,0.0,0,LOW,Прогноз 1 шт.; остаток 6; в пути 0; страховой запас 1; MOQ 8.0.
IEK,130200016_,Ограничитель на DIN-рейку (металл) IEK (900),2026-08-01,229.0011358841574,558.0,0.0,36.31895740060108,150.0,0.0,0,LOW,Прогноз 229 шт.; остаток 558; в пути 0; страховой запас 36; MOQ 150.0.
IEK,030200987_,"Светорег. пов-наж. 600Вт ""BRITE"" алюминий (1/80)",2026-08-01,0.5526492927108071,3.0,0.0,0.2738612787525831,1.0,0.0,0,LOW,Прогноз 1 шт.; остаток 3; в пути 0; страховой запас 0; MOQ 1.0.
IEK,010800139_,ВА 44-35 (3ф) 250А IEK (1/6) ,2026-08-01,1.4664456131832944,11.0,0.0,0.6055300708194963,1.0,0.0,0,LOW,Прогноз 1 шт.; остаток 11; в пути 0; страховой запас 1; MOQ 1.0.
IEK,280300738_,STRUT-гайка с конусной пружиной  М8 IEK,2026-08-01,0.0,455.0,0.0,63.16776604144448,25.0,0.0,0,LOW,Прогноз 0 шт.; остаток 455; в пути 0; страховой запас 63; MOQ 25.0.
IEK,280100125_,Плоский изменяемый угол  80х40  ПРАЙМЕР (96),2026-08-01,8.662455880909757,70.0,0.0,8.293069395585686,12.0,0.0,0,LOW,Прогноз 9 шт.; остаток 70; в пути 0; страховой запас 8; MOQ 12.0.
IEK,030200811_,"Выкл 1-кл. 10А б/рамки ""BRITE"" темная бронза (1/100)",2026-08-01,17.72401518450583,49.0,0.0,10.099504938362077,1.0,0.0,0,LOW,Прогноз 18 шт.; остаток 49; в пути 0; страховой запас 10; MOQ 1.0.
IEK,ст-9953354, УЗО ВД1-63 (4ф) 25А 100мА IEK !!!,2026-08-01,8.917082469704639e-06,30.0,0.0,0.0,,0.0,0,LOW,Прогноз 0 шт.; остаток 30; в пути 0; страховой запас 0; MOQ не указан.
IEK,200400030_,I27 выкл 2кл о/у белый IP54 ГЕРМЕС IEK ВС20-2-0-ГПБ  (10/100) ,2026-08-01,17.977908356810566,35.0,10.0,13.162130020124648,10.0,0.0,0,LOW,Прогноз 18 шт.; остаток 35; в пути 10; страховой запас 13; MOQ 10.0.
IEK,130301097_,Пресс гидравл. ПГР-300 IEK ,2026-08-01,4.488084233667077,11.0,5.0,1.0684880283216407,1.0,0.0,0,LOW,Прогноз 4 шт.; остаток 11; в пути 5; страховой запас 1; MOQ 1.0.
IEK,130600086_,"Тепловое реле РТИ-1312  (5,5-8А) IEK (1/100)",2026-08-01,5.494788223363024,33.0,0.0,5.519661825389911,1.0,0.0,0,LOW,Прогноз 5 шт.; остаток 33; в пути 0; страховой запас 6; MOQ 1.0.
IEK,200400104_,"U/UTP, кат.6  4х2х0,23 solid, 305м ITK",2026-08-01,966.7119346810244,4710.0,0.0,786.8269610700112,1.0,0.0,0,LOW,Прогноз 967 шт.; остаток 4710; в пути 0; страховой запас 787; MOQ 1.0.
IEK,120300023_,Контактор  КТИ 5115  115А 400В IEK (1/4) ,2026-08-01,0.26178138835769565,6.0,0.0,0.4082482904638625,1.0,0.0,0,LOW,Прогноз 0 шт.; остаток 6; в пути 0; страховой запас 0; MOQ 1.0.
IEK,030201118_," Рамка 3-мест. ""BRITE""  стекло маренго матовый  IEK  (1/50)",2026-08-01,0.008537970262107867,12.0,0.0,0.6123724356957945,1.0,0.0,0,LOW,Прогноз 0 шт.; остаток 12; в пути 0; страховой запас 1; MOQ 1.0.
IEK,251400047_,КМПн 6 белый IP41 TEKFOR Mini  IEK,2026-08-01,1.0347114764370173,71.0,0.0,0.6055300708194191,8.0,0.0,0,LOW,Прогноз 1 шт.; остаток 71; в пути 0; страховой запас 1; MOQ 8.0.
IEK,030200901_," Рамка 4-мест. ""BRITE"" стекло серый (1/50)",2026-08-01,0.0,10.0,0.0,0.2041241452319315,1.0,0.0,0,LOW,Прогноз 0 шт.; остаток 10; в пути 0; страховой запас 0; MOQ 1.0.
IEK,270300153_,Кабель-канал перфорированный 100х60 ИМПАКТ IEK (12),2026-08-01,18.189548427192616,26.0,0.0,7.00713921654194,12.0,0.0,0,LOW,Прогноз 18 шт.; остаток 26; в пути 0; страховой запас 7; MOQ 12.0.
IEK,280300645_,Выключатель проходной 1кл о/у 10А IP54 AQUATIC ВС-20-1-2-А IEK,2026-08-01,54.63446117091552,164.0,100.0,20.77899580505917,10.0,0.0,0,LOW,Прогноз 55 шт.; остаток 164; в пути 100; страховой запас 21; MOQ 10.0.
IEK,200400166_,"U/UTP, кат.5Е 4х2х0,51 solid, LDPE внеш.черный 305м ITK",2026-08-01,2162.3287745932835,4834.0,0.0,384.7618310938164,1.0,0.0,0,LOW,Прогноз 2162 шт.; остаток 4834; в пути 0; страховой запас 385; MOQ 1.0.
IEK,010400933_,Реле напряжения РН-д однофазное 54мм 50А IEK,2026-08-01,1.1404583063242364,14.0,8.0,1.241638702145945,1.0,0.0,0,LOW,Прогноз 1 шт.; остаток 14; в пути 8; страховой запас 1; MOQ 1.0.
IEK,130301099_,Ножницы (секторные) для резки кабеля  НС-765 (до 400мм) IEK ,2026-08-01,0.0,1.0,0.0,0.408248290463863,1.0,0.0,0,LOW,Прогноз 0 шт.; остаток 1; в пути 0; страховой запас 0; MOQ 1.0.
IEK,120300008_,Контактор  КТИ 5115  115А 230В IEK (1/4) ,2026-08-01,5.110222899409305,26.0,0.0,2.083666640004274,1.0,0.0,0,LOW,Прогноз 5 шт.; остаток 26; в пути 0; страховой запас 2; MOQ 1.0.
IEK,280300644_,Выключатель кнопочный 1кл. о/у 10А IP54 AQUATIC ВС-20-1-3-А IEK,2026-08-01,2.592515778265473,27.0,0.0,4.212085785767743,10.0,0.0,0,LOW,Прогноз 3 шт.; остаток 27; в пути 0; страховой запас 4; MOQ 10.0.
IEK,200400249_, I9 роз. с/у з/к 16А IP44 КВАРТА РСб 10-3-КБ (160),2026-08-01,0.08706575446253963,23.0,0.0,0.408248290463863,8.0,0.0,0,LOW,Прогноз 0 шт.; остаток 23; в пути 0; страховой запас 0; MOQ 8.0.
IEK,010400932_,Реле напряжения РН-д однофазное 54мм 40А IEK,2026-08-01,0.6216264871327886,2.0,0.0,0.8944271909999161,1.0,0.0,0,LOW,Прогноз 1 шт.; остаток 2; в пути 0; страховой запас 1; MOQ 1.0.
IEK,280100129_,"Розетка информационная RJ-45 UTP кат.5е,1 модуль РКИ-10-00-П ПРАЙМЕР (100)",2026-08-01,119.13144600370066,285.0,0.0,58.27091899052211,10.0,0.0,0,LOW,Прогноз 119 шт.; остаток 285; в пути 0; страховой запас 58; MOQ 10.0.
IEK,030200787_,"Роз. 2-я RJ11+RJ45 кат.5E б/рамки ""BRITE"" черный (1/100)",2026-08-01,0.0038205665996031983,2.0,0.0,0.25819888974716115,1.0,0.0,0,LOW,Прогноз 0 шт.; остаток 2; в пути 0; страховой запас 0; MOQ 1.0.
IEK,130600079_,"Тепловое реле РТИ-1305 (0,63-1,0А) IEK (1/100)",2026-08-01,0.9160861704599979,13.0,4.0,1.140175425099136,1.0,0.0,0,LOW,Прогноз 1 шт.; остаток 13; в пути 4; страховой запас 1; MOQ 1.0.
IEK,030200789_,"Рамка 5-мест. ""BRITE"" маренго (1/100)",2026-08-01,0.0003316153403106807,67.0,0.0,0.0,,0.0,0,LOW,Прогноз 0 шт.; остаток 67; в пути 0; страховой запас 0; MOQ не указан.
IEK,280300673_,Пластина соед. с 4 отверстиями для STRUT-профиля EZ IEK,2026-08-01,0.0,578.0,0.0,0.0,20.0,0.0,0,LOW,Прогноз 0 шт.; остаток 578; в пути 0; страховой запас 0; MOQ 20.0.
IEK,130200008_,"Шина ""N"" нулевая 8х12мм 14/1 (крепеж по центру) IEK (10)",2026-08-01,0.0539751660623569,5.0,0.0,0.4082482904638636,10.0,0.0,0,LOW,Прогноз 0 шт.; остаток 5; в пути 0; страховой запас 0; MOQ 10.0.
IEK,280100127_,Рамка и суппорт  на 4 модуля 75 мм ПРАЙМЕР (160),2026-08-01,35.89625772155622,181.0,0.0,13.796436738037357,10.0,0.0,0,LOW,Прогноз 36 шт.; остаток 181; в пути 0; страховой запас 14; MOQ 10.0.
IEK,030200809_,"Роз. HDMI б/рамки ""BRITE"" маренго (1/100)",2026-08-01,2.430001343491528e-08,18.0,0.0,0.0,,0.0,0,LOW,Прогноз 0 шт.; остаток 18; в пути 0; страховой запас 0; MOQ не указан.
IEK,ст-9953508,Соединитель безвинтовой CF IEK !!!,2026-08-01,8.383701924127438e-06,22.0,0.0,0.0,,0.0,0,LOW,Прогноз 0 шт.; остаток 22; в пути 0; страховой запас 0; MOQ не указан.
IEK,200400085_,"  F/UTP (24 AWG), кат.5Е экран, 4 пары, серый  305м ITK",2026-08-01,3086.8156540830837,9254.0,0.0,801.379539710524,1.0,0.0,0,LOW,Прогноз 3087 шт.; остаток 9254; в пути 0; страховой запас 801; MOQ 1.0.
IEK,130200007_,"Шина ""N"" нулевая 6х9мм 14/2 (крепеж по краям) IEK (10)",2026-08-01,7.879038790952359,43.0,0.0,3.642343567905917,10.0,0.0,0,LOW,Прогноз 8 шт.; остаток 43; в пути 0; страховой запас 4; MOQ 10.0.
IEK,251400129_,ЩМП 1000х800х300 IP66  TITAN 5 IEK,2026-08-01,0.0,3.0,0.0,0.2041241452319315,1.0,0.0,0,LOW,Прогноз 0 шт.; остаток 3; в пути 0; страховой запас 0; MOQ 1.0.
IEK,030200986_,"Светорег. пов-наж. 600Вт ""BRITE"" сталь (1/80)",2026-08-01,0.03935876706190322,3.0,0.0,0.0,1.0,0.0,0,LOW,Прогноз 0 шт.; остаток 3; в пути 0; страховой запас 0; MOQ 1.0.
IEK,030201117_," Рамка 3-мест. ""BRITE""  стекло черн. матовый  IEK  (1/50)",2026-08-01,4.1849118038513156e-08,12.0,0.0,0.0,1.0,0.0,0,LOW,Прогноз 0 шт.; остаток 12; в пути 0; страховой запас 0; MOQ 1.0.
IEK,251400048_,ЩРН-П  4  черн. пр. дв. IP41 UNION Compact IEK,2026-08-01,0.0,7.0,0.0,1.224744871391589,8.0,0.0,0,LOW,Прогноз 0 шт.; остаток 7; в пути 0; страховой запас 1; MOQ 8.0.
IEK,200400101_, I6 роз. с/у з/к 16А КВАРТА РС 10-3-КБ (200),2026-08-01,18.628899334525407,350.0,0.0,4.600724580614198,10.0,0.0,0,LOW,Прогноз 19 шт.; остаток 350; в пути 0; страховой запас 5; MOQ 10.0.
IEK,130301098_,Пресс мех.ручной ПМР-6-50 IEK,2026-08-01,0.0,2.0,0.0,0.4183300132670378,1.0,0.0,0,LOW,Прогноз 0 шт.; остаток 2; в пути 0; страховой запас 0; MOQ 1.0.
IEK,130200006_,"Шина ""N"" нулевая 6х9мм 14/1 (крепеж по центру) IEK (10)",2026-08-01,14.95834483018297,233.0,0.0,6.058052492344386,10.0,0.0,0,LOW,Прогноз 15 шт.; остаток 233; в пути 0; страховой запас 6; MOQ 10.0.
IEK,280100128_,Рамка и суппорт  универсал. на 2 модуля  ПРАЙМЕР (180),2026-08-01,146.10074568682344,756.0,0.0,60.43315866862052,10.0,0.0,0,LOW,Прогноз 146 шт.; остаток 756; в пути 0; страховой запас 60; MOQ 10.0.
IEK,010800070_,Держатель потолочный DR IEK (50),2026-08-01,0.056076948404698165,29.0,0.0,4.082482904638627,50.0,0.0,0,LOW,Прогноз 0 шт.; остаток 29; в пути 0; страховой запас 4; MOQ 50.0.
IEK,130200299_,"Датчик движения ДД 016 угловой белый,до 800 Вт,дальность 12 м IP44  IEK (50)",2026-08-01,9.563460728107548e-07,1.0,0.0,0.0,1.0,0.0,0,LOW,Прогноз 0 шт.; остаток 1; в пути 0; страховой запас 0; MOQ 1.0.
IEK,270300212_,Обогреватель на DIN-рейку 60Вт IP20 IEK (50) NEW,2026-08-01,0.5757608207256611,2.0,0.0,0.37638632635454067,1.0,0.0,0,LOW,Прогноз 1 шт.; остаток 2; в пути 0; страховой запас 0; MOQ 1.0.
IEK,030201111_," Рамка 2-мест. ""BRITE""  металл титан RE  IEK  (1/100)",2026-08-01,0.0,16.0,0.0,0.2041241452319315,1.0,0.0,0,LOW,Прогноз 0 шт.; остаток 16; в пути 0; страховой запас 0; MOQ 1.0.
IEK,200400020_,I20выкл. 1кл. с инд. о/у 10А ОКТАВА ВС 20-1-1-ОБ (36/432) ,2026-08-01,4.116983212411328,15.0,0.0,2.332738019295506,36.0,0.0,0,LOW,Прогноз 4 шт.; остаток 15; в пути 0; страховой запас 2; MOQ 36.0.
IEK,251400054_,ЩРВ-П  8  черн. пр. дв. IP41 UNION Compact IEK,2026-08-01,0.0,8.0,0.0,0.2041241452319315,8.0,0.0,0,LOW,Прогноз 0 шт.; остаток 8; в пути 0; страховой запас 0; MOQ 8.0.
IEK,280301023_,Комплект заземления 6/20 б/м оц. сталь HDZ IEK,2026-08-01,0.0,3.0,0.0,0.2041241452319315,1.0,0.0,0,LOW,Прогноз 0 шт.; остаток 3; в пути 0; страховой запас 0; MOQ 1.0.
IEK,010400955_,Микр. конц. МП-7311 гор. толк. с наж. рол. рез. IP40 IEK,2026-08-01,0.15434251068626634,7.0,0.0,0.25819888974716115,1.0,0.0,0,LOW,Прогноз 0 шт.; остаток 7; в пути 0; страховой запас 0; MOQ 1.0.
IEK,200400021_,I19 выкл. 2кл. о/у 10А ОКТАВА ВС 20-2-0-ОБ (36/432) ,2026-08-01,21.557477112372773,41.0,0.0,7.596051605933222,36.0,0.0,0,LOW,Прогноз 22 шт.; остаток 41; в пути 0; страховой запас 8; MOQ 36.0.
IEK,030200989_,"Роз. 2-я RJ11+RJ45 кат.5E б/рамки ""BRITE"" сталь (1/100)",2026-08-01,0.0,14.0,0.0,3.006936425444786,1.0,0.0,0,LOW,Прогноз 0 шт.; остаток 14; в пути 0; страховой запас 3; MOQ 1.0.
IEK,130200063_,"Шина ""N"" нулевая 8х12мм 14/2 (крепеж по краям) IEK (10)",2026-08-01,9.204315551962177,73.0,0.0,4.0579140782755125,10.0,0.0,0,LOW,Прогноз 9 шт.; остаток 73; в пути 0; страховой запас 4; MOQ 10.0.
IEK,030200815_,"Роз. комп. RJ45 кат.5E б/рамки ""BRITE"" темная бронза (1/100)",2026-08-01,2.2933575113019757,29.0,0.0,2.041241452319307,1.0,0.0,0,LOW,Прогноз 2 шт.; остаток 29; в пути 0; страховой запас 2; MOQ 1.0.
IEK,010800055_,ВА 88-37 (3ф) 250А IEK (1/4),2026-08-01,10.287236483969686,40.0,0.0,2.4782386218172525,1.0,0.0,0,LOW,Прогноз 10 шт.; остаток 40; в пути 0; страховой запас 2; MOQ 1.0.
IEK,280300748_,Уголок крепежный одинарный для STRUT-профиля EZ IEK,2026-08-01,0.0,278.0,0.0,1.0327955589886442,20.0,0.0,0,LOW,Прогноз 0 шт.; остаток 278; в пути 0; страховой запас 1; MOQ 20.0.
IEK,200400022_,I21 выкл. 2кл. с инд. о/у 10А ОКТАВА ВС 20-2-1-ОБ (36/432) ,2026-08-01,1.4449592739284582,25.0,0.0,0.8215838362577444,36.0,0.0,0,LOW,Прогноз 1 шт.; остаток 25; в пути 0; страховой запас 1; MOQ 36.0.
IEK,130200036_,DIN-рейка (125cм) IEK (20),2026-08-01,89.4807341702686,18.0,500.0,47.42537998442029,20.0,0.0,0,LOW,Прогноз 89 шт.; остаток 18; в пути 500; страховой запас 47; MOQ 20.0.
IEK,030201112_," Рамка 2-мест. ""BRITE""  металл черн. RE AL  IEK  (1/100)",2026-08-01,5.603463311244266e-07,11.0,0.0,0.0,1.0,0.0,0,LOW,Прогноз 0 шт.; остаток 11; в пути 0; страховой запас 0; MOQ 1.0.
IEK,251400053_,ЩРВ-П  6  черн. пр. дв. IP41 UNION Compact IEK,2026-08-01,0.0,4.0,0.0,0.2041241452319315,8.0,0.0,0,LOW,Прогноз 0 шт.; остаток 4; в пути 0; страховой запас 0; MOQ 8.0.
IEK,010800056_,Доп. контакт поперечный ДКП32-20 IEK !!! (1000),2026-08-01,0.0,790.0,0.0,0.6123724356957946,,0.0,0,LOW,Прогноз 0 шт.; остаток 790; в пути 0; страховой запас 1; MOQ не указан.
IEK,251400126_,ЩМП 1000х600х200 IP66  TITAN 5 IEK,2026-08-01,5.069559149683763e-07,1.0,0.0,0.0,1.0,0.0,0,LOW,Прогноз 0 шт.; остаток 1; в пути 0; страховой запас 0; MOQ 1.0.
IEK,030201110_," Рамка 2-мест. ""BRITE""  металл алюм. RE  IEK  (1/100)",2026-08-01,0.0015475799456653083,7.0,0.0,1.0206207261596574,1.0,0.0,0,LOW,Прогноз 0 шт.; остаток 7; в пути 0; страховой запас 1; MOQ 1.0.
IEK,200400018_,I17 Рамка 4-я КВАРТА (380) ,2026-08-01,0.47265065998875866,5.0,0.0,0.40824829046376826,19.0,0.0,0,LOW,Прогноз 0 шт.; остаток 5; в пути 0; страховой запас 0; MOQ 19.0.
IEK,251400055_,ЩРВ-П 12  черн. пр. дв. IP41 UNION Compact IEK,2026-08-01,0.015575935182233719,14.0,0.0,0.40824829046386313,8.0,0.0,0,LOW,Прогноз 0 шт.; остаток 14; в пути 0; страховой запас 0; MOQ 8.0.
IEK,030200897_," Рамка 3-мест. ""BRITE"" стекло серый (1/50)",2026-08-01,0.05022330723518502,5.0,0.0,2.0103896803024695,1.0,0.0,0,LOW,Прогноз 0 шт.; остаток 5; в пути 0; страховой запас 2; MOQ 1.0.
IEK,010800053_,Расцепитель независимый РН-800/1600 IEK !!!,2026-08-01,0.00022513747521538366,71.0,0.0,0.0,,0.0,0,LOW,Прогноз 0 шт.; остаток 71; в пути 0; страховой запас 0; MOQ не указан.
IEK,130200075_,"Шина ""N"" нулевая 6х9мм  8/2 (крепеж по краям) IEK (10/960)",2026-08-01,19.194100427771318,82.0,0.0,7.44087808438404,10.0,0.0,0,LOW,Прогноз 19 шт.; остаток 82; в пути 0; страховой запас 7; MOQ 10.0.
IEK,280100120_,Выключатель 1-кл  на 2 модуля ВК0-21-00-П ПРАЙМЕР (100),2026-08-01,7.651490979107386,50.0,0.0,9.24346616084392,10.0,0.0,0,LOW,Прогноз 8 шт.; остаток 50; в пути 0; страховой запас 9; MOQ 10.0.
IEK,ст-9952644,Стойка настенная СНП100  IEK !,2026-08-01,3.9604957072759593e-07,8.0,0.0,0.0,,0.0,0,LOW,Прогноз 0 шт.; остаток 8; в пути 0; страховой запас 0; MOQ не указан.
IEK,010400958_,Микр. конц. МП-7100 толкатель IP40 IEK,2026-08-01,0.0,9.0,0.0,0.0,1.0,0.0,0,LOW,Прогноз 0 шт.; остаток 9; в пути 0; страховой запас 0; MOQ 1.0.
IEK,030200816_,"Выкл 1-кл. прох. 10А б/рамки ""BRITE"" темная бронза (1/100)",2026-08-01,1.123808150692847,84.0,0.0,0.8164965809277225,1.0,0.0,0,LOW,Прогноз 1 шт.; остаток 84; в пути 0; страховой запас 1; MOQ 1.0.
IEK,200400019_,I18 выкл. 1кл. о/у 10А ОКТАВА ВС 20-1-0-ОБ (36/432) ,2026-08-01,121.78877828439322,178.0,0.0,34.53790188570586,36.0,0.0,0,LOW,Прогноз 122 шт.; остаток 178; в пути 0; страховой запас 35; MOQ 36.0.
IEK,130200074_,"Шина ""N"" нулевая 6х9мм  8/1 (крепеж по центру) IEK (10/960)",2026-08-01,9.8773031188063,125.0,0.0,16.673332000533094,10.0,0.0,0,LOW,Прогноз 10 шт.; остаток 125; в пути 0; страховой запас 17; MOQ 10.0.
IEK,130300986_,"Амперметр Э47  600/5А кл. точн. 1,5 72х72 IEK (1/100)",2026-08-01,0.3125631013170523,3.0,0.0,0.58452259722501,1.0,0.0,0,LOW,Прогноз 0 шт.; остаток 3; в пути 0; страховой запас 1; MOQ 1.0.
IEK,270300222_,Обогреватель на DIN-рейку в корпусе 150Вт IP20 IEK (40) NEW,2026-08-01,2.653365838483184e-07,1.0,0.0,0.0,1.0,0.0,0,LOW,Прогноз 0 шт.; остаток 1; в пути 0; страховой запас 0; MOQ 1.0.
IEK,280300747_,Уголок крепежный двойной усиленный для STRUT-профиля EZ IEK,2026-08-01,0.00038860872154143704,85.0,0.0,0.0,4.0,0.0,0,LOW,Прогноз 0 шт.; остаток 85; в пути 0; страховой запас 0; MOQ 4.0.
IEK,010400953_,Выкл. конц. C6N-122 толк. с наж. рол. IP67 IEK,2026-08-01,0.0,9.0,0.0,0.0,1.0,0.0,0,LOW,Прогноз 0 шт.; остаток 9; в пути 0; страховой запас 0; MOQ 1.0.
IEK,280100123_,Кабель-канал  80х40 парапетный ПРАЙМЕР (24),2026-08-01,218.4774344094082,820.0,72.0,41.59166583183053,24.0,0.0,0,LOW,Прогноз 218 шт.; остаток 820; в пути 72; страховой запас 42; MOQ 24.0.
IEK,030200813_,"Выкл 2-кл. 10А б/рамки ""BRITE"" темная бронза (1/100)",2026-08-01,6.808717514496491,58.0,0.0,3.162277660168381,1.0,0.0,0,LOW,Прогноз 7 шт.; остаток 58; в пути 0; страховой запас 3; MOQ 1.0.
IEK,200400026_,I25 роз. 2-я о/у з/к 16А ОКТАВА РС 22-3-0-ОБ (18/216),2026-08-01,340.97287198882475,677.0,720.0,104.60481187147518,18.0,0.0,0,LOW,Прогноз 341 шт.; остаток 677; в пути 720; страховой запас 105; MOQ 18.0.
IEK,130200022_,Замок 20-22\40 IEK,2026-08-01,3.5476120198281653,21.0,0.0,2.52322544903674,6.0,0.0,0,LOW,Прогноз 4 шт.; остаток 21; в пути 0; страховой запас 3; MOQ 6.0.
IEK,010800061_,Аварийно-доп. контакт ДК/АК32-02 IEK!!! (150),2026-08-01,0.0,94.0,0.0,0.8010409893798611,,0.0,0,LOW,Прогноз 0 шт.; остаток 94; в пути 0; страховой запас 1; MOQ не указан.
IEK,280300742_,"STRUT-профиль  перфорированный  41х21х400-1,5 IEK",2026-08-01,14.329801929528847,44.0,0.0,20.37154878746336,2.0,0.0,0,LOW,Прогноз 14 шт.; остаток 44; в пути 0; страховой запас 20; MOQ 2.0.
IEK,200400027_,I28 роз з/к о/у дымчатый IP54 ГЕРМЕС IEK РСб20-3-ГПБд  (10/100) ,2026-08-01,292.0878756120775,410.0,250.0,102.79186089699257,10.0,0.0,0,LOW,Прогноз 292 шт.; остаток 410; в пути 250; страховой запас 103; MOQ 10.0.
IEK,130301016_,"Вольтметр Э47 500В кл. точн. 1,5 72х72 IEK (1/100)",2026-08-01,1.8990850675632949,17.0,0.0,0.7071067811865619,1.0,0.0,0,LOW,Прогноз 2 шт.; остаток 17; в пути 0; страховой запас 1; MOQ 1.0.
IEK,030201114_," Рамка 2-мест. ""BRITE""  металл шамп. RE AL  IEK  (1/100)",2026-08-01,0.000176298598639923,31.0,0.0,0.0,1.0,0.0,0,LOW,Прогноз 0 шт.; остаток 31; в пути 0; страховой запас 0; MOQ 1.0.
IEK,251400051_,ЩРН-П 12  черн. пр. дв. IP41 UNION Compact IEK,2026-08-01,5.46247988513903,85.0,0.0,4.045573712919675,8.0,0.0,0,LOW,Прогноз 5 шт.; остаток 85; в пути 0; страховой запас 4; MOQ 8.0.
IEK,010800062_,Аварийно-доп. контакт ДК/АК32-20 IEK !!! (150),2026-08-01,0.0008219810179813826,102.0,0.0,0.816496580927726,,0.0,0,LOW,Прогноз 0 шт.; остаток 102; в пути 0; страховой запас 1; MOQ не указан.
IEK,280100124_,Плоский изменяемый угол 100х40  ПРАЙМЕР (96),2026-08-01,11.061156379474513,50.0,0.0,4.913417005167244,12.0,0.0,0,LOW,Прогноз 11 шт.; остаток 50; в пути 0; страховой запас 5; MOQ 12.0.
IEK,130301079_,"Изолента 0,18х19 мм желто-зеленая 20 метров IEK (10) (200)",2026-08-01,47.23811443274719,328.0,0.0,33.132687787138515,10.0,0.0,0,LOW,Прогноз 47 шт.; остаток 328; в пути 0; страховой запас 33; MOQ 10.0.
IEK,130600124_,Реле времени ORT 2 конт. 2 уст. 12-240В AC/DC IEK  ORT-2T-ACDC12-240V NEW,2026-08-01,0.0,0.0,0.0,0.0,1.0,0.0,0,LOW,Прогноз 0 шт.; остаток 0; в пути 0; страховой запас 0; MOQ 1.0.
IEK,200400028_,I29 роз 2-я з/к о/у дымчатый IP54 ГЕРМЕС IEK РСб22-3-ГПБд  (5/50) ,2026-08-01,228.3828792314931,463.0,100.0,81.88207984656961,5.0,0.0,0,LOW,Прогноз 228 шт.; остаток 463; в пути 100; страховой запас 82; MOQ 5.0.
IEK,010400949_,Выкл. конц. C6N-108 рег. рычаг с рол. IP67 IEK,2026-08-01,0.0,8.0,0.0,0.2041241452319315,1.0,0.0,0,LOW,Прогноз 0 шт.; остаток 8; в пути 0; страховой запас 0; MOQ 1.0.
IEK,280300743_,"STRUT-профиль  перфорированный  41х21х500-1,5 IEK",2026-08-01,0.0,297.0,0.0,0.2041241452319315,2.0,0.0,0,LOW,Прогноз 0 шт.; остаток 297; в пути 0; страховой запас 0; MOQ 2.0.
IEK,200400023_,I22 роз. о/у 10А ОКТАВА РС 20-2-0-ОБ (36/432) ,2026-08-01,8.564442148803321,41.0,0.0,10.25386106140836,36.0,0.0,0,LOW,Прогноз 9 шт.; остаток 41; в пути 0; страховой запас 10; MOQ 36.0.
IEK,030200898_," Рамка 3-мест. ""BRITE"" стекло ванильный (1/50)",2026-08-01,0.5156609493121426,2.0,0.0,1.1254628677422758,1.0,0.0,0,LOW,Прогноз 1 шт.; остаток 2; в пути 0; страховой запас 1; MOQ 1.0.
IEK,270300221_,Обогреватель на DIN-рейку (встр. вентилятор) 250Вт IP20 IEK (10) NEW,2026-08-01,1.014496616157185e-06,1.0,0.0,0.0,1.0,0.0,0,LOW,Прогноз 0 шт.; остаток 1; в пути 0; страховой запас 0; MOQ 1.0.
IEK,280100122_,Кабель-канал 100х40 парапетный  ПРАЙМЕР (16),2026-08-01,176.56100729226358,888.0,0.0,41.55357986984972,16.0,0.0,0,LOW,Прогноз 177 шт.; остаток 888; в пути 0; страховой запас 42; MOQ 16.0.
IEK,030200814_,"Выкл 2-кл. с инд. 10А б/рамки ""BRITE"" темная бронза (1/100)",2026-08-01,0.0,38.0,0.0,0.5163977794943223,1.0,0.0,0,LOW,Прогноз 0 шт.; остаток 38; в пути 0; страховой запас 1; MOQ 1.0.
IEK,130301000_,"Амперметр Э47  200/5А кл. точн. 1,5 96х96 IEK (1/60)",2026-08-01,0.5685736010084192,30.0,0.0,0.2041241452319321,1.0,0.0,0,LOW,Прогноз 1 шт.; остаток 30; в пути 0; страховой запас 0; MOQ 1.0.
IEK,010800057_,Доп. контакт поперечный ДКП32-11 IEK !!! (1000),2026-08-01,0.0,0.0,0.0,0.0,,0.0,0,LOW,Прогноз 0 шт.; остаток 0; в пути 0; страховой запас 0; MOQ не указан.
IEK,280300745_,Консоль STRUT 41х21-300 EZ IEK,2026-08-01,1.8659783164883565,401.0,0.0,3.4022051672408,2.0,0.0,0,LOW,Прогноз 2 шт.; остаток 401; в пути 0; страховой запас 3; MOQ 2.0.
IEK,251400127_,ЩМП 1000х600х300 IP66  TITAN 5 IEK,2026-08-01,0.7952688871074017,2.0,2.0,1.1690451944500122,1.0,0.0,0,LOW,Прогноз 1 шт.; остаток 2; в пути 2; страховой запас 1; MOQ 1.0.
IEK,030200988_,"Роз. TV проходная б/рамки ""BRITE"" белый (1/100)",2026-08-01,0.03683656630549646,56.0,0.0,2.5819888974716103,1.0,0.0,0,LOW,Прогноз 0 шт.; остаток 56; в пути 0; страховой запас 3; MOQ 1.0.
IEK,280300744_,Консоль STRUT 41х21-200 EZ IEK,2026-08-01,2.2600589060166127,361.0,0.0,1.0327955589886457,2.0,0.0,0,LOW,Прогноз 2 шт.; остаток 361; в пути 0; страховой запас 1; MOQ 2.0.
IEK,030201113_," Рамка 2-мест. ""BRITE""  металл коричн. RE AL  IEK  (1/100)",2026-08-01,0.005841950031108977,11.0,0.0,0.816496580927726,1.0,0.0,0,LOW,Прогноз 0 шт.; остаток 11; в пути 0; страховой запас 1; MOQ 1.0.
IEK,010400950_,Микр. конц. МП-7121 рычаг с рол. IP40 IEK,2026-08-01,0.0,7.0,0.0,0.408248290463863,1.0,0.0,0,LOW,Прогноз 0 шт.; остаток 7; в пути 0; страховой запас 0; MOQ 1.0.
IEK,251400052_,ЩРН-П 18  черн. пр. дв. IP41 UNION Compact IEK,2026-08-01,3.359962902192525,9.0,0.0,2.7868739954771304,4.0,0.0,0,LOW,Прогноз 3 шт.; остаток 9; в пути 0; страховой запас 3; MOQ 4.0.
IEK,200400025_,I24 роз. 2-я о/у 10А ОКТАВА РС 22-2-0-ОБ (24/288),2026-08-01,23.07598051198471,92.0,0.0,10.888832199398685,24.0,0.0,0,LOW,Прогноз 23 шт.; остаток 92; в пути 0; страховой запас 11; MOQ 24.0.
IEK,030200899_," Рамка 3-мест. ""BRITE"" стекло дымчатый (1/50)",2026-08-01,0.21170404036369944,8.0,0.0,0.605530070819503,1.0,0.0,0,LOW,Прогноз 0 шт.; остаток 8; в пути 0; страховой запас 1; MOQ 1.0.
IEK,яяяярп5518, Контактор КМИ-10910  9А  110В (1вел) IEK (1/50),2026-08-01,3.14648202991025e-07,4.0,0.0,0.0,,0.0,0,LOW,Прогноз 0 шт.; остаток 4; в пути 0; страховой запас 0; MOQ не указан.
